:020000040000fa
:080000000002040000000000f2
:020000040000fa
:040008005e05000091
:020000040000fa
:04000c004c030000a1
:020000040000fa
:040010008e0300005b
:020000040000fa
:040014006c03000079
:020000040000fa
:04001800ae03000033
:020000040000fa
:04001c005e0500007d
:020000040000fa
:040020005e05000079
:020000040000fa
:040024005e05000075
:020000040000fa
:040028005e05000071
:020000040000fa
:04002c005e0500006d
:020000040000fa
:0400300004040000c4
:020000040000fa
:04003400a004000024
:020000040000fa
:040038005e05000061
:020000040000fa
:04003c005e0500005d
:020000040000fa
:040040005e05000059
:020000040000fa
:040044006a0400004a
:020000040000fa
:04004800ce030000e3
:020000040000fa
:04004c005e0500004d
:020000040000fa
:040050005e05000049
:020000040000fa
:04005400f4040000b0
:020000040000fa
:04005800d6040000ca
:020000040000fa
:04005c002a04000072
:020000040000fa
:040060005e05000039
:020000040000fa
:040064005e05000035
:020000040000fa
:040068005e05000031
:020000040000fa
:04006c005e0500002d
:020000040000fa
:040070005e05000029
:020000040000fa
:040074005e05000025
:020000040000fa
:040078005e05000021
:020000040000fa
:04007c005e0500001d
:020000040000fa
:040080005e05000019
:020000040000fa
:040084005e05000015
:020000040000fa
:040088005e05000011
:020000040000fa
:04008c005e0500000d
:020000040000fa
:040090005e05000009
:020000040000fa
:04009400280500003b
:020000040000fa
:040098005e05000001
:020000040000fa
:04009c005e050000fd
:020000040000fa
:0400a0005e050000f9
:020000040000fa
:0400a4005e050000f5
:020000040000fa
:0400a8005e050000f1
:020000040000fa
:0400ac005e050000ed
:020000040000fa
:0400b0005e050000e9
:020000040000fa
:0400b4005e050000e5
:020000040000fa
:0400b8005e050000e1
:020000040000fa
:0400bc005e050000dd
:020000040000fa
:0400c0005e050000d9
:020000040000fa
:0400c4005e050000d5
:020000040000fa
:0400c8005e050000d1
:020000040000fa
:0400cc005e050000cd
:020000040000fa
:0400d0005e050000c9
:020000040000fa
:0400d4005e050000c5
:020000040000fa
:0400d8005e050000c1
:020000040000fa
:0400dc005e050000bd
:020000040000fa
:0400e0005e050000b9
:020000040000fa
:0400e4005e050000b5
:020000040000fa
:0400e8005e050000b1
:020000040000fa
:0400ec005e050000ad
:020000040000fa
:0400f0005e050000a9
:020000040000fa
:0400f4005e050000a5
:020000040000fa
:0400f8005e050000a1
:020000040000fa
:0400fc005e0500009d
:020000040000fa
:040100005e05000098
:020000040000fa
:040104005e05000094
:020000040000fa
:040108005e05000090
:020000040000fa
:04010c005e0500008c
:020000040000fa
:040110005e05000088
:020000040000fa
:040114005e05000084
:020000040000fa
:040118005e05000080
:020000040000fa
:04011c005e0500007c
:020000040000fa
:040120005e05000078
:020000040000fa
:040124005e05000074
:020000040000fa
:040128005e05000070
:020000040000fa
:04012c0012050000b8
:020000040000fa
:040130005e05000068
:020000040000fa
:040134005e05000064
:020000040000fa
:040138005e05000060
:020000040000fa
:04013c005e0500005c
:020000040000fa
:040140005e05000058
:020000040000fa
:040144005e05000054
:020000040000fa
:040148005e05000050
:020000040000fa
:04014c005e0500004c
:020000040000fa
:040150005e05000048
:020000040000fa
:040154005e05000044
:020000040000fa
:040158005e05000040
:020000040000fa
:04015c005e0500003c
:020000040000fa
:040160005e05000038
:020000040000fa
:040164005e05000034
:020000040000fa
:040168005e05000030
:020000040000fa
:04016c005e0500002c
:020000040000fa
:040170005e05000028
:020000040000fa
:040174005e05000024
:020000040000fa
:040178005e05000020
:020000040000fa
:04017c005e0500001c
:020000040000fa
:040180005e05000018
:020000040000fa
:040184005e05000014
:020000040000fa
:040188005e05000010
:020000040000fa
:04018c005e0500000c
:020000040000fa
:040190005e05000008
:020000040000fa
:040194005e05000004
:020000040000fa
:040198005e05000000
:020000040000fa
:04019c005e050000fc
:020000040000fa
:0401a0005e050000f8
:020000040000fa
:0401a4005e050000f4
:020000040000fa
:0401a8005e050000f0
:020000040000fa
:0401ac005e050000ec
:020000040000fa
:0401b0005e050000e8
:020000040000fa
:0401b4005e050000e4
:020000040000fa
:0401b8005e050000e0
:020000040000fa
:0401bc005e050000dc
:020000040000fa
:0401c0005e050000d8
:020000040000fa
:0401c4005e050000d4
:020000040000fa
:0401c8005e050000d0
:020000040000fa
:0401cc005e050000cc
:020000040000fa
:0401d0005e050000c8
:020000040000fa
:0401d4005e050000c4
:020000040000fa
:0401d8005e050000c0
:020000040000fa
:0401dc005e050000bc
:020000040000fa
:0401e0005e050000b8
:020000040000fa
:0401e4005e050000b4
:020000040000fa
:0401e8005e050000b0
:020000040000fa
:0401ec005e050000ac
:020000040000fa
:0401f0005e050000a8
:020000040000fa
:0401f4005e050000a4
:020000040000fa
:0401f8005e050000a0
:020000040000fa
:0401fc005e0500009c
:020000040000fa
:040208005e0500008f
:020000040000fa
:04020c004c0300009f
:020000040000fa
:040210008e03000059
:020000040000fa
:040214006c03000077
:020000040000fa
:04021800ae03000031
:020000040000fa
:04021c005e0500007b
:020000040000fa
:040220005e05000077
:020000040000fa
:040224005e05000073
:020000040000fa
:040228005e0500006f
:020000040000fa
:04022c005e0500006b
:020000040000fa
:0402300004040000c2
:020000040000fa
:04023400a004000022
:020000040000fa
:040238005e0500005f
:020000040000fa
:04023c005e0500005b
:020000040000fa
:040240005e05000057
:020000040000fa
:040244006a04000048
:020000040000fa
:04024800ce030000e1
:020000040000fa
:04024c005e0500004b
:020000040000fa
:040250005e05000047
:020000040000fa
:04025400f4040000ae
:020000040000fa
:04025800d6040000c8
:020000040000fa
:04025c002a04000070
:020000040000fa
:040260005e05000037
:020000040000fa
:040264005e05000033
:020000040000fa
:040268005e0500002f
:020000040000fa
:04026c005e0500002b
:020000040000fa
:040270005e05000027
:020000040000fa
:040274005e05000023
:020000040000fa
:040278005e0500001f
:020000040000fa
:04027c005e0500001b
:020000040000fa
:040280005e05000017
:020000040000fa
:040284005e05000013
:020000040000fa
:040288005e0500000f
:020000040000fa
:04028c005e0500000b
:020000040000fa
:040290005e05000007
:020000040000fa
:040294002805000039
:020000040000fa
:040298005e050000ff
:020000040000fa
:04029c005e050000fb
:020000040000fa
:0402a0005e050000f7
:020000040000fa
:0402a4005e050000f3
:020000040000fa
:0402a8005e050000ef
:020000040000fa
:0402ac005e050000eb
:020000040000fa
:0402b0005e050000e7
:020000040000fa
:0402b4005e050000e3
:020000040000fa
:0402b8005e050000df
:020000040000fa
:0402bc005e050000db
:020000040000fa
:0402c0005e050000d7
:020000040000fa
:0402c4005e050000d3
:020000040000fa
:0402c8005e050000cf
:020000040000fa
:0402cc005e050000cb
:020000040000fa
:0402d0005e050000c7
:020000040000fa
:0402d4005e050000c3
:020000040000fa
:0402d8005e050000bf
:020000040000fa
:0402dc005e050000bb
:020000040000fa
:0402e0005e050000b7
:020000040000fa
:0402e4005e050000b3
:020000040000fa
:0402e8005e050000af
:020000040000fa
:0402ec005e050000ab
:020000040000fa
:0402f0005e050000a7
:020000040000fa
:0402f4005e050000a3
:020000040000fa
:0402f8005e0500009f
:020000040000fa
:0402fc005e0500009b
:020000040000fa
:040300005e05000096
:020000040000fa
:040304005e05000092
:020000040000fa
:040308005e0500008e
:020000040000fa
:04030c005e0500008a
:020000040000fa
:040310005e05000086
:020000040000fa
:040314005e05000082
:020000040000fa
:040318005e0500007e
:020000040000fa
:04031c005e0500007a
:020000040000fa
:040320005e05000076
:020000040000fa
:040324005e05000072
:020000040000fa
:040328005e0500006e
:020000040000fa
:04032c0012050000b6
:020000040000fa
:040330005e05000066
:020000040000fa
:040334005e05000062
:020000040000fa
:040338005e0500005e
:020000040000fa
:04033c005e0500005a
:020000040000fa
:040340005e05000056
:020000040000fa
:040344005e05000052
:020000040000fa
:040348005e0500004e
:020000040000fa
:04034c005e0500004a
:020000040000fa
:040350005e05000046
:020000040000fa
:040354005e05000042
:020000040000fa
:040358005e0500003e
:020000040000fa
:04035c005e0500003a
:020000040000fa
:040360005e05000036
:020000040000fa
:040364005e05000032
:020000040000fa
:040368005e0500002e
:020000040000fa
:04036c005e0500002a
:020000040000fa
:040370005e05000026
:020000040000fa
:040374005e05000022
:020000040000fa
:040378005e0500001e
:020000040000fa
:04037c005e0500001a
:020000040000fa
:040380005e05000016
:020000040000fa
:040384005e05000012
:020000040000fa
:040388005e0500000e
:020000040000fa
:04038c005e0500000a
:020000040000fa
:040390005e05000006
:020000040000fa
:040394005e05000002
:020000040000fa
:040398005e050000fe
:020000040000fa
:04039c005e050000fa
:020000040000fa
:0403a0005e050000f6
:020000040000fa
:0403a4005e050000f2
:020000040000fa
:0403a8005e050000ee
:020000040000fa
:0403ac005e050000ea
:020000040000fa
:0403b0005e050000e6
:020000040000fa
:0403b4005e050000e2
:020000040000fa
:0403b8005e050000de
:020000040000fa
:0403bc005e050000da
:020000040000fa
:0403c0005e050000d6
:020000040000fa
:0403c4005e050000d2
:020000040000fa
:0403c8005e050000ce
:020000040000fa
:0403cc005e050000ca
:020000040000fa
:0403d0005e050000c6
:020000040000fa
:0403d4005e050000c2
:020000040000fa
:0403d8005e050000be
:020000040000fa
:0403dc005e050000ba
:020000040000fa
:0403e0005e050000b6
:020000040000fa
:0403e4005e050000b2
:020000040000fa
:0403e8005e050000ae
:020000040000fa
:0403ec005e050000aa
:020000040000fa
:0403f0005e050000a6
:020000040000fa
:0403f4005e050000a2
:020000040000fa
:0403f8005e0500009e
:020000040000fa
:0403fc005e0500009a
:020000040000fa
:100400002fc520000e7f22000e0188000000000092
:10041000000020000000e000020032000001200087
:100420002002880014000700570207000000e000c7
:1004300003003a004032250001002000020037008e
:100440000000200001002000810f70000100320038
:1004500014000700000020000000e000020032004d
:1004600000000200000000007043020000000000d5
:100470000040da000000fe004440a900e0382000ff
:100480000000e000030032000020200090018800fe
:100490004440a800000006008a1f78008b1f7800e7
:1004a00000000600a1028800800478000000eb0034
:1004b0001f003700e284440054a0b4009905ba003c
:1004c000e284440054a0b4009906ba00e2844400d7
:1004d00054a0b4000006eb00476fde00fd07b20039
:1004e000ae018800636ce10003003a00eaff0700f8
:1004f0000000eb000e003700606ce10008003a00dd
:10050000004deb000a05e800020039003420ec0041
:100510000af0a0008b05e900f9ff3e000400370057
:100520006168e100010032000086eb000b0007006b
:1005300019c7ba001905ba000e04e00003003a001a
:100540000a00e000dbff3a0000000600fe07b200f0
:10055000ae0288008a047800f5ff37000cd0a300b3
:10056000e20f4d001c00390089027800354dba00b9
:100570000a05e800020039003420ec000af0a0006f
:100580008b05e9000f003200254dba000a05e8008e
:10059000020039003420ec000af0a0008b05e900cd
:1005a000080032000c00e0000600320015cdba0051
:1005b0000a05e800020039003420ec000af0a0002f
:1005c0008b05e9008984e80054a0b4000b00e0002a
:1005d000e2ff3a00000006009902ba00055d7800cb
:1005e0008b05e900f7ff3200c82ade00055d7800c0
:1005f0008b05e900f3ff32000c00e000f1ff320050
:1006000019ddba00eeff3700d45b040000000000e3
:10061000d25f0400000000008c5c040000000000b9
:10062000445d040000000000405004000000000091
:100630009050040000000000fc5d04000000000079
:10064000de42040000000000f04204000000000050
:100650006a420400000000000816040000000000c8
:10066000dc2e040000000000ba300400000000008e
:10067000662f040000000000d62f040000000000d8
:100680006a300400000000000000040000000000c8
:10069000dc2e0400000000003600f800809fbe0041
:1006a000829fbe00849fbe00869fbe000000fa00ad
:1006b0008020a9000000eb00c02e07000080fa0097
:1006c0004f03be004f02be004f01be004f00be00f0
:1006d0003600f900004006003600f800809fbe009a
:1006e000829fbe00849fbe00869fbe000000fa006d
:1006f000b92e07008040a90010002000af2e07008f
:100700000080fa004f03be004f02be004f01be0042
:100710004f00be003600f900004006003600f80029
:10072000809fbe00829fbe00849fbe00869fbe0049
:100730000000fa008060a900200020009f2e070022
:100740000080fa004f03be004f02be004f01be0002
:100750004f00be003600f900004006003600f800e9
:10076000809fbe00829fbe00849fbe00869fbe0009
:100770000000fa008080a900300020008f2e0700c2
:100780000080fa004f03be004f02be004f01be00c2
:100790004f00be003600f900004006003600f800a9
:1007a000809fbe00829fbe00849fbe00869fbe00c9
:1007b0000000fa00d04a80000000e0000200320091
:1007c000d04a80000000010030c4200010407800b2
:1007d0008040e80030c420000148780020c4200098
:1007e00011c0b300014878008500a9000080fa001c
:1007f0004f03be004f02be004f01be004f00be00bf
:100800003600f900004006003600f800809fbe0068
:10081000829fbe00849fbe00869fbe000000fa003b
:1008200020048000640060000000e000020032004c
:100830000e2a07008440a9000080fa004f03be0082
:100840004f02be004f01be004f00be003600f9004f
:10085000004006003600f800809fbe00829fbe0068
:10086000849fbe00869fbe003200f8003400f8006e
:1008700010002000a00188000020200090018800c6
:100880000000fa00210480000000220000806000c7
:100890000000e00006003200f04a80000000e000a6
:1008a00002003200f04a80000000010085a0a9008b
:1008b0000080fa003400f9003200f9004f03be0056
:1008c0004f02be004f01be004f00be003600f900cf
:1008d000004006003600f800809fbe00829fbe00e8
:1008e000849fbe00869fbe000000fa00204b80005f
:1008f0000000e00002003200204b800000000100f8
:1009000050c42000104078008040e80050c420000f
:100910000148780040c4200011c0b30001487800ad
:1009200084e0a9000080fa004f03be004f02be0021
:100930004f01be004f00be003600f9000040060027
:100940003600f800809fbe00829fbe00849fbe00dc
:10095000869fbe000000fa00304b80000000e000df
:1009600002003200304b80000000010070c4200003
:10097000104078008040e80070c4200001487800f2
:1009800060c4200011c0b300014878008460a90051
:100990000080fa004f03be004f02be004f01be00b0
:1009a0004f00be003600f900004006003600f80097
:1009b000809fbe00829fbe00849fbe00869fbe00b7
:1009c0000000fa00804a8000000001000080fa0068
:1009d0004f03be004f02be004f01be004f00be00dd
:1009e0003600f900004006003600f800809fbe0087
:1009f000829fbe00849fbe00869fbe000000fa005a
:100a0000904a8000000001000080fa004f03be0001
:100a10004f02be004f01be004f00be003600f9007d
:100a200000400600801f78000000fa0010118000ce
:100a3000620060000000e000010032002222a900f4
:100a40008c20a9000080fa004f00780000400600ca
:100a50003600f800809fbe00829fbe00849fbe00cb
:100a6000869fbe000000fa00404b80000000e000be
:100a700002003200404b80000000010090c42000c2
:100a8000104078008040e80090c4200001487800c1
:100a900080c4200011c0b300014878008760a9001d
:100aa0000080fa004f03be004f02be004f01be009f
:100ab0004f00be003600f900004006000040da009a
:100ac0000000fe000a00fa000000e00037003a00d3
:100ad00073628000e18f510003003200e28f510009
:100ae0000e003a0009003700002220000000e0005c
:100af00001003a000040da002002e2000b0035005d
:100b00002822ef0021e2a80008003700002320007f
:100b10000000e00001003a000040da003002e2008c
:100b2000020035003822ef0031e2a8000200780010
:100b30001a003700040a2000e18f51000b003a0030
:100b4000030037000402e90002003a000300370006
:100b5000040a20002202ab00faff320014118000c8
:100b6000050037000402e900020032003202ab0047
:100b7000fcff320094118000610262000900320023
:100b8000e18f510002003a0034118000010037006b
:100b9000b4118000845878000000e9000000e000f3
:100ba000e4ff3a0000005100080037002300200055
:100bb000b3bf9f00c0bf9f00d1bf9f00e2bf9f0097
:100bc0006a805700d51607006fb897000080fa00ba
:100bd000000006000a00fa0011002000b1bf9f00cb
:100be000c0bf9f006a805700ce1607004fb897001d
:100bf0000080fa00000006000a00fa00e20f500030
:100c000034003e0070628000e10f500003003200ab
:100c1000e20f500011003a000c00370003222000c0
:100c20000300e00001003a000040da002002e20088
:100c3000020035002822ef0021e2a8002342ab0089
:100c40000d003a002342a8000b00370003232000c8
:100c50000300e00001003a000040da003002e20048
:100c6000020035003822ef0031e2a8003342ab0029
:100c700001003a003342a800820178000b003700df
:100c80003102fb00e10f500004003a002322ab00c8
:100c9000feff3a0024118800030037003322ab0026
:100ca000feff3a00a41188008301e9000300e00080
:100cb000f3ff3a00e10f500003003a002302ab00bb
:100cc000feff32000b0037003302ab00feff3200a4
:100cd0000800370033002000b3bf9f00c0bf9f0053
:100ce000d1bf9f00e2bf9f006a8057008f160700a8
:100cf0006fb99700020078000080fa00000006003b
:100d0000889fbe0080047800806280000000e000c0
:100d100005003a000000eb000e0007000084eb0025
:100d20000000e00008003500886280000900e00053
:100d30000500320009004400060007000000e00042
:100d400001003d000084eb00080078004f04be0065
:100d500000000600800078000100e00003003a0077
:100d60000000200080628800000005000080eb0089
:100d700002002000828f500002003e008162880045
:100d80000000eb0000000600000005001400200039
:100d90009a033700f4ff2f00980337000001be00cc
:100da0001c0007000470a70003f0a10003f8a300d3
:100db00013003a006509b100100032000900350047
:100dc0006928e1000200350001002800000005004c
:100dd00000004000818048008502e900fcff3a00e5
:100de00000000600f88f4200050035008100d100a8
:100df0000080d3008502e800fcff3a0000000600f6
:100e00008000eb00000005004f89de0082017800c1
:100e100095033700c70ade00f107b200f50fb200f4
:100e200008003200e1cf4200020032000170a00051
:100e300024000500810f7000010032000408050045
:100e400044000500810f700002003a001400050004
:100e50008502e9000000400081c04800fcff3b0023
:100e60000170a000240005006022b80006022000e6
:100e70000000d0008180d2000482d2008582d2009e
:100e80000000a0000202520083825a0003003100d9
:100e90000202420083824a000000a1000603e9002a
:100ea000f3ff3a000000060007f8270007836100ff
:100eb0000638e10004003a00f7072000878361004c
:100ec0008703710001003a0003f0a200889fbe0072
:100ed0008a9fbe008c9fbe00470ade000480a100ee
:100ee000c71ade000580a100070028000785600002
:100ef00087856100f70f20000720e1009e00320087
:100f00000728e1009c003200010678000400e000a0
:100f1000b4003200f7072000878060000170a00055
:100f20000500e000c0003200f70720008781610063
:100f30000370a000050652000f003a000b50e100bc
:100f40000b0032000308e10002003a000200e10059
:100f50007e003200020450008384580004003100f7
:100f60000001fd008101fd008402fd008a05fd00f5
:100f70006044b800210037000520e10005003d0075
:100f80000001fd008101fd008402fd008a05fd00d5
:100f9000050652007a60e100050035000170a100ed
:100fa0004722dd00848070008a8070006300370073
:100fb0006044b800ef02660007ff2f0007066600d6
:100fc0000500e00006003400f08312008714dd0005
:100fd0000511de00071bdd00060171008519de002a
:100fe0007060e10005003500090478008204780093
:100ff000030178008001eb00700656000b50e10001
:1010000003003a00020040008380480004003700db
:1010100060041400e0841c00020058008380580023
:101020000188a300060032008100d1000080d300b7
:101030008984d3000884d3000402e8002700370025
:101040000178a30025003a000100e000030032000f
:101050008186cf00698656000a0037008c00200088
:101060000000e00004003a000900780088047800dd
:101070000004eb00700252008086cf000d0646008f
:101080000c06e9007060e100060035008000780081
:1010900009007800880478000004eb007006560010
:1010a000700252000c00e0000c0034008c08dd00df
:1010b000f00316000703de00868070000c00dd00e0
:1010c000074bde00060070008c4cdd000743de009d
:1010d000868474000c44dd000c0252006120e100a3
:1010e000200035006101600007002800878164004e
:1010f000f7ff270087836400070374000300e00004
:101100000600320082037300040032000000e80091
:10111000e08048000188a3000e003a00f70f20008d
:101120000720e1004a003d000170a1004722dd00d8
:10113000810072008a8070000000be004f06be0071
:101140004f05be004f04be00000006006000b8005e
:10115000faff37008100d1000080d3000402e800cc
:10116000eeff37000401780089017400a101070037
:101170008a807000f1ff3700f7010700070278004e
:101180000001fd008101fd00f301070087027800e6
:10119000850372000778a300040032000001fd00ff
:1011a0008101fd0006020700e4ff370085036200ad
:1011b0000768a300080032000b50e1000300320072
:1011c000f0ff2f00f1ff2700dcff37000001fd00da
:1011d0008101fd00d9ff37000468a300d7ff32006a
:1011e000faff3700f8ff2700888360000b003a0001
:1011f0000000e00009003a0083036400828373006a
:10120000020032000200be00ccff37000b50e100ac
:10121000ceff3a000200be00c8ff370014002000d5
:10122000810064003eff3700f8ff270088836100db
:1012300004003a000200e00002003a008c0078004e
:10124000beff3700150020008301640039ff37001e
:1012500001f827000000200081007500b7ff37006b
:10126000889fbe008a9fbe008c9fbe001b0020008e
:101270000202be0005866800060028000606660019
:101280004709de00f20fb200820032000243e8009c
:1012900080003200c729de00f30fb2007d0032006b
:1012a0000343e8007b003200f107b2000170a000a8
:1012b000f507b2000570a000c708dd004903de0095
:1012c000868070004700dd00c72add004923de006c
:1012d000868272004722dd0003055100040350009e
:1012e00085835800030031000000400081804800e1
:1012f0000a05e9008c1f78008a9fbe000400500098
:10130000858058000402420085824a0000004000a7
:10131000818048000005eb000004be006033b80087
:101320000406be000d48e10056003100110009001e
:101330004dccd8000c01b8000d02b80084814100ea
:1013400060824a008283530003045c0084845c0052
:1013500060055d000a00e00025003a008005780085
:101360000d40e10049003100880078000700780056
:10137000110009004d88d8000c01b8000d02b8001a
:101380008481410060824a006003110083835b0016
:1013900004045c00e0845c000900e00021003a00e5
:1013a0004f01be000300e0002b003200e3016000ab
:1013b000070673008c817100010032006400700028
:1013c0004200de004e5edd000c007000c258de0000
:1013d00001e0a00083010700cf0178008180710047
:1013e0004f06be004f05be004f04be0000000600c1
:1013f0008c8343000d044c00e0844c0060054d00dc
:101400000000e9000a00e000d4ff32008c834300b2
:101410000d044c00e0844c0060054d000000e90024
:10142000ceff37000c0343008d834b0060044c005b
:10143000e0844c000000e9000900e000d8ff320021
:101440000c0343008d834b0060044c00e0844c008f
:101450000000e900d2ff37004200de004e5edd00f2
:101460000c007000c258de0001e0a000cf0178003f
:101470000300e000daff320060001000e080180096
:10148000d7ff3700f0ff2f00aaff3700f0ff2f0033
:10149000b9ff37000404be002f010700870678005b
:1014a0000004fd008104fd002b0107000783660096
:1014b0000678a300030032000960a7000800be0000
:1014c0002c0037000d78a300020032000800be0097
:1014d000280037000778a30026003a0001f0a10099
:1014e00009f0a1000668a30003003200f1ff270005
:1014f000f0ff2f00baff37000d68a3000300320091
:101500000800be008c807000b5ff37000768a3009c
:1015100007003a000648a30003003200f1ff27004d
:10152000f0ff2f00aeff37000d48a300030032008c
:101530006000b8008c807000a9ff37000748a30046
:101540000400320001f82700000020008c807000a9
:10155000a3ff3700760107000004fd008104fd00b1
:1015600002057800720107000802be008a017800b7
:1015700059ff37000160a00012022000524b880082
:1015800097ff37000100e000120032000500e00084
:1015900010003200889fbe008a9fbe008c9fbe0054
:1015a0000006eb0001f8a300030032006000100009
:1015b000e08018000cf0a00005f8a3000300320042
:1015c00060021200e0821a000cf0a2008005eb001d
:1015d00041ff37006000b800020005000383680087
:1015e0000700280007036300470ade000480a1000b
:1015f000c71ade000580a100f70f20000720e100d8
:10160000420032000728e10040003200889fbe00ff
:101610008a9fbe008c1f7800f107b200f307b2006a
:101620000400e000640032000170a0000500e0004a
:10163000680032000370a00085054200eb07b1008e
:101640000204b8000302b8008484440060854a00a4
:10165000020ab800848444000a854a00030ab800dc
:1016600004054500040033000804d0008984d2003a
:101670000a85d2008b05e9006158e1003d00350084
:101680000210200009016100030820008981610027
:10169000f70720008783640008867300c84cde00cb
:1016a000c853dd00878474004855de000300e00065
:1016b0000600320082037600040032008904e8004c
:1016c00060054d000a88a3000c003a00f70f2000c7
:1016d0000758e10044003d000a70a100c75ddd002d
:1016e0000a8575008a007300090078004f067800ab
:1016f0004f05be004f04be00000006000a05d100e1
:101700008984d3008b05e800f0ff3700881f78003c
:101710000604780090000700070278000001fd0031
:101720008101fd008c0007008702780085037200ac
:101730000778a300050032000001fd008101fd00d3
:101740009f0007004f047800000006008503720028
:101750000748a30003003200f0ff2f00f1ff27002d
:10176000f8ff37000000200001f827008880700093
:10177000f4ff3700880178004848dd00808171005f
:101780004848de00c850dd0001007000c850de008f
:10179000060478000b0178001600070088807000ae
:1017a000d2ff37000500e0000500320017002000de
:1017b0003a0007009dff370081037000f9ff3a00ef
:1017c000860078004f0678004f05be004f04be002b
:1017d0000000050083037100f9ff3200270020009c
:1017e0002e00070094ff370001f827008680700064
:1017f000f4ff37000100e000260032006101110013
:101800007810e10023003c006022b8007010e10075
:101810000400350080027800010078008000eb00b1
:10182000700151000200e000090034007003110053
:10183000062add00822ade008603dd008782720030
:101840000200de00860bdd00070070008208de006b
:1018500084817100f4ff270004826200848171009a
:1018600004002800848262006102600005f0a60086
:101870000000060004827100070032000000e8004a
:10188000e0804800000006000002be006000b800d2
:10189000efff37006000b80000000600889fbe0020
:1018a0000004eb006138e10016003a000100e0009e
:1018b00008003a00c800de004800dd008800200073
:1018c0000100e00003003a00c800de004800dd002f
:1018d000680444008184cf00e98454000600340089
:1018e0008908dd00f08314008703de008780700024
:1018f0000900dd0009044400610214004f04be0029
:10190000000006000300e00008003a00c811de00f5
:101910004811dd00880020000300e00003003a00c9
:10192000c811de004811dd00680444008384cf0044
:10193000e9845400060034008919dd00f0831400a6
:101940008713de00878171000911dd00090444005e
:10195000e1021400e9ff37002700200001f0a70092
:1019600017002000470bde00f60fb2000400320023
:101970000643e8000a0032004702b30000000600f8
:1019800001037800f607b2000603700002003a0077
:101990000703b300000006008702b3000000060042
:1019a00001037800f607b20006037000020032005f
:1019b0000770a000000006000760a00000000600fd
:1019c0000478a300040032000578a300030032006d
:1019d0000168a30001003a000200be000160a000ff
:1019e0000000060081017000270032008002eb0039
:1019f00001f8a3000300320060001000e08018002e
:101a000015002000f40720000202420020003400ec
:101a1000f703200087036000060420000003630032
:101a200002082000000161004700de00c909dd0056
:101a300000807100c708de000600e00008003200e8
:101a400087037100060032001000b0000180b00072
:101a50000188a30002003200c108de000402e80091
:101a6000f107b200f30f20000320e10003003d0066
:101a70004722dd00810072002900370001f82700ad
:101a80000000eb00260037006000b80000000600f0
:101a9000680212007f20e100020034006000b800fc
:101aa0001f0037006011b8007020e100040035000d
:101ab00080017800010078008000eb007002520085
:101ac0000400e00009003400f00312000719dd00f3
:101ad0008419de000703dd00868171000400de004a
:101ae000070bdd00060070008408de00f7ff27000a
:101af00083836300870371000600280003036300eb
:101b0000070032000700e00003003a0061016000b6
:101b100002817300020032001000b0000180b000aa
:101b20000500a6000000060001f0a000000006006d
:101b30004f0ade004709de00f107b200f20fb200e3
:101b40000b003200f207b1000170a000c708dd00f1
:101b5000c901de00838070004700dd000400a6009c
:101b60000000060060001000e08018000000060081
:101b7000810f700001003a00000006008182cf0052
:101b80000500e00010003e008082cf00ee8242009f
:101b90007028e1000400390007003e008000780052
:101ba0000000eb000e003700708312008600de009c
:101bb0000500dd000a003700708352008600dd005a
:101bc0000000eb0006003700e28252008508dd00cd
:101bd000708312000603de00868070000500dd00c1
:101be0007507b0000501ea000400a6000000060029
:101bf00060001000e080180000000600889fbe0012
:101c00008a9fbe00841f78007c0007004f00780088
:101c100011003300f0ff2f00838f6c0006003b00a3
:101c2000040565000a00a7000800370009f0a600b7
:101c30001000200008003700820f5400838f5c00e2
:101c4000030039001000200001003e0000002000c9
:101c500009f0a7000000ea004f05be004f04be00d7
:101c60000000e00000000600881f780003047800f0
:101c70000300e00007003d0060001000e080180055
:101c800060011900e081190002003b0001f02d0005
:101c9000030037000400070008f0a70001f0a000cf
:101ca0004f04780000000600889fbe008a9fbe0097
:101cb000008270000402710004827100260032006c
:101cc0000004be000200be006011b8006b092000d5
:101cd000950220000182cf000a0039000541b100c1
:101ce0000082cf00070039000541b1000982cf0012
:101cf000040039000541b1000882cf00010039001d
:101d00000541b10005425200120032000a003b00ba
:101d100082817100610164008100d1000080d300e4
:101d20008984d3000884d3008b05e8000442e800ce
:101d3000f7ff3a00070037000804440089844c008c
:101d400000004800818048008b05e9000442e9005a
:101d5000f9ff3a00030007004f05be004f04be0024
:101d60000000060081002000618055000b003d004e
:101d70000b00200061fe2f000100e1001d00340077
:101d800082817100610164008904d1000884d3005c
:101d90000000e800faff3a007100200061006400d2
:101da000030070000200600009003200610444007a
:101db000e0844c000988a500050032008b05e8008e
:101dc0006808e10002003a008904d1000884d300c9
:101dd000f20f20000258e10005003d00c75ddd0064
:101de000f907b2008980750008007800000006003d
:101df0000bf827008b007800000005000004be00ef
:101e000004fc07000003be000405be000200be0083
:101e100000fc0700844f7500000006000800fa006f
:101e2000889fbe000004be000001be008300780051
:101e300001f0a10008007800a4fd200095f4230023
:101e4000840f5000858f580018003e00f2ff2f00cd
:101e5000f3972300820f5000838f580011003e003b
:101e6000f2ff2f00f3072000820f5000838f5800ed
:101e700005003e0002002000033820000800be00dc
:101e8000d6fd0700040037000200200003b8270039
:101e90000800be000dfc0700c0bf9f00d1bf9f001f
:101ea000710037000800be00680037004f49de00af
:101eb00003002000143d2500b5072400840f5000c6
:101ec000858f58001f003e0034be2c0065012400a1
:101ed000840f5000858f58000e003e000200e00085
:101ee00005003200b2fd200093fc23000800be0074
:101ef000f6fb070059003700b2fd200093fc2300d9
:101f00000800be00e8fb07005b0007000004be00fd
:101f1000550037000200e00005003200b2fd20004d
:101f2000930424000800be00e8fb070046003700c9
:101f3000b2fd2000930424000800be00dafb070075
:101f400041003700541d2300250e2400840f50004b
:101f5000858f58001d003e00f4dd2e00f50a240098
:101f6000840f5000858f58000c003e000200e000f6
:101f70000500320042be2c00630924000800be00a8
:101f8000d2fb0700e0ff370042be2c0063092400ab
:101f90000800be00c4fb0700300037000200e0006c
:101fa00005003200b2fd2000930c24000800be00a2
:101fb000c6fb070025003700b2fd2000930c24006b
:101fc0000800be00b8fb070020003700f2ff2f001a
:101fd000f3f72700820f5000838f5800040036006b
:101fe0000801be000800be00affb0700c7ff3700b6
:101ff0006c8157000800be004d0007006011b8005a
:1020000063016000e10f5100e08f590009003200c8
:10201000e20f5100e08f590009003200e00f51003b
:10202000e08f59000b003a002fb89700bfb8970017
:10203000060037002fb89700bfb89700b2ff3700ef
:102040002fb89700bfb8970001f0a20091000700d9
:10205000aeff37002fb89700bfb897000600070003
:102060000004be0009f0a2000800be004f04be003c
:102070000080fa0000000600889fbe008a9fbe0014
:102080008c9fbe000001be0054fd07000004be008e
:102090000001be0051fd07000005be000200200047
:1020a00003f02b000800be004cfd070002002000da
:1020b00003f8230085fb07000006be00f2a92a00f2
:1020c000a3d223000a00be0044fd07000001be00a9
:1020d0000c00be007dfb07000006be000801be002c
:1020e0000a00be003dfd07000005be0072a12900e8
:1020f000c37c23000800be0038fd0700f243200027
:1021000063ab230068fb07000001be000a00be00ad
:1021100032fd07000001be000c00be006bfb070093
:102120004f06be004f05be004f04be000000060073
:102130000800fa00889fbe008a9fbe008c9fbe00e8
:102140000005be00020478000001be008300780094
:1021500001f0a1000a007800a2fd200093dc240019
:10216000820f5000838f58001d003e0032982f00d0
:1021700023f223000a00be0018fd07000200200021
:1021800003b4240051fb07000200200003b4240024
:1021900045fb07000006be00ae1107008004780072
:1021a000a2fd200093fc23000c00be000bfd0700e5
:1021b0000001be000a00be003bfb07000005be0098
:1021c000325a2800832823000c00be0003fd0700bc
:1021d0000001be000a00be0033fb070026003700e6
:1021e000f2ff2f00f3f72700820f5000838f580073
:1021f000060036000a01be000a00be002afb0700e6
:10220000008cbe008004eb001c0037000a00be00fa
:10221000500007000005be0032982f0023f2230073
:10222000eefc07000200200003f0230027fb07005c
:102230005f1107000203be000002be00e4b79f006a
:10224000f5b79f0086bf9f0097bf9f0086fe0700df
:1022500032982f0023f2230001fc07000001be008a
:102260000a00be0010fb07006000b80020049800c0
:1022700031049800efb49700008cbe00090078008c
:102280004f06be004f05be004f04be000080fa009e
:1022900000000600889fbe008a9fbe008c9fbe0083
:1022a0000005be000001be00ccfc07000004be001b
:1022b0000a01be00c9fc07000006be0042882800d3
:1022c00083c023000800be00c4fc0700b2aa2a0095
:1022d000a3e22300f4fa07000001be000c00be00d8
:1022e000befc07000001be000a00be00f7fa0700ae
:1022f0000005be000801be000800be00b7fc0700d4
:102300000001be000c00be00b4fc07000006be00c9
:10231000c2c32600636323000800be00affc0700b1
:10232000f27c200003952300dffa07000001be00c5
:102330000c00be00a9fc07000001be000a00be00a0
:10234000e2fa07004f06be004f05be004f04be0074
:10235000000006006022b8006033b8000002be0032
:10236000f0ff2f00f1ff2f00f2ff2f00f3ff2700f7
:1023700000006200818062000201630083816300cb
:10238000000006000000fa0068815700cfb89700ef
:102390001b0207000080fa00000006003f00070053
:1023a000970007004801070070010700c9000700f7
:1023b0007a020700250237000000fa006881570002
:1023c000cfb89700130207000080fa000000060053
:1023d0009c04070053050700ed05070003060700ee
:1023e000a60537008001780002003700b159780057
:1023f0000201e9000200e000fcff3a0000000600d4
:10240000810178000002780030417800b14f51001e
:1024100002003a000204e000f9ff3a009480fb0059
:102420001380fb0000805000000006008001eb00dc
:102430000200e00010003200000278000103780082
:10244000b44178000304e00008003200b142780093
:102450000504e0000500320082034000848f530031
:102460000200320085cf5100f4ff32008381fb006f
:102470001680fb00808151000300780000000600f8
:10248000881f78000004780008007800270a0700f9
:10249000080078004f04780000000600ec87470031
:1024a000889fbe008a9fbe008c9fbe008e1f780052
:1024b00000067800010478001807900028059000b5
:1024c00098067800cdb79f00b80590003202be0094
:1024d0002203be000400be000601be004f18de004d
:1024e0006011b8008000eb00d0b79f00e1b79f00fb
:1024f000f2b79f0083bf9f00800478000900e000ce
:10250000060032006000b8006011b80004025000fc
:102510008582580006035900878359000e00e000a9
:10252000020035000d10a100cdb79f000900e000aa
:1025300005003a004fb097000028a30002003a00bf
:102540000038a300020032008a00e90001003700d1
:102550008a007800f8815700a20020000800780067
:10256000860007000900e00003003a00cfb09700a2
:102570000128a300080032000000e90000814500a6
:10258000b1c2b3000900e00001003200d1c2b300c3
:1025900001497800050037000138a300030032002c
:1025a0000000e90001c2b300817578004801900085
:1025b0000201e90000015100808045004fb2970000
:1025c0008a0178000c0078003f0207009c00900010
:1025d0000188a3000400320098009000810f500091
:1025e00001003d00010078004f0778004f06be0053
:1025f0004f05be004f04be00cf00b1000000060032
:102600000200fa00889fbe008a9fbe008005780005
:10261000010478000200780018019000280590005d
:1026200098007800b1bf9f00b80490000200e0005d
:10263000020035000110a100b1bf9f00ea815700e0
:10264000820020008a0078003002be002003be0015
:1026500008007800490007003fb99700f0006100ca
:10266000030032000000e90001c3b3008174780068
:102670003fb99700e8006100030032000000e90064
:1026800001c2b30081747800480190000201e900a2
:1026900000015100808044003fba97008a01780011
:1026a0000b007800080207009b0090000188a3003f
:1026b0000400320098009000810f500001003d009e
:1026c000010078004f05be004f04be000080fa00f4
:1026d00000000600ea874700889fbe008a9fbe0070
:1026e0008e1f78000004780003007800728757007e
:1026f00084e2260055c72600049fbe00c396220030
:10270000030f78006c875700004feb001105900015
:10271000a1049000910578000200e0000200320060
:102720000207780001003700728757000000e000c0
:1027300002003a000e007800b10907000a00e0002c
:10274000030035008a0f5000010036000a007800af
:102750000b02780089017800000178008e00780073
:1027600008007800d80107004f0778004f05be0029
:102770004f04be00af00b10000000600f487470020
:10278000889fbe008a9fbe008c9fbe008e1f78006f
:102790000605be000404be0081bf9f0082b79f00f3
:1027a000f3b79f00b0009000e1b79f0013017800dd
:1027b00092b79f0090069000400090000000e90052
:1027c000000678000d00e00001003d001d00200023
:1027d0008040eb00efb19700817178001e0020006f
:1027e0001f0037000c06e9000fb09700cf80de0015
:1027f0006109b900a0b79f00b1b79f00c2b79f00a1
:10280000d3b79f000203be000002be000800be0056
:102810000a01be0001110700000778000e40780091
:102820000043b000efb0970080707e008d06e90095
:102830000fb997000201e90082bf9f002fb29700f5
:10284000bfb297004fb39700dfb397000800be00f8
:102850000a01be00ea1007000205be000004be0027
:102860000c00e0000d003400e00f5400e08f5c002d
:10287000e00f5d00e08f5d00daff3a000d00e00040
:10288000d8ff3c008fb997000300e000030034003c
:102890001fb097000018a300d2ff3a000e00e0001e
:1028a00002003a00ffb097001140a1000c00780030
:1028b0004f0778004f06be004f05be004f04be0014
:1028c0004f01b100000006000200fa00889fbe0020
:1028d0008a9fbe000005780001047800020078009d
:1028e00018019000a804900098007800b1bf9f00e4
:1028f000b80590000200e000020035000110a100c0
:10290000b1bf9f00ea815700a20020008900780033
:102910003002be002003be000800780097ff0700c9
:10292000480190000201e90000015100808045004b
:102930003fba9700890178000a0078006201070019
:102940009a0090000188a3000400320098009000d3
:10295000810f500001003d00010078004f05be00ce
:102960004f04be000080fa0000000600fa8747000e
:10297000889fbe008a9fbe008c9fbe008e1f78007d
:102980008004780001047800820578001801900026
:102990002805900018077800b80090000200e000b9
:1029a000020035000e10a1000100370012002000c7
:1029b00070006700e0b79f00090032003b02be00d4
:1029c0002b03be00e00f5200e08f5a00e00f5b00c7
:1029d000e08f5b00020032008a86e90001003700c8
:1029e0008a067800e8026700f5b79f000100320010
:1029f0008d06e9003b02be002b03be00e4af9f0042
:102a0000f5af9f0086b79f0097b79f0048069000dc
:102a10000c06e9000040eb0080707e00efb29700ea
:102a20007fb297008903780081047800d8af9f00b7
:102a3000020478008bbf9f008a0578000345780068
:102a40002a0037000c06e9006fab97006f006300a7
:102a5000e90f500002003c000003b0000100370005
:102a60007005b0000a03fb001604b100f90f530013
:102a70000c003e00000378000650a0001606b100ce
:102a8000f90f530007003e00b4b79f00a5b79f00a1
:102a9000c7b79f0034090700cfb39700afb29700c4
:102aa0003fb2970080747e000804e9008d06e900bb
:102ab0006fa89700ffa897000fb197009fb19700ec
:102ac000460020008301d1000281d3008180d30021
:102ad0000080d3000603e900faff3a00e0af9f0050
:102ae000f1af9f0082b79f0093b79f00e10f5600a0
:102af0000f0034006fa89700ffa897000fb1970050
:102b00009fb19700e00f5000e08f5800e00f590090
:102b1000e08f5900cbff3a000800e000c9ff3c00fd
:102b20000d00e000020034000e18a300c5ff3a00bb
:102b300089007800f4b79f00870478005fac9700a5
:102b40008a4178000b0578008fbd97000500e000f2
:102b5000100032003b02be002b03be00e4af9f001a
:102b6000f5af9f0086b79f0097b79f00e00f520018
:102b7000e08f5a00e00f5b00e08f5b000500320041
:102b80000c06e90083707e000c06e90000c3b30068
:102b900080707e00ffb297000500e0000300320065
:102ba0000c06e90000c2b30080707e00480190006e
:102bb0000201e9000c0151008c8040000e027800f7
:102bc0008a01780009007800bf0007009900900092
:102bd0000188a3000400320098009000810f50008b
:102be00001003d00010078004f0778004f06be004d
:102bf0004f05be004f04be00af01b100000006004b
:102c00008201780001017800f1ff2700eb0837000e
:102c1000960637003c00fa008f017800c303b1002c
:102c20001d0009008019eb00c0a79f0080b79f001e
:102c300080602100b0b79f0040fc2f000f004000d3
:102c4000d00807000080fa00000006008408200079
:102c5000848f50001d0032000d003c00140820003d
:102c6000848f50002700320002003c00040820003e
:102c70000400370024082000848f50003400320004
:102c800044082000848f500043003a00360037008b
:102c9000040a2000848f50002700320004003c000a
:102ca00004092000848f50003b003a0028003700c0
:102cb000020c2000828f50002f003200020f2000f3
:102cc000828f500034003a002b0037009380e900d7
:102cd0000200e00005003200810978001102fb00cb
:102ce000cfa2de00612bb9002800370081097800ef
:102cf000114278000482fb008002eb006033b800d0
:102d00002200370013027800e40052000200e000c5
:102d100005003200810978001102be004fabde00d1
:102d20008603780019003700810978001102be007f
:102d30006033b800150037009380e90081097800fe
:102d400011027800cfa2de00612bb9000f0037001e
:102d500093027800e8805200810978003102be00b9
:102d60002103be00090037009380e9000200e00063
:102d700002003200f1ff37009380e90081097800fa
:102d8000110278008002eb006033b8000498be00a6
:102d90000690be0010000500000005004408200059
:102da000848f50002500320008003c0014082000e9
:102db000848f50001400320024082000848f5000bb
:102dc00024003200040820000c0037000409200011
:102dd000848f50001f00320004003c008408200053
:102de000848f500024003a000e003700040a2000af
:102df000848f500011003200040c2000848f50009a
:102e00001d003a000d0037009380e9008109780029
:102e10009100780001087800cf91de008288be0022
:102e2000140037009380e900810978009100780050
:102e300001087800824878000e0037009380e9008e
:102e400081097800910078000108780082087800f4
:102e5000080037009380e90081097800910078002c
:102e6000010878006112b900612bb9008498be0096
:102e70008690be001000050000000500889fbe007f
:102e8000000478004800900082047800808f54008d
:102e90000100360080047800090178005800900095
:102ea00050fd0700580090000900400050049800b1
:102eb000c800900089845000490498000048eb0045
:102ec0004f04be0000000600f2874700889fbe0046
:102ed0008a9fbe008c9fbe008e1f78008004780001
:102ee000010578000204780083057800610762001c
:102ef00002003a008b0f54000800390008017800e6
:102f00008a00780009007800ad0b07008b0f540091
:102f100002003900880578001e0037000886550039
:102f20000c017800f00f560001003600020120006d
:102f3000010220007e8057005b0607008c067800a7
:102f40000500370002012000fe80570009007800cc
:102f50009b0b0700f0865600ef8f5600f9ff3e00ee
:102f60004461de0000ff2f000091b900020146001d
:102f7000fe80570009007800910b07000e00e0006a
:102f800004003a00080178008a00780009007800ff
:102f90008b0b07000b0078004f0778004f06be0030
:102fa0004f05be004f04be002f01b1000000060017
:102fb0000000050000000500000005000001780089
:102fc0000040eb008080fb008180400023c1200096
:102fd00063c278000404e00003003a0030c120001e
:102fe00060c078000000060092017800934f520004
:102ff00004003a0030c1200060c078000309e800f6
:10300000010037000040e800ea4f5000edff3600b5
:1030100000000600f6874700889fbe008a9fbe001a
:103020008c9fbe008e1f7800000578000104780098
:1030300083057800040678000000eb00c0b79f000d
:103040008080eb00d1b79f00e0b79f00f2b79f00f0
:103050000008200080bf9f009800780001007800e1
:103060008004eb00010037008904e800304178005b
:103070000204e0000300320053c2b300834f51004a
:10308000f9ff3a000900e00004003200090178006d
:103090000a0078004a0b0700188c440018077800d3
:1030a00050c2b3009e4f10003f013a000e07e800e7
:1030b0000e0c780010003700cfb097000100a00080
:1030c0000b003700cfb097000110a00008003700b8
:1030d000cfb097000120a00005003700cfb09700c7
:1030e0000130a00002003700cfb097000140a000df
:1030f000c1b79f00000ce8001800780090407800ed
:10310000b2c2b30082cf5000f1ff320007003c0092
:1031100002c2b30082cf5000f0ff320032c2b300cf
:1031200082cf500007003a00efff3700d2c2b30051
:1031300082cf5000e0ff320002c3b30082cf5000c4
:10314000e0ff3200a2c2b30082cf50000d003a006f
:10315000000ce8001c80e900000e780010007800e8
:10316000e0b79f000000e0000f003d00cfb09700e7
:103170000100a200c1b79f000000ea00e0b79f0075
:103180000900370065050700e0b79f000100370020
:10319000000ce800180078009000fb000103b1006b
:1031a000e98f5000faff36004fb097000008a300e7
:1031b000020032000010a100c0b79f001800780084
:1031c000e1c2b30090cf100016003a008000eb007f
:1031d000d1b79f000000e800000c7800a1c2b30046
:1031e00090cf100006003a00000ce8001c80e900b7
:1031f000000e780010007800d0b79f00090037005b
:1032000046050700d0b79f0001003700000ce8001a
:10321000180078009000fb000103b100e98f500016
:10322000faff36000800780064ff07008046780047
:10323000180078001000fb004407070091062000ea
:10324000810f50003800320012003c00410620007f
:10325000810f5000340032000a003c0011062000ab
:10326000810f50002000320031062000810f5000f5
:10327000a000320051022000810f5000bc003a0033
:10328000b400370071062000810f5000b8003c00e8
:103290008800370001072000810f50005c003200d9
:1032a00007003c00e1062000810f50007a00320048
:1032b000f1062000810f5000ad003a0039003700c0
:1032c00051072000810f50002700320081072000a5
:1032d000810f50004200320031072000810f500062
:1032e000a3003a008f0037008d80fb000c017800ae
:1032f00000fe2f000f004000550707000000e0000f
:10330000a800320018007800000ce8009041780016
:1033100002fe2f000f014100f88057000a007800dc
:1033200024ff07000e0037008d80fb008c01780021
:103330001200200000fe2f000f00400043fe070097
:103340000000e00097003200180ce80002fe2f0099
:103350000f014100f88057000a0078004ffc070079
:1033600080844400900037008d80fb008c01780041
:103370000001eb0000fe2f000f00400033fe0700ad
:103380000000e00087003200180ce80002fe2f0069
:103390000f014100f88057000a0078004afd07003d
:1033a000efff37008d80fb008c0178000001eb00ff
:1033b00000fe2f000f00400024fe07000000e00088
:1033c00078003200180ce80002fe2f000f014100c7
:1033d000f88057000a00780089fc0700e0ff3700fa
:1033e0008d80fb008c0178000001eb0000fe2f00b7
:1033f0000f00400015fe07000000e00069003200e9
:1034000018007800000ce800904178001c0037009c
:103410008c0178000001eb00010f200000fe2f005e
:103420000f00400009fe07000000e0005d003200d0
:10343000180ce8000fb097009fb097002fb19700cd
:10344000bfb19700e00f5000e08f5800e00f590027
:10345000e08f590009003a00cfb597006fb497008c
:10346000a0c02000660607000b02780088017800e3
:1034700000017800a1c020004700370083c7b300d7
:1034800002fe2f000f014100f88057000a0078006b
:1034900036fd0700b2ff37000b8144008d80fb0032
:1034a0008c01780000fe2f000f0040003bfe07005b
:1034b0003c0037008d80fb000c01780000fe2f00df
:1034c0000f004000e20607000000e0003500320077
:1034d00018007800000ce8009041780002fe2f00f0
:1034e0000f014100f88057000a007800b1fe070084
:1034f0009bff370000c8b30080cf560029003a0078
:10350000180ce8001c80e900000e780010407800dc
:10351000e0df9f0013002000e2fd2f000f014100bb
:103520000800370000c8b30080cf56001d003a00e5
:10353000180ce8001c80e900000e78008001eb0008
:1035400010017800f88057000a00780061fc07003d
:1035500083ff370000c8b30080cf560011003a0047
:10356000180ce8004fb29700efb197000800370041
:103570000e0c78000000eb00c0b79f00e0b79f0082
:103580000080eb00d0b79f000002eb0084017800c0
:103590001200200001c120000a0078004afe070046
:1035a0006fff3700180ce800090078004f0778001b
:1035b0004f06be004f05be004f04be006f01b100b4
:1035c000000006008200fa00889fbe008a1f780073
:1035d0000005780082047800c13f9f000004eb00e2
:1035e000100037000902780088017800a2f72f0048
:1035f0000f01410081f72f008f8040000a00780002
:1036000084fe070008004000880f500004003d00c1
:10361000b0042000506288000084eb0004003700f2
:10362000000478004f3897001004e000edff3a00e6
:10363000080078004f0578004f04be000080fa00b3
:10364000000006000200fa00889fbe008104780096
:10365000820078000301780031049000f30607002f
:10366000e10f40000b003200a2002000e68057006e
:103670000800780027060700809cbe008294be00e8
:1036800010002000dfb89700810f540001003a00bd
:10369000e0ff2f004f04be000080fa00000006008b
:1036a000ea874700889fbe008a9fbe008c9fbe00ad
:1036b0008e1f7800000478000105780083bf9f000a
:1036c000a205900042009000e0b79f00b204900075
:1036d000830078001106780008007800bb0107001d
:1036e0008fb897008c0840000b00e00004003a00ff
:1036f0006fb097000000e900f0b79f0001003700ad
:10370000fbb79f00ad0020000007eb001b00370057
:1037100078089000b8109000810f5000030031002d
:10372000b085fb00700c9800080037000800780096
:10373000e604070080057800e18f450003003a00a9
:103740000c00e0005c003c006f0037000c00e00063
:103750000c003a00b0022000808f550003003200b8
:10376000d0022000808f550006003a008b4c780074
:103770008fb897009108e8001e0020000e06780020
:10378000460037008e0f560029003a000c07e8006b
:10379000ea8f560004003a0000032000808f550095
:1037a00022003a001f003700e88f56001f003a0041
:1037b0008b0078000150a00080072000808f50000f
:1037c0001a003a00f808900038109000808f5000de
:1037d000030031003180fb00710c980002003700bb
:1037e00008007800b9040700b81090000100e0005c
:1037f00003003200f80890008100e900710c980085
:10380000ec0307000000e000130032008b747e0020
:103810000fb897001008e8000e0678000d01200090
:103820001e0037008d002000010037000007eb006c
:1038300000fd2f000b004000e90f50000d00360086
:10384000f08f560004003a000b007800d9030700ff
:103850000000e0000d003a00381090000000e00089
:1038600015003200780890000000e900700c980004
:1038700011003700e88f560004003a007003200062
:10388000808f550001003400ad0020008b747e0055
:103890000c06e8008fb897009108e8007fb0970009
:1038a000800f560004003d00efb097000100e900d2
:1038b000800f560096ff35000040eb0080747e00bc
:1038c000ea8f560005003a000d017800f680570097
:1038d000090078008f050700040037000d0178000b
:1038e000f68057000900780086050700009dbe009d
:1038f0000295be001b0020005fb09700808f54002f
:1039000001003a00ebff2f000b0078004f07780012
:103910004f06be004f05be004f04be00af00b10011
:1039200000000600e6874700889fbe008a9fbe0011
:103930008c9fbe008e1f780000047800010578007f
:1039400003067800220790004200900080bf9f008d
:10395000b20490009c057800080078001b01070065
:103960000b0e40000e00e00002003a008fb89700f6
:103970000107e900890678008005eb001c0037008c
:10398000f808900038109000808f5000030031003c
:103990003180fb00710c98000700370008007800a8
:1039a0004a040700e10f400003003a000b00e0006a
:1039b00015003c002100370001fd2f0080804000f1
:1039c000e78f500007003600381090000000e0003c
:1039d0000d003200780890000000e900700c98009b
:1039e00009003700805e78008b05e8001c0ee800b7
:1039f0008e8f550004003d008fb897000100e9004c
:103a0000808f5500deff35000040eb0080f47d0024
:103a100082002000f2805700090078003905070075
:103a2000009dbe000295be0010002000ffb0970070
:103a3000818f540001003a00e0ff2f004f0778000b
:103a40004f06be004f05be004f04be006f00b10020
:103a50000000060080007800100020000202200014
:103a6000828f500004003200e9805000e48f500043
:103a7000010036000000eb0000000600889fbe0039
:103a80008a9fbe008c9fbe008e1f78000004be007f
:103a90000205be00840678000a00e000040032003f
:103aa0001b06780008007800c80007008c0d400055
:103ab000290790008004eb0021003700780890006f
:103ac000b8109000810f5000030031003086fb00d9
:103ad000700c98000800370008007800fb0307000e
:103ae00000067800e10f460003003a000900e000fc
:103af00017003a00200037000a00e0000b003200f7
:103b00000c007800d3ff07000000e000070032003f
:103b1000381090000000e0000d003200780890009e
:103b20000000e900700c9800090037000d00e0006b
:103b3000010032008cf67c008904e8009b0de8004f
:103b40000e00e000ddff32008e8f5400dbff3500f9
:103b50000d00e000040032000a00e0000200320024
:103b60000040eb0080f67c0009f0a7008904ea0021
:103b70000906ea004f66de000c0078004f07780067
:103b80004f06be004f05be004f04be0000000600f9
:103b90000200fa00889fbe0081047800820078004d
:103ba0000301780031049000a0050700e10f4000f8
:103bb0000b003200a2002000e680570008007800c9
:103bc000d0040700809cbe008294be00100020003c
:103bd000dfb89700810f540001003a00e0ff2f008a
:103be0004f04be000080fa0000000600e88747008e
:103bf000889fbe008a9fbe008c9fbe008e1f7800eb
:103c0000000478000105780083067800a205900082
:103c100042009000f0b79f00b20490001d067800ab
:103c200008007800690007008c0e40000b00e000df
:103c300004003a00ffb097008100e90081bf9f00b7
:103c4000010037008bbf9f00090778000006eb00da
:103c50003900370078089000b8109000810f5000ac
:103c600003003100b085fb00700c9800080037009d
:103c7000080078009503070080057800e18f450073
:103c800003003a000c00e00032003c003e00370028
:103c90000b007800c70207000000e00023003a0094
:103ca000e10f56001a003a000b007800a704070045
:103cb00081072000810f500015003a0000c3b300b7
:103cc000994f100012003a00f80890003810900048
:103cd000808f5000030031003180fb00710c980090
:103ce000020037000800780078030700b810900041
:103cf0000100e00003003200f80890008100e900b4
:103d0000710c9800ab0207000000e00007003a00c9
:103d1000381090000000e0000e003200780890009b
:103d20000000e900700c98000a0037000b5f780073
:103d30000c06e8009d0ee8000fb89700800f5600b3
:103d400004003d00ffb097000100e900800f56001d
:103d5000c0ff35000040eb0080747e0002012000af
:103d6000f48057000900780066040700009dbe003b
:103d70000295be001b0020006fb09700808f54009a
:103d800001003a00ebff2f000b0078004f0778008e
:103d90004f06be004f05be004f04be008f00b100ad
:103da00000000600800078001000200002022000c1
:103db000828f500004003200e9805000e48f5000f0
:103dc000010036000000eb0000000600889fbe00e6
:103dd000000478008004eb000b003700f1ff0700bf
:103de0000000e00007003a00381090000000e000fa
:103df00010003200780890000000e900700c980074
:103e00000c0037008904e800f80890003810900092
:103e1000808f5000030031003180fb00710c98004e
:103e2000eeff37000800780028030700e10f40008c
:103e3000eaff3a00090078004f04be0000000600c7
:103e4000889fbe008a1f78000004be001900780019
:103e50001000fb00d3ff07000005eb000000e000ae
:103e60000900320008007800d8ff0700000578003c
:103e70001900e800800c78001000fb00c9ff070063
:103e80000000e000faff3a000a0078004f057800d1
:103e90004f04be00000006001801fa00889fbe0013
:103ea0008a9fbe008c9fbe00000578000104780048
:103eb00083057800040678006800470004000900c4
:103ec0000018eb007207980000082000000f98000f
:103ed000880078000a007800d9ff07008006780083
:103ee000190037007a089000ba109000810f500036
:103ef00003003100b084fb00700d9800050037000e
:103f00000a007800f102070080047800e18f440085
:103f100007003200180078001000fb00808f54006a
:103f2000030032003a109000e9ff2f001101370022
:103f30009b0de800180ce800880078000a00780063
:103f4000bfff070080864600180078009040780088
:103f50000104e0000300320052c2b30082cf5000df
:103f6000e0ff3a009b8d460051c2b30090cf100095
:103f70008f013a000000e800000c78008000eb00a0
:103f80006107980081067800a1c2b30090cf1000ad
:103f900002003a00000ce8001d0020001800780024
:103fa000de010700600798006102b900612bb900cb
:103fb0000a007800a002070001003700000ce800aa
:103fc000180078009000fb000103b100e98f500059
:103fd000faff360008007800f8fb070040579a0007
:103fe000180078001000fb00d8030700910620009d
:103ff000810f50003a00320015003c0031062000cd
:10400000810f5000a20032000a003c00b1052000e0
:10401000810f5000dd00320011062000810f50009a
:104020008900320051022000810f50005f013a00e8
:10403000bb00370041062000810f500019003200fc
:1040400071062000810f500058013c007e003700af
:1040500001072000810f50005b00320007003c0088
:10406000e1062000810f500067003200f1062000b9
:10407000810f50004d013a003300370051072000f6
:10408000810f50002a00320081072000810f50006c
:104090003e00320031072000810f500043013a00fa
:1040a0008e0037008b017800680147008e00780091
:1040b0000a00780063fd0700800478000900e00032
:1040c0003e013500180ce8008004eb000d00e00014
:1040d0003a013a004e5192008280fb000e003700f8
:1040e0008b017800680147008e0078000a00780094
:1040f0006bfd0700800478000900e0002f01350007
:10410000180ce8008004eb000d00e0002b013a00e1
:104110004e5092008080fb008c017800120020003d
:104120000e0078000804070080047800230137009f
:104130008b017800680147008e0078000a00780043
:1041400093fe0700160037008b01780068014700d6
:104150008e0078000a007800f2fd070080047800e5
:104160000900e00015013500180ce8008004eb00a0
:104170000d00e00011013a004e5092008080fb00db
:104180008c01780009017800e5ff37008b01780089
:10419000680147008e0078000a00780093fe07004f
:1041a000800478000900e00004013500180ce800e4
:1041b0008004eb000d00e00000013a004e51920037
:1041c0008280fb00eeff37008b017800680147001a
:1041d0008e0078000a00780084fe070080047800d2
:1041e0000900e000f5003500180ce8008004eb0041
:1041f0000d00e000f1003a008c0178000901780020
:10420000010f2000c6ff3700180ce8001b007800e3
:10421000cf80de006109b900009fbe000297be009a
:104220008004eb000d00e000e4003a004e509200e4
:104230008080fb008c017800090178000e00780076
:10424000c1030700dd0037008b01780068014700db
:104250008e0078000a007800de00070080047800f5
:104260000900e000d5003500180ce8008004eb00e0
:104270000d00e000d1003a004e5192008280fb0018
:104280000c0178000e00780090030700a6ff3700ad
:1042900000c8b300ce50920080cf5000c3003a0057
:1042a0006e0090000000e00002003a0010002000c4
:1042b00060079800180ce8000002eb000d00e00019
:1042c00003003a001c80e900000e7800100278001c
:1042d0008b0178000001eb000d00370000c8b3002f
:1042e0004e519200804f5100b0003a00180ce80087
:1042f0000002eb000d00e00003003a001c80e90022
:10430000000e7800100278008b0178001200200067
:10431000e80047000a007800d8fd070082ff370058
:1043200000c8b300ce50920080cf50009f003a00ea
:10433000180ce800fa0890003a109000808f5000a6
:10434000030031003180fb00710d9800020037003e
:104350000a007800dd01070051022000810f5000a3
:1043600002003a009b0de800930037003a109000dd
:104370008004eb000000e000900032007a0890001a
:104380000000e900700d98008c00370000c8b300f1
:104390004e519200804f510084003a000002eb0021
:1043a0000d00e00003003a001c80e900000e7800d8
:1043b000100278001800e800000c78008004eb0080
:1043c000e1c5b30090cf100002003a00000ce800f5
:1043d00019002000121020008900780072004700a8
:1043e000340f9900300107000040eb00205798007f
:1043f0001800780090407800d2c2b3003e0a9100c5
:1044000082cf500005003a00000ce80010c0b30055
:104410000940500000c7980028003700d2c5b300fb
:1044200082cf500025003a00000ce80010c0b30015
:104430000940500000f79800200037000004e00019
:1044400023003200d3c2b300834f500014003a005f
:1044500018009000104078000004e00010003200c6
:10446000814f50000e0032000201e800020c78007b
:1044700078b897001000fb00f20047000080400071
:104480000200370011c0b30009e85000f2014700f4
:10449000830150009200fb00818f5100f9ff35002d
:1044a000180078009000fb008100470012c0b300a4
:1044b00009415100b2509800000ce8001801780042
:1044c00012407800d1c5b300814f5000dbff3a00a5
:1044d0000400e00018003200840678000006eb00bb
:1044e00003003700895e78000c06e8009b0de800a9
:1044f0007a089000ba109000810f5000030031003c
:10450000b084fb00700d9800050037000a007800a9
:10451000340f99006d010700800478003e0a910075
:1045200009004700305090000004e000edff3a0021
:10453000120037009b0de8007a089000ba10900036
:10454000810f500003003100b084fb00700d980013
:10455000050037000a007800340f99005b0107005e
:10456000800478003e0a9100090047003050900016
:104570000004e000efff3a000006eb003a10900064
:104580000000e000030032007a0890000000e9001b
:10459000700d98000c00e000040032000400e00000
:1045a000020032000040eb0000727e00180ce800b0
:1045b000e18f4400010032008004eb000900780024
:1045c0004f06be004f05be004f04be000080fa003b
:1045d0000000060000000500000005008400fa004d
:1045e000889fbe008a1f780000057800820478004a
:1045f000b13f9f000000eb00c03f9f000004780027
:104600000d0037000902780083f72f008f814100e9
:10461000a2f72f000f01410061f72f008f804000ab
:104620000a0078001cfe0700800178000300e0000b
:1046300004003500030444003f3897001004e000f4
:10464000f0ff3a00e18f410003003a000800e0006b
:1046500001003a0003047800080078004f05780054
:104660004f04be000080fa0000000600889fbe00d4
:104670008a9fbe008c9fbe0080057800810678006e
:1046800002067800eb0c9000081020000c04440097
:10469000080178008000eb00090078005200070054
:1046a0000000e00001003200090450000805780015
:1046b0008c0f5400010036000c0578000a017800c8
:1046c000890078000d00780046f707000a80440052
:1046d000f00d98000884440088159800e80d9800b3
:1046e0000a0078004f06be004f05be004f04be0012
:1046f0000000060080007800100020000202200068
:10470000828f500004003200e9805000e48f500096
:10471000010036000000eb0000000600889fbe008c
:104720008a1f7800000578000a0478009844780011
:104730000805e8000900fb00eeff07000000e000ac
:10474000f9ff3a00b0c2b30080cf54000500320038
:10475000d0c2b3008000eb0080cf540005003a00c7
:10476000020037008000eb0001003700110020003c
:104770000804e8000000eb00030037006a02b900fb
:10478000020052000003b0003801fb0003fd2f00bf
:1047900082814100e98f5100f8ff36000100e000fe
:1047a00001003a000000ea004f0578004f04be0007
:1047b000000006008000780002fd2f00010141008a
:1047c00010002000e90f5100050036000150a00044
:1047d0001106b100e58f5000010036000000eb002b
:1047e00000000600f3ff37008180fb000100370066
:1047f0000201e900800178000008a30006003200f1
:104800000200e000230032003082fb00810f5200e2
:10481000f7ff3a00030037000000eb000200e00061
:104820001e0032001380fb00810f50001c0032007c
:1048300014102000048ab9008402780001003700b7
:104840000281e90003007800e10f51000a00360000
:1048500033826a00f6ef2f00040343000482ea006b
:10486000040263000608280006026200f4ff32001a
:10487000010037000201e900800178000200e00039
:10488000050032003082fb00810f5200f9ff3a0030
:1048900003003700000005000000eb0000000600e8
:1048a0000300780000000600889fbe008a9fbe00bb
:1048b000800478000200e0005b00320001407800d4
:1048c000814c780082814400f1f99f00e20f510091
:1048d0005500360091449800a1449800e1f99f00ea
:1048e000d1f99f00e60f51004f003600b144980007
:1048f000c1f99f00e80f51004b0036000905ea009e
:10490000630565000a8444000a055100c1ff2f00b9
:10491000010565000080fb008000eb001210200004
:104920001310200017080700008cbe000a01440085
:1049300060b99f0071b99f00e80f55003a0036003a
:104940002004980031049800400498005104980015
:1049500020b99f0031b99f0040b99f0051b99f0015
:10496000f80f55003000360060049800710498007c
:10497000000c9800110c9800200c9800310c980045
:10498000400c9800510c980020b19f0031b19f005d
:1049900040b19f0051b19f0060b19f0071b19f0075
:1049a00000b99f0011b99f006401640078014100c3
:1049b00002044400020555006011b8000203be0065
:1049c0000002be000403be006022b80000007200b6
:1049d0008180720002017300838173001000370030
:1049e000009cbe000294be00400498005104980050
:1049f0006204980073049800000c9800110c980051
:104a0000220c9800330c9800400c9800510c980030
:104a1000620c9800730c98000a02b1000802b00002
:104a2000ff0f5500eeff3e00090078004f05be0065
:104a30004f04be0000000600889fbe008a9fbe0093
:104a40004410980055109800661098007710980050
:104a5000f00890002004900001045400cfc4de0050
:104a6000614db90008189800191898002a18980084
:104a70003b189800e00f5200e08f5a00e00f5b00f7
:104a8000e08f5b000c003200001490000104540021
:104a9000cfc4de00614db9000440e10005c8e1006b
:104aa00006d0e10007d8e100030034000482400092
:104ab00034109800020037008010900031109800e8
:104ac0004f05be004f04be00000006002800fa009b
:104ad000889fbe008a1f780000047800f8089000c4
:104ae0002800900000805000081a9000981a90004a
:104af000281b9000b81b9000cf80de00040240000d
:104b0000858248000683480087834800481090004b
:104b1000d810900068119000f8119000e00f50003c
:104b2000e08f5800e00f5900e08f59000500320077
:104b30000020e10001a8e10002b0e10003b8e100bb
:104b40000d003d0008007800d4b79f00e5b79f0036
:104b5000f6b79f0087bf9f00070207008004780018
:104b60005fb29700efb297007fb397008fbb9700bb
:104b70000900e00016003d0078089000a8009000b1
:104b8000808050004f89de00048240008502490089
:104b90000603490087034900041c9800151c98006f
:104ba000261c9800371c980030149800f0ff2f0046
:104bb000f1ff2f000001be0040149800511498002e
:104bc00062149800731498008084eb005200370040
:104bd00061004200e0804a0060014b00e0814b0030
:104be00090bf9f00a1bf9f00b2bf9f00c3bf9f00a7
:104bf00048129000d812900068139000f8139000ab
:104c000094b79f00a5b79f00b6b79f00c7b79f0096
:104c1000e00f5200e08f5a00e00f5b00e08f5b0076
:104c200028003200780d9000081190000a01510010
:104c30006112b900612bb900d4af9f00e5af9f00ae
:104c4000f6af9f0087b79f001fb09700afb09700e7
:104c50003fb19700cfb197001fba9700afba970046
:104c60003fbb9700cfbb97000400500085805800e1
:104c7000060159008781590090af9f00a1af9f00a6
:104c8000b2af9f00c3af9f005faa9700efaa970043
:104c90007fab97008fb397000020e10001a8e100ef
:104ca00002b0e10003b8e100060034009fb29700b3
:104cb0001fbb970006815200820045003114980006
:104cc00002003700881390003714980028019000e4
:104cd000f8089000810151001fba9700afba970001
:104ce0003fbb9700cfbb97004f98de000482410086
:104cf000850248000603480087034800041c98000a
:104d0000151c9800261c9800371c9800828f5000b4
:104d100001003e00f9f89f00090078004f05780077
:104d20004f04be000080fa0000000600881f7800d3
:104d30008101780000027800808268000508a300e5
:104d400002003200210037000201e9000300780070
:104d5000040478000308a300070032000200e0000a
:104d600021003200b3407800015a78000104e000cd
:104d7000f5ff3a00020037000200e0001a0032009e
:104d80001004e00003003a0017003700031c78000d
:104d90000281e90080007800e10f51000800360030
:104da000b0017800f5ef2f00838242000382ea0011
:104db000048262000508280005026200f3ff320049
:104dc00008007800010037000201e90000047800c3
:104dd0000200e00004003200b1417800035878007e
:104de0000304e000f8ff3a008000eb0008007800c0
:104df000adfe0700080078004f04780000000600b0
:104e000080007800040037003104e00002003a001e
:104e10000000510000000600010178000108a30015
:104e2000f9ff3a008101780031017800f4ef2f009a
:104e3000020242000281ea00020162000408280026
:104e400004016100f7ff320083007800010178005f
:104e50003104e000fdff3a000000510000000600b0
:104e60004400fa00889fbe008a1f78000004be003c
:104e70000205780094bf9f00a5bf9f00b6bf9f00aa
:104e8000c7bf9f000000eb00c09f9f00a8af9f001e
:104e9000d89f9f000080eb00b0af9f006022b80059
:104ea0006033b80060fb2f000f004000e2fe0700f7
:104eb0001fba9700afba97003fbb9700cfbb9700d0
:104ec000120020008a00780060fb2f000f004000d5
:104ed000480107000900e000060032003fb29700d9
:104ee000afaa970004824200df9a970005025200a1
:104ef000840c44004f0578004f04be000080fa0087
:104f000000000600f4ff2f00f5ff2f000403be0091
:104f1000d3ff37006022b8000600200007002800f9
:104f2000cfff3700f4ff2f00f5ff2f006033b800ec
:104f3000cbff370004002000050028006033b800d4
:104f4000c7ff3700f3ff3700eeff3700f1fb2f00fc
:104f500080804000f98f500001003e000050a0000a
:104f600000000600f9ff3700f1f92f0080804000b3
:104f7000f98f500001003e00f005b200000006006d
:104f8000f9ff37000200fa00881f7800000478005b
:104f9000e2bf9f0064815700080078008ffd070082
:104fa000980090000148a300010032000080eb004f
:104fb0004f0478000080fa0000000600f2874700e6
:104fc0008e1f780002027800030178000000e000e4
:104fd0000200320000077800010037007287570096
:104fe0008002eb000100e000010032008102e900d4
:104ff00070805700060009000018eb000080eb00ed
:1050000080bf9f002310200093bf9f00aebf9f0072
:10501000b1bf9f00c5bf9f000100e00003003d003d
:10502000b10420005162880006003700004feb00f9
:10503000eebf9f00debf9f008400780070805700a5
:105040003c0307004f0778002f01b1000000060065
:10505000881f78000004780000082000808f50002e
:105060001700350010082000808f50000b0034001e
:1050700030082000808f500011003a009200780024
:1050800068805000000978003002be002003be0096
:10509000049cbe000694be00070037009202780010
:1050a00064805200000978001000be00a1050700ce
:1050b000009cbe000294be001000200001003700da
:1050c0000000eb004f04780000000600881f780005
:1050d00013082000838f50000f0032003308200097
:1050e000838f50000400320003082000838f50009b
:1050f00012003a00080037009280e90001097800a8
:10510000910078003002be002003be008498be00eb
:105110008690be00070037009280e9000109780000
:10512000110478005001be004000be00ea050700ef
:10513000008cbe0010002000010037000000eb00d2
:105140004f0478000000060084082000848f50007f
:105150001d0032000d003c0014082000848f500018
:105160001e00320002003c0004082000040037004a
:1051700024082000848f50001e00320044082000c4
:10518000848f500028003a0022003700040a2000d3
:10519000848f50001f00320004003c0004092000ee
:1051a000848f500020003a0012003700020c2000cb
:1051b000828f500017003200020f2000828f5000b3
:1051c00019003a00130037009380e9008109780044
:1051d0009100780090487800120037009380e90031
:1051e0008109780091007800b0187800a01078004c
:1051f0000c0037009380e900810978009100780065
:105200003002be002003be008498be008690be001f
:10521000040037009380e90081097800910078004c
:10522000900878001000050000000500889fbe006f
:105230008a9fbe008c9fbe000004780002057800a3
:1052400021069000c1069000b10590009a047800f4
:1052500008007800ddfa0700090d40000c00e000ae
:1052600001003a000d06e9008004eb002800370039
:10527000f808900038109000808f50000300310033
:105280003180fb00710c980007003700080078009f
:105290000efe0700e10f400003003a000900e000a5
:1052a00020003c00220037000900e0000a003a001c
:1052b000b1022000810f500003003200d102200013
:1052c000810f500004003a00804d78001a0de8006c
:1052d000190020000e00370001fd2f0080804000e3
:1052e000e98f500007003600381090000000e00001
:1052f0000c003200780890000000e900700c980063
:105300000800370080f57c008904e8001a0de800e9
:105310008c8f540003003d000d00e900808f540085
:10532000d3ff35000040eb0080f57c000000eb006f
:105330004f06be004f05be004f04be000000060031
:10534000c06090000141e900814071004160980017
:1053500010019000e4006100040032000240a0004f
:10536000120098000080eb00000006000110980079
:1053700071089800000005000200fa00889fbe0036
:105380000004780008007800be0307008084eb006a
:105390000000e00009003a0098119000120020007f
:1053a000e68057000800780003000100e10f50007c
:1053b00002003a002ff897008084fb000900780073
:1053c0004f04be000080fa00000006008000780054
:1053d0001000200002022000828f500004003200e2
:1053e000e9805000e48f5000010036000000eb001f
:1053f000000006006f02b000889fbe008a9fbe00ba
:105400008c9fbe008e1f7800000678000107780090
:1054100082047800d4af9f00e5af9f00f6af9f00f5
:1054200087b79f0040022000800f57007d003e009c
:10543000e10f57007b0032007c089000bc10900008
:10544000810f500003003100b086fb00700e980001
:10545000030037000c0078009cfd070080067800f0
:105460000d007800d9ff07000000e000f2ff3a00cd
:10547000b0022000808f5600050032008002eb0051
:1054800085af9f00d0022000808f560010003a00a8
:10549000dd82b2000df0a7008d06ea008d06e9005e
:1054a000cfeede008daf9f007c089000bc10900016
:1054b000810f500003003100b086fb00700e980091
:1054c000030037000c00780080fd0700800678009c
:1054d0000e00e00002003200f00f570042003a00d8
:1054e00000032000808f56003c003a007c089000aa
:1054f000bc109000810f500003003100b086fb000b
:10550000700e9800030037000c0078006ffd070054
:10551000800678008d0078000150a00080072000f0
:10552000808f50002a003a007c089000bc10900048
:10553000810f500003003100b086fb00700e980010
:10554000030037000c00780060fd0700800678003b
:10555000609720006d4078000e012000ef4f500052
:105560008d0036003c1090000000e0000300320087
:10557000fc0890008100e900710e98000900e0002d
:105580000c0032006022b8006033b800d4af9f0036
:10559000e5af9f00f6af9f0087b79f000000e000d7
:1055a000a10132007c0890000000e900700e980014
:1055b0009d0137006022b8006033b8000c0078000d
:1055c0001dfd07006000b8006011b80092013700af
:1055d0000e00e0009e013200170037000e00e000d0
:1055e00001003a00ae002000609720006d40780076
:1055f0000080fb008e0f50000f0039003c1090001f
:105600000000e000030032007c0890000000e90088
:10561000700e98006022b8006033b8000c0078006b
:1056200005fd070060012000506288006022b8007c
:105630006033b80071013700ea0f570056003a0096
:105640000004eb000d0078000d0037006a44b9003b
:105650000800400008fd2f0000044400fc089000f2
:105660003c109000808f5000030031003180fb001f
:10567000710e9800020037000c00780013fd07003f
:1056800001fd2f0080804000e98f500003003e00a4
:1056900081992100810f5400ecff360080067800cc
:1056a0008004eb006055b800120037001faa970075
:1056b000afaa97003fab9700cfab97000004420022
:1056c00081844a0002054b0083854b007c089000d2
:1056d000bc109000810f500003003100b086fb0029
:1056e000700e9800030037000c007800f7fc0700ec
:1056f0008006780005fd2f008582460095af9f004b
:10570000e98f520009013e009099290091992900e2
:1057100092992900939921000040e10001c8e1001d
:1057200002d0e10003d8e100db003e00a40020002d
:10573000050020006033b8000800be000a01be006a
:10574000980507001faa97008002eb006033b8009d
:1057500094af9f00a5af9f00b6af9f00c7af9f005b
:105760000482ea008582ea000683ea008783ea0071
:10577000d4b79f00e5b79f00f6b79f0087bf9f0093
:105780000400e1000588e1000690e1000798e100cf
:10579000c6ff3600c00037000e00e9000e006000b2
:1057a000030032000004eb000d00780065003700b4
:1057b0007770b9004500de0067006000c1962000e8
:1057c000e14078008100fb000004eb000d00780050
:1057d000810478000b0037000944dd0001047400e7
:1057e000fc0890003c109000808f500003003100b6
:1057f0003180fb00710e9800020037000c00780029
:10580000b2fc070061972000e0c078008180fb00b7
:105810008e8f500003003100f27f2000820f540071
:10582000edff360080067800890078008004eb00e8
:105830006055b800f4ff2f00f5ff2f000403be00f1
:10584000010078000000e900050033008703d10063
:105850000683d3008582d3000482d300f9ff37008a
:105860000d00780081067800200037000d017800d7
:105870000201e900050033000804d0008984d20049
:105880000a85d2008b85d200f9ff37000180fb002a
:105890008000eb006011b80008047000898470007b
:1058a0000a0571008b857100fc0890003c10900087
:1058b000808f5000030031003180fb00710e980092
:1058c0000a0037000c00780094b79f00a5b79f002e
:1058d000b6b79f00c7b79f007cfc0700cfb3970007
:1058e0003fb39700afb297001fb2970061972000b7
:1058f000e0c078000181fb008e0f51006000310094
:105900000440e10005c8e10006d0e10007d8e1004d
:10591000d6ff36005a0037000ec4b9000884400094
:10592000fc0890003c109000808f50000300310074
:105930003180fb00710e9800020037000c007800e7
:1059400062fc070061972000e0c078008180fb00c6
:105950008e8f500003003100b2712000820f54007e
:10596000edff3600800678008004eb006055b8003b
:1059700098af9f00a9af9f00baaf9f00cbaf9f0029
:10598000120037000002440081824c0002034d00e7
:1059900083834d0094af9f00a5af9f00b6af9f00db
:1059a000c7af9f007c089000bc109000810f500092
:1059b00003003100b086fb00700e98000300370032
:1059c0000c00780041fc07008006780060972000fa
:1059d0006d407800e0cf9f00804278000580fb009a
:1059e0008e0f5000280031006174b8006055b80077
:1059f0000802be000a03be00f0ff2f00f1ff2f00d7
:105a00000001be007e0407001faa9700afaa9700fe
:105a10003fab9700cfab97000020e10001a8e10069
:105a200002b0e10003b8e10017003e000802be002a
:105a30000a03be001fa89700afa897003fa99700d0
:105a4000cfa99700d7040700efca97000584fb0091
:105a50008004eb006055b8000882ea008982ea0001
:105a60000a83ea008b83ea000400e1000588e10074
:105a70000690e1000798e100c2ff360002003700ff
:105a800080067800040037001fac9700afac970089
:105a90003fad9700cfad9700609720006d40780034
:105aa0000080fb008e0f5000200031000d007800b8
:105ab00009003700fc0890003c109000808f5000d7
:105ac000030031003180fb00710e980002003700a6
:105ad0000c007800fdfb07006197200060c0780093
:105ae0000080fb008e0f5000f2ff390020022000e2
:105af000506288005fab97000608a30007003200e1
:105b00005fac9700efac97007fad97008fb5970023
:105b10008003eb0087af9f00040037005fac970065
:105b2000efac97007fad97008fb597003c109000c9
:105b30000000e000030032007c0890000000e90053
:105b4000700e98005fa89700efa897007fa99700b4
:105b50008fb197000040e10001c8e10002d0e100f0
:105b600003d8e1001c0039000008a3000e003a0031
:105b70008fa897000100e0000b003a0020022000ef
:105b8000506288005faa9700efaa97007fab97004a
:105b90008fb3970061025200e0825a0060035b00fd
:105ba000e0835b00150037005fa89700efa897001f
:105bb0007fa997008fb197000040e10001c8e10084
:105bc00002d0e10003d8e1000300360020022000eb
:105bd00050628800140037008fa89700e18f4000c2
:105be0000b003a006000b8006011b80008025000d5
:105bf000898258000a0359008b835900d4af9f0053
:105c0000e5af9f00f6af9f0087b79f000600370003
:105c10000800be000a01be00d0af9f00e1af9f00a8
:105c2000f2af9f0083b79f005fa89700efa897008f
:105c30007fa997008fb197004f0778004f06be00ed
:105c40004f05be004f04be006f02b1000000060009
:105c50008e002000d0fe3700881f780040442000ce
:105c6000ad010700000478000800e00013003200d6
:105c7000c20320008000eb00080078000afb070048
:105c8000c0ed2200300c9800a00b2300400c9800bf
:105c900060f622007004980060fd22001014980045
:105ca00000c0eb00205c9800400420000800400089
:105cb000200498000040200030049800080078007c
:105cc0004f04780000000600889fbe008a9fbe0037
:105cd000100290008002eb000418a30003003a00b9
:105ce000801290007009900082825200d0019000d2
:105cf000600190000284510008844200cfc4de009d
:105d0000614db9008898be008a90be000000eb008b
:105d10000468a3000400320010002000828f5100ac
:105d200001003e000000eb004f05be004f04be0026
:105d3000000006000200fa00881f780000047800c6
:105d4000e2bf9f0064815700080078001df607003d
:105d5000980090000148a300010032000080eb0091
:105d60004f0478000080fa0000000600889fbe0003
:105d7000000478004800900082047800808f54006e
:105d80000100360080047800090178005800900076
:105d900094f107005800900009004000500498005a
:105da000c800900089845000490498000048eb0026
:105db0004f04be0000000600100078008eeb370094
:105dc000900190000388a30001003200e7ff370034
:105dd0000348a30001003a00050207000000060086
:105de00001017800920090000158a30003003a00de
:105df00082007800910107000f0037008080fb00cf
:105e0000a25990008301fb00838f500007003200ed
:105e1000d2019000220a9000848f510003003100cb
:105e20008059780053019800040037008000780002
:105e300002007800f401070080007800010078007b
:105e4000000006000000060020b720000000060049
:105e5000889fbe000004be000000eb000800e000c8
:105e600018003200180090000058a3000d00320006
:105e7000d800900068009000808f50000900360024
:105e8000b80990000001eb0082007800080078005b
:105e900003000100d80090000080eb000100e0004a
:105ea000080032000000eb00200c9800600498000d
:105eb000500498000900e000020032001800780049
:105ec00044eb07004f04be0000000600889fbe00a0
:105ed0000004be000000eb000800e00025003200d6
:105ee000180090000058a30011003200d800900064
:105ef00068009000808f500009003600b8099000bb
:105f00000001eb0082007800080078000300010027
:105f1000d80090000080eb000100e0001500320086
:105f20000000eb00200c98006004980050049800da
:105f3000780a900008109000800f5200060031008f
:105f40000002520011002000cfa2de00612bb90038
:105f500018007800330107000000eb0000149800df
:105f6000700c98000900e000020032001800780070
:105f700018eb07004f04be000000060000000600fa
:105f800000000500fdff0700606280008000eb005c
:105f900063010700606280008000eb006001070081
:105fa000606280008000eb005d0137000800fa00ad
:105fb000889fbe008a1f78000004780001057800e1
:105fc0008204780038009000a80090009abf9f00db
:105fd0000001780002f0a7000201ea000201ea00d5
:105fe0004f11de0002815400a2bf9f00b1bf9f008d
:105ff000c0bf9f0022002000ee80570018007800ec
:10600000260107000000e00006003c00f8006000e8
:106010000130a200180190008280700011049800e5
:10602000110037002fb99700820f50000e00360084
:10603000a8009000710c9800020050000080400001
:1060400000149800380090000000e00007003200c3
:106050000905450001007800b040780071fd9f00ff
:10606000700c980001003700800478000900780067
:106070004f0578004f04be000080fa0000000600c3
:10608000881f78000004780018007800e5000700f9
:106090000203be000002be00f0ff2f00f1ff2f0040
:1060a0000001be00e00f5200e08f5a00e00f5b00dd
:1060b000e08f5b0005003500180090000030a10063
:1060c000100498006000b8006011b8004f04780018
:1060d000000006000800fa00889fbe008a1f7800b2
:1060e0000004be00180090000058a3001b003200fe
:1060f000d800900068009000808f50001300360098
:10610000b80990000001eb008200780008007800d8
:1061100094bf9f00a5bf9f00b6bf9f00c7bf9f0051
:106120000300010058059000f0ff2f00f1ff2f0041
:106130000001be001fba9700afba97003fbb97009f
:10614000cfbb97000a00e000060032000000eb0021
:10615000200c980060049800500498000800be00cd
:10616000c7ff07004f0578004f04be000080fa000b
:10617000000006000800fa00889fbe008a1f780011
:106180000004be00e18f540008003a00881090001f
:106190007808900000805000cf80de00000252009e
:1061a00081825a0001035b0081835b00180090002c
:1061b0000058a3001b003200d80090006800900037
:1061c000808f500013003600b80990000001eb00ea
:1061d000820078000800780094bf9f00a5bf9f0050
:1061e000b6bf9f00c7bf9f00030001005805900085
:1061f000f0ff2f00f1ff2f000001be001fba970033
:10620000afba97003fbb9700cfbb97000a00e000f2
:10621000150032000000eb00200c9800600498008c
:10622000500498000800be0095ff07000203be005e
:106230000002be00f0ff2f00f1ff2f000001be00a2
:10624000e00f5200e08f5a00e00f5b00e08f5b0030
:10625000050035000000eb0000149800700c980059
:106260006000b8006011b8004f0578004f04be0010
:106270000080fa000000060000000600e0ba2000de
:1062800000000600881f7800000478004860900035
:106290008040e90000c0700040649800d800900081
:1062a00068009000808f500005003600b80990000b
:1062b0000001eb0082007800080078000300010074
:1062c0000000eb00200c9800600498005004980037
:1062d000980090000118a300030032000140a000c4
:1062e0001104980008003700280190003800900041
:1062f0000000410000149800700c98000000eb00b2
:106300000138a300010032000080eb004f04780048
:10631000000006001bff37000200fa00889fbe0045
:106320000000e00001003a00100020000004e80036
:106330000800a100006280000000e8000000a10049
:1063400000628800000020000000e0000f00320022
:10635000e10f540006003600e20f440005003a0049
:10636000c0002000506288000000eb002a003700c7
:10637000280020000800780021e7070029002000fd
:106380000000e00024003a00010037008004eb0028
:1063900000628000f161800000805000800f540096
:1063a0001300360008804400d0bf9f00668057006d
:1063b000cc000700800078000000eb000100e00046
:1063c000150032000100e8000000a100f16180002a
:1063d000810f50000100320000628800dfb8970092
:1063e000010040000000e8000000a100f06188000a
:1063f000016280000900e000030032000100780023
:106400000818780001003700010078000884440073
:1064100088804000016288004f04be000080fa00be
:1064200000000600a0fd2f00f1ff2f003200070042
:106430004f89de0082017800000006000200fa00a9
:1064400081017800e0ff9f00930090000188a30085
:1064500005003200d3009000805878000080fb00d7
:10646000d10198000a003700120020008f80e90057
:10647000030078005e000700800078000080eb00d9
:106480000100e00002003200eff897000180fb00fd
:106490000080fa000000060051fe3700889fbe0011
:1064a0008a9fbe008c1f7800000678008205780065
:1064b000010478008004eb0009057800070037002c
:1064c00018019000980078000c0078007de9070022
:1064d000808444000a05e800640444008b0f5500e2
:1064e000f7ff3500090078004f0678004f05be0021
:1064f0004f04be000000060002002f00f3ff2f0033
:10650000820f5000838f5800040036000000ea001c
:10651000506288000080eb008080eb0000000600e5
:106520008001eb000000e0000500320070019000e7
:106530000200e00002003200020001008001780049
:1065400003007800000006006000b8006011b80089
:1065500000000600881f7800c00120006eff0700c1
:10656000000478000800e0000a003200c2012000a8
:106570008000eb0008007800cbf80700c0ed220097
:10658000300c9800a0062300400c980000c0eb00df
:10659000205c9800080078004f0478000000060096
:1065a000adfd37004009900002400100d00190008d
:1065b0006001900002825100cfa2de00612bb90081
:1065c0008498be008690be00900090000000eb0012
:1065d0000168a3000400320010002000828f5100e7
:1065e00001003e000000eb0000000600b6fd370091
:1065f000b00990000300e0000100320003400100f8
:10660000100078007ce937000200fa00881f78004b
:1066100000047800c1ff9f00280890000000e000ff
:1066200006003a000800780020000700800078008b
:106630000080eb000100e00018003a00d800900054
:1066400028089000808f5000090031004ff9970012
:106650000280fb00a85990008301fb00830f5000cb
:106660000300320082587800510498000b00370074
:10667000b809900012002000e4805700080078005c
:1066800003000100800078000080eb00e18f5000e3
:1066900002003a00cff897000180fb004f04780019
:1066a0000080fa000000060000000500881f780046
:1066b000000478000800780021fb07000000e000db
:1066c00006003a00a8009000610498005104980068
:1066d0003801900082804000210c98004f0478001f
:1066e00000000600900078000000eb000100e000d0
:1066f000050035000100780081e90700e10f400046
:1067000001003a000000eb00000006000000060057
:10671000feff0700fdff0700fcff370000c0da00a6
:106720000000060000c0da000000060000c0da0029
:106730000000060081037800b6e907000001be00f2
:106740006000b8000478a30013003a006220e10062
:1067500015003e000d0039008301d1000281d300f5
:106760008180d3008301d1000281d3008180d300d6
:106770008301d1000281d3008180d3000538b000ad
:10678000c42add00f300b2008381720007f0a70085
:1067900003f0a0000000060083ff27000200200095
:1067a0006110b900f9ff370003ff2700f7ff37003a
:1067b0000003be0097e907006011b8000470a7004d
:1067c00007f0a1006509b1001b003200120035007e
:1067d000860220000628e10008003500f3ff2700ac
:1067e000f2ff2f006110b9000700e00018003b0025
:1067f000030028006000b80002000500000040000f
:106800008180480002014900838149008502e90036
:10681000faff3a0008003700f88f420002003c00ff
:106820008000eb00000005008100d1000080d30053
:106830008502e800fcff3a000700e00004003b008e
:1068400060001000e080180060011900e08119006c
:10685000000006000001be006ee907000470a700fa
:1068600003f0a1006509b100160032000d003500eb
:106870006828e10006003500f0ff2f00f1ff270037
:106880000300e00013003b000100280000000500a9
:1068900000004000818048008502e900fcff3a00ca
:1068a00008003700f88f420002003c008000eb0037
:1068b000000005008100d1000080d3008502e800bf
:1068c000fcff3a000300e00002003b006000100003
:1068d000e0801800000006001400fa00889fbe0047
:1068e0008a9fbe008c9fbe000005be000206be004f
:1068f000680047000c90be000a90be0052010700dd
:106900006400e1001a00320016003e006100e10060
:106910001a0032006e049000fe0490000e0b9000ee
:106920009e0b90006011b8009e0590000b38b100de
:10693000d501200082817100610164008703d100cc
:106940000683d3008984d3000884d3008502e9003c
:10695000f8ff3a0003ed07000df0a70001f0a000da
:106960007401370001fc270000002000faff370007
:1069700001f8270000002000f7ff37006000b80092
:10698000f5ff3700020ab900001bb9000200b80089
:10699000810042008100430000000600889fbe0085
:1069a0008a9fbe0030044200b0844a0030054b008c
:1069b00090854b006000b1000898be000a90be00b0
:1069c0000440e10005c8e10006d0e10007d8e1007d
:1069d00002003100680040001008e8004f05be00ca
:1069e0004f04be0000000600889fbe008a9fbe00c4
:1069f0003004be002005be000418540005985c0059
:106a000006185d0007985d00110020000440e100b9
:106a100005c8e10006d0e10007d8e1000100390017
:106a20008000eb00108810004f05be004f04be0030
:106a3000000006001200fa00889fbe008a9fbe0078
:106a40008c9fbe00e0b79f00f1b79f0082bf9f0000
:106a500093bf9f000605be000404be000000eb00cb
:106a6000d0b79f00c0b79f00b0b79f00a0b79f00ee
:106a700090b79f00000678005fb19700cfb09700f5
:106a8000820141003fb097000200e00004003d0099
:106a9000370007007e805700c0ff07000300370063
:106aa000330007007e805700cfff0700dfb6970056
:106ab0000d00e0000c0035006fb29700ffb29700a8
:106ac0000fbb97009fbb9700100020000100200023
:106ad0006011b8000002720081827200020373002c
:106ae000838373001b0007000c06e80001042000ec
:106af000810f5600e0ff3a000d00e00004003d0069
:106b00000802be000a03be007e805700a3ff0700f4
:106b10005fa897000000e00005003a001fb2970050
:106b2000afb297003fb39700cfb3970009000700bb
:106b30006fb09700ffb097000fb997009fb997000b
:106b40004f06be004f05be004f04be000080fa0095
:106b5000000006000100070000000600a4b79f0027
:106b6000b5b79f00c6b79f00d7b79f0000000600cb
:106b70004f09de0082817100b3b79f004f01de0034
:106b80008180400082807000a1b79f008fb0970085
:106b90004f09de00000040000200700090b79f0027
:106ba0007fa897004f01de00818040008280700046
:106bb00081b79f000d0007004f3ade000000400043
:106bc00004007000f0af9f000800070004024200bc
:106bd00085824a0006034b0087834b00dfff0700d6
:106be0000802be000a03be00000006002fb2970094
:106bf000bfb297004fb39700dfb3970000000600c5
:106c0000881f780018002000881f780089ff07007f
:106c10008f87e9004f04780000000600801feb001a
:106c200084ff07008f87e90000000600889fbe00f0
:106c30008a9fbe00e00f5000e08f5800e00f59001f
:106c4000e08f59000c003d006044b8006055b8006a
:106c50000000540081805c0002015d0083815d00c2
:106c6000180020001500070008003d00180007006c
:106c70000004eb00050037000004eb000f000700e4
:106c800002003d001200070018002000dcff070092
:106c90000800e000060032006022b8006033b8004f
:106ca0000000520081805a0002015b0083815b007a
:106cb0004f05be004f04be0000000600e00f52006a
:106cc000e08f5a00e00f5b00e08f5b0000000600e1
:106cd0006044b8006055b8000402540085825c002e
:106ce00006035d0087835d0000000600889fbe00ec
:106cf0008a9fbe008c1f7800e00f5000e08f580084
:106d0000e00f5900e08f59000d003d006044b800cd
:106d10006055b8000000540081805c0002015d00f5
:106d200083815d001c0020000820e10009a8e1002b
:106d30000ab0e1000bb8e1000d003d00080037008b
:106d40000006eb00e00f5200e08f5a00e00f5b00fe
:106d5000e08f5b0006003d006044b8006055b8005d
:106d60000402540085825c0006035d0087835d0099
:106d7000aaff07000c00e000060032006022b80005
:106d80006033b8000000520081805a0002015b00ad
:106d900083815b004f0678004f05be004f04be00a4
:106da00000000600889fbe008a9fbe008c1f7800ee
:106db0000006eb00e00f5000e08f5800e00f590094
:106dc000e08f590007003d006044b8006055b800ee
:106dd0000000540081805c0002015d0083815d0041
:106de0001c002000e00f5200e08f5a00e00f5b0013
:106df000e08f5b0007003d006044b8006055b800bc
:106e00000402540085825c0006035d0087835d00f8
:106e10000c00a2004c0007000c00e000060032004d
:106e20006022b8006033b8000000520081805a0030
:106e300002015b0083815b004f0678004f05be00b6
:106e40004f04be0000000600800078005002be0023
:106e50005003be004439de00f700b200f37f20008b
:106e600003016100090032000218e10016003a0037
:106e70008501720083017300838173000008200084
:106e800015003a0040002000130037008501720011
:106e9000830173008381730005003a0004a8be00db
:106ea00006a8be00100020000b0037000201e90018
:106eb0000402420085824a0006034b0087834b0090
:106ec0000748a300f9ff32000740a00004a8be0055
:106ed00006a8be00200020008000980092009800c4
:106ee00000000600680447000294be000094be0043
:106ef000fc0447008694be008494be00090078001c
:106f0000d1ff070008007800cfff07009900780044
:106f1000814f70000b003b000800be002c000700f2
:106f20004f00b10003003700f3ff2700f2ff2f00ee
:106f30006110b9004f06be004f05be004f04be00f1
:106f40000080fa0000000600889fbe008a9fbe00f5
:106f50008c9fbe000404b8000506b80089044600f2
:106f600060854e000606b8000a054600e0854e0022
:106f70000706b8008b054600040eb80089044600d9
:106f80000a854e00e0854d00050eb8000a05460052
:106f90008b854e00060eb8008b0546000416b8001f
:106fa0000a0546008b854e000516b8008b05460085
:106fb000041eb8008b0546000800be000a01be0092
:106fc0004f06be004f05be004f04be000000060085
:106fd000e48240001078a300070032006402400001
:106fe0001178a3003400be001401be00040032007a
:106ff0000330a700000006003500be001501be00ea
:087000000330a00000000600af
:020000040000fa
:1070080025750000005400004f5000000052000099
:107018004553000045540000004f00005400000094
:107028000d0a0000004400004d0000004657000013
:107038000073000065720000696100006c000000c8
:107048005242000030300000007200006169000008
:107058006e6200006f770000206c00006967000016
:1070680068740000732000006f660000662000004e
:107078000052000042300000310000007261000040
:10708800696e0000626f0000772000006c690000e4
:107098006768000074730000206f00006e00000035
:1070a8004c520000200000005261000077200000d0
:1070b8007265000064200000206900006e70000006
:1070c800757400003a200000004c000052200000b7
:1070d800202500003278000000720000656400007e
:1070e800505700004d2000007570000064610000da
:1070f80074650000640d00000a000000496e00007d
:10710800766100006c690000642000007265000070
:1071180064200000686500007820000076610000a7
:107128006c750000650d00000a0000004c47000067
:10713800200000004c4700002025000032780000a5
:107148000047000072650000656e000020500000d6
:10715800574d000020750000706400006174000045
:10716800656400000d0a0000004900006e7600000a
:10717800616c00006964000020670000726500000f
:10718800656e000020680000657800002076000029
:10719800616c0000756500000d0a0000004c0000dd
:1071a80042200000004c0000422000002532000070
:1071b80078000000626c0000756500002050000037
:1071c800574d0000207500007064000061740000d5
:1071d800656400000d0a0000004900006e7600009a
:1071e800616c000069640000206200006c7500009a
:1071f80065200000686500007820000076610000c6
:107208006c750000650d00000a0000004c57000076
:10721800200000004c5700002025000032780000b4
:1072280000770000686900007465000020500000c5
:10723800574d000020750000706400006174000064
:10724800656400000d0a0000004900006e76000029
:10725800616c000069640000207700006869000024
:107268007465000020680000657800002076000042
:10727800616c0000756500000d0a00000044000004
:107288005320000000440000532000002532000075
:1072980078000000646f00006f7200002073000027
:1072a80070650000656400002075000070640000cf
:1072b80061740000656400000d0a000000550000bc
:1072c8004152000054200000526500006164000033
:1072d800790d00000a0000007265000064200000bb
:1072e800686100007320000063680000616e0000a0
:1072f80067650000640d00000a0000006772000066
:10730800656500006e2000006861000073200000c1
:1073180063680000616e000067650000640d00008e
:107328000a000000626c000075650000206800001b
:107338006173000020630000686100006e67000050
:10734800656400000d0a000000770000686900000d
:10735800746500002068000061730000206300006d
:10736800686100006e670000656400000d0a000097
:107378000041000072720000697600006564000038
:107388002061000074200000746f0000702000006d
:10739800666c00006f6f0000722000002d20000056
:1073a8007761000069740000696e000067200000c2
:1073b8003120000073650000636f00006e640000f8
:1073c8000d0a000000530000542000003231000074
:1073d80000410000727200006976000065640000d8
:1073e8002061000074200000626f000074740000c7
:1073f8006f6d0000206600006c6f00006f72000067
:10740800202d0000207700006169000074690000e9
:107418006e670000203100002073000065630000e3
:107428006f6e0000640d00000a0000005354000055
:1074380020310000460000005354000020320000b4
:1074480037000000535400002031000036000000cf
:10745800312d000073650000636f00006e6400004a
:1074680020640000656c0000617900002063000062
:107478006f6d0000706c00006574000065200000ee
:107488002d200000646f00006f720000206f000064
:10749800706500006e6900006e67000020720000d1
:1074a8006571000075650000737400006564000074
:1074b8000d0a0000004400004f4f0000523a00003f
:1074c800205300007461000072740000696e0000af
:1074d800672000006f700000656e0000696e000094
:1074e800672000007365000071750000656e00007c
:1074f800636500000d0a000000520000414d0000c5
:10750800503a000020300000252000002d3e0000e9
:10751800203500003025000020500000574d0000a5
:10752800206f000076650000722000003220000005
:1075380073650000636f00006e640000730d000047
:107548000a0000005354000020300000380d0000ed
:107558000a0000004f500000454e0000494e000050
:10756800472000002d200000505700004d3a000031
:10757800200000002028000000250000290d000040
:107588000a000000524100004d5000003a2000005f
:107598005265000061630000686500006420000017
:1075a8003530000025200000505700004d20000015
:1075b8007461000072670000657400000d0a000025
:1075c800004400004f4f0000523a000020460000df
:1075d800756c00006c790000206f00007065000079
:1075e8006e2c000020730000746f000070700000a3
:1075f800696e0000672000006d6f0000746f000066
:10760800720d00000a0000005354000020300000f2
:10761800390d00000a000000444f00004f520000de
:107628003a20000053740000617200007469000081
:107638006e670000206300006c6f00007369000033
:107648006e6700002073000065710000756500001a
:107658006e630000650d00000a000000535400002e
:1076680020300000410d00000a000000434c0000db
:107678004f530000494e0000472000002d20000015
:10768800505700004d3a000020000000444f000011
:107698004f5200003a200000467500006c6c000054
:1076a80079200000636c00006f73000065640000bf
:1076b8002c200000737400006f70000070690000d7
:1076c8006e670000206d00006f7400006f7200008c
:1076d8000d0a000000530000542000003042000052
:1076e8000d0a000000410000757400006f2d0000b5
:1076f800636c00006f73000065200000746900006f
:107708006d65000072200000657800007069000057
:0c77180072650000640d00000a00000013
:020000040000fa
:107724000000fa004023a9000080fa0000000600cf
:107734000400fa00100798001e0090008000eb007f
:10774400e200200003002000820f5000838f5800c5
:107754003d003e00006001000e00370010003700bd
:1077640012003700140037001600370018003700e5
:107774001a0037001c0037001e00370020003700b5
:107784002200370024003700260037002800370085
:107794002a00370001188000010f78002b00370001
:1077a40011188000010f780028003700211880008c
:1077b400010f78002500370031188000010f780090
:1077c4002200370041188000010f78001f003700a5
:1077d40051188000010f78001c00370061188000e8
:1077e400010f78001900370071188000010f78002c
:1077f4001600370081188000010f7800130037004d
:1078040091188000010f780010003700a118800043
:10781400010f78000d003700b1188000010f7800c7
:107824000a003700c1188000010f780007003700f4
:10783400d1188000010f780004003700e11880009f
:10784400010f780001003700000000001e007800de
:107854000080fa00000006000a00fa0020079800e1
:1078640031079800420798004e0090000000e8009d
:10787400104078000000fb00c800dd004e009000be
:10788400104078000000fb00810070002e00900082
:107894000108bb002e0090008000eb000188bb00b3
:1078a4004e00900063004000104078000000fb0090
:1078b400c800dd004e0090000080e8001040780011
:1078c4000000fb00810070002e0090000080e800a2
:1078d4000108bb002e0090000080e8008000eb004f
:1078e4000188bb004e009000650040001040780005
:1078f4000000fb00c800dd004e0090006400400062
:10790400104078000000fb00810070002e00900001
:10791400640040000108bb002e0090006400400099
:107924008000eb000188bb0010002400003b8800ad
:107934002e019000be019000028fbe000500fc00e5
:1079440050052000303b8800a00a2000303b88000e
:1079540061e7a8000000fc0000000000013b80007b
:1079640000002800008060000000e000fbff3a00f7
:107974000080fa00000006000800fa0020079800c2
:10798400310798002e009000100fba002e009000ce
:107994001080ba00204798002e4090000080fb0021
:1079a4008000eb00c001dd00020020001e00780012
:1079b4008000eb0000007100818071000080fa00fb
:1079c400000006000a00fa003007980041079800fa
:1079d4000000eb00000f78001d0037001e00780047
:1079e400000040006101b9003e009000ce0090000c
:1079f4000200400083804800dfff07001007980062
:107a0400210798001e007800000040009e009000ae
:107a140001417800c1b22000827078001e00780015
:107a2400000040000001e8001e009000ae0090003d
:107a3400c809dd004800de0000807100c808de00cf
:107a440080407800c0b22000017079001e0fe80069
:107a54001e007800e20f5000e0ff34000080fa00be
:107a6400000006001600fa00200f9800ae089000ef
:107a7400811f780040802b00801f78000e00780062
:107a84003fea0700e48757000e0078000200070071
:107a94000080fa00000006000200fa00000f7800df
:107aa4000b003700000000001111800000202000ae
:107ab400008060000000e000fbff3a001e00780038
:107ac400104078000000fb00201188001e0fe80021
:107ad4001e007800104078000004e000f1ff3a0036
:107ae4000080fa00000006002000fa00700f9800e1
:107af40000482800e1012000bd1107007e08900025
:107b040071802b003dea07000000e0000001320014
:107b14007e089000b1802b0038ea07000000e000e6
:107b2400fb0032007e08900011812b0033ea07002d
:107b34000000e00005003a00a0478000c9ff0700ec
:107b440040812b00d4ff0700f10037007e0890002d
:107b540071812b0029ea07000000e00005003a00cb
:107b6400b0478000bfff070040812b00caff070019
:107b7400e70037007e089000a1812b001fea070070
:107b84000000e00005003a00a0a92000c2ff0700a1
:107b940040812b00c0ff0700dd0037007e08900005
:107ba400d1812b0015ea07000000e00005003a002f
:107bb400a0a92000b8ff070040812b00b6ff0700f2
:107bc400d30037007e08900041822b000bea0700a7
:107bd4000000e00008003a00004080000000e000df
:107be40005003a00100020000040880090822b001d
:107bf400a9ff0700c60037007e089000d1832b0040
:107c0400fee907000000e00007003a0000408000a1
:107c1400e10f500004003a000028ef0020842b00fc
:107c24009dff0700ba0037007e0890003200200054
:107c340041852b00fce907000000e00025003a0024
:107c44007e0890006600400022002000800078003a
:107c54000e00780009ea07000040eb002047980076
:107c640080852b008cff07007e0890008aff0700a8
:107c740040812b0088ff07007e089000e400470045
:107c8400811f780091862b00811f7800c9e90700c5
:107c9400e4875700e10f50000b003a002e009000db
:107ca400cf80de00104188002141880010872b001e
:107cb40079ff070010418000214180000000780016
:107cc40068ff07009200370020882b0072ff07002e
:107cd4008f0037007e08900032002000a1892b001d
:107ce400d1e907000000e0001e003a007e08900081
:107cf400e60040006600470022002000dfe907009c
:107d04000040eb00004f98007e089000ea00470016
:107d1400811f7800e1892b00811f7800a5e9070005
:107d2400e4875700e10f50000b003a005e0090001a
:107d3400cf80de003041880041418800508a2b000a
:107d440055ff070030418000414180000000780069
:107d540044ff07006e003700908b2b004eff070096
:107d64006b0037007e08900032002000318d2b001c
:107d7400ade907000000e0001e003a007e08900014
:107d8400e60040006c00470022002000bbe9070029
:107d94000040eb00604f98007e089000f000470020
:107da400811f7800718d2b00811f780081e9070005
:107db400e4875700e10f50000b003a000e089000d2
:107dc400cf80de005041880061418800e08d2b00a7
:107dd40031ff0700504180006141800000007800bd
:107de40020ff07004a003700108f2b002aff0700ee
:107df400470037007e08900032002000a1902b003d
:107e040089e907000000e0001e003a007e089000a7
:107e1400e6004000720047002200200097e90700b6
:107e24000040eb00405798007e089000f6004700a1
:107e3400811f7800e1902b00811f78005de9070025
:107e4400e4875700e10f50000b003a003e08900011
:107e5400cf80de00704188008141880050912b0062
:107e64000dff070070418000814180000000780010
:107e7400fcfe07002600370090922b0006ff070047
:107e8400230037007e0890003200200031942b003c
:107e940065e907000000e0001d003a007e0890003c
:107ea400e6004000780047002200200073e9070044
:107eb4000040eb00205f98007e089000fc00470023
:107ec400811f780071942b00811f780039e9070025
:107ed400e4875700e10f50000b003a006e08900051
:107ee400cf80de00c0478800d1478800e0942b0093
:107ef400e9fe0700c0478000d147800000007800f9
:107f0400d8fe07000200370090922b00e2fe070023
:107f14000080fa00000006000200fa00004f78001a
:107f2400000000001111800000202000008060008b
:107f34000000e000fbff3a001e00fb002011880057
:107f44000080fa00000006000400fa00004f7800e8
:107f540011479800224798000602a800000000007c
:107f640030108000610060000000e000fcff3a0077
:107f74001e80fb000000400010108800000000007c
:107f84004110800000002400008060000000e00038
:107f9400fbff3a001e4090000080fb001010880098
:107fa40000000000411080000000240000806000f8
:107fb4000000e000fbff3a002e4090000080fb0030
:107fc4001010880000000000411080000000240010
:107fd400008060000000e000fbff3a000642a800b9
:107fe4000000000030108000640060000000e00029
:107ff400fcff3a000080fa00000006000400fa00ca
:1080040020479800314798000c0d07002e4090003f
:1080140000404000240d07003e409000220d070060
:108024002e4090000080fb000000400000407800db
:108034000004a0001c0d07000040eb002e0d0700fb
:10804400004f7800060d07001e4078000080fa00fb
:10805400000006000000fa0002c1b30011c0b30022
:1080640000c4b300b8ff070032c0b300e1cfb300cf
:1080740000c4b300b4ff07000041eb008040eb00f4
:1080840000c4b300b0ff070042c0b30011c0b30086
:1080940000c4b300acff07000080fa000000060033
:1080a4000800fa002047980021079800320798003a
:1080b4002e4090004200dd00664f40002e009000ec
:1080c40000407800004178009e40780000c4b3006e
:1080d4009dff07002e0090004800de0080407800dd
:1080e4001e40e800014178008040780000c4b300dd
:1080f40095ff07003e009000804078001ec0e80015
:10810400014178008040780000c4b3008eff07006e
:108114003e0090004800de00804078001e41780058
:1081240063404100014178008040780000c4b300fe
:1081340085ff07000080fa00000006000200fa0034
:108144000000eb00000f7800240037001e017800c7
:108154008000eb000040eb00d1ff070000c42900c1
:1081640001002000221007001e0178008000eb00af
:1081740010c0b300caff070000c42900010020009a
:108184001b1007001e0178008000eb0020c0b30024
:10819400c3ff070000c429000100200014100700d9
:1081a4001e0178008000eb0030c0b300bcff070064
:1081b40000c42900010020000d100700f0ff20007a
:1081c4009e007800808f5000020036000000eb0013
:1081d400000f78009e007800708f4000000021009e
:1081e4009e007800808f5000d8ff36000080fa008f
:1081f400000006000600fa00000f7800110798003e
:10820400220798001e0178008000eb000040eb007c
:10821400a3ff07001e0190008000eb0010c0b30014
:108224009fff07002e0190008000eb0020c0b300e8
:108234009bff07000080fa00000006000a00fa0015
:10824400881f78006000b800008fbe00010037006e
:10825400000000001e00be00efe607000200200040
:1082640003f8230018e3070002002e00f34f240054
:10827400d9e40700c8e207002007980062aa20009a
:10828400630024001e00be000fe30700e2e60700bf
:108294000200200003f823000be3070002002e0075
:1082a400f34f2400cce40700bbe20700300798003a
:1082b40062aa2000630824001e00be0002e3070037
:1082c400d5e607000200200003f82300fee20700c1
:1082d40002002e00f34f2400bfe40700aee20700c3
:1082e400400798004e019000be0090002e009000c0
:1082f400c0ff070000c4290001002000bc0f0700d4
:10830400a2702d0033c223001e00be00eee207005f
:10831400008fbe0018c0b30092ff2000930c24000d
:108324001e00be009ae207000000e00001003c00cd
:108334000044eb000804e000c5ff320092ff200077
:10834400930c24001e00be00d6e20700008fbe007e
:10835400c0ff37000200fa00004f7800d50b070079
:1083640080c7b300ee0b07000040eb00ec0b0700e6
:108374001e407800ea0b0700d70b0700800020009e
:10838400010020009a0f07000080fa000000060098
:108394000200fa00004f7800c60b070080c7b30044
:1083a400df0b070000c4b300dd0b07001e4078009c
:1083b400db0b0700c80b070000322000010020007f
:1083c4008b0f07000080fa00000006000000fa008e
:1083d40000a8210061002000850f070080c3b300be
:1083e400dcff070090c3b300daff070000a82100f8
:1083f400610020007e0f070040c1b300d5ff0700d5
:10840400f0c7b300d3ff0700f0c5b300d1ff0700e6
:1084140000482800e1012000750f0700c0c6b30022
:10842400ccff07000088230011002000700f070014
:1084340080c3b300c7ff0700008823001100200099
:108444006b0f0700d0c0b300c2ff070000882300f1
:1084540011002000660f070010c0b300bdff070025
:108464000088230011002000610f070060c0b300e2
:10847400b8ff070000c42900010020005c0f0700ba
:1084840000c4b300b3ff070000482800e101200046
:10849400570f07000080fa00000006000200fa00ef
:1084a400000f7800040037001e00780010407800a8
:1084b4001e0fe800b6ff07001e0078001040780089
:1084c4000004e000f8ff3a000080fa000000060013
:1084d4000000fa0092fc07000080fa000000060089
:1084e4000000fa00350d0700100020001047880036
:1084f400100020002047880010002000404788001a
:1085040010002000b045880010002000a04488001e
:10851400100020009042880010002000a042880033
:1085240010002000f046880010002000104488004d
:10853400504680000000e80050468800f044800067
:108544000000e800f0448800504580000000e80086
:1085540050458800e04280000000e800e0428800c6
:108564000080fa00000006000000fa00b70c0700c3
:1085740010002000a042880010002000c04688009f
:108584000080fa00000006000200fa00c30d070094
:1085940010002000000f780010002000c046880062
:1085a400e02d240000000100002f24000000010041
:1085b4000080fa00000006000000fa00f144800088
:1085c400a0498000808f5000020035003229ef005e
:1085d4009e28ef000080fa00000006000000fa0068
:1085e40051458000a0478000808f50000300350073
:1085f4001000200040458800aa28ef004045800074
:10860400e10f500003003a00ed02a900ec02a800bb
:1086140002003700ed02a800ec02a900d116800088
:1086240000002200008060000000e0000200320030
:10863400a828ef00aa28ef000080fa000000060036
:108644000000fa0051468000104a8000808f5000dc
:1086540012003500ca28ef00c482a800d442a80042
:10866400d5e2a800d442a800c482a800a0178000c4
:108674004e00de00614060000004a2006140600022
:108684000080fb00610060004e00dd00a117800047
:1086940001e0a10001007000a01788000080fa002a
:1086a400000006000000fa001116800000022000fd
:1086b400008060000000e00003003a0000448000f5
:1086c400e10f500002003a001000200001003700c2
:1086d4000000eb000080fa00000006003200fa00ff
:1086e400881f7800a30e0700ba0c07005d0c070072
:1086f400000c0700130d0700ed0c0700900c070099
:10870400330c0700460d07003c0607000b0e07005c
:1087140003fc0700a0262400250c0700400a0700dc
:10872400540a0700400020006c0a070000102000d3
:10873400640a0700006a2800110020002c0b0700bf
:1087440000482800e1012000a90e070041fe0700af
:10875400c482a900d442a900d482a900dcc2a80022
:10876400d5e2a900dd62a800e402a900e4a2a80001
:10877400e4e2a900e4c2a800ec02a800ec22a800ec
:10878400ec42a800ec62a800ec82a800eca2a900cc
:10879400ecc2a800ece2a900ed02a900ed82a80059
:1087a400f4e2a800f5c2a900f5e2a900103a80009d
:1087b400000178000260a10060042000710520001f
:1087c4002374200080497800814978008249780028
:1087d4001136800000fc2f00008060003000b300e0
:1087e400103688002135800000fc2f0000806000d6
:1087f4003000b30020358800103a80000001780072
:108804000260a00060042000710520002374200091
:1088140080497800814978008249780030962b009d
:108824009dfc0700a00020002c0a07000000eb00bc
:10883400000f780001003700000000003240800083
:10884400434080001041800021418000800f51008e
:10885400818f59000e0032001041800021418000b8
:10886400304088004140880000972b008afc0700b4
:108874003040800041408000000078004400dd006a
:10888400000178008000eb0020c0b30004fe070064
:10889400724080008340800030418000414180006c
:1088a400800f5100818f59000e003200304180004a
:1088b40041418000704088008140880020982b004e
:1088c40075fc070070408000814080000000780043
:1088d4004400dd00000178008000eb0010c0b3000c
:1088e400effd07005240800063408000504180004b
:1088f40061418000800f5100818f59000e003200c9
:1089040050418000614180005040880061408800ef
:1089140060992b0060fc070050408000614080009b
:10892400000078004400dd00000178008000eb00c6
:108934000040eb00dafd070092408000a340800075
:108944007041800081418000800f5100818f590067
:108954000e00320070418000814180009040880008
:10896400a1408800909a2b004bfc070090408000a7
:10897400a1408000000078004400dd000001780080
:108984008000eb0030c0b300c5fd0700004080004c
:10899400e10f500001003a0028fe070031060700ed
:1089a4000004e0002f00320003060700004f980087
:1089b400601780004300de00614060000004a200f4
:1089c400614060000080fb00610060004300dd0046
:1089d400611780000130a100010070006017880059
:1089e4000e489000ea4f5000030032000e489000f9
:1089f400ed4f50000d003a0005c8bf000080fb0099
:108a040021b320000041eb008270780020b32000e5
:108a140021fc070040812b001ffc070020b320002d
:108a240031fc07000568ef000e003700518020007c
:108a340091407800e0c3b30080cf500008003e00ae
:108a440005c8bf008080fb0022b320008e4990003f
:108a540003f178000040e80005e8b70001003700a2
:108a64000568ef00111680000004200000806000fb
:108a74000000e0001b003a001116800000202000d6
:108a8400008060000000e000160032000000eb00ef
:108a9400100798001e0078000000e0000500320076
:108aa4008428ef001000200030448800d09b2b0065
:108ab400f9fb0700719e2b00b0af20004fe60700c2
:108ac4000000e0005000320062002000719e2b0084
:108ad400b0af200042e6070010002000b046880036
:108ae400490037001116800000202000008060003b
:108af4000000e0001b003a00111680000004200072
:108b0400008060000000e000160032001000200029
:108b1400100798001e007800e10f50000500320095
:108b24008428ef001000200030448800d09e2b00e1
:108b3400d9fb0700a1a12b00b0af20002fe607004e
:108b44000000e0003000320062002000a1a12b00f0
:108b5400b0af200022e6070010002000b0468800d5
:108b640029003700111680000020200000806000da
:108b74000000e000150032001116800000042000ff
:108b8400008060000000e00010003200200020009f
:108b9400100798008628ef008428ef0001a22b001c
:108ba400b0af200015e607000000e0001600320018
:108bb4006200200001a22b00b0af200008e60700ed
:108bc40010002000b04688000f003700300020005d
:108bd400100798008628ef008428ef0061a22b007c
:108be400b0af200005e607000000e00006003200f8
:108bf4006200200061a22b00b0af2000f8e507005e
:108c040010002000b0468800304480000000e000de
:108c140010003200904280000000e0000d0032009d
:108c24005228ef00204480000000e800204488001f
:108c340020448000e90f500006003400100020009a
:108c4400004488008628ef008428ef00c0a22b008f
:108c540091fb0700111680000004200000806000d2
:108c64000000e00005003200111680000020200002
:108c7400008060000000e000fa003a00a04180009b
:108c8400e20f50007f003200e20f500005003e006a
:108c94000000e00008003200e10f50002300320021
:108ca400fb003700e30f500095003200e40f500042
:108cb400e8003200f6003700511680000000220060
:108cc400008060000000e00017003a0075fe070015
:108cd4000000e00003003a00004480000000e000cf
:108ce40011003200f0a52b006bfb0700e4a2a900e1
:108cf400ecc2a90010002000a04188007828ef00f1
:108d04007a28ef007c28ef00c0438000f3080700b6
:108d140010a82b0060fb07008028ef0060aa2b003e
:108d24005dfb0700ec62a900cd003700a042800083
:108d34000000e0002f0032005428ef00e0438000e0
:108d44000000e800e0438800e143800050498000cf
:108d5400808f500027003500c143800040498000c7
:108d6400808f500020003d00c14380006049800096
:108d740000804000c0438800c14380004049800017
:108d8400808f50000200340040498000c0438800b6
:108d9400c0438000d1080700c14380004006200082
:108da4000088b90080007800f0ff200000017800fe
:108db400110009008200d80050079800e0aa2b0097
:108dc40035fb0700c043800026fb0700e0ab2b0007
:108dd40031fb07005e00900022fb070010ac2b0063
:108de4002dfb07000200370060ac2b002afb0700b4
:108df4007c28ef00511680000000210000806000f4
:108e04000000e0001e003a0050ae2b0022fb0700d9
:108e1400c3438000230798000d0037002e00900004
:108e24000000e00002003d000000eb002007980075
:108e34002e009000a908070000c4290001002000aa
:108e4400eb0c07002e0090004006b10020079800ac
:108e54002e0090000000e000f0ff3d00e4a2a80016
:108e6400ecc2a8000000eb009c08070020002000d2
:108e7400a04188008028ef0080b02b0006fb07008b
:108e84007700370007fe07000000e000050032000d
:108e94005116800000002100008060000000e00006
:108ea40006003200e04080000000e00013003200c1
:108eb400404480000000e0001000320000b12b00ac
:108ec400f5fa0700e4a2a900ecc2a80030002000d3
:108ed400a04188007828ef007a28ef007c28ef0072
:108ee400c04380007d08070010a82b00eafa0700a1
:108ef4008828ef0020b32b00e7fa0700580037005a
:108f0400a04280000000e0002f0032005428ef004f
:108f1400e04380000000e800e0438800e143800073
:108f240050498000808f500027003500c1438000e5
:108f340040498000808f500020003d00c1438000e4
:108f44006049800000804000c0438800c143800025
:108f540040498000808f5000020034004049800066
:108f6400c0438800c04380005c080700c143800000
:108f7400400620000088b90080007800f0ff20003f
:108f840000017800110009008200d80060079800f1
:108f9400a0b32b00c0fa0700c0438000b1fa070059
:108fa400e0ab2b00bcfa07006e009000adfa07009e
:108fb40010ac2b00b8fa07000200370060ac2b009d
:108fc400b5fa07007c28ef0051168000000022004b
:108fd400008060000000e0001d003a00a0b42b00f7
:108fe400adfa0700c3438000330798000d00370033
:108ff4003e0090000000e00002003d000000eb0095
:10900400300798003e0090003408070000c429008f
:1090140001002000760c07003e0090004006b100dd
:10902400300798003e0090000000e000f0ff3d0093
:10903400e4a2a8000000eb0028080700400020007c
:10904400a0418800f0b62b0093fa0700ec62a80058
:10905400030037003428ef008028ef0000000000f0
:109064000b003700e4a2a800a00020001b080700a2
:109074007428ef006c28ef004a28ef003428ef0032
:109084008028ef008428ef008628ef00ec62a90016
:109094009e009000010f7800a0418000e20f500074
:1090a40017003a00e04080000000e00014003200a5
:1090b400904280000000e000150032005228ef00ca
:1090c400504480000000e800504488005044800070
:1090d4006101b900e0478000f1478000800f510032
:1090e400818f590009003900100020004044880095
:1090f4008a28ef0070b72b0067fa070004003700d6
:109104008a28ef008828ef000100370000000000e3
:1091140090468000e10f500003003a00f0ae2000ba
:109124005dfa0700d228ef00a0468000e10f50004e
:1091340003003a0050af200057fa0700d428ef008c
:10914400b0468000e10f500003003a00b0af2000a9
:1091540051fa0700d628ef0020c0b3007dfc0700b9
:109164004000200072f90700b1aa2a000100b800eb
:109174004208de008002b000304388003000200046
:109184006bf907004300de007e004000a047880022
:109194002000200066f90700004a88001000200023
:1091a40063f90700b1aa2a000100b8004208de00f2
:1091b4006a00b90000007800011920008080400096
:1091c400908828000008b8004308de00b0478800f3
:1091d4006000200056f90700f0418800f04180004b
:1091e400cf80de0007df070002002000e333240005
:1091f400f9e0070002002f00f357240017e00700ee
:1092040070079800010f9800a0488000b1488000c2
:10921400d2cc2c00c3e4230022df070018c0b30023
:109224007e0190008e099000d9de07000000e00066
:1092340001003c000044eb000804e0000e003a008a
:10924400a0488000b1488000d2cc2c00c3e42300a5
:109254001ddf070018c0b3007e0190008e09900046
:10926400c9de07000000e000010035000044eb0007
:109274000804e000040032007e0190008e09900092
:10928400a2488800b34888006000200028f907003d
:10929400b0418800d11680000000240000806000e6
:1092a4000000e00001003a00cc28ef00d116800055
:1092b40000002400008060000000e0000200320092
:1092c4001000200060468800a04380000000e000f9
:1092d40018003200a04280000000e0000d003200bf
:1092e400504280000000e0000a003a005428ef00d9
:1092f4006143800030498000808f500003003c00af
:10930400604380000000e800604388006043800000
:10931400720707006143800030498000808f50004d
:1093240004003500304980006c070700100020005d
:1093340050428800f0ae2000e10f500008003a00cf
:10934400b04480000000e00005003a001000200056
:10935400b04488009828ef00100020009044880052
:10936400b04480000000e0000d003200a044800002
:109374000000e0000a003200c04480000000e80061
:10938400c04488009428ef00c0448000fd0f5000c2
:10939400030034009628ef009228ef009828ef008d
:1093a400b044800000407800614060000080fb0011
:1093b400610060004400dd00611780000140a100ed
:1093c4000100700060178800f4e2a800d5e2a8004c
:1093d400d442a80010178000620060000000e00082
:1093e40001003200ece2a800101780006200600067
:1093f4000000e00001003a00ece2a900d016800071
:10940400d0168000c04580000000e00007003a004c
:109414001116800000042000008060000000e000bd
:1094240002003a001000200080458800804580003a
:10943400e10f50000d003a00b0458000e10f5000ec
:109444000a003a00904580000000e800904588003a
:10945400b628ef0091458000e0498000808f5000dd
:1094640002003500b228ef00b028ef00104680005b
:109474000000e00007003a001116800000202000e0
:10948400008060000000e00002003a0010002000ac
:10949400e0458800e0458000e10f50000f003a00ed
:1094a40040478000e10f50000c003a00f045800076
:1094b4000000e800f0458800e828ef00f14580004e
:1094c400004a8000808f500004003500be28ef0061
:1094d400bc28ef0010002000104688003109070066
:1094e400e10f500001003a00fdfb0700d10807001e
:1094f400e10f5000d0fc3a001bfc0700cffc370002
:020000040000fa
:109504000000fa00ffff37000000fa00ffff3700f9
:109514001600fa00881f78006000b8006011b800d7
:109524003007980041079800520798006307980095
:109534006000b8006011b80070079800010f98002f
:10954400120f9800230f980004c024000510200077
:109554000400be00ad060700008fbe0050052000c9
:10956400a10a2000180607001e00be003b060700e3
:10957400404798004e4090000004a2000004e00020
:1095840001003200deff0700302322001101200019
:1095940030079800410798006056250041042000d8
:1095a40050079800610798003e009000ce0090009c
:1095b4000001be001e00be003b06070040479800a5
:1095c4004e4090000084fb005e009000ee0090008e
:1095d40022002000030020003e024100ae82490028
:1095e4000001be000400be002f0607000080fb003f
:1095f4000000640000f0a7000000ea000000ea0098
:109604004f00de00404798004e4090000004a20046
:109614000004e00001003200b9ff0700ef05070075
:109624001e00be000106070070079800010f980095
:1096340022002000030020003e004100ae804900cb
:10964400fa050700100f9800210f98003e019000c2
:10965400ce0190007e0090008e089000800f510093
:10966400818f590007003a005e019000ee019000de
:109674001e089000ae089000800f5100818f5900a1
:1096840001003200a0ff07004f0478000080fa00b8
:10969400000006000e00fa0000c0240001102000a3
:1096a4005a0607002007980031079800500520004b
:1096b400a10a2000c40507002e009000be009000ff
:1096c400e6050700004f98000e4890000004a20031
:1096d4000004e0000100320089ff07006000b800c8
:1096e400008fbe00110037002e009000be009000d5
:1096f4003e014000ae8148000200be001e01be00d3
:10970400e9050700004f98000e4890000004a200ed
:109714000004e0000100320079ff0700220020006d
:10972400030020001e0f41005e974900f03f200017
:10973400010020001e01be00800f5100818f5900de
:10974400e9ff3600a50507006000b800008fbe00e1
:10975400120037002e009000be0090003e01400031
:10976400ae8148000200be00b00507005007980013
:10977400610798005e009000ee009000be0f50005c
:10978400ae8f5800010032005fff07002200200066
:10979400030020001e0f41005e974900f03f2000a7
:1097a400010020001e01be00800f5100818f59006e
:1097b400e8ff36000080fa00000006000000fa000e
:1097c40053ff0700b3ff07000080fa000000060003
:020000040000fa
:1097d400809fbe00ec80570031007800a04a8800ca
:1097e4001100780056e9b7004f00be0000000600e3
:020000040000fa
:109800000000000000000000000000000000000058
:109810000000000000000000000000000000000048
:109820000000000000000000000000000000000038
:109830000000000000000000000000000000000028
:109840000000000000000000000000000000000018
:109850000000000000000000000000000000000008
:1098600000000000000000000000000000000000f8
:1098700000000000000000000000000000000000e8
:1098800000000000000000000000000000000000d8
:1098900000000000000000000000000000000000c8
:1098a00000000000000000000000000000000000b8
:1098b00000000000000000000000000000000000a8
:1098c0000000000000000000000000000000000098
:1098d0000000000000000000000000000000000088
:1098e0000000000000000000000000000000000078
:1098f0000000000000000000000000000000000068
:109900000000000000000000000000000000000057
:109910000000000000000000000000000000000047
:109920000000000000000000000000000000000037
:109930000000000000000000000000000000000027
:109940000000000000000000000000000000000017
:109950000000000000000000000000000000000007
:1099600000000000000000000000000000000000f7
:1099700000000000000000000000000000000000e7
:1099800000000000000000000000000000000000d7
:1099900000000000000000000000000000000000c7
:1099a00000000000000000000000000000000000b7
:1099b00000000000000000000000000000000000a7
:1099c0000000000000000000000000000000000097
:1099d0000000000000000000000000000000000087
:1099e0000000000000000000000000000000000077
:1099f0000000000000000000000000000000000067
:109a00000000000000000000000000000000000056
:109a10000000000000000000000000000000000046
:109a20000000000000000000000000000000000036
:109a30000000000000000000000000000000000026
:109a40000000000000000000000000000000000016
:109a50000000000000000000000000000000000006
:109a600000000000000000000000000000000000f6
:109a700000000000000000000000000000000000e6
:109a800000000000000000000000000000000000d6
:109a900000000000000000000000000000000000c6
:109aa00000000000000000000000000000000000b6
:109ab00000000000000000000000000000000000a6
:109ac0000000000000000000000000000000000096
:109ad0000000000000000000000000000000000086
:109ae0000000000000000000000000000000000076
:109af0000000000000000000000000000000000066
:109b00000000000000000000000000000000000055
:109b10000000000000000000000000000000000045
:109b20000000000000000000000000000000000035
:109b30000000000000000000000000000000000025
:109b40000000000000000000000000000000000015
:109b50000000000000000000000000000000000005
:109b600000000000000000000000000000000000f5
:109b700000000000000000000000000000000000e5
:109b800000000000000000000000000000000000d5
:109b900000000000000000000000000000000000c5
:109ba00000000000000000000000000000000000b5
:109bb00000000000000000000000000000000000a5
:109bc0000000000000000000000000000000000095
:109bd0000000000000000000000000000000000085
:109be0000000000000000000000000000000000075
:109bf0000000000000000000000000000000000065
:109c00000000000000000000000000000000000054
:109c10000000000000000000000000000000000044
:109c20000000000000000000000000000000000034
:109c30000000000000000000000000000000000024
:109c40000000000000000000000000000000000014
:109c50000000000000000000000000000000000004
:109c600000000000000000000000000000000000f4
:109c700000000000000000000000000000000000e4
:109c800000000000000000000000000000000000d4
:109c900000000000000000000000000000000000c4
:109ca00000000000000000000000000000000000b4
:109cb00000000000000000000000000000000000a4
:109cc0000000000000000000000000000000000094
:109cd0000000000000000000000000000000000084
:109ce0000000000000000000000000000000000074
:109cf0000000000000000000000000000000000064
:109d00000000000000000000000000000000000053
:109d10000000000000000000000000000000000043
:109d20000000000000000000000000000000000033
:109d30000000000000000000000000000000000023
:109d40000000000000000000000000000000000013
:109d50000000000000000000000000000000000003
:109d600000000000000000000000000000000000f3
:109d700000000000000000000000000000000000e3
:109d800000000000000000000000000000000000d3
:109d900000000000000000000000000000000000c3
:109da00000000000000000000000000000000000b3
:109db00000000000000000000000000000000000a3
:109dc0000000000000000000000000000000000093
:109dd0000000000000000000000000000000000083
:109de0000000000000000000000000000000000073
:109df0000000000000000000000000000000000063
:109e00000000000000000000000000000000000052
:109e10000000000000000000000000000000000042
:109e20000000000000000000000000000000000032
:109e30000000000000000000000000000000000022
:109e40000000000000000000000000000000000012
:109e50000000000000000000000000000000000002
:109e600000000000000000000000000000000000f2
:109e700000000000000000000000000000000000e2
:109e800000000000000000000000000000000000d2
:109e900000000000000000000000000000000000c2
:109ea00000000000000000000000000000000000b2
:109eb00000000000000000000000000000000000a2
:109ec0000000000000000000000000000000000092
:109ed0000000000000000000000000000000000082
:109ee0000000000000000000000000000000000072
:109ef0000000000000000000000000000000000062
:109f00000000000000000000000000000000000051
:109f10000000000000000000000000000000000041
:109f20000000000000000000000000000000000031
:109f30000000000000000000000000000000000021
:109f40000000000000000000000000000000000011
:109f50000000000000000000000000000000000001
:109f600000000000000000000000000000000000f1
:109f700000000000000000000000000000000000e1
:109f800000000000000000000000000000000000d1
:109f900000000000000000000000000000000000c1
:109fa00000000000000000000000000000000000b1
:109fb00000000000000000000000000000000000a1
:109fc0000000000000000000000000000000000091
:109fd0000000000000000000000000000000000081
:109fe0000000000000000000000000000000000071
:109ff0000000000000000000000000000000000061
:020000040000fa
:10a000000000fa009580a9009560a900800020005a
:10a01000001188002222ef00700620004011880005
:10a0200080c22000604a880080c22000504a880018
:10a0300010c32000404a880010c32000304a880026
:10a040004e69ef0000042500070007000009250005
:10a050002d0007009560a80021e2a8002342a80077
:10a060000080fa00000006000200fa00000f7800ed
:10a070001e007800804a88000080fa000000060078
:10a080000000fa00614a8000504a8000808f500032
:10a0900002003a009580a900190037008580a900c8
:10a0a00010003700604a8000904078008180fb00fb
:10a0b000211188000000e800604a8800614a8000a1
:10a0c00010c32000808f500002003a0080c22000a0
:10a0d000604a8800614a8000504a8000808f5000aa
:10a0e0000600320011118000002020000080600076
:10a0f0000000e000ebff320001003700000000002c
:10a100000080fa00000006000200fa00000f78004c
:10a110001e007800904a88000080fa0000000600c7
:10a120000000fa001e003700304a80003111800024
:10a130008140780001487800314a800090c32000b7
:10a14000808f500009003200304a80008000e80013
:10a15000404a8000808f500004003200304a800066
:10a160000000e800304a88000d003700314a8000c6
:10a1700090c32000808f500007003a00414a8000c1
:10a1800010c32000808f50000300320010c3200055
:10a19000304a88000200370010c0b3004ee9b70013
:10a1a00010118000610060000000e000deff3a0056
:10a1b0008560a9000080fa00000006000200fa0095
:10a1c0000040eb00004f780000000000414a800092
:10a1d000304a8000808f5000fcff3200404a8000ef
:10a1e000104f7800404a80000000e800404a880094
:10a1f000414a8000a0c32000808f500002003a0036
:10a2000010c32000404a88001e4078000080fa00f9
:10a21000000006000200fa00004f78000000000075
:10a220001c0007000004a2000004e000fcff3a004c
:10a23000504a80001e487800504a80000000e80024
:10a24000504a8800514a800010c32000808f50007f
:10a2500002003a0080c22000504a88009580a80081
:10a260000080fa00000006000000fa00414a800069
:10a27000304a80000080680000f0a7000000ea007b
:10a280000000ea004f00de00004078000080fa0085
:10a29000000006000400fa00614a800011079800df
:10a2a000514a80001e009000808f5000060031004f
:10a2b0009e009000504a8000008050000000e9009d
:10a2c000000f7800050037009e009000504a800083
:10a2d0000080500068004000000f78001e007800e9
:10a2e00000f0a7000000ea000000ea004f00de00d6
:10a2f000004078000080fa00000006000000fa002c
:10a30000514a8000604a8000808f500009003a0066
:10a3100011118000001020000080600000f0a700f4
:10a320000000ea000000ea004f00de000040780074
:10a33000010037000040eb000080fa00000006003a
:10a340000400fa00314a800011079800404a80005a
:10a350009e009000808f5000060031009e0090000b
:10a36000404a80000080500069004000000f7800e3
:10a37000030037009e009000404a8000008f50008c
:10a38000f00f20009e007800808f50000200360001
:10a3900000c0eb00020037001e007800004078008b
:10a3a0000080fa00000006000000fa00e4ff070049
:10a3b0000080fa00000006000400fa00614a8000f4
:10a3c00011079800514a80001e009000808f5000b5
:10a3d000060031009e009000504a8000008050002e
:10a3e0000000e900000f7800050037009e00900093
:10a3f000504a80000080500068004000000f780044
:10a40000f00f20009e007800808f50000200360080
:10a4100000c0eb00020037001e007800004078000a
:10a420000080fa00000006000000fa00e2ff0700ca
:10a430000080fa00000006000000fa00afff0700ed
:10a440000080fa00000006000800fa0020079800cb
:10a4500031079800baff07000080fb00000f78006a
:10a460003e0090009e0f500002003100be009000a0
:10a47000010f78000000eb0010079800090037007a
:10a480004eff0700ae009000804878002e0090003c
:10a490000000e800200798001e0090000000e8007f
:10a4a000100798001e0090009e0f5000f4ff390026
:10a4b0001e0078000080fa00000006000800fa0084
:10a4c0002007980031079800bbff07000080fb00c1
:10a4d000000f78003e0090009e0f500002003100f7
:10a4e000be009000010f78000000eb0010079800fc
:10a4f000090037002e00900010407800ae00900058
:10a500008100e8002107980042ff07001e0090002c
:10a510000000e800100798001e0090009e0f5000f9
:10a52000f4ff39001e0078000080fa0000000600e9
:10a530000400fa000000eb00000f780080ff070025
:10a54000204798009cff0700304798002e4090005d
:10a550000080fb000000e00003003200e90f500023
:10a5600003003200040037001e20a0000400370062
:10a570001e00a000020037001e10a0000000000016
:10a580003e4090000080fb000000e000030032002d
:10a59000e90f500003003200040037001e30a00015
:10a5a000020037001e40a000000000001e007800de
:10a5b0000080fa00000006000400fa00100798006e
:10a5c000414a80001e009000008f400002003700ca
:10a5d0009e007800698f5000a0c320009e00780084
:10a5e000808f5000faff3e001e0078001040780077
:10a5f0000080fa00000006000000fa0050ff07008b
:10a600000080fb000000e9004f00de000040780001
:10a610000080fa00000006000000fa0066ff070054
:10a620000080fb000000e9004f00de0000407800e1
:10a630000080fa00000006000000fa0010118000ff
:08a640000080fa000000060092
:020000040000fa
:10a648003a0c00000400000082000000ffffff0039
:10a65800ff000000ea0b000020000000800000005e
:10a66800580900000200000082000000ffff0000ff
:10a67800540900000400000080000000420c0000a3
:10a6880002000000800000005a09000002000000db
:10a69800800000005c09000002000000800000004b
:10a6a8005e09000002000000800000006009000050
:10a6b80002000000800000006209000002000000a3
:10a6c80080000000440c0000020000008000000030
:10a6d800640900000200000080000000460c000031
:10a6e800020000008000000066090000020000006f
:10a6f80080000000280c000012000000800000000c
:10a70800460900000e00000080000000480c000010
:10a71800020000008000000068090000020000003c
:10a7280080000000760a0000ae00000082000000f1
:10a738003030300030303000000075006e6b6e0035
:10a748006f776e0000312f00312f3100393830001b
:10a7580000000000000000000000000000000000f1
:10a7680045433100375f3000303134005f3030000e
:10a7780035000000000000000000300030303000dc
:10a788003030300030303000303030003030300081
:10a7980030303000303030003030300057657300d2
:10a7a80073657800204c690066742000636f200090
:10a7b8004c746400000062006c616e006b00000065
:10a7c8000000000000000000000000000000000081
:10a7d8000053540020303000005354002030300023
:10a7e80000535400203030000052450043454900d2
:10a7f8005645440000000000000000000000000072
:10a808000000000000000000000000000000000040
:10a818000000000000000000240b00004e000000b3
:10a8280080000000f40800005200000082000000d0
:10a838005a002c00017f000000002c0001000000dd
:10a848002c010000005a000000000f00000000006a
:10a858000f000000002c01000000000000dc410097
:10a868000000dc0041010000010064000028000035
:10a878009600640000ff07000200cd00002c0100d4
:10a888000a00010000b80b000100d0000701000019
:10a8980019000100003200000a0005000000000055
:10a8a80000080000f4000000800000006a090000b1
:10a8b80002000000800000000a0c00001e000000da
:10a8c80082000000286e69006c29000025006800dd
:10a8d800076c09004c836a009074a0007ac00000dd
:10a8e8008068880000846c00820081004a0c0000a7
:10a8f80002000000800000006c0900000a0100004e
:10a9080082000000000102000407030006050000a1
:10a91800ffffff00ffffff00ffffff00ffffff003b
:10a92800ffffff00ffffff00ffffff00ffffff002b
:10a93800ffffff00ffffff00ffffff00ffffff001b
:10a94800ffffff00ffffff00ffffff00ffffff000b
:10a95800ff00010002030400050607000809ff00c4
:10a96800ffffff00ffffff000a0b0c000d0e0f009a
:10a97800101112001314150016171800191a1b00cd
:10a988001c1d1e001f2021002223ff00ffffff00c7
:10a99800ffff0a000b0c0d000e0f10001112130020
:10a9a80014151600171819001a1b1c001d1e1f006d
:10a9b8002021220023ffff00ffffff00ffffff0011
:10a9c800ffffff00ffffff00ffffff00ffffff008b
:10a9d800ffffff00ffffff00ffffff00ffffff007b
:10a9e800ffffff00ffffff00ffffff00ffffff006b
:10a9f800ffffff00ffffff00ffffff00ffffff005b
:10aa0800ffffff00ffffff00ffffff00ffffff004a
:10aa1800ffffff00ffffff00ffffff00ffffff003a
:10aa2800ffffff00ffffff00ffffff00ffffff002a
:10aa3800ffffff00ffffff00ffffff00ffffff001a
:10aa4800ffffff00ffffff00ffffff00ffffff000a
:10aa5800ffffff00ffffff00ffffff00ffffff00fa
:10aa6800ffffff00ffff0000720b00003c0000002a
:10aa78008200000001000300000000000000000048
:10aa880000000000000066002f0000000000000029
:10aa980000dc2e006a30000000000000000000000a
:10aaa800000000000000000000000000000000009e
:10aab800000000000000000000000000000000008e
:10aac800000000004c0c00000200000080000000a4
:10aad800ae0b00003c0000008200000001000300f3
:10aae80000000000000000000000000000006600f8
:10aaf8002f0000000000000000dc2e006a3000007b
:10ab0800000000000000000000000000000000003d
:10ab1800000000000000000000000000000000002d
:10ab28000000000000000000000000003e0c0000d3
:10ab380004000000800000004e0c0000020000002d
:10ab48008200000001000000500c0000020000001c
:08ab5800800000000000000075
:020000040000fa
:10ab60000000fa0060c02100d00c8800f001200035
:10ab7000e00c880000002800f00c88000005200090
:10ab8000000d8800d00c8000004078006740600015
:10ab90000080fb00004b88000080fa0000000600e7
:10aba0000000fa000080fa00000006000000fa0031
:10abb0002104800000042000008060000000e0000c
:10abc00002003200f6ff070084c0a9000080fa00ee
:10abd000000006000000fa00004b800000407800f2
:10abe000674060000080fb0067006000d20c8000be
:10abf00081ff2f008100610001007000d00c8800ef
:10ac00000080fa00000006000000fa00d10c80006d
:10ac100080ff2f0000806000d00c88000080fa00c8
:10ac2000000006000200fa00000f78009e00780085
:10ac3000f10c88000080fa00000006000200fa0013
:10ac4000000f78009e007800010d88000080fa0057
:10ac5000000006000000fa00200480004600de002c
:10ac6000614060000080fb0000f0a7000000ea00e7
:10ac70000000ea004f00de00004078000080fa008b
:10ac8000000006000400fa00100798001e00900063
:10ac9000e10f50000f003200e10f500003003900b7
:10aca000e20f5000150032001e003700d00c80006b
:10acb0004400de00614060000080fb0000f0a7005f
:10acc0000000ea000000ea004f00de00004f7800bc
:10acd00014003700d00c80004500de0061406000a9
:10ace0000080fb0000f0a7000000ea000000ea007e
:10acf0004f00de00004f78000a003700d00c8000c3
:10ad00004600de00614060000080fb0000f0a7000c
:10ad10000000ea000000ea004f00de00004f78006b
:10ad2000000000001e4078000080fa0000000600cd
:10ad30000200fa00000f78001e007800e10f5000ba
:10ad400007003200e10f500003003900e20f50000d
:10ad500005003200060037009a81a9000400370080
:10ad60009aa1a900020037009ac1a90000000000c2
:10ad70000080fa00000006000000fa009cc1a80054
:10ad80000080fa00000006000000fa00e00c8000dd
:10ad90004600de00614060000080fb0000f0a7007c
:10ada0000000ea000000ea004f00de0000407800ea
:10adb0000080fa00000006000000fa009cc1a90013
:08adc0000080fa00000006000b
:020000040000fa
:10adc8000000fe00a2c320000019780001097800e5
:10add800000006000000fe000000eb008000eb0011
:10ade800f8ff07006627ef00000006000000fe00dd
:10adf800801f7800811f7800a1c320000600fc0096
:10ae080031007800303b880011007800303b880022
:10ae180061e7a8000000000000000000cf007800f3
:10ae28004f00780000000600a2028000a1028800fe
:10ae38009080ba001000ba00a20288000000060044
:10ae4800a2028000a10288001000ba00a2028800b5
:10ae5800000006000000fe0061e7af00feff3700bb
:10ae6800f23f2000000161000c003a002204240097
:10ae7800023b8800a2028000a10288000008bb00f3
:10ae8800fc5602000000000061e7af00feff37003b
:10ae9800a20288001000200061a7af000000200077
:10aea8000000060061e7af00feff37000000a700c2
:10aeb8000d003700a4028000a102880031002400a0
:10aec800013b88000208bb000388bb00fc56020057
:10aed8000000000061e7af00feff3700a402880011
:10aee8001000200061a7af0000002000000006004d
:10aef80061e7af00feff37000000a7000e00370033
:10af080033002400033b8800a3028000a1028800cc
:10af18000208bb00f20f20000288bb00fc560200aa
:10af28000000000061e7af00feff3700a3028800c1
:10af38001000200061a7af000000200000000600fc
:10af480061e7af00feff3700f30720008081610052
:10af580010003a0013002400033b8800a30280007d
:10af6800a1028800040420003208bb003298bb000c
:10af78001400b100fcff3a00fc560200000000007b
:10af880061e7af00feff3700a30288001000200031
:10af980061a7af00000020000000060061e7af00d5
:10afa800feff3700f30720008081610011003a009e
:10afb80013002400033b8800a3028000a10288003c
:10afc80004042000f10f20003208bb000198bb00e8
:10afd8001400b100fcff3a00fc560200000000001b
:10afe80061e7af00feff3700a302880010002000d1
:10aff80061a7af000000200000000600f23f20001b
:10b00800000061000000060002c02f00000061007f
:0cb01800f2ff2f00810061000000060024
:020000040000fa
:10b024000000fa00e0c02100800c8800f00120003c
:10b03400900c880000002800a00c8800001020005c
:10b04400b00c8800800c80000040780067406000ed
:10b054000080fb00e04a88008440a9009440a800d6
:10b064000080fa00000006000000fa000080fa00e8
:10b07400000006000000fa00e04a8000004078006a
:10b08400674060000080fb0067006000820c800065
:10b0940081ff2f008100610001007000800c880096
:10b0a4000080fa00000006000000fa00810c800015
:10b0b40080ff2f0000806000800c88000080fa0070
:10b0c400000006000200fa00000f78009e007800dd
:10b0d400a10c88000080fa00000006000200fa00bb
:10b0e400000f78009e007800b10c88000080fa0000
:10b0f400000006000000fa00200480004200de0088
:10b10400614060000080fb0000f0a7000000ea003e
:10b114000000ea004f00de00004078000080fa00e2
:10b12400000006000400fa00100798001e009000ba
:10b13400e10f50000f003200e10f5000030039000e
:10b14400e20f5000150032001e003700800c800012
:10b154004400de00614060000080fb0000f0a700b6
:10b164000000ea000000ea004f00de00004f780013
:10b1740014003700800c80004500de006140600050
:10b184000080fb0000f0a7000000ea000000ea00d5
:10b194004f00de00004f78000a003700800c80006a
:10b1a4004600de00614060000080fb0000f0a70064
:10b1b4000000ea000000ea004f00de00004f7800c3
:10b1c400000000001e4078000080fa000000060025
:10b1d4000200fa00000f78001e007800e10f500012
:10b1e40007003200e10f500003003900e20f500065
:10b1f40005003200060037009081a90004003700e2
:10b2040090a1a9000200370090c1a900000000002d
:10b214000080fa00000006000000fa0092c1a800b5
:10b224000080fa00000006000000fa00900c800084
:10b234004600de00614060000080fb0000f0a700d3
:10b244000000ea000000ea004f00de000040780041
:10b254000080fa00000006000000fa0092c1a90074
:10b264000080fa00000006000400fa00008fbe000f
:10b2740017e2a9001e00be000000400081804800c3
:10b284000001be0000902000d1032000f5d6070085
:10b29400000078000000e900a010880017e2a80070
:10b2a40000a8210061002000d10307000080fa00fb
:10b2b400000006000000fa001602a80000000000ca
:10b2c400b0108000610060000000e000fcff3a0064
:10b2d4000080fa00000006000000fa001642a800f0
:10b2e40000000000b0108000640060000000e00076
:10b2f400fcff3a000080fa00000006000000fa009b
:10b304001622a80000000000b01080006200600057
:10b314000000e000fcff3a000080fa000000060094
:10b324000200fa00004f78001e80fb009010880095
:10b3340000000000c11080000000240000806000b4
:10b344000000e000fbff3a00c1108000000028006c
:10b354000080600000f0a7000000ea000000e9009f
:10b364004f00de00004078000080fa000000060074
:10b374000400fa00204798001662a80000000000ac
:10b38400c0108000620060000000e000fcff32009a
:10b3940000108000004f78002e4090000004e00070
:10b3a400020032000040eb000100370010c0b3007f
:10b3b4000080fb00610060004500dd00b1108000ea
:10b3c4000150a10001007000b01088001682a8008e
:10b3d40000000000b0108000700060000000e00079
:10b3e400fcff3a001e4078000080fa0000000600ce
:10b3f4000400fa00008fbe0007e2a9001e00be0090
:10b4040000004000818048000001be000090200040
:10b41400d103200093d60700000078000000e90063
:10b424002010880007e2a80000fa20000100200094
:10b434006f0307000080fa00000006000000fa0015
:10b444000602a800000000003010800061006000c7
:10b454000000e000fcff3a000080fa000000060053
:10b464000000fa000642a80000000000301080002e
:10b47400640060000000e000fcff3a000080fa0075
:10b48400000006000000fa000622a80000000000e8
:10b4940030108000620060000000e000fcff3a0011
:10b4a4000080fa00000006000200fa00004f780055
:10b4b4001e80fb0010108800000000004110800076
:10b4c40000002400008060000000e000fbff3a0060
:10b4d40041108000000028000080600000f0a700f8
:10b4e4000000ea000000e9004f00de0000407800a0
:10b4f4000080fa00000006000400fa0020479800cb
:10b504000662a80000000000401080006200600095
:10b514000000e000fcff320000108000004f7800c3
:10b524002e4090000004e000020032000040eb00d6
:10b534000100370010c0b3000080fb006100600010
:10b544004500dd00311080000150a10001007000b1
:10b55400301088000682a80000000000301080002f
:10b56400700060000000e000fcff3a001e4078001c
:10b574000080fa00000006000000fa0080032000aa
:10b5840020168800cc22ef0000002200a0168800bc
:10b59400a0d62000e0168800e422ef00ec22ef00a1
:10b5a400c0202000a0178800f06e2c000016880030
:10b5b4000080eb0040168800a0002100801688005f
:10b5c40070eb2e00c0168800f031200000178800b0
:10b5d400e822ef0030102300801788005620ef0087
:10b5e4005820ef005a20ef005c20ef005e20ef00af
:10b5f4006020ef006e20ef007020ef007220ef005b
:10b604007420ef007620ef007820ef00c622ef00d0
:10b61400ce22ef00d622ef00de22ef00e622ef007a
:10b62400ee22ef00f622ef00e024ef00c03f2000fe
:10b6340010278800e424ef0000c020003027880091
:10b644000020200040278800ec24ef00113a8000fd
:10b65400f00b2000008160006004200071052000d0
:10b664002374200080497800814978008249780059
:10b674002135800000fc2f00008060003001b30001
:10b6840020358800a1368000f00f2c0080806000f7
:10b694000030210001007000a0368800d1368000ff
:10b6a400f00f2c008080600000302000010070004a
:10b6b400d03688001136800000fc2f000080600026
:10b6c4002001b30010368800103a80000001780091
:10b6d4000260a00060042000710520002374200093
:10b6e4008049780081497800824978000080fa0016
:10b6f400000006000000fa000a21ef00c03020001c
:10b70400700888000003280090088800d04a800050
:10b714000000e00002003a0040bd250024000700bc
:10b724008500a9009500a80020c420008040eb00fb
:10b73400014878000080fa00000006000200fa00c8
:10b74400000f78009e0078007108880020c4200053
:10b754008040eb00014878000080fa0000000600f9
:10b764000000fa00700880000080fa000000060063
:10b774000200fa00000f78009e007800510888004b
:10b7840020c420008040eb00014878000080fa00cb
:10b79400000006000000fa00500880000080fa0053
:10b7a400000006000000fa000080fa000000060015
:10b7b4000200fa00000f78009500a9009e007800ae
:10b7c400d14a88009500a8000080fa000000060015
:10b7d4000000fa0020c420008040eb0001487800fb
:10b7e4009500a80013e1a8000080fa0000000600fc
:10b7f4000000fa0013e1a9009500a9000080fa00f6
:10b80400000006000200fa0020c42000104f780057
:10b814001e4078000004e0000300320020c4200031
:10b824008040eb00014878001e4078000080fa0058
:10b83400000006000000fa0030c420001040780028
:10b844000080fb000080fa00000006000000fa00ff
:10b8540030c420008040eb00014878000080fa00ea
:10b86400000006000000fa000621ef009086210087
:10b87400600888000002280080088800204b8000af
:10b884000000e00002003a00c0c8250024000700c0
:10b8940084e0a90094e0a80040c420008040eb00ac
:10b8a400014878000080fa00000006000200fa0057
:10b8b400000f78009e0078006108880040c42000d2
:10b8c4008040eb00014878000080fa000000060088
:10b8d4000000fa00600880000080fa000000060002
:10b8e4000200fa00000f78009e00780031088800fa
:10b8f40040c420008040eb00014878000080fa003a
:10b90400000006000000fa00300880000080fa0001
:10b91400000006000000fa000080fa0000000600a3
:10b924000200fa00000f780094e0a9009e0078005d
:10b93400214b880094e0a8000080fa000000060073
:10b944000000fa0040c420008040eb000148780069
:10b9540094e0a80011e1a8000080fa0000000600ad
:10b964000000fa0011e1a90094e0a9000080fa00a7
:10b97400000006000200fa0040c42000104f7800c6
:10b984001e4078000004e0000300320040c42000a0
:10b994008040eb00014878001e4078000080fa00e7
:10b9a400000006000000fa0050c420001040780097
:10b9b4000080fb000080fa00000006000000fa008e
:10b9c40050c420008040eb00014878000080fa0059
:10b9d400000006000000fa000021ef00f07c2000c7
:10b9e400100888000000280020088800304b8000e0
:10b9f4000000e00002003a0040d4250024000700c3
:10ba04008460a9009460a80060c420008040eb001a
:10ba1400014878000080fa00000006000200fa00e5
:10ba2400000f78009e0078001108880060c4200090
:10ba34008040eb00014878000080fa000000060016
:10ba44000000fa00100880000080fa0000000600e0
:10ba54000200fa00000f78009e00780001088800b8
:10ba640060c420008040eb00014878000080fa00a8
:10ba7400000006000000fa00000880000080fa00c0
:10ba8400000006000000fa000080fa000000060032
:10ba94000200fa00000f78009460a9009e0078006c
:10baa400314b88009460a8000080fa000000060072
:10bab4000000fa0060c420008040eb0001487800d8
:10bac4009460a80005e1a8000080fa0000000600c8
:10bad4000000fa0005e1a9009460a9000080fa00c2
:10bae400000006000200fa0060c42000104f780035
:10baf4001e4078000004e0000300320060c420000f
:10bb04008040eb00014878001e4078000080fa0075
:10bb1400000006000000fa0070c420001040780005
:10bb24000080fb000080fa00000006000000fa001c
:10bb340070c420008040eb00014878000080fa00c7
:10bb4400000006000000fa001421ef0080d023005a
:10bb5400d008880000032800f0088800404b8000cb
:10bb64000000e00002003a00c0df250024000700c6
:10bb74008760a9009760a80080c420008040eb0083
:10bb8400014878000080fa00000006000200fa0074
:10bb9400000f78009e007800d108880080c420003f
:10bba4008040eb00014878000080fa0000000600a5
:10bbb4000000fa00d00880000080fa0000000600af
:10bbc4000200fa00000f78009e007800a1088800a7
:10bbd40080c420008040eb00014878000080fa0017
:10bbe400000006000000fa00a00880000080fa00af
:10bbf400000006000000fa000080fa0000000600c1
:10bc04000200fa00000f78009760a9009e007800f7
:10bc1400414b88009760a8000080fa0000000600ed
:10bc24000000fa0080c420008040eb000148780046
:10bc34009760a8001fe1a8000080fa000000060039
:10bc44000000fa001fe1a9009760a9000080fa0033
:10bc5400000006000200fa0080c42000104f7800a3
:10bc64001e4078000004e0000300320080c420007d
:10bc74008040eb00014878001e4078000080fa0004
:10bc8400000006000000fa0090c420001040780074
:10bc94000080fb000080fa00000006000000fa00ab
:10bca40090c420008040eb00014878000080fa0036
:10bcb400000006000000fa0030402000000a88005e
:10bcc400c0002000100a8800000a800000407800ac
:10bcd400674060000080fb00104b88000080fa0081
:10bce400000006000000fa000080fa0000000600d0
:10bcf4000000fa0020048000620060000000e00000
:10bd040002003200f7ff07008420a9000080fa0037
:10bd1400000006000000fa00104b8000004078008c
:10bd2400674060000080fb0067006000020a80003a
:10bd340081ff2f008100610001007000000a88006b
:10bd44000080fa00000006000000fa00010a8000ea
:10bd540080ff2f0000806000000a88000080fa0045
:10bd6400000006000000fa00200a80000080fa00ab
:10bd7400000006000000fa0042c1a8000080fa009a
:10bd8400000006000000fa00100a80004600de00f1
:10bd9400614060000080fb0000f0a7000000ea00a2
:10bda4000000ea004f00de00004078000080fa0046
:10bdb400000006000000fa0042c1a9000080fa0059
:10bdc400000006000000fa00000a80004400de00c3
:10bdd400614060000080fb0000f0a7000000ea0062
:10bde4000000ea004f00de00004078000080fa0006
:10bdf400000006000000fa00000a800068006000ed
:10be040000f0a7000000ea000000e9004f00de0097
:10be1400004078000080fa00000006000000fa00ec
:10be240021068000f0f82f00008060000040a00090
:10be3400200688005105800080ff2f0000806000ec
:10be44000000a0005005880041058000f0ff280094
:10be54000080600000c0a0004005880051058000fb
:10be6400f0f82f00008060000050a000500588000a
:10be740061058000f0f82f0080806000000520003c
:10be840001007000600588006105800080ff2f00bc
:10be9400008060005000b30060058800e105800068
:10bea400f08f2f000080600000a0a000e005880053
:10beb400e1058000f0f82f00008060000060a00021
:10bec400e005880021058000f08f2f00808060004d
:10bed40000502000010070002005880081058000ca
:10bee400f0ff280080806000000023000100700043
:10bef400800588004105800080ff2f0000806000dd
:10bf04003000b3004005880031058000f0ff2800b0
:10bf1400808060000000230001007000300588006c
:10bf240021058000f0ff28000080600000d0a00000
:10bf3400200588000080fa00000006000000fa00d6
:10bf440040002800001a880080432000101a88004e
:10bf540010002000201a88004823ef0000f2270078
:10bf6400701a8800403f2000801a88005223ef0096
:10bf74005423ef005623ef005823ef006023ef0013
:10bf84006223ef006423ef00de24ef0020fd250090
:10bf94000600070095a0a8000080fa000000060033
:10bfa4000000fa000080fa00000006000200fa0017
:10bfb400000f78001e007800f04a88000080fa0024
:10bfc400000006000000fa004023a8000080fa00e8
:10bfd400000006000000fa004023a9000080fa00d7
:10bfe400000006000800fa0030079800101a8000cc
:10bff4004200de007f4060000080fb0020079800c4
:10c0040000302000100798000000eb00000f7800bb
:10c014000b0037001e00780000004000be009000b6
:10c02400008040009e009000910078000108780094
:10c034001e0090000080e800100798001e0fe80022
:10c044009e0078002e009000808f5000f1ff360093
:10c054001e0078000080fa00000006000200fa00ca
:10c06400000f78000300370000fa200001002000d0
:10c074005f0007001e00780000f0a7000000ea003f
:10c084000000ea004f00de00004078001e0fe900c7
:10c094000004e000f4ff3a000080fa00000006000b
:10c0a4000200fa00000f78000500370000082000a5
:10c0b400010020004e00070001fe2f001e8f4000eb
:10c0c4001e007800ff0f5000f8ff3e000300370009
:10c0d4004000200001002000450007001e007800f9
:10c0e40000f0a7000000ea000000ea004f00de00b4
:10c0f400004078001e0fe9000004e000f4ff3a005d
:10c104000080fa00000006000000fa00000023008e
:10c11400203a88004827ef004e27ef007027ef00f1
:10c124007227ef007427ef007627ef007a27ef00dd
:10c134007c27ef007200200080072000a109200066
:10c14400337420008049780081497800824978005e
:10c154000001eb006004200071052000237420001e
:10c164008049780081497800824978000080fa008b
:10c17400000006000000fa00fffc0700e2ff0700d1
:10c1840026ff07009df707006efe0700a4fb0700cb
:10c19400b4fd070034fc070095fc070067ff0700a7
:10c1a40054fd07006dfa0700c2fe070009fe0700f0
:10c1b4000080fa00000006000200fa00000f780078
:10c1c4009e007800c14a88000000fe000080fa004a
:10c1d400000006000000fa00a0be200080077800de
:10c1e40020c02000000188000080fa000000060042
:020000040000fa
:10c1f400f03fb1000180b10006003500ee030900f4
:10c2040000000000403fb1000180b100fbff3d0091
:10c214001000b000203fb00002003500008009008b
:08c2240000000000000006000c
:020000040000fa
:020000040002f8
:04aff000ffff00005f
:020000040000fa
:020000040002f8
:04aff400fffe00005c
:020000040000fa
:020000040002f8
:04aff8009f7f000037
:020000040000fa
:020000040002f8
:04affc00803f000092
:00000001FF
