:020000040000fa
:080000000002040000000000f2
:020000040000fa
:0400080030050000bf
:020000040000fa
:04000c0044030000a9
:020000040000fa
:040010008603000063
:020000040000fa
:040014006403000081
:020000040000fa
:04001800a60300003b
:020000040000fa
:04001c0030050000ab
:020000040000fa
:0400200030050000a7
:020000040000fa
:0400240030050000a3
:020000040000fa
:04002800300500009f
:020000040000fa
:04002c00300500009b
:020000040000fa
:040030003005000097
:020000040000fa
:040034007204000052
:020000040000fa
:04003800300500008f
:020000040000fa
:04003c00300500008b
:020000040000fa
:040040003005000087
:020000040000fa
:040044003c04000078
:020000040000fa
:04004800c6030000eb
:020000040000fa
:04004c00300500007b
:020000040000fa
:040050003005000077
:020000040000fa
:04005400c6040000de
:020000040000fa
:04005800a8040000f8
:020000040000fa
:04005c00fc030000a1
:020000040000fa
:040060003005000067
:020000040000fa
:040064003005000063
:020000040000fa
:04006800300500005f
:020000040000fa
:04006c00300500005b
:020000040000fa
:040070003005000057
:020000040000fa
:040074003005000053
:020000040000fa
:04007800300500004f
:020000040000fa
:04007c00300500004b
:020000040000fa
:040080003005000047
:020000040000fa
:040084003005000043
:020000040000fa
:04008800300500003f
:020000040000fa
:04008c00300500003b
:020000040000fa
:040090003005000037
:020000040000fa
:04009400fa0400006a
:020000040000fa
:04009800300500002f
:020000040000fa
:04009c00300500002b
:020000040000fa
:0400a0003005000027
:020000040000fa
:0400a4003005000023
:020000040000fa
:0400a800300500001f
:020000040000fa
:0400ac00300500001b
:020000040000fa
:0400b0003005000017
:020000040000fa
:0400b4003005000013
:020000040000fa
:0400b800300500000f
:020000040000fa
:0400bc00300500000b
:020000040000fa
:0400c0003005000007
:020000040000fa
:0400c4003005000003
:020000040000fa
:0400c80030050000ff
:020000040000fa
:0400cc0030050000fb
:020000040000fa
:0400d00030050000f7
:020000040000fa
:0400d40030050000f3
:020000040000fa
:0400d80030050000ef
:020000040000fa
:0400dc0030050000eb
:020000040000fa
:0400e00030050000e7
:020000040000fa
:0400e40030050000e3
:020000040000fa
:0400e80030050000df
:020000040000fa
:0400ec0030050000db
:020000040000fa
:0400f00030050000d7
:020000040000fa
:0400f40030050000d3
:020000040000fa
:0400f80030050000cf
:020000040000fa
:0400fc0030050000cb
:020000040000fa
:0401000030050000c6
:020000040000fa
:0401040030050000c2
:020000040000fa
:0401080030050000be
:020000040000fa
:04010c0030050000ba
:020000040000fa
:0401100030050000b6
:020000040000fa
:0401140030050000b2
:020000040000fa
:0401180030050000ae
:020000040000fa
:04011c0030050000aa
:020000040000fa
:0401200030050000a6
:020000040000fa
:0401240030050000a2
:020000040000fa
:04012800300500009e
:020000040000fa
:04012c00e4040000e7
:020000040000fa
:040130003005000096
:020000040000fa
:040134003005000092
:020000040000fa
:04013800300500008e
:020000040000fa
:04013c00300500008a
:020000040000fa
:040140003005000086
:020000040000fa
:040144003005000082
:020000040000fa
:04014800300500007e
:020000040000fa
:04014c00300500007a
:020000040000fa
:040150003005000076
:020000040000fa
:040154003005000072
:020000040000fa
:04015800300500006e
:020000040000fa
:04015c00300500006a
:020000040000fa
:040160003005000066
:020000040000fa
:040164003005000062
:020000040000fa
:04016800300500005e
:020000040000fa
:04016c00300500005a
:020000040000fa
:040170003005000056
:020000040000fa
:040174003005000052
:020000040000fa
:04017800300500004e
:020000040000fa
:04017c00300500004a
:020000040000fa
:040180003005000046
:020000040000fa
:040184003005000042
:020000040000fa
:04018800300500003e
:020000040000fa
:04018c00300500003a
:020000040000fa
:040190003005000036
:020000040000fa
:040194003005000032
:020000040000fa
:04019800300500002e
:020000040000fa
:04019c00300500002a
:020000040000fa
:0401a0003005000026
:020000040000fa
:0401a4003005000022
:020000040000fa
:0401a800300500001e
:020000040000fa
:0401ac00300500001a
:020000040000fa
:0401b0003005000016
:020000040000fa
:0401b4003005000012
:020000040000fa
:0401b800300500000e
:020000040000fa
:0401bc00300500000a
:020000040000fa
:0401c0003005000006
:020000040000fa
:0401c4003005000002
:020000040000fa
:0401c80030050000fe
:020000040000fa
:0401cc0030050000fa
:020000040000fa
:0401d00030050000f6
:020000040000fa
:0401d40030050000f2
:020000040000fa
:0401d80030050000ee
:020000040000fa
:0401dc0030050000ea
:020000040000fa
:0401e00030050000e6
:020000040000fa
:0401e40030050000e2
:020000040000fa
:0401e80030050000de
:020000040000fa
:0401ec0030050000da
:020000040000fa
:0401f00030050000d6
:020000040000fa
:0401f40030050000d2
:020000040000fa
:0401f80030050000ce
:020000040000fa
:0401fc0030050000ca
:020000040000fa
:0402080030050000bd
:020000040000fa
:04020c0044030000a7
:020000040000fa
:040210008603000061
:020000040000fa
:04021400640300007f
:020000040000fa
:04021800a603000039
:020000040000fa
:04021c0030050000a9
:020000040000fa
:0402200030050000a5
:020000040000fa
:0402240030050000a1
:020000040000fa
:04022800300500009d
:020000040000fa
:04022c003005000099
:020000040000fa
:040230003005000095
:020000040000fa
:040234007204000050
:020000040000fa
:04023800300500008d
:020000040000fa
:04023c003005000089
:020000040000fa
:040240003005000085
:020000040000fa
:040244003c04000076
:020000040000fa
:04024800c6030000e9
:020000040000fa
:04024c003005000079
:020000040000fa
:040250003005000075
:020000040000fa
:04025400c6040000dc
:020000040000fa
:04025800a8040000f6
:020000040000fa
:04025c00fc0300009f
:020000040000fa
:040260003005000065
:020000040000fa
:040264003005000061
:020000040000fa
:04026800300500005d
:020000040000fa
:04026c003005000059
:020000040000fa
:040270003005000055
:020000040000fa
:040274003005000051
:020000040000fa
:04027800300500004d
:020000040000fa
:04027c003005000049
:020000040000fa
:040280003005000045
:020000040000fa
:040284003005000041
:020000040000fa
:04028800300500003d
:020000040000fa
:04028c003005000039
:020000040000fa
:040290003005000035
:020000040000fa
:04029400fa04000068
:020000040000fa
:04029800300500002d
:020000040000fa
:04029c003005000029
:020000040000fa
:0402a0003005000025
:020000040000fa
:0402a4003005000021
:020000040000fa
:0402a800300500001d
:020000040000fa
:0402ac003005000019
:020000040000fa
:0402b0003005000015
:020000040000fa
:0402b4003005000011
:020000040000fa
:0402b800300500000d
:020000040000fa
:0402bc003005000009
:020000040000fa
:0402c0003005000005
:020000040000fa
:0402c4003005000001
:020000040000fa
:0402c80030050000fd
:020000040000fa
:0402cc0030050000f9
:020000040000fa
:0402d00030050000f5
:020000040000fa
:0402d40030050000f1
:020000040000fa
:0402d80030050000ed
:020000040000fa
:0402dc0030050000e9
:020000040000fa
:0402e00030050000e5
:020000040000fa
:0402e40030050000e1
:020000040000fa
:0402e80030050000dd
:020000040000fa
:0402ec0030050000d9
:020000040000fa
:0402f00030050000d5
:020000040000fa
:0402f40030050000d1
:020000040000fa
:0402f80030050000cd
:020000040000fa
:0402fc0030050000c9
:020000040000fa
:0403000030050000c4
:020000040000fa
:0403040030050000c0
:020000040000fa
:0403080030050000bc
:020000040000fa
:04030c0030050000b8
:020000040000fa
:0403100030050000b4
:020000040000fa
:0403140030050000b0
:020000040000fa
:0403180030050000ac
:020000040000fa
:04031c0030050000a8
:020000040000fa
:0403200030050000a4
:020000040000fa
:0403240030050000a0
:020000040000fa
:04032800300500009c
:020000040000fa
:04032c00e4040000e5
:020000040000fa
:040330003005000094
:020000040000fa
:040334003005000090
:020000040000fa
:04033800300500008c
:020000040000fa
:04033c003005000088
:020000040000fa
:040340003005000084
:020000040000fa
:040344003005000080
:020000040000fa
:04034800300500007c
:020000040000fa
:04034c003005000078
:020000040000fa
:040350003005000074
:020000040000fa
:040354003005000070
:020000040000fa
:04035800300500006c
:020000040000fa
:04035c003005000068
:020000040000fa
:040360003005000064
:020000040000fa
:040364003005000060
:020000040000fa
:04036800300500005c
:020000040000fa
:04036c003005000058
:020000040000fa
:040370003005000054
:020000040000fa
:040374003005000050
:020000040000fa
:04037800300500004c
:020000040000fa
:04037c003005000048
:020000040000fa
:040380003005000044
:020000040000fa
:040384003005000040
:020000040000fa
:04038800300500003c
:020000040000fa
:04038c003005000038
:020000040000fa
:040390003005000034
:020000040000fa
:040394003005000030
:020000040000fa
:04039800300500002c
:020000040000fa
:04039c003005000028
:020000040000fa
:0403a0003005000024
:020000040000fa
:0403a4003005000020
:020000040000fa
:0403a800300500001c
:020000040000fa
:0403ac003005000018
:020000040000fa
:0403b0003005000014
:020000040000fa
:0403b4003005000010
:020000040000fa
:0403b800300500000c
:020000040000fa
:0403bc003005000008
:020000040000fa
:0403c0003005000004
:020000040000fa
:0403c4003005000000
:020000040000fa
:0403c80030050000fc
:020000040000fa
:0403cc0030050000f8
:020000040000fa
:0403d00030050000f4
:020000040000fa
:0403d40030050000f0
:020000040000fa
:0403d80030050000ec
:020000040000fa
:0403dc0030050000e8
:020000040000fa
:0403e00030050000e4
:020000040000fa
:0403e40030050000e0
:020000040000fa
:0403e80030050000dc
:020000040000fa
:0403ec0030050000d8
:020000040000fa
:0403f00030050000d4
:020000040000fa
:0403f40030050000d0
:020000040000fa
:0403f80030050000cc
:020000040000fa
:0403fc0030050000c8
:020000040000fa
:10040000afc720000e7f22000e0188000000000010
:10041000000020000000e000020032000001200087
:100420002002880014000700400207000000e000de
:1004300003003a004072250001002000020037004e
:100440000000200001002000810f70000100320038
:1004500014000700000020000000e000020032004d
:10046000000002000000000016450200000000002d
:100470000040da000000fe004440a900a046200031
:100480000000e000030032000020200090018800fe
:100490004440a800000006008a1f78008b1f7800e7
:1004a00000000600a1028800800478000000eb0034
:1004b0001f003700e284440054a0b4009905ba003c
:1004c000e284440054a0b4009906ba00e2844400d7
:1004d00054a0b4000006eb00476fde00fd07b20039
:1004e000ae018800636ce10003003a00eaff0700f8
:1004f0000000eb000e003700606ce10008003a00dd
:10050000004deb000a05e800020039003420ec0041
:100510000af0a0008b05e900f9ff3e000400370057
:100520006168e100010032000086eb000b0007006b
:1005300019c7ba001905ba000e04e00003003a001a
:100540000a00e000dbff3a0000000600fe07b200f0
:10055000ae0288008a047800f5ff37000cd0a300b3
:10056000e20f4d001c00390089027800354dba00b9
:100570000a05e800020039003420ec000af0a0006f
:100580008b05e9000f003200254dba000a05e8008e
:10059000020039003420ec000af0a0008b05e900cd
:1005a000080032000c00e0000600320015cdba0051
:1005b0000a05e800020039003420ec000af0a0002f
:1005c0008b05e9008984e80054a0b4000b00e0002a
:1005d000e2ff3a00000006009902ba00055d7800cb
:1005e0008b05e900f7ff3200c82ade00055d7800c0
:1005f0008b05e900f3ff32000c00e000f1ff320050
:1006000019ddba00eeff37006c6204000000000044
:10061000da6504000000000024630400000000000c
:10062000dc630400000000004054040000000000ef
:1006300090540400000000009464040000000000d6
:10064000fa3f040000000000da150400000000007a
:10065000ae2e0400000000008c30040000000000fa
:10066000382f040000000000a82f04000000000044
:100670003c30040000000000000004000000000006
:10068000ae2e0400000000003600f800809fbe007f
:10069000829fbe00849fbe00869fbe000000fa00bd
:1006a0008020a9000000eb00ce3107000080fa0096
:1006b0004f03be004f02be004f01be004f00be0000
:1006c0003600f900004006003600f800809fbe00aa
:1006d000829fbe00849fbe00869fbe000000fa007d
:1006e000c73107008040a90010002000bd3107007d
:1006f0000080fa004f03be004f02be004f01be0053
:100700004f00be003600f900004006003600f80039
:10071000809fbe00829fbe00849fbe00869fbe0059
:100720000000fa008060a90020002000ad31070021
:100730000080fa004f03be004f02be004f01be0012
:100740004f00be003600f900004006003600f800f9
:10075000809fbe00829fbe00849fbe00869fbe0019
:100760000000fa008080a900300020009d310700c1
:100770000080fa004f03be004f02be004f01be00d2
:100780004f00be003600f900004006003600f800b9
:10079000809fbe00829fbe00849fbe00869fbe00d9
:1007a0000000fa00004c80000000e000020032006f
:1007b000004c800000000100b0c62000104078000e
:1007c0008040e800b0c6200001487800a0c62000a4
:1007d00011c0b300014878008500a9000080fa002c
:1007e0004f03be004f02be004f01be004f00be00cf
:1007f0003600f900004006003600f800809fbe0079
:10080000829fbe00849fbe00869fbe003200f8001b
:100810003400f80010002000a00188000020200013
:10082000900188000000fa002104800000002200ee
:10083000008060000000e00006003200204c8000d4
:100840000000e00002003200204c800000000100a7
:1008500085a0a9000080fa003400f9003200f900f8
:100860004f03be004f02be004f01be004f00be004e
:100870003600f900004006003600f800809fbe00f8
:10088000829fbe00849fbe00869fbe000000fa00cb
:10089000504c80000000e00002003200504c80000c
:1008a00000000100d0c62000104078008040e80021
:1008b000d0c6200001487800c0c6200011c0b30097
:1008c0000148780084e0a9000080fa004f03be00d0
:1008d0004f02be004f01be004f00be003600f900bf
:1008e000004006003600f800809fbe00829fbe00d8
:1008f000849fbe00869fbe000000fa00604c80000e
:100900000000e00002003200604c800000000100a6
:10091000f0c62000104078008040e800f0c62000bb
:1009200001487800e0c6200011c0b30001487800fb
:100930008460a9000080fa004f03be004f02be0091
:100940004f01be004f00be003600f9000040060017
:100950003600f800809fbe00829fbe00849fbe00cc
:10096000869fbe000000fa00b04b8000000001002e
:100970000080fa004f03be004f02be004f01be00d0
:100980004f00be003600f900004006003600f800b7
:10099000809fbe00829fbe00849fbe00869fbe00d7
:1009a0000000fa00c04b8000000001000080fa0047
:1009b0004f03be004f02be004f01be004f00be00fd
:1009c0003600f90000400600801f78000000fa00a1
:1009d00010118000620060000000e00001003200a1
:1009e0002222a9008c20a9000080fa004f00780084
:1009f000004006003600f800809fbe00829fbe00c7
:100a0000849fbe00869fbe000000fa00704c8000ec
:100a10000000e00002003200704c80000000010085
:100a200010c72000104078008040e80010c7200068
:100a30000148780000c7200011c0b30001487800c9
:100a40008760a9000080fa004f03be004f02be007d
:100a50004f01be004f00be003600f9000040060006
:100a60000040da000000fe000a00fa000000e0008a
:100a700037003a00b3638000e18f51000300320079
:100a8000e28f51000e003a000900370000222000da
:100a90000000e00001003a000040da002002e2001d
:100aa0000b0035002822ef0021e2a80008003700e3
:100ab000002320000000e00001003a000040da00be
:100ac0003002e200020035003822ef0031e2a800d7
:100ad000020078001a003700040a2000e18f51005c
:100ae0000b003a00030037000402e90002003a005c
:100af00003003700040a20002202ab00faff320094
:100b000014118000050037000402e90002003200e1
:100b10003202ab00fcff32009411800061026200df
:100b200009003200e18f510002003a0034118000c8
:100b300001003700b4118000845878000000e900fb
:100b40000000e000e4ff3a00000051000800370018
:100b500023002000b3bf9f00c0bf9f00d1bf9f00f4
:100b6000e2bf9f006a805700d51607006fb8970054
:100b70000080fa00000006000a00fa0011002000c0
:100b8000b1bf9f00c0bf9f006a805700ce1607000c
:100b90004fb897000080fa00000006000a00fa0033
:100ba000e20f500034003e00b0638000e10f5000bf
:100bb00003003200e20f500011003a000c00370031
:100bc000032220000300e00001003a000040da00a8
:100bd0002002e200020035002822ef0021e2a800f6
:100be0002342ab000d003a002342a8000b0037005f
:100bf000032320000300e00001003a000040da0077
:100c00003002e200020035003822ef0031e2a80095
:100c10003342ab0001003a003342a8008201780061
:100c20000b0037003102fb00e10f500004003a00d6
:100c30002322ab00feff3a00241188000300370096
:100c40003322ab00feff3a00a41188008301e900c3
:100c50000300e000f3ff3a00e10f500003003a0008
:100c60002302ab00feff32000b0037003302ab0063
:100c7000feff32000800370033002000b3bf9f00a2
:100c8000c0bf9f00d1bf9f00e2bf9f006a80570096
:100c90008f1607006fb99700020078000080fa00f5
:100ca00000000600889fbe0080047800c0638000ba
:100cb0000000e00005003a000000eb000e00070015
:100cc0000084eb000000e00008003500c8638000ed
:100cd0000900e0000500320009004400060007009a
:100ce0000000e00001003d000084eb0008007800f7
:100cf0004f04be0000000600800078000100e00004
:100d000003003a0000002000c063880000000500d6
:100d10000080eb0002002000828f500002003e00a5
:100d2000c16388000000eb00000006000000050021
:100d3000140020009a033700f4ff2f0098033700b7
:100d40000001be001c0007000470a70003f0a10012
:100d500003f8a30013003a006509b1001000320047
:100d6000090035006928e100020035000100280073
:100d70000000050000004000818048008502e90075
:100d8000fcff3a0000000600f88f42000500350025
:100d90008100d1000080d3008502e800fcff3a000a
:100da000000006008000eb00000005004f89de0017
:100db0008201780095033700c70ade00f107b20010
:100dc000f50fb20008003200e1cf4200020032000d
:100dd0000170a00024000500810f700001003200a6
:100de0000408050044000500810f700002003a006d
:100df000140005008502e9000000400081c04800a1
:100e0000fcff3b000170a000240005006022b80038
:100e1000060220000000d0008180d2000482d200af
:100e20008582d2000000a0000202520083825a0094
:100e3000030031000202420083824a000000a10048
:100e40000603e900f3ff3a000000060007f8270058
:100e5000078361000638e10004003a00f70720002c
:100e6000878361008703710001003a0003f0a2004c
:100e7000889fbe008a9fbe008c9fbe00470ade008e
:100e80000480a100c71ade000580a1000700280029
:100e90000785600087856100f70f20000720e100cb
:100ea0009e0032000728e1009c0032000106780015
:100eb0000400e000b4003200f707200087806000e3
:100ec0000170a0000500e000c0003200f70720001c
:100ed000878161000370a000050652000f003a00f0
:100ee0000b50e1000b0032000308e10002003a0061
:100ef0000200e1007e0032000204500083845800aa
:100f0000040031000001fd008101fd008402fd00ac
:100f10008a05fd006044b800210037000520e1008b
:100f200005003d000001fd008101fd008402fd007f
:100f30008a05fd00050652007a60e10005003500d3
:100f40000170a1004722dd00848070008a8070005b
:100f5000630037006044b800ef02660007ff2f000f
:100f6000070666000500e00006003400f08312006a
:100f70008714dd000511de00071bdd00060171008e
:100f80008519de007060e100050035000904780075
:100f900082047800030178008001eb00700656009f
:100fa0000b50e10003003a0002004000838048003b
:100fb0000400370060041400e0841c0002005800a4
:100fc000838058000188a300060032008100d10010
:100fd0000080d3008984d3000884d3000402e80091
:100fe000270037000178a30025003a000100e00047
:100ff000030032008186cf00698656000a00370060
:101000008c0020000000e00004003a000900780095
:10101000880478000004eb00700252008086cf0044
:101020000d0646000c06e9007060e1000600350080
:101030008000780009007800880478000004eb0044
:1010400070065600700252000c00e0000c003400e4
:101050008c08dd00f00316000703de0086807000b8
:101060000c00dd00074bde00060070008c4cdd003c
:101070000743de00868474000c44dd000c0252003d
:101080006120e100200035006101600007002800b8
:1010900087816400f7ff27008783640007037400db
:1010a0000300e000060032008203730004003200f7
:1010b0000000e800e08048000188a3000e003a002c
:1010c000f70f20000720e1004a003d000170a10059
:1010d0004722dd00810072008a8070000000be009f
:1010e0004f06be004f05be004f04be0000000600c4
:1010f0006000b800faff37008100d1000080d30003
:101100000402e800eeff3700040178008901740052
:10111000a10107008a807000f1ff3700f701070086
:10112000070278000001fd008101fd00f3010700c6
:1011300087027800850372000778a300040032005c
:101140000001fd008101fd0006020700e4ff3700f9
:10115000850362000768a300080032000b50e1001d
:1011600003003200f0ff2f00f1ff2700dcff370003
:101170000001fd008101fd00d9ff37000468a300d4
:10118000d7ff3200faff3700f8ff2700888360009e
:101190000b003a000000e00009003a0083036400fd
:1011a00082837300020032000200be00ccff3700d1
:1011b0000b50e100ceff3a000200be00c8ff37002e
:1011c00014002000810064003eff3700f8ff270074
:1011d0008883610004003a000200e00002003a0047
:1011e0008c007800beff37001500200083016400ea
:1011f00039ff370001f8270000002000810075004a
:10120000b7ff3700889fbe008a9fbe008c9fbe003c
:101210001b0020000202be000586680006002800b0
:10122000060666004709de00f20fb20082003200b7
:101230000243e80080003200c729de00f30fb2004d
:101240007d0032000343e8007b003200f107b2006a
:101250000170a000f507b2000570a000c708dd000e
:101260004903de00868070004700dd00c72add00ec
:101270004923de00868272004722dd00030551000b
:101280000403500085835800030031000000400033
:10129000818048000a05e9008c1f78008a9fbe0003
:1012a00004005000858058000402420085824a00f4
:1012b00000004000818048000005eb000004be00f3
:1012c0006033b8000406be000d48e100560031004e
:1012d000110009004dccd8000c01b8000d02b80077
:1012e0008481410060824a008283530003045c00d1
:1012f00084845c0060055d000a00e00025003a007f
:10130000800578000d40e100490031008800780038
:1013100007007800110009004d88d8000c01b800c2
:101320000d02b8008481410060824a006003110010
:1013300083835b0004045c00e0845c000900e0003f
:1013400021003a004f01be000300e0002b003200f4
:10135000e3016000070673008c8171000100320018
:10136000640070004200de004e5edd000c00700084
:10137000c258de0001e0a00083010700cf01780021
:10138000818071004f06be004f05be004f04be00b5
:10139000000006008c8343000d044c00e0844c00e8
:1013a00060054d000000e9000a00e000d4ff3200b3
:1013b0008c8343000d044c00e0844c0060054d001c
:1013c0000000e900ceff37000c0343008d834b0083
:1013d00060044c00e0844c000000e9000900e000db
:1013e000d8ff32000c0343008d834b0060044c0097
:1013f000e0844c000000e900d2ff37004200de002c
:101400004e5edd000c007000c258de0001e0a0005e
:10141000cf0178000300e000daff32006000100026
:10142000e0801800d7ff3700f0ff2f00aaff370039
:10143000f0ff2f00b9ff37000404be002f010700a2
:10144000870678000004fd008104fd002b010700e1
:10145000078366000678a300030032000960a70036
:101460000800be002c0037000d78a30002003200f7
:101470000800be00280037000778a30026003a00c5
:1014800001f0a10009f0a1000668a30003003200ea
:10149000f1ff2700f0ff2f00baff37000d68a3000f
:1014a000030032000800be008c807000b5ff3700da
:1014b0000768a30007003a000648a30003003200b3
:1014c000f1ff2700f0ff2f00aeff37000d48a3000b
:1014d000030032006000b8008c807000a9ff370064
:1014e0000748a3000400320001f827000000200094
:1014f0008c807000a3ff3700760107000004fd0018
:101500008104fd0002057800720107000802be0098
:101510008a01780059ff37000160a0001202200004
:10152000824c880097ff37000100e0001200320073
:101530000500e00010003200889fbe008a9fbe00b8
:101540008c9fbe000006eb0001f8a30003003200f0
:1015500060001000e08018000cf0a00005f8a30067
:101560000300320060021200e0821a000cf0a200b8
:101570008005eb0041ff37006000b8000200050065
:10158000038368000700280007036300470ade00a2
:101590000480a100c71ade000580a100f70f20001b
:1015a0000720e100420032000728e100400032003d
:1015b000889fbe008a9fbe008c1f7800f107b20092
:1015c000f307b2000400e000640032000170a000e4
:1015d0000500e000680032000370a00085054200ad
:1015e000eb07b1000204b8000302b8008484440091
:1015f00060854a00020ab800848444000a854a00d3
:10160000030ab80004054500040033000804d000b4
:101610008984d2000a85d2008b05e9006158e10077
:101620003d00350002102000090161000308200080
:1016300089816100f70720008783640008867300b2
:10164000c84cde00c853dd00878474004855de00b6
:101650000300e0000600320082037600040032003e
:101660008904e80060054d000a88a3000c003a00d8
:10167000f70f20000758e10044003d000a70a10068
:10168000c75ddd000a8575008a00730009007800d7
:101690004f0678004f05be004f04be000000060054
:1016a0000a05d1008984d3008b05e800f0ff3700dc
:1016b000881f780006047800900007000702780071
:1016c0000001fd008101fd008c0007008702780009
:1016d000850372000778a300050032000001fd00b9
:1016e0008101fd009f0007004f0478000000060004
:1016f000850372000748a30003003200f0ff2f00ab
:10170000f1ff2700f8ff37000000200001f8270054
:1017100088807000f4ff3700880178004848dd00b9
:10172000808171004848de00c850dd000100700073
:10173000c850de00060478000b0178001600070090
:1017400088807000d2ff37000500e00005003200fd
:10175000170020003a0007009dff3700810370004a
:10176000f9ff3a00860078004f0678004f05be006a
:101770004f04be000000050083037100f9ff320032
:10178000270020002e00070094ff370001f82700f3
:1017900086807000f4ff37000100e0002600320070
:1017a000610111007810e10023003c006022b800c4
:1017b0007010e1000400350080027800010078001c
:1017c0008000eb00700151000200e00009003400cd
:1017d00070031100062add00822ade008603dd0088
:1017e000878272000200de00860bdd0007007000b9
:1017f0008208de0084817100f4ff27000482620009
:10180000848171000400280084826200610260000b
:1018100005f0a600000006000482710007003200f7
:101820000000e800e0804800000006000002be0062
:101830006000b800efff37006000b800000006004d
:10184000889fbe000004eb006138e10016003a00fa
:101850000100e00008003a00c800de004800dd009a
:10186000880020000100e00003003a00c800de000c
:101870004800dd00680444008184cf00e9845400fe
:10188000060034008908dd00f08314008703de00c1
:10189000878070000900dd00090444006102140023
:1018a0004f04be00000006000300e00008003a00fc
:1018b000c811de004811dd00880020000300e000b0
:1018c00003003a00c811de004811dd00680444003e
:1018d0008384cf00e9845400060034008919dd00b8
:1018e000f08314008713de00878171000911dd0089
:1018f00009044400e1021400e9ff3700270020003a
:1019000001f0a70017002000470bde00f60fb20021
:10191000040032000643e8000a0032004702b30028
:101920000000060001037800f607b200060370000d
:1019300002003a000703b300000006008702b3006c
:101940000000060001037800f607b20006037000ed
:10195000020032000770a000000006000760a0002f
:10196000000006000478a300040032000578a300fc
:10197000030032000168a30001003a000200be002b
:101980000160a00000000600810170002700320005
:101990008002eb0001f8a300030032006000100099
:1019a000e080180015002000f40720000202420029
:1019b00020003400f70320008703600006042000a5
:1019c0000003630002082000000161004700de0000
:1019d000c909dd0000807100c708de000600e000d4
:1019e0000800320087037100060032001000b000ca
:1019f0000180b0000188a30002003200c108de00af
:101a00000402e800f107b200f30f20000320e10018
:101a100003003d004722dd008100720029003700ed
:101a200001f827000000eb00260037006000b80036
:101a300000000600680212007f20e100020034006e
:101a40006000b8001f0037006011b8007020e1008e
:101a50000400350080017800010078008000eb0070
:101a6000700252000400e00009003400f00312008c
:101a70000719dd008419de000703dd00868171008f
:101a80000400de00070bdd00060070008408de00a5
:101a9000f7ff270083836300870371000600280097
:101aa00003036300070032000700e00003003a0070
:101ab0006101600002817300020032001000b0007a
:101ac0000180b0000500a6000000060001f0a000a3
:101ad000000006004f0ade004709de00f107b200f1
:101ae000f20fb2000b003200f207b1000170a0004b
:101af000c708dd00c901de00838070004700dd00fb
:101b00000400a6000000060060001000e08018003d
:101b100000000600810f700001003a00000006007e
:101b20008182cf000500e00010003e008082cf00df
:101b3000ee8242007028e1000400390007003e00f8
:101b4000800078000000eb000e0037007083120068
:101b50008600de000500dd000a00370070835200b9
:101b60008600dd000000eb0006003700e282520034
:101b70008508dd00708312000603de008680700099
:101b80000500dd007507b0000501ea000400a600ad
:101b90000000060060001000e08018000000060051
:101ba000889fbe008a9fbe00841f78007c000700cb
:101bb0004f00780011003300f0ff2f00838f6c007e
:101bc00006003b00040565000a00a7000800370076
:101bd00009f0a6001000200008003700820f540012
:101be000838f5c00030039001000200001003e00dc
:101bf0000000200009f0a7000000ea004f05be0029
:101c00004f04be000000e00000000600881f7800be
:101c1000030478000300e00007003d0060001000ae
:101c2000e080180060011900e081190002003b000b
:101c300001f02d00030037000400070008f0a700a2
:101c400001f0a0004f04780000000600889fbe004d
:101c50008a9fbe000082700004027100048271003d
:101c6000260032000004be000200be006011b80071
:101c70006b092000950220000182cf000a00390084
:101c80000541b1000082cf00070039000541b100d5
:101c90000982cf00040039000541b1000882cf005d
:101ca000010039000541b100054252001200320026
:101cb0000a003b0082817100610164008100d10053
:101cc0000080d3008984d3000884d3008b05e8000a
:101cd0000442e800f7ff3a00070037000804440018
:101ce00089844c0000004800818048008b05e90091
:101cf0000442e900f9ff3a00030007004f05be0067
:101d00004f04be00000006008100200061805500e5
:101d10000b003d000b00200061fe2f000100e100e0
:101d20001d00340082817100610164008904d100ca
:101d30000884d3000000e800faff3a007100200098
:101d400061006400030070000200600009003200be
:101d500061044400e0844c000988a50005003200bd
:101d60008b05e8006808e10002003a008904d10010
:101d70000884d300f20f20000258e10005003d0066
:101d8000c75ddd00f907b2008980750008007800a2
:101d9000000006000bf827008b007800000005000b
:101da0000004be0004fc07000003be000405be00e2
:101db0000200be0000fc0700844f75000000060012
:101dc0000800fa00889fbe000004be000001be00ab
:101dd0008300780001f0a10008007800a4fd200035
:101de00095f42300840f5000858f580018003e00a2
:101df000f2ff2f00f3972300820f5000838f5800cb
:101e000011003e00f2ff2f00f3072000820f500068
:101e1000838f580005003e00020020000338200098
:101e20000800be00d6fd07000400370002002000b5
:101e300003b827000800be000dfc0700c0bf9f00cc
:101e4000d1bf9f00710037000800be006800370056
:101e50004f49de0003002000143d2500b507240093
:101e6000840f5000858f58001f003e0034be2c00a8
:101e700065012400840f5000858f58000e003e003d
:101e80000200e00005003200b2fd200093fc2300b8
:101e90000800be00f6fb070059003700b2fd200025
:101ea00093fc23000800be00e8fb07005b0007006e
:101eb0000004be00550037000200e00005003200bb
:101ec000b2fd2000930424000800be00e8fb0700d8
:101ed00046003700b2fd2000930424000800be0035
:101ee000dafb070041003700541d2300250e2400b3
:101ef000840f5000858f58001d003e00f4dd2e0039
:101f0000f50a2400840f5000858f58000c003e0015
:101f10000200e0000500320042be2c0063092400ec
:101f20000800be00d2fb0700e0ff370042be2c00d5
:101f3000630924000800be00c4fb0700300037001e
:101f40000200e00005003200b2fd2000930c2400e6
:101f50000800be00c6fb070025003700b2fd2000c8
:101f6000930c24000800be00b8fb070020003700d7
:101f7000f2ff2f00f3f72700820f5000838f5800e5
:101f8000040036000801be000800be00affb0700d9
:101f9000c7ff37006c8157000800be004d000700e6
:101fa0006011b80063016000e10f5100e08f59003b
:101fb00009003200e20f5100e08f590009003200a1
:101fc000e00f5100e08f59000b003a002fb8970046
:101fd000bfb89700060037002fb89700bfb897002a
:101fe000b2ff37002fb89700bfb8970001f0a200ea
:101ff00091000700aeff37002fb89700bfb89700d9
:10200000060007000004be0009f0a2000800be00a0
:102010004f04be000080fa0000000600889fbe004a
:102020008a9fbe008c9fbe000001be0054fd0700c9
:102030000004be000001be0051fd07000005be0007
:102040000200200003f02b000800be004cfd07003a
:102050000200200003f8230085fb07000006be00f5
:10206000f2a92a00a3d223000a00be0044fd070003
:102070000001be000c00be007dfb07000006be0094
:102080000801be000a00be003dfd07000005be00bd
:1020900072a12900c37c23000800be0038fd0700a0
:1020a000f243200063ab230068fb07000001be0081
:1020b0000a00be0032fd07000001be000c00be0099
:1020c0006bfb07004f06be004f05be004f04be006d
:1020d000000006000800fa00889fbe008a9fbe002c
:1020e0008c9fbe000005be00020478000001be0007
:1020f0008300780001f0a1000a007800a2fd200012
:1021000093dc2400820f5000838f58001d003e0096
:1021100032982f0023f223000a00be0018fd0700aa
:102120000200200003b4240051fb0700020020003d
:1021300003b4240045fb07000006be00ae110700f3
:1021400080047800a2fd200093fc23000c00be0058
:102150000bfd07000001be000a00be003bfb0700ac
:102160000005be00325a2800832823000c00be0060
:1021700003fd07000001be000a00be0033fb07009c
:1021800026003700f2ff2f00f3f72700820f5000e0
:10219000838f5800060036000a01be000a00be0008
:1021a0002afb0700008cbe008004eb001c003700f7
:1021b0000a00be00500007000005be0032982f0044
:1021c00023f22300eefc07000200200003f02300ae
:1021d00027fb07005f1107000203be000002be00dc
:1021e000e4b79f00f5b79f0086bf9f0097bf9f0091
:1021f00086fe070032982f0023f2230001fc07001f
:102200000001be000a00be0010fb07006000b8001d
:102210002004980031049800efb49700008cbe00b1
:10222000090078004f06be004f05be004f04be00f7
:102230000080fa0000000600889fbe008a9fbe0052
:102240008c9fbe000005be000001be00ccfc070054
:102250000004be000a01be00c9fc07000006be0063
:102260004288280083c023000800be00c4fc070089
:10227000b2aa2a00a3e22300f4fa07000001be007c
:102280000c00be00befc07000001be000a00be003c
:10229000f7fa07000005be000801be000800be00f6
:1022a000b7fc07000001be000c00be00b4fc070034
:1022b0000006be00c2c32600636323000800be0000
:1022c000affc0700f27c200003952300dffa070033
:1022d0000001be000c00be00a9fc07000001be000a
:1022e0000a00be00e2fa07004f06be004f05be001e
:1022f0004f04be00000006006022b8006033b80042
:102300000002be00f0ff2f00f1ff2f00f2ff2f00b0
:10231000f3ff270000006200818062000201630079
:1023200083816300000006000000fa006881570006
:10233000cfb897001b0207000080fa0000000600db
:102340003f000700970007004801070070010700e1
:10235000c90007007a020700250237000000fa00d2
:1023600068815700cfb89700130207000080fa0079
:10237000000006009c04070053050700ed05070058
:1023800003060700a6053700800178000200370029
:10239000b15978000201e9000200e000fcff3a00b8
:1023a00000000600810178000002780030417800ca
:1023b000b14f510002003a000204e000f9ff3a0078
:1023c0009480fb001380fb0000805000000006009a
:1023d0008001eb000200e0001000320000027800f3
:1023e00001037800b44178000304e00008003200e3
:1023f000b14278000504e00005003200820340008d
:10240000848f53000200320085cf5100f4ff320068
:102410008381fb001680fb0080815100030078005f
:1024200000000600881f780000047800080078008b
:10243000270a0700080078004f0478000000060013
:10244000ec874700889fbe008a9fbe008c9fbe001d
:102450008e1f7800000678000104780018079000ad
:102460002805900098067800cdb79f00b805900029
:102470003202be002203be000400be000601be0000
:102480004f18de006011b8008000eb00d0b79f004d
:10249000e1b79f00f2b79f0083bf9f0080047800e0
:1024a0000900e000060032006000b8006011b800ca
:1024b00004025000858258000603590087835900a2
:1024c0000e00e000020035000d10a100cdb79f0006
:1024d0000900e00005003a004fb097000028a30073
:1024e00002003a000038a300020032008a00e9002e
:1024f000010037008a007800f8815700a200200010
:1025000008007800860007000900e00003003a0098
:10251000cfb097000128a300080032000000e900b6
:1025200000814500b1c2b3000900e00001003200a3
:10253000d1c2b30001497800050037000138a3007b
:10254000030032000000e90001c2b3008175780089
:10255000480190000201e90000015100808045001f
:102560004fb297008a0178000c0078003f02070004
:102570009c0090000188a3000400320098009000a5
:10258000810f500001003d00010078004f077800e6
:102590004f06be004f05be004f04be00cf00b10085
:1025a000000006000200fa00889fbe008a9fbe005d
:1025b000800578000104780002007800180190007e
:1025c0002805900098007800b1bf9f00b8049000e3
:1025d0000200e000020035000110a100b1bf9f0021
:1025e000ea815700820020008a0078003002be0095
:1025f0002003be0008007800490007003fb997009b
:10260000f0006100030032000000e90001c3b300e4
:10261000817478003fb99700e80061000300320040
:102620000000e90001c2b300817478004801900005
:102630000201e90000015100808044003fba970088
:102640008a0178000b007800080207009b009000c8
:102650000188a3000400320098009000810f500010
:1026600001003d00010078004f05be004f04be0090
:102670000080fa0000000600ea874700889fbe003d
:102680008a9fbe008e1f7800000478000300780047
:102690007287570084e2260055c72600049fbe00bb
:1026a000c3962200030f78006c875700004feb00a1
:1026b00011059000a1049000910578000200e0004f
:1026c00002003200020778000100370072875700cd
:1026d0000000e00002003a000e007800b109070097
:1026e0000a00e000030035008a0f500001003600a8
:1026f0000a0078000b027800890178000001780058
:102700008e00780008007800d80107004f07780095
:102710004f05be004f04be00af00b1000000060030
:10272000f4874700889fbe008a9fbe008c9fbe0032
:102730008e1f78000605be000404be0081bf9f0006
:1027400082b79f00f3b79f00b0009000e1b79f00f1
:102750001301780092b79f0090069000400090000f
:102760000000e900000678000d00e00001003d00d7
:102770001d0020008040eb00efb1970081717800d0
:102780001e0020001f0037000c06e9000fb0970064
:10279000cf80de006109b900a0b79f00b1b79f00ec
:1027a000c2b79f00d3b79f000203be000002be0065
:1027b0000800be000a01be000111070000077800f2
:1027c0000e4078000043b000efb0970080707e00ac
:1027d0008d06e9000fb997000201e90082bf9f0052
:1027e0002fb29700bfb297004fb39700dfb39700a7
:1027f0000800be000a01be00ea1007000205be0084
:102800000004be000c00e0000d003400e00f540096
:10281000e08f5c00e00f5d00e08f5d00daff3a00c2
:102820000d00e000d8ff3c008fb997000300e000e6
:10283000030034001fb097000018a300d2ff3a0035
:102840000e00e00002003a00ffb097001140a10026
:102850000c0078004f0778004f06be004f05be0001
:102860004f04be004f01b100000006000200fa0054
:10287000889fbe008a9fbe00000578000104780092
:102880000200780018019000a804900098007800d9
:10289000b1bf9f00b80590000200e00002003500c3
:1028a0000110a100b1bf9f00ea815700a2002000e3
:1028b000890078003002be002003be0008007800c6
:1028c00097ff0700480190000201e9000001510054
:1028d000808045003fba9700890178000a0078009f
:1028e000620107009a0090000188a30004003200f2
:1028f00098009000810f500001003d000100780019
:102900004f05be004f04be000080fa000000060024
:10291000fa874700889fbe008a9fbe008c9fbe003a
:102920008e1f78008004780001047800820578000a
:10293000180190002805900018077800b800900052
:102940000200e000020035000e10a1000100370077
:102950001200200070006700e0b79f0009003200fd
:102960003b02be002b03be00e00f5200e08f5a0076
:10297000e00f5b00e08f5b00020032008a86e90016
:10298000010037008a067800e8026700f5b79f006b
:10299000010032008d06e9003b02be002b03be00a1
:1029a000e4af9f00f5af9f0086b79f0097b79f00e9
:1029b000480690000c06e9000040eb0080707e00a5
:1029c000efb297007fb29700890378008104780006
:1029d000d8af9f00020478008bbf9f008a05780063
:1029e000034578002a0037000c06e9006fab97001a
:1029f0006f006300e90f500002003c000003b000cc
:102a0000010037007005b0000a03fb001604b10096
:102a1000f90f53000c003e00000378000650a000a0
:102a20001606b100f90f530007003e00b4b79f002f
:102a3000a5b79f00c7b79f0034090700cfb3970021
:102a4000afb297003fb2970080747e000804e9009f
:102a50008d06e9006fa89700ffa897000fb19700b7
:102a60009fb19700460020008301d1000281d3006e
:102a70008180d3000080d3000603e900faff3a000a
:102a8000e0af9f00f1af9f0082b79f0093b79f0018
:102a9000e10f56000f0034006fa89700ffa89700c1
:102aa0000fb197009fb19700e00f5000e08f5800e2
:102ab000e00f5900e08f5900cbff3a000800e0001a
:102ac000c9ff3c000d00e000020034000e18a30016
:102ad000c5ff3a0089007800f4b79f0087047800aa
:102ae0005fac97008a4178000b0578008fbd970096
:102af0000500e000100032003b02be002b03be00c8
:102b0000e4af9f00f5af9f0086b79f0097b79f0087
:102b1000e00f5200e08f5a00e00f5b00e08f5b0097
:102b2000050032000c06e90083707e000c06e90007
:102b300000c3b30080707e00ffb297000500e00084
:102b4000030032000c06e90000c2b30080707e0072
:102b5000480190000201e9000c0151008c80400006
:102b60000e0278008a01780009007800bf00070093
:102b7000990090000188a3000400320098009000a2
:102b8000810f500001003d00010078004f077800e0
:102b90004f06be004f05be004f04be00af01b1009e
:102ba000000006008201780001017800f1ff270093
:102bb000eb083700960637003c00fa008f017800da
:102bc000c303b1001d0009008019eb00c0a79f00de
:102bd00080b79f00a05d2100b0b79f0040fc2f0090
:102be0000f004000d00807000080fa000000060037
:102bf00084082000848f50001d0032000d003c002e
:102c000014082000848f50002700320002003c008e
:102c1000040820000400370024082000848f50009e
:102c20003400320044082000848f500043003a00f2
:102c300036003700040a2000848f5000270032003d
:102c400004003c0004092000848f50003b003a003f
:102c500028003700020c2000828f50002f00320025
:102c6000020f2000828f500034003a002b00370002
:102c70009380e9000200e00005003200810978003d
:102c80001102fb00cfa2de00612bb9002800370043
:102c900081097800114278000482fb008002eb0079
:102ca0006033b8002200370013027800e4005200bd
:102cb0000200e00005003200810978001102be0028
:102cc0004fabde00860378001900370081097800d9
:102cd0001102be006033b800150037009380e90090
:102ce0008109780011027800cfa2de00612bb900c3
:102cf0000f00370093027800e880520081097800c5
:102d00003102be002103be00090037009380e900b4
:102d10000200e00002003200f1ff37009380e9007a
:102d200081097800110278008002eb006033b8005e
:102d30000498be000690be001000050000000500cb
:102d400044082000848f50002500320008003c0019
:102d500014082000848f5000140032002408200042
:102d6000848f500024003200040820000c0037003b
:102d700004092000848f50001f00320004003c0032
:102d800084082000848f500024003a000e00370091
:102d9000040a2000848f500011003200040c20002f
:102da000848f50001d003a000d0037009380e90029
:102db000810978009100780001087800cf91de0049
:102dc0008288be00140037009380e90081097800f2
:102dd0009100780001087800824878000e003700e2
:102de0009380e9008109780091007800010878005b
:102df00082087800080037009380e9008109780094
:102e000091007800010878006112b900612bb900c7
:102e10008498be008690be001000050000000500ea
:102e2000889fbe000004780048009000820478006b
:102e3000808f54000100360080047800090178007a
:102e40005800900050fd0700580090000900400015
:102e500050049800c80090008984500049049800ec
:102e60000048eb004f04be0000000600f287470058
:102e7000889fbe008a9fbe008c9fbe008e1f780078
:102e8000800478000105780002047800830578004a
:102e90006107620002003a008b0f540008003900fd
:102ea000080178008a00780009007800ad0b07005f
:102eb0008b0f540002003900880578001e0037008f
:102ec000088655000c017800f00f5600010036000e
:102ed00002012000010220007e8057005b060700ef
:102ee0008c0678000500370002012000fe805700a4
:102ef000090078009b0b0700f0865600ef8f560004
:102f0000f9ff3e004461de0000ff2f000091b90090
:102f100002014600fe80570009007800910b07006f
:102f20000e00e00004003a00080178008a007800f2
:102f3000090078008b0b07000b0078004f07780022
:102f40004f06be004f05be004f04be002f01b1006a
:102f5000000006000000050000000500000005005c
:102f6000000178000040eb008080fb008180400081
:102f7000a3c3200063c278000404e00003003a0009
:102f8000b0c3200060c07800000006009201780005
:102f9000934f520004003a00b0c3200060c0780094
:102fa0000309e800010037000040e800ea4f500044
:102fb000edff360000000600f6874700889fbe0040
:102fc0008a9fbe008c9fbe008e1f7800000578008f
:102fd0000104780083057800040678000000eb0007
:102fe000c0b79f008080eb00d1b79f00e0b79f0083
:102ff000f2b79f000008200080bf9f009800780073
:10300000010078008004eb00010037008904e8002b
:10301000304178000204e0000300320053c2b300e4
:10302000834f5100f9ff3a000900e000040032002c
:10303000090178000a0078004a0b0700188c440048
:103040001807780050c2b3009e4f10003f013a00ad
:103050000e07e8000e0c780010003700cfb0970084
:103060000100a0000b003700cfb097000110a000b6
:1030700008003700cfb097000120a00005003700fe
:10308000cfb097000130a00002003700cfb097000a
:103090000140a000c1b79f00000ce80018007800b4
:1030a00090407800b2c2b30082cf5000f1ff3200ee
:1030b00007003c0002c2b30082cf5000f0ff320094
:1030c00032c2b30082cf500007003a00efff370052
:1030d000d2c2b30082cf5000e0ff320002c3b3007f
:1030e00082cf5000e0ff3200a2c2b30082cf500076
:1030f0000d003a00000ce8001c80e900000e78008a
:1031000010007800e0b79f000000e0000f003d00d5
:10311000cfb097000100a200c1b79f000000ea00f5
:10312000e0b79f000900370065050700e0b79f0082
:1031300001003700000ce800180078009000fb0048
:103140000103b100e98f5000faff36004fb097003d
:103150000008a300020032000010a100c0b79f00c9
:1031600018007800e1c2b30090cf100016003a00ba
:103170008000eb00d1b79f000000e800000c780051
:10318000a1c2b30090cf100006003a00000ce80086
:103190001c80e900000e780010007800d0b79f0076
:1031a0000900370046050700d0b79f00010037002f
:1031b000000ce800180078009000fb000103b1004b
:1031c000e98f5000faff36000800780064ff07001e
:1031d00080467800180078001000fb0044070700c4
:1031e00091062000810f50003800320012003c0090
:1031f00041062000810f5000340032000a003c00dc
:1032000011062000810f50002000320031062000fe
:10321000810f5000a000320051022000810f5000a9
:10322000bc003a00b400370071062000810f500046
:10323000b8003c008800370001072000810f5000d3
:103240005c00320007003c00e1062000810f5000c6
:103250007a003200f1062000810f5000ad003a00e4
:103260003900370051072000810f5000270032003d
:1032700081072000810f50004200320031072000fa
:10328000810f5000a3003a008f0037008d80fb00b3
:103290000c01780000fe2f000f00400055070700ca
:1032a0000000e000a800320018007800000ce800e0
:1032b0009041780002fe2f000f014100f880570076
:1032c0000a00780024ff07000e0037008d80fb0005
:1032d0008c0178001200200000fe2f000f0040003b
:1032e00043fe07000000e00097003200180ce800e1
:1032f00002fe2f000f014100f88057000a007800fd
:103300004ffc070080844400900037008d80fb0054
:103310008c0178000001eb0000fe2f000f00400040
:1033200033fe07000000e00087003200180ce800c0
:1033300002fe2f000f014100f88057000a007800bc
:103340004afd0700efff37008d80fb008c017800fd
:103350000001eb0000fe2f000f00400024fe0700dc
:103360000000e00078003200180ce80002fe2f0098
:103370000f014100f88057000a00780089fc07001f
:10338000e0ff37008d80fb008c0178000001eb002e
:1033900000fe2f000f00400015fe07000000e000b7
:1033a0006900320018007800000ce80090417800b5
:1033b0001c0037008c0178000001eb00010f200099
:1033c00000fe2f000f00400009fe07000000e00093
:1033d0005d003200180ce8000fb097009fb0970016
:1033e0002fb19700bfb19700e00f5000e08f580059
:1033f000e00f5900e08f590009003a00cfb597005f
:103400006fb4970020c32000660607000b02780007
:10341000880178000001780021c3200047003700b0
:1034200083c7b30002fe2f000f014100f880570050
:103430000a00780036fd0700b2ff37000b81440018
:103440008d80fb008c01780000fe2f000f004000f3
:103450003bfe07003c0037008d80fb000c0178002c
:1034600000fe2f000f004000e20607000000e00011
:103470003500320018007800000ce8009041780018
:1034800002fe2f000f014100f88057000a0078006b
:10349000b1fe07009bff370000c8b30080cf560085
:1034a00029003a00180ce8001c80e900000e7800a2
:1034b00010407800e0df9f0013002000e2fd2f00a5
:1034c0000f0141000800370000c8b30080cf56004c
:1034d0001d003a00180ce8001c80e900000e78007e
:1034e0008001eb0010017800f88057000a00780096
:1034f00061fc070083ff370000c8b30080cf56008f
:1035000011003a00180ce8004fb29700efb1970095
:10351000080037000e0c78000000eb00c0b79f00d9
:10352000e0b79f000080eb00d0b79f000002eb00e7
:10353000840178001200200081c320000a00780076
:103540004afe07006fff3700180ce80009007800fa
:103550004f0778004f06be004f05be004f04be0067
:103560006f01b100000006008200fa00889fbe00d3
:103570008a1f78000005780082047800c13f9f0010
:103580000004eb0010003700090278008801780081
:10359000a2f72f000f01410081f72f008f8040001c
:1035a0000a00780084fe070008004000880f5000e1
:1035b00004003d00b0042000906388000084eb000c
:1035c00004003700000478004f3897001004e00032
:1035d000edff3a00080078004f0578004f04be0068
:1035e0000080fa00000006000200fa00889fbe007a
:1035f0008104780082007800030178003104900093
:10360000f3060700e10f40000b003200a20020008b
:10361000e68057000800780027060700809cbe005f
:103620008294be0010002000dfb89700810f540084
:1036300001003a00e0ff2f004f04be000080fa00b6
:1036400000000600ea874700889fbe008a9fbe00f0
:103650008c9fbe008e1f7800000478000105780062
:1036600083bf9f00a205900042009000e0b79f003a
:10367000b2049000830078001106780008007800fa
:10368000bb0107008fb897008c0840000b00e000da
:1036900004003a006fb097000000e900f0b79f0007
:1036a00001003700fbb79f00ad0020000007eb00d2
:1036b0001b00370078089000b8109000810f500070
:1036c00003003100b085fb00700c98000800370043
:1036d00008007800e604070080057800e18f4500c7
:1036e00003003a000c00e0005c003c006f00370073
:1036f0000c00e0000c003a00b0022000808f550062
:1037000003003200d0022000808f550006003a00ee
:103710008b4c78008fb897009108e8001e002000bd
:103720000e067800460037008e0f560029003a003a
:103730000c07e800ea8f560004003a00000320005e
:10374000808f550022003a001f003700e88f560096
:103750001f003a008b0078000150a0008007200075
:10376000808f50001a003a00f8089000381090003e
:10377000808f5000030031003180fb00710c9800f5
:103780000200370008007800b9040700b810900064
:103790000100e00003003200f80890008100e90019
:1037a000710c9800ec0307000000e00013003200e9
:1037b0008b747e000fb897001008e8000e067800a2
:1037c0000d0120001e0037008d0020000100370091
:1037d0000007eb0000fd2f000b004000e90f500038
:1037e0000d003600f08f560004003a000b00780000
:1037f000d90307000000e0000d003a0038109000e7
:103800000000e00015003200780890000000e90098
:10381000700c980011003700e88f560004003a0041
:1038200070032000808f550001003400ad0020009f
:103830008b747e000c06e8008fb897009108e800b2
:103840007fb09700800f560004003d00efb0970056
:103850000100e900800f560096ff35000040eb00a4
:1038600080747e00ea8f560005003a000d01780052
:10387000f6805700090078008f0507000400370024
:103880000d017800f68057000900780086050700d2
:10389000009dbe000295be001b0020005fb0970097
:1038a000808f540001003a00ebff2f000b007800de
:1038b0004f0778004f06be004f05be004f04be0004
:1038c000af00b10000000600e6874700889fbe00f9
:1038d0008a9fbe008c9fbe008e1f78000004780077
:1038e000010578000306780022079000420090004e
:1038f00080bf9f00b20490009c057800080078000b
:103900001b0107000b0e40000e00e00002003a0011
:103910008fb897000107e900890678008005eb0061
:103920001c003700f808900038109000808f50007d
:10393000030031003180fb00710c98000700370054
:10394000080078004a040700e10f400003003a0035
:103950000b00e00015003c002100370001fd2f00a6
:1039600080804000e78f500007003600381090003c
:103970000000e0000d003200780890000000e9002f
:10398000700c980009003700805e78008b05e80015
:103990001c0ee8008e8f550004003d008fb8970084
:1039a0000100e900808f5500deff35000040eb008c
:1039b00080f47d0082002000f2805700090078002a
:1039c00039050700009dbe000295be0010002000d2
:1039d000ffb09700818f540001003a00e0ff2f00f4
:1039e0004f0778004f06be004f05be004f04be00d3
:1039f0006f00b10000000600800078001000200079
:103a000002022000828f500004003200e980500042
:103a1000e48f5000010036000000eb0000000600bb
:103a2000889fbe008a9fbe008c9fbe008e1f7800bc
:103a30000004be000205be00840678000a00e00013
:103a4000040032001b06780008007800c800070058
:103a50008c0d4000290790008004eb002100370006
:103a600078089000b8109000810f500003003100da
:103a70003086fb00700c98000800370008007800c2
:103a8000fb03070000067800e10f460003003a0040
:103a90000900e00017003a00200037000a00e000ab
:103aa0000b0032000c007800d3ff07000000e0009c
:103ab00007003200381090000000e0000d003200d6
:103ac000780890000000e900700c980009003700a9
:103ad0000d00e000010032008cf67c008904e80053
:103ae0009b0de8000e00e000ddff32008e8f5400d9
:103af000dbff35000d00e000040032000a00e000aa
:103b0000020032000040eb0080f67c0009f0a700c4
:103b10008904ea000906ea004f66de000c0078001e
:103b20004f0778004f06be004f05be004f04be0091
:103b3000000006000200fa00889fbe0081047800a1
:103b4000820078000301780031049000a00507008e
:103b5000e10f40000b003200a2002000e680570079
:103b600008007800d0040700809cbe008294be004c
:103b700010002000dfb89700810f540001003a00c8
:103b8000e0ff2f004f04be000080fa000000060096
:103b9000e8874700889fbe008a9fbe008c9fbe00ba
:103ba0008e1f7800000478000105780083067800f5
:103bb000a205900042009000f0b79f00b204900070
:103bc0001d06780008007800690007008c0e400090
:103bd0000b00e00004003a00ffb097008100e9000c
:103be00081bf9f00010037008bbf9f00090778004d
:103bf0000006eb003900370078089000b8109000fc
:103c0000810f500003003100b085fb00700c98005c
:103c10000800370008007800950307008005780049
:103c2000e18f450003003a000c00e00032003c0048
:103c30003e0037000b007800c70207000000e000dc
:103c400023003a00e10f56001a003a000b007800fa
:103c5000a704070081072000810f500015003a00db
:103c600000c3b300994f100012003a00f80890000a
:103c700038109000808f5000030031003180fb002d
:103c8000710c9800020037000800780078030700e4
:103c9000b81090000100e00003003200f808900026
:103ca0008100e900710c9800ab0207000000e00001
:103cb00007003a00381090000000e0000e003200cb
:103cc000780890000000e900700c98000a003700a6
:103cd0000b5f78000c06e8009d0ee8000fb8970017
:103ce000800f560004003d00ffb097000100e9007e
:103cf000800f5600c0ff35000040eb0080747e004e
:103d000002012000f48057000900780066040700d3
:103d1000009dbe000295be001b0020006fb0970002
:103d2000808f540001003a00ebff2f000b00780059
:103d30004f0778004f06be004f05be004f04be007f
:103d40008f00b10000000600800078001000200005
:103d500002022000828f500004003200e9805000ef
:103d6000e48f5000010036000000eb000000060068
:103d7000889fbe00000478008004eb000b00370031
:103d8000f1ff07000000e00007003a003810900043
:103d90000000e00010003200780890000000e90008
:103da000700c98000c0037008904e800f8089000b7
:103db00038109000808f5000030031003180fb00ec
:103dc000710c9800eeff3700080078002803070008
:103dd000e10f4000eaff3a00090078004f04be00fe
:103de00000000600889fbe008a1f78000004be0005
:103df000190078001000fb00d3ff07000005eb005e
:103e00000000e0000900320008007800d8ff070039
:103e1000000578001900e800800c78001000fb0015
:103e2000c9ff07000000e000faff3a000a0078002e
:103e30004f0578004f04be00000006001801fa008c
:103e4000889fbe008a9fbe008c9fbe000005780040
:103e500001047800830578000406780068004700b4
:103e6000040009000018eb00720798000008200009
:103e7000000f9800880078000a007800d9ff07003a
:103e800080067800190037007a089000ba10900078
:103e9000810f500003003100b084fb00700d9800ca
:103ea000050037000a007800f1020700800478005e
:103eb000e18f440007003200180078001000fb007a
:103ec000808f5400030032003a109000e9ff2f0069
:103ed000110137009b0de800180ce80088007800fd
:103ee0000a007800bfff07008086460018007800af
:103ef000904078000104e0000300320052c2b30099
:103f000082cf5000e0ff3a009b8d460051c2b300c3
:103f100090cf10008f013a000000e800000c7800fc
:103f20008000eb006107980081067800a1c2b30011
:103f300090cf100002003a00000ce8001d002000a5
:103f400018007800de010700600798006102b900e0
:103f5000612bb9000a007800a002070001003700b9
:103f6000000ce800180078009000fb000103b1008d
:103f7000e98f5000faff360008007800f8fb0700d0
:103f800040579a00180078001000fb00d803070083
:103f900091062000810f50003a00320015003c00cd
:103fa00031062000810f5000a20032000a003c00c0
:103fb000b1052000810f5000dd0032001106200005
:103fc000810f50008900320051022000810f500003
:103fd0005f013a00bb00370041062000810f50000e
:103fe0001900320071062000810f500058013c007a
:103ff0007e00370001072000810f50005b00320077
:1040000007003c00e1062000810f500067003200ed
:10401000f1062000810f50004d013a0033003700b7
:1040200051072000810f50002a0032008107200034
:10403000810f50003e00320031072000810f5000f8
:1040400043013a008e0037008b0178006801470079
:104050008e0078000a00780063fd07008004780075
:104060000900e0003e013500180ce8008004eb0078
:104070000d00e0003a013a004e5192008280fb00b0
:104080000e0037008b017800680147008e00780031
:104090000a0078006bfd0700800478000900e0004a
:1040a0002f013500180ce8008004eb000d00e00043
:1040b0002b013a004e5092008080fb008c0178006a
:1040c000120020000e007800080407008004780029
:1040d000230137008b017800680147008e007800cb
:1040e0000a00780093fe0700160037008b01780065
:1040f000680147008e0078000a007800f2fd070092
:10410000800478000900e00015013500180ce80073
:104110008004eb000d00e00011013a004e509200c7
:104120008080fb008c01780009017800e5ff3700f2
:104130008b017800680147008e0078000a00780043
:1041400093fe0700800478000900e00004013500b8
:10415000180ce8008004eb000d00e00000013a00bc
:104160004e5192008280fb00eeff37008b017800f9
:10417000680147008e0078000a00780084fe07007e
:10418000800478000900e000f5003500180ce80014
:104190008004eb000d00e000f1003a008c01780093
:1041a00009017800010f2000c6ff3700180ce80055
:1041b0001b007800cf80de006109b900009fbe00bf
:1041c0000297be008004eb000d00e000e4003a001e
:1041d0004e5092008080fb008c017800090178002d
:1041e0000e007800c1030700dd0037008b01780066
:1041f000680147008e0078000a007800de000700a2
:10420000800478000900e000d5003500180ce800b3
:104210008004eb000d00e000d1003a004e51920006
:104220008280fb000c0178000e00780090030700ec
:10423000a6ff370000c8b300ce50920080cf5000d8
:10424000c3003a006e0090000000e00002003a0057
:104250001000200060079800180ce8000002eb0036
:104260000d00e00003003a001c80e900000e780019
:10427000100278008b0178000001eb000d00370080
:1042800000c8b3004e519200804f5100b0003a0078
:10429000180ce8000002eb000d00e00003003a00fb
:1042a0001c80e900000e7800100278008b01780075
:1042b00012002000e80047000a007800d8fd07003f
:1042c00082ff370000c8b300ce50920080cf50006c
:1042d0009f003a00180ce800fa0890003a1090008d
:1042e000808f5000030031003180fb00710d980079
:1042f000020037000a007800dd01070051022000ab
:10430000810f500002003a009b0de8009300370037
:104310003a1090008004eb000000e00090003200b2
:104320007a0890000000e900700d98008c003700ba
:1043300000c8b3004e519200804f510084003a00f3
:104340000002eb000d00e00003003a001c80e900d1
:10435000000e7800100278001800e800000c7800c9
:104360008004eb00e1c5b30090cf100002003a00da
:10437000000ce800190020001210200089007800cd
:1043800072004700340f9900300107000040eb0035
:10439000205798001800780090407800d2c2b300ef
:1043a0003e0a910082cf500005003a00000ce80060
:1043b00010c0b3000940500000c798002800370023
:1043c000d2c5b30082cf500025003a00000ce800af
:1043d00010c0b3000940500000f7980020003700db
:1043e0000004e00023003200d3c2b300834f50002a
:1043f00014003a0018009000104078000004e0001b
:1044000010003200814f50000e0032000201e8001f
:10441000020c780078b897001000fb00f20047000b
:10442000008040000200370011c0b30009e85000ce
:10443000f2014700830150009200fb00818f510080
:10444000f9ff3500180078009000fb00810047005c
:1044500012c0b30009415100b2509800000ce800ae
:104460001801780012407800d1c5b300814f500088
:10447000dbff3a000400e0001800320084067800f8
:104480000006eb0003003700895e78000c06e800a8
:104490009b0de8007a089000ba109000810f500040
:1044a00003003100b084fb00700d98000500370058
:1044b0000a007800340f99006d010700800478002d
:1044c0003e0a910009004700305090000004e000cf
:1044d000edff3a00120037009b0de8007a089000cb
:1044e000ba109000810f500003003100b084fb002f
:1044f000700d9800050037000a007800340f99000d
:104500005b010700800478003e0a91000900470023
:10451000305090000004e000efff3a000006eb008e
:104520003a1090000000e000030032007a0890008a
:104530000000e900700d98000c00e000040032005b
:104540000400e000020032000040eb0000727e0038
:10455000180ce800e18f4400010032008004eb00f9
:10456000090078004f06be004f05be004f04be0094
:104570000080fa00000006000000050000000500b1
:104580008400fa00889fbe008a1f7800000578002a
:1045900082047800b13f9f000000eb00c03f9f0005
:1045a000000478000d0037000902780083f72f001f
:1045b0008f814100a2f72f000f01410061f72f000a
:1045c0008f8040000a0078001cfe07008001780000
:1045d0000300e00004003500030444003f38970066
:1045e0001004e000f0ff3a00e18f410003003a00c0
:1045f0000800e00001003a00030478000800780099
:104600004f0578004f04be000080fa00000006004d
:10461000889fbe008a9fbe008c9fbe0080057800e8
:104620008106780002067800eb0c9000081020004c
:104630000c044400080178008000eb0009007800b9
:10464000520007000000e0000100320009045000a1
:10465000080578008c0f5400010036000c05780026
:104660000a017800890078000d00780046f70700fd
:104670000a804400f00d98000884440088159800d2
:10468000e80d98000a0078004f06be004f05be00f6
:104690004f04be00000006008000780010002000db
:1046a00002022000828f500004003200e980500096
:1046b000e48f5000010036000000eb00000006000f
:1046c000889fbe008a1f7800000578000a047800e1
:1046d000984478000805e8000900fb00eeff070099
:1046e0000000e000f9ff3a00b0c2b30080cf5400f0
:1046f00005003200d0c2b3008000eb0080cf540030
:1047000005003a00020037008000eb00010037008e
:10471000110020000804e8000000eb00030037004f
:104720006a02b900020052000003b0003801fb0029
:1047300003fd2f0082814100e98f5100f8ff360010
:104740000100e00001003a000000ea004f05780097
:104750004f04be00000006008000780002fd2f001c
:104760000101410010002000e90f51000500360052
:104770000150a0001106b100e58f50000100360085
:104780000000eb0000000600f3ff37008180fb0013
:10479000010037000201e900800178000008a30051
:1047a000060032000200e000230032003082fb00ed
:1047b000810f5200f7ff3a00030037000000eb00c2
:1047c0000200e0001e0032001380fb00810f500049
:1047d0001c00320014102000048ab9008402780002
:1047e000010037000281e90003007800e10f510069
:1047f0000a00360033826a00f6ef2f0004034300fc
:104800000482ea000402630006082800060262002f
:10481000f4ff3200010037000201e9008001780056
:104820000200e000050032003082fb00810f5200e0
:10483000f9ff3a0003003700000005000000eb001c
:10484000000006000300780000000600889fbe00fc
:104850008a9fbe00800478000200e0005b00320006
:1048600001407800814c780082814400f1f99f007a
:10487000e20f51005500360091449800a144980081
:10488000e1f99f00d1f99f00e60f51004f0036007b
:10489000b1449800c1f99f00e80f51004b00360069
:1048a0000905ea00630565000a8444000a05510011
:1048b000c1ff2f00010565000080fb008000eb00b8
:1048c000121020001310200017080700008cbe00f3
:1048d0000a01440060b99f0071b99f00e80f5500bc
:1048e0003a003600200498003104980040049800f3
:1048f0005104980020b99f0031b99f0040b99f0032
:1049000051b99f00f80f5500300036006004980040
:1049100071049800000c9800110c9800200c98006d
:10492000310c9800400c9800510c980020b19f0069
:1049300031b19f0040b19f0051b19f0060b19f0015
:1049400071b19f0000b99f0011b99f00640164001c
:104950007801410002044400020555006011b800ce
:104960000203be000002be000403be006022b800c5
:104970000000720081807200020173008381730065
:1049800010003700009cbe000294be004004980056
:10499000510498006204980073049800000c980079
:1049a000110c9800220c9800330c9800400c9800d1
:1049b000510c9800620c9800730c98000a02b10028
:1049c0000802b000ff0f5500eeff3e00090078001e
:1049d0004f05be004f04be0000000600889fbe00c9
:1049e0008a9fbe00441098005510980066109800e9
:1049f00077109800f0089000200490000104540003
:104a0000cfc4de00614db90008189800191898004d
:104a10002a1898003b189800e00f5200e08f5a00c7
:104a2000e00f5b00e08f5b000c0032000014900090
:104a300001045400cfc4de00614db9000440e10020
:104a400005c8e10006d0e10007d8e100030034000a
:104a5000048240003410980002003700801090005b
:104a6000311098004f05be004f04be000000060044
:104a70002800fa00889fbe008a1f78000004780092
:104a8000f80890002800900000805000081a90005c
:104a9000981a9000281b9000b81b9000cf80de0071
:104aa000040240008582480006834800878348004e
:104ab00048109000d810900068119000f8119000f4
:104ac000e00f5000e08f5800e00f5900e08f5900d0
:104ad000050032000020e10001a8e10002b0e10081
:104ae00003b8e1000d003d0008007800d4b79f0036
:104af000e5b79f00f6b79f0087bf9f00070207003a
:104b0000800478005fb29700efb297007fb3970000
:104b10008fbb97000900e00016003d007808900068
:104b2000a8009000808050004f89de000482400081
:104b3000850249000603490087034900041c9800c8
:104b4000151c9800261c9800371c980030149800fb
:104b5000f0ff2f00f1ff2f000001be00401498006d
:104b60005114980062149800731498008084eb002c
:104b70005200370061004200e0804a0060014b00b3
:104b8000e0814b0090bf9f00a1bf9f00b2bf9f007c
:104b9000c3bf9f0048129000d81290006813900085
:104ba000f813900094b79f00a5b79f00b6b79f0079
:104bb000c7b79f00e00f5200e08f5a00e00f5b0084
:104bc000e08f5b0028003200780d90000811900003
:104bd0000a0151006112b900612bb900d4af9f00e6
:104be000e5af9f00f6af9f0087b79f001fb097000b
:104bf000afb097003fb19700cfb197001fba9700b1
:104c0000afba97003fbb9700cfbb9700040050009e
:104c100085805800060159008781590090af9f0098
:104c2000a1af9f00b2af9f00c3af9f005faa9700e4
:104c3000efaa97007fab97008fb397000020e100a9
:104c400001a8e10002b0e10003b8e1000600340071
:104c50009fb297001fbb970006815200820045005b
:104c60003114980002003700881390003714980020
:104c700028019000f8089000810151001fba9700a8
:104c8000afba97003fbb9700cfbb97004f98de00ad
:104c9000048241008502480006034800870348005b
:104ca000041c9800151c9800261c9800371c9800be
:104cb000828f500001003e00f9f89f000900780043
:104cc0004f0578004f04be000080fa000000060087
:104cd000881f7800810178000002780080826800d7
:104ce0000508a30002003200210037000201e9009c
:104cf00003007800040478000308a30007003200d2
:104d00000200e00021003200b3407800015a780030
:104d10000104e000f5ff3a00020037000200e00065
:104d20001a0032001004e00003003a0017003700b8
:104d3000031c78000281e90080007800e10f510037
:104d400008003600b0017800f5ef2f0083824200a2
:104d50000382ea000482620005082800050262005e
:104d6000f3ff320008007800010037000201e9007b
:104d7000000478000200e00004003200b141780035
:104d8000035878000304e000f8ff3a008000eb00cd
:104d900008007800adfe0700080078004f04780096
:104da0000000060080007800040037003104e000b5
:104db00002003a00000051000000060001017800e6
:104dc0000108a300f9ff3a00810178003101780061
:104dd000f4ef2f00020242000281ea0002016200a9
:104de0000408280004016100f7ff32008300780006
:104df000010178003104e000fdff3a00000051009d
:104e0000000006004400fa00889fbe008a1f780058
:104e10000004be000205780094bf9f00a5bf9f005c
:104e2000b6bf9f00c7bf9f000000eb00c09f9f0060
:104e3000a8af9f00d89f9f000080eb00b0af9f00fd
:104e40006022b8006033b80060fb2f000f00400004
:104e5000e2fe07001fba9700afba97003fbb97006a
:104e6000cfbb9700120020008a00780060fb2f0063
:104e70000f004000480107000900e0000600320072
:104e80003fb29700afaa970004824200df9a9700d2
:104e900005025200840c44004f0578004f04be0008
:104ea0000080fa0000000600f4ff2f00f5ff2f003d
:104eb0000403be00d3ff37006022b80006002000c4
:104ec00007002800cfff3700f4ff2f00f5ff2f0069
:104ed0006033b800cbff3700040020000500280035
:104ee0006033b800c7ff3700f3ff3700eeff37002d
:104ef000f1fb2f0080804000f98f500001003e0040
:104f00000050a00000000600f9ff3700f1f92f0063
:104f100080804000f98f500001003e00f005b20093
:104f200000000600f9ff37000200fa00881f780031
:104f300000047800e2bf9f006481570008007800f9
:104f40008ffd0700980090000148a3000100320087
:104f50000080eb004f0478000080fa00000006009b
:104f6000f28747008e1f7800020278000301780064
:104f70000000e00002003200000778000100370066
:104f8000728757008002eb000100e0000100320050
:104f90008102e90070805700060009000018eb004c
:104fa0000080eb0080bf9f002310200093bf9f0074
:104fb000aebf9f00b1bf9f00c5bf9f000100e000d2
:104fc00003003d00b1042000916388000600370013
:104fd000004feb00eebf9f00debf9f008400780013
:104fe000708057003c0307004f0778002f01b10085
:104ff00000000600881f78000004780000082000e8
:10500000808f50001700350010082000808f50005e
:105010000b00340030082000808f500011003a004f
:105020009200780068805000000978003002be00cd
:105030002003be00049cbe000694be00070037009b
:105040009202780064805200000978001000be00cf
:10505000a1050700009cbe000294be0010002000c5
:10506000010037000000eb004f047800000006004c
:10507000881f780013082000838f50000f00320033
:1050800033082000838f5000040032000308200002
:10509000838f500012003a00080037009280e90028
:1050a00001097800910078003002be002003be00a4
:1050b0008498be008690be00070037009280e90009
:1050c00001097800110478005001be004000be00c4
:1050d000ea050700008cbe00100020000100370028
:1050e0000000eb004f047800000006008408200058
:1050f000848f50001d0032000d003c001408200079
:10510000848f50001e00320002003c000408200082
:105110000400370024082000848f50001e00320055
:1051200044082000848f500028003a0022003700f5
:10513000040a2000848f50001f00320004003c004d
:1051400004092000848f500020003a00120037002c
:10515000020c2000828f500017003200020f200046
:10516000828f500019003a00130037009380e90045
:10517000810978009100780090487800120037008b
:105180009380e9008109780091007800b0187800d8
:10519000a01078000c0037009380e90081097800a6
:1051a000910078003002be002003be008498be004b
:1051b0008690be00040037009380e90081097800e2
:1051c00091007800900878001000050000000500ac
:1051d000889fbe008a9fbe008c9fbe00000478009e
:1051e0000205780021069000c1069000b1059000ec
:1051f0009a04780008007800ddfa0700090d4000e5
:105200000c00e00001003a000d06e9008004eb000c
:1052100028003700f808900038109000808f500068
:10522000030031003180fb00710c9800070037004b
:10523000080078000efe0700e10f400003003a006e
:105240000900e00020003c00220037000900e000d7
:105250000a003a00b1022000810f50000300320022
:10526000d1022000810f500004003a00804d7800e8
:105270001a0de800190020000e00370001fd2f0074
:1052800080804000e98f5000070036003810900001
:105290000000e0000c003200780890000000e900f7
:1052a000700c98000800370080f57c008904e80045
:1052b0001a0de8008c8f540003003d000d00e9003a
:1052c000808f5400d3ff35000040eb0080f57c0058
:1052d0000000eb004f06be004f05be004f04be00ad
:1052e00000000600c06090000141e90081407100ab
:1052f0004160980010019000e40061000400320059
:105300000240a000120098000080eb0000000600a0
:105310000110980071089800000005000200fa00d2
:10532000889fbe000004780008007800be030700d4
:105330008084eb000000e00009003a009811900022
:1053400012002000e68057000800780003000100ea
:10535000e10f500002003a002ff897008084fb0014
:10536000090078004f04be000080fa00000006002b
:10537000800078001000200002022000828f500080
:1053800004003200e9805000e48f50000100360034
:105390000000eb00000006006f02b000889fbe0016
:1053a0008a9fbe008c9fbe008e1f7800000678008a
:1053b0000107780082047800d4af9f00e5af9f001a
:1053c000f6af9f0087b79f0040022000800f570074
:1053d0007d003e00e10f57007b0032007c0890000a
:1053e000bc109000810f500003003100b086fb001c
:1053f000700e9800030037000c0078009cfd070039
:10540000800678000d007800d9ff07000000e0005a
:10541000f2ff3a00b0022000808f560005003200f3
:105420008002eb0085af9f00d0022000808f5600e5
:1054300010003a00dd82b2000df0a7008d06ea00f0
:105440008d06e900cfeede008daf9f007c08900056
:10545000bc109000810f500003003100b086fb00ab
:10546000700e9800030037000c00780080fd0700e4
:10547000800678000e00e00002003200f00f5700b6
:1054800042003a0000032000808f56003c003a00a2
:105490007c089000bc109000810f50000300310088
:1054a000b086fb00700e9800030037000c007800f7
:1054b0006ffd0700800678008d0078000150a00085
:1054c00080072000808f50002a003a007c0890005e
:1054d000bc109000810f500003003100b086fb002b
:1054e000700e9800030037000c00780060fd070084
:1054f00080067800c09920006d4078000e012000e1
:10550000ef4f50008d0036003c1090000000e0008e
:1055100003003200fc0890008100e900710e980041
:105520000900e0000c0032006022b8006033b800cf
:10553000d4af9f00e5af9f00f6af9f0087b79f00f5
:105540000000e000a10132007c0890000000e900aa
:10555000700e98009d0137006022b8006033b800db
:105560000c0078001dfd07006000b8006011b80055
:10557000920137000e00e0009e0132001700370054
:105580000e00e00001003a00ae002000c0992000ab
:105590006d4078000080fb008e0f50000f00390036
:1055a0003c1090000000e000030032007c089000f6
:1055b0000000e900700e98006022b8006033b80067
:1055c0000c00780005fd0700600120009063880052
:1055d0006022b8006033b80071013700ea0f57004d
:1055e00056003a000004eb000d0078000d00370073
:1055f0006a44b9000800400008fd2f000004440080
:10560000fc0890003c109000808f50000300310097
:105610003180fb00710e9800020037000c0078000a
:1056200013fd070001fd2f0080804000e98f50002e
:1056300003003e0081992100810f5400ecff3600e9
:10564000800678008004eb006055b8001200370037
:105650001faa9700afaa97003fab9700cfab970068
:105660000004420081844a0002054b0083854b0000
:105670007c089000bc109000810f500003003100a6
:10568000b086fb00700e9800030037000c00780015
:10569000f7fc07008006780005fd2f008582460094
:1056a00095af9f00e98f520009013e0090992900b3
:1056b0009199290092992900939921000040e100d5
:1056c00001c8e10002d0e10003d8e100db003e00a8
:1056d000a4002000050020006033b8000800be00d0
:1056e0000a01be00980507001faa97008002eb0080
:1056f0006033b80094af9f00a5af9f00b6af9f0086
:10570000c7af9f000482ea008582ea000683ea00b0
:105710008783ea00d4b79f00e5b79f00f6b79f00e4
:1057200087bf9f000400e1000588e1000690e100ca
:105730000798e100c6ff3600c00037000e00e90000
:105740000e006000030032000004eb000d00780042
:10575000650037007770b9004500de006700600023
:1057600021992000e14078008100fb000004eb005b
:105770000d007800810478000b0037000944dd003b
:1057800001047400fc0890003c109000808f5000d1
:10579000030031003180fb00710e980002003700d9
:1057a0000c007800b2fc0700c1992000e0c078002e
:1057b0008180fb008e8f500003003100f27f2000bb
:1057c000820f5400edff36008006780089007800d3
:1057d0008004eb006055b800f4ff2f00f5ff2f00a8
:1057e0000403be00010078000000e900050033005a
:1057f0008703d1000683d3008582d3000482d300bf
:10580000f9ff37000d00780081067800200037008e
:105810000d0178000201e900050033000804d00002
:105820008984d2000a85d2008b85d200f9ff370027
:105830000180fb008000eb006011b80008047000dc
:10584000898470000a0571008b857100fc08900046
:105850003c109000808f5000030031003180fb002d
:10586000710e98000a0037000c00780094b79f0072
:10587000a5b79f00b6b79f00c7b79f007cfc070085
:10588000cfb397003fb39700afb297001fb2970016
:10589000c1992000e0c078000181fb008e0f51000b
:1058a000600031000440e10005c8e10006d0e100dd
:1058b00007d8e100d6ff36005a0037000ec4b90001
:1058c00008844000fc0890003c109000808f50003d
:1058d000030031003180fb00710e98000200370098
:1058e0000c00780062fc0700c1992000e0c078003d
:1058f0008180fb008e8f500003003100b2712000c8
:10590000820f5400edff3600800678008004eb0023
:105910006055b80098af9f00a9af9f00baaf9f0035
:10592000cbaf9f00120037000002440081824c0080
:1059300002034d0083834d0094af9f00a5af9f00ed
:10594000b6af9f00c7af9f007c089000bc109000ce
:10595000810f500003003100b086fb00700e9800ec
:10596000030037000c00780041fc07008006780037
:10597000c09920006d407800e0cf9f008042780001
:105980000580fb008e0f5000280031006174b800c4
:105990006055b8000802be000a03be00f0ff2f00e9
:1059a000f1ff2f000001be007e0407001faa970030
:1059b000afaa97003fab9700cfab97000020e10064
:1059c00001a8e10002b0e10003b8e10017003e00c9
:1059d0000802be000a03be001fa89700afa89700e8
:1059e0003fa99700cfa99700d7040700efca9700f7
:1059f0000584fb008004eb006055b8000882ea00d3
:105a00008982ea000a83ea008b83ea000400e1004d
:105a10000588e1000690e1000798e100c2ff36002a
:105a20000200370080067800040037001fac9700a2
:105a3000afac97003fad9700cfad9700c099200065
:105a40006d4078000080fb008e0f50002000310078
:105a50000d00780009003700fc0890003c10900011
:105a6000808f5000030031003180fb00710e9800e0
:105a7000020037000c007800fdfb0700c1992000f0
:105a800060c078000080fb008e0f5000f2ff3900ec
:105a900020022000906388005fab97000608a300f7
:105aa000070032005fac9700efac97007fad970026
:105ab0008fb597008003eb0087af9f00040037008d
:105ac0005fac9700efac97007fad97008fb5970064
:105ad0003c1090000000e000030032007c089000c1
:105ae0000000e900700e98005fa89700efa89700eb
:105af0007fa997008fb197000040e10001c8e10045
:105b000002d0e10003d8e1001c0039000008a30026
:105b10000e003a008fa897000100e0000b003a0049
:105b200020022000906388005faa9700efaa9700e8
:105b30007fab97008fb3970061025200e0825a005a
:105b400060035b00e0835b00150037005fa89700ef
:105b5000efa897007fa997008fb197000040e10060
:105b600001c8e10002d0e10003d8e10003003600e3
:105b70002002200090638800140037008fa897004f
:105b8000e18f40000b003a006000b8006011b800df
:105b900008025000898258000a0359008b8359007b
:105ba000d4af9f00e5af9f00f6af9f0087b79f007f
:105bb000060037000800be000a01be00d0af9f00fb
:105bc000e1af9f00f2af9f0083b79f005fa89700ef
:105bd000efa897007fa997008fb197004f07780033
:105be0004f06be004f05be004f04be006f02b1005d
:105bf000000006008e002000d0fe3700881f7800cd
:105c000040442000ad010700000478000800e000d7
:105c100013003200c20320008000eb00080078006f
:105c20000afb0700e0ea2200300c9800c0082300bd
:105c3000400c980080f322007004980080fa220043
:105c40001014980000c0eb00205c98004004200075
:105c50000800400020049800004020003004980014
:105c6000080078004f04780000000600889fbe00fe
:105c70008a9fbe00100290008002eb000418a3006f
:105c800003003a0080129000700990008282520056
:105c9000d00190006001900002845100088442000d
:105ca000cfc4de00614db9008898be008a90be0066
:105cb0000000eb000468a300040032001000200084
:105cc000828f510001003e000000eb004f05be0036
:105cd0004f04be00000006000200fa00881f780092
:105ce00000047800e2bf9f0064815700080078003c
:105cf0001df60700980090000148a3000100320043
:105d00000080eb004f0478000080fa0000000600dd
:105d1000889fbe000004780048009000820478004c
:105d2000808f54000100360080047800090178005b
:105d30005800900094f107005800900009004000be
:105d400050049800c80090008984500049049800cd
:105d50000048eb004f04be00000006001000780071
:105d60008eeb3700900190000388a3000100320001
:105d7000e7ff37000348a30001003a0005020700cf
:105d80000000060001017800920090000158a30075
:105d900003003a0082007800910107000f003700ed
:105da0008080fb00a25990008301fb00838f50008c
:105db00007003200d2019000220a9000848f510027
:105dc0000300310080597800530198000400370027
:105dd0008000780002007800f4010700800078005d
:105de000010078000000060000000600a0b92000b5
:105df00000000600889fbe000004be000000eb000b
:105e00000800e00018003200180090000058a300bd
:105e10000d003200d800900068009000808f500084
:105e200009003600b80990000001eb0082007800fc
:105e30000800780003000100d80090000080eb000b
:105e40000100e000080032000000eb00200c980088
:105e500060049800500498000900e000020032003d
:105e60001800780044eb07004f04be000000060055
:105e7000889fbe000004be000000eb000800e000a8
:105e800025003200180090000058a30011003200d5
:105e9000d800900068009000808f50000900360004
:105ea000b80990000001eb0082007800080078003b
:105eb00003000100d80090000080eb000100e0002a
:105ec000150032000000eb00200c980060049800e0
:105ed00050049800780a900008109000800f52003b
:105ee000060031000002520011002000cfa2de00a7
:105ef000612bb90018007800330107000000eb00a7
:105f000000149800700c98000900e00002003200b4
:105f10001800780018eb07004f04be0000000600d0
:105f20000000060000000500fdff0700a0638000e0
:105f30008000eb0063010700a06380008000eb009d
:105f400060010700a06380008000eb005d01370066
:105f50000800fa00889fbe008a1f780000047800bd
:105f6000010578008204780038009000a8009000b5
:105f70009abf9f000001780002f0a7000201ea002a
:105f80000201ea004f11de0002815400a2bf9f000f
:105f9000b1bf9f00c0bf9f0022002000ee805700cd
:105fa00018007800260107000000e00006003c0011
:105fb000f80060000130a20018019000828070009b
:105fc00011049800110037002fb99700820f50007c
:105fd0000e003600a8009000710c980002005000de
:105fe0000080400000149800380090000000e0009d
:105ff000070032000905450001007800b040780034
:1060000071fd9f00700c980001003700800478003b
:10601000090078004f0578004f04be000080fa00a8
:1060200000000600881f780000047800180078003f
:10603000e50007000203be000002be00f0ff2f00d3
:10604000f1ff2f000001be00e00f5200e08f5a0068
:10605000e00f5b00e08f5b0005003500180090004a
:106060000030a100100498006000b8006011b80072
:106070004f047800000006000800fa00889fbe0068
:106080008a1f78000004be00180090000058a3008a
:106090001b003200d800900068009000808f5000f4
:1060a00013003600b80990000001eb008200780070
:1060b0000800780094bf9f00a5bf9f00b6bf9f0057
:1060c000c7bf9f000300010058059000f0ff2f009c
:1060d000f1ff2f000001be001fba9700afba970072
:1060e0003fbb9700cfbb97000a00e00006003200dc
:1060f0000000eb00200c9800600498005004980009
:106100000800be00c7ff07004f0578004f04be001f
:106110000080fa00000006000800fa00889fbe0018
:106120008a1f78000004be00e18f540008003a0086
:10613000881090007808900000805000cf80de002a
:106140000002520081825a0001035b0081835b00e0
:10615000180090000058a3001b003200d8009000e7
:1061600068009000808f500013003600b80990003e
:106170000001eb00820078000800780094bf9f00c7
:10618000a5bf9f00b6bf9f00c7bf9f0003000100cf
:1061900058059000f0ff2f00f1ff2f000001be0016
:1061a0001fba9700afba97003fbb9700cfbb9700cd
:1061b0000a00e000150032000000eb00200c9800ff
:1061c00060049800500498000800be0095ff070086
:1061d0000203be000002be00f0ff2f00f1ff2f00ff
:1061e0000001be00e00f5200e08f5a00e00f5b009c
:1061f000e08f5b00050035000000eb000014980004
:10620000700c98006000b8006011b8004f0578006d
:106210004f04be000080fa000000060000000600e7
:1062200060bd200000000600881f78000004780090
:10623000486090008040e90000c070004064980011
:10624000d800900068009000808f50000500360054
:10625000b80990000001eb00820078000800780087
:10626000030001000000eb00200c9800600498007f
:1062700050049800980090000118a3000300320019
:106280000140a00011049800080037002801900088
:10629000380090000000410000149800700c980035
:1062a0000000eb000138a300010032000080eb0089
:1062b0004f047800000006001bff37000200fa00c0
:1062c000889fbe000000e00001003a00100020009e
:1062d0000004e8000800a100406380000000e8001e
:1062e0000000a10040638800000020000000e000e2
:1062f0000f003200e10f540006003600e20f4400a8
:1063000005003a00c0002000906388000000eb0008
:106310002a003700280020000800780038e707002e
:10632000290020000000e00024003a0001003700ae
:106330008004eb00406380003163800000805000e7
:10634000800f54001300360008804400d0bf9f0027
:1063500066805700cc000700800078000000eb004a
:106360000100e000150032000100e8000000a1007b
:1063700031638000810f50000100320040638800cb
:10638000dfb89700010040000000e8000000a10015
:1063900030638800416380000900e00003003200a0
:1063a000010078000818780001003700010078002b
:1063b0000884440088804000416388004f04be0088
:1063c0000080fa0000000600a0fd2f00f1ff2f0062
:1063d000320007004f89de008201780000000600cd
:1063e0000200fa0081017800e0ff9f009300900016
:1063f0000188a30005003200d30090008058780087
:106400000080fb00d10198000a0037001200200034
:106410008f80e900030078005e00070080007800ac
:106420000080eb000100e00002003200eff897006e
:106430000180fb000080fa000000060051fe3700da
:10644000889fbe008a9fbe008c1f780000067800df
:1064500082057800010478008004eb0009057800cb
:106460000700370018019000980078000c007800b1
:106470007de90700808444000a05e80064044400c4
:106480008b0f5500f7ff3500090078004f067800a4
:106490004f05be004f04be000000060002002f00a2
:1064a000f3ff2f00820f5000838f58000400360046
:1064b0000000ea00906388000080eb008080eb0021
:1064c000000006008001eb000000e0000500320043
:1064d000700190000200e0000200320002000100a2
:1064e0008001780003007800000006006000b8001a
:1064f0006011b80000000600881f7800c00120006d
:106500006eff0700000478000800e0000a00320077
:10651000c20120008000eb0008007800cbf80700e3
:10652000e0ea2200300c9800c0032300400c9800e1
:1065300000c0eb00205c9800080078004f04780051
:1065400000000600adfd3700400990000240010048
:10655000d00190006001900002825100cfa2de00c5
:10656000612bb9008498be008690be009000900018
:106570000000eb000168a3000400320010002000be
:10658000828f510001003e000000eb000000060079
:10659000b6fd3700b00990000300e00001003200b2
:1065a00003400100100078007ce937000200fa0087
:1065b000881f780000047800c1ff9f002808900021
:1065c0000000e00006003a00080078002000070004
:1065d000800078000080eb000100e00018003a0025
:1065e000d800900028089000808f500009003100ea
:1065f0004ff997000280fb00a85990008301fb002f
:10660000830f500003003200825878005104980034
:106610000b003700b809900012002000e4805700fa
:106620000800780003000100800078000080eb0083
:10663000e18f500002003a00cff897000180fb0084
:106640004f0478000080fa000000060000000500fa
:10665000881f7800000478000800780021fb0700fc
:106660000000e00006003a00a800900061049800d5
:10667000510498003801900082804000210c98005d
:106680004f04780000000600900078000000eb0046
:106690000100e000050035000100780081e90700f5
:1066a000e10f400001003a000000eb00000006008e
:1066b00000000600feff0700fdff0700fcff37009b
:1066c00000c0da000000060000c0da00000006008a
:1066d00000c0da000000060081037800b6e9070078
:1066e0000001be006000b8000478a30013003a0067
:1066f0006220e10015003e000d0039008301d10049
:106700000281d3008180d3008301d1000281d300b4
:106710008180d3008301d1000281d3008180d30026
:106720000538b000c42add00f300b2008381720096
:1067300007f0a70003f0a0000000060083ff270079
:10674000020020006110b900f9ff370003ff2700a5
:10675000f7ff37000003be0097e907006011b8009b
:106760000470a70007f0a1006509b1001b0032000a
:1067700012003500860220000628e10008003500de
:10678000f3ff2700f2ff2f006110b9000700e000bf
:1067900018003b00030028006000b800020005005c
:1067a00000004000818048000201490083814900c7
:1067b0008502e900faff3a0008003700f88f42002e
:1067c00002003c008000eb00000005008100d100c9
:1067d0000080d3008502e800fcff3a000700e000db
:1067e00004003b0060001000e08018006001190008
:1067f000e0811900000006000001be006ee90700fc
:106800000470a70003f0a1006509b1001600320072
:106810000d0035006828e10006003500f0ff2f006c
:10682000f1ff27000300e00013003b0001002800f7
:106830000000050000004000818048008502e9005a
:10684000fcff3a0008003700f88f420002003c00cd
:106850008000eb00000005008100d1000080d30023
:106860008502e800fcff3a000300e00002003b0064
:1068700060001000e0801800000006001400fa001c
:10688000889fbe008a9fbe008c9fbe000005be0090
:106890000206be00680047000c90be000a90be00d1
:1068a000520107006400e1001a00320016003e00a9
:1068b0006100e1001a0032006e049000fe049000b6
:1068c0000e0b90009e0b90006011b8009e0590008a
:1068d0000b38b100d5012000828171006101640094
:1068e0008703d1000683d3008984d3000884d300b2
:1068f0008502e900f8ff3a0003ed07000df0a7005c
:1069000001f0a0007401370001fc27000000200006
:10691000faff370001f8270000002000f7ff3700da
:106920006000b800f5ff3700020ab900001bb9008b
:106930000200b80081004200810043000000060010
:10694000889fbe008a9fbe0030044200b0844a0087
:1069500030054b0090854b006000b1000898be00e8
:106960000a90be000440e10005c8e10006d0e10045
:1069700007d8e10002003100680040001008e8007c
:106980004f05be004f04be0000000600889fbe00f9
:106990008a9fbe003004be002005be0004185400cb
:1069a00005985c0006185d0007985d001100200046
:1069b0000440e10005c8e10006d0e10007d8e1008d
:1069c000010039008000eb00108810004f05be0068
:1069d0004f04be00000006001200fa00889fbe00af
:1069e0008a9fbe008c9fbe00e0b79f00f1b79f005a
:1069f00082bf9f0093bf9f000605be000404be0037
:106a00000000eb00d0b79f00c0b79f00b0b79f0059
:106a1000a0b79f0090b79f00000678005fb1970075
:106a2000cfb09700820141003fb097000200e00024
:106a300004003d00370007007e805700c0ff0700bc
:106a400003003700330007007e805700cfff0700a8
:106a5000dfb697000d00e0000c0035006fb2970024
:106a6000ffb297000fbb97009fbb9700100020005c
:106a7000010020006011b8000002720081827200e3
:106a800002037300838373001b0007000c06e800f9
:106a900001042000810f5600e0ff3a000d00e000e5
:106aa00004003d000802be000a03be007e805700bd
:106ab000a3ff07005fa897000000e00005003a0070
:106ac0001fb29700afb297003fb39700cfb39700c4
:106ad000090007006fb09700ffb097000fb997004b
:106ae0009fb997004f06be004f05be004f04be0081
:106af0000080fa0000000600010007000000060008
:106b0000a4b79f00b5b79f00c6b79f00d7b79f0037
:106b1000000006004f09de0082817100b3b79f00bc
:106b20004f01de008180400082807000a1b79f008d
:106b30008fb097004f09de00000040000200700097
:106b400090b79f007fa897004f01de008180400032
:106b50008280700081b79f000d0007004f3ade0071
:106b60000000400004007000f0af9f000800070024
:106b70000402420085824a0006034b0087834b00d3
:106b8000dfff07000802be000a03be000000060087
:106b90002fb29700bfb297004fb39700dfb39700b3
:106ba00000000600881f780018002000881f780069
:106bb00089ff07008f87e9004f0478000000060076
:106bc000801feb0084ff07008f87e90000000600ac
:106bd000889fbe008a9fbe00e00f5000e08f5800e3
:106be000e00f5900e08f59000c003d006044b800f0
:106bf0006055b8000000540081805c0002015d0017
:106c000083815d00180020001500070008003d008a
:106c1000180007000004eb00050037000004eb003b
:106c20000f00070002003d001200070018002000be
:106c3000dcff07000800e000060032006022b80018
:106c40006033b8000000520081805a0002015b00ee
:106c500083815b004f05be004f04be0000000600ac
:106c6000e00f5200e08f5a00e00f5b00e08f5b0006
:106c7000000006006044b8006055b80004025400eb
:106c800085825c0006035d0087835d0000000600ce
:106c9000889fbe008a9fbe008c1f7800e00f5000c6
:106ca000e08f5800e00f5900e08f59000d003d00c3
:106cb0006044b8006055b8000000540081805c005a
:106cc00002015d0083815d001c0020000820e100be
:106cd00009a8e1000ab0e1000bb8e1000d003d0099
:106ce000080037000006eb00e00f5200e08f5a006a
:106cf000e00f5b00e08f5b0006003d006044b800e1
:106d00006055b8000402540085825c0006035d00f3
:106d100087835d00aaff07000c00e0000600320038
:106d20006022b8006033b8000000520081805a0031
:106d300002015b0083815b004f0678004f05be00b7
:106d40004f04be0000000600889fbe008a9fbe0060
:106d50008c1f78000006eb00e00f5000e08f580019
:106d6000e00f5900e08f590007003d006044b80073
:106d70006055b8000000540081805c0002015d0095
:106d800083815d001c002000e00f5200e08f5a005c
:106d9000e00f5b00e08f5b0007003d006044b8003f
:106da0006055b8000402540085825c0006035d0053
:106db00087835d000c00a2004c0007000c00e0007f
:106dc000060032006022b8006033b80000005200b4
:106dd00081805a0002015b0083815b004f067800ce
:106de0004f05be004f04be00000006008000780082
:106df0005002be005003be004439de00f700b2006e
:106e0000f37f200003016100090032000218e10055
:106e100016003a00850172008301730083817300bc
:106e20000008200015003a00400020001300370041
:106e300085017200830173008381730005003a00ad
:106e400004a8be0006a8be00100020000b003700fa
:106e50000201e9000402420085824a0006034b0059
:106e600087834b000748a300f9ff32000740a000ca
:106e700004a8be0006a8be002000200080009800e4
:106e80009200980000000600680447000294be00cb
:106e90000094be00fc0447008694be008494be00ab
:106ea00009007800d1ff070008007800cfff070035
:106eb00099007800814f70000b003b000800be0075
:106ec0002c0007004f00b10003003700f3ff27003c
:106ed000f2ff2f006110b9004f06be004f05be0043
:106ee0004f04be000080fa0000000600889fbe002c
:106ef0008a9fbe008c9fbe000404b8000506b8003f
:106f00008904460060854e000606b8000a05460062
:106f1000e0854e000706b8008b054600040eb80059
:106f2000890446000a854e00e0854d00050eb80034
:106f30000a0546008b854e00060eb8008b054600fc
:106f40000416b8000a0546008b854e000516b800e9
:106f50008b054600041eb8008b0546000800be00e5
:106f60000a01be004f06be004f05be004f04be0022
:106f700000000600e48240001078a3000700320001
:106f8000640240001178a3003400be001401be006a
:106f9000040032000330a700000006003500be00e8
:0c6fa0001501be000330a0000000060038
:020000040000fa
:106fac0025750000005500005000000055500000f1
:106fbc0020630000616c00006c2000007265000012
:106fcc00717500006573000074650000640d0000ad
:106fdc000a000000444e0000004400004e20000057
:106fec00636100006c6c0000207200006571000091
:106ffc007565000073740000656400000d0a0000e4
:10700c000058000058000000416c00006c2000008b
:10701c00636100006c6c0000732000006361000071
:10702c006e630000656c00006c650000640d000070
:10703c000a000000524500005345000054000000b7
:10704c004f540000000d00000a000000444d0000e9
:10705c0000460000570000007365000072690000d4
:10706c00616c000000520000423000003000000053
:10707c0072610000696e0000626f000077200000f2
:10708c006c6900006768000074730000206f0000da
:10709c006666000020000000524200003031000003
:1070ac0000720000616900006e6200006f770000e2
:1070bc00206c0000696700006874000073200000f9
:1070cc006f6e0000004c00005220000000520000c7
:1070dc0061770000207200006564000020690000e8
:1070ec006e700000757400003a200000004c000027
:1070fc00522000002532000078000000726500006c
:10710c0064500000574d00002075000070640000b2
:10711c0061740000656400000d0a00000049000065
:10712c006e760000616c0000696400002072000043
:10713c00656400002068000065780000207600007f
:10714c00616c0000756500000d0a0000004c000029
:10715c0047200000004c00004720000025320000b2
:10716c007800000047720000656500006e2000008a
:10717c00505700004d200000757000006461000045
:10718c0074650000640d00000a000000496e0000e8
:10719c00766100006c6900006420000067720000da
:1071ac00656500006e200000686500007820000016
:1071bc00766100006c750000650d00000a0000008f
:1071cc004c420000200000004c4200002025000032
:1071dc0032780000006200006c7500006520000031
:1071ec00505700004d2000007570000064610000d5
:1071fc0074650000640d00000a000000496e000078
:10720c00766100006c69000064200000626c000074
:10721c00756500002068000065780000207600008d
:10722c00616c0000756500000d0a0000004c000048
:10723c0057200000004c00005720000025320000b1
:10724c007800000077680000697400006520000079
:10725c00505700004d200000757000006461000064
:10726c0074650000640d00000a000000496e000007
:10727c00766100006c6900006420000077680000f3
:10728c00697400006520000068650000782000002b
:10729c00766100006c750000650d00000a000000ae
:1072ac00445300002000000044530000202500003f
:1072bc0032780000006400006f6f00007220000044
:1072cc00737000006565000064200000757000009c
:1072dc006461000074650000640d00000a00000089
:1072ec00496e0000766100006c69000064200000ab
:1072fc00646f00006f720000207300007065000066
:10730c0065640000206800006578000020760000ad
:10731c00616c0000756500000d0a0000004c000057
:10732c004f4300004b5300005441000054550000e3
:10733c00530000004c4f0000434b00003a2000006b
:10734c00554e00004c4f0000434b000045440000dc
:10735c00202800000020000074690000636b00000e
:10736c0073200000726500006d610000696e000002
:10737c00696e0000672900000d0a0000004c000037
:10738c004f4300004b3a0000204c00004f430000dc
:10739c004b450000440d00000a0000005341000062
:1073ac0056450000004400004546000041550000d1
:1073bc004c54000053000000466100006374000050
:1073cc006f720000792000006465000066610000a7
:1073dc00756c00007473000020720000657300006f
:1073ec00746f000072650000640d00000a0000005c
:1073fc00434f00004e46000049470000002d00009e
:10740c002d2d0000204300004f4e00004649000087
:10741c00472000002d2d00002d0d00000a0000005b
:10742c0052650000643a000020200000202000007b
:10743c000047000072650000656e00003a200000f5
:10744c0020000000426c0000756500003a2000002e
:10745c0020200000005700006869000074650000df
:10746c003a20000020000000446f00006f72000002
:10747c0053700000643a00000041000043540000c7
:10748c00696d0000657200003a0000004143000085
:10749c00456e00003a200000202000000041000052
:1074ac0048540000696d0000657200003a0000004d
:1074bc0041480000456e00003a20000020200000ea
:1074cc000041000048440000697200003a200000ae
:1074dc00200000004f5400003a2000002020000043
:1074ec0020200000005400006f7000004f5200007c
:1074fc003a20000020000000426f0000744f000092
:10750c00523a000020200000004c00006967000087
:10751c0068740000543a0000200000004469000028
:10752c0072740000793a000020200000002d000049
:10753c002d2d0000204500004e440000202d0000a1
:10754c002d2d00000d0a00000055000041520000d6
:10755c00542000005265000061640000790d0000a9
:10756c000a0000005379000073740000656d000080
:10757c002072000065610000647900000d0a0000b3
:10758c000072000065640000206300006861000068
:10759c006e670000656400000d0a000000670000c3
:1075ac0072650000656e00002063000068610000d9
:1075bc006e670000656400000d0a000000620000a8
:1075cc006c7500006520000063680000616e0000af
:1075dc0067650000640d00000a0000007768000079
:1075ec00697400006520000063680000616e000093
:1075fc0067650000640d00000a0000005354000091
:10760c0020320000310000005354000020310000f3
:10761c0046000000535400002032000037000000e8
:10762c005354000020310000360000005354000079
:10763c0020300000380000004f500000454e000084
:10764c00494e0000472000002d200000505700003c
:10765c004d3a00002000000020280000002500000a
:10766c00290d00000a000000524100004d5000009e
:10767c003a2000005265000061630000686500005c
:10768c0064200000746100007267000065740000e3
:10769c0020500000574d00000d0a0000004400006f
:1076ac004f4f0000523a000020460000756c00005d
:1076bc006c790000206f0000706500006e2c0000db
:1076cc0020730000746f000070700000696e000081
:1076dc00672000006d6f0000746f0000720d0000d9
:1076ec000a00000053540000203000003900000054
:1076fc00444f00004f5200003a2000005374000029
:10770c0061720000746900006e6700002063000065
:10771c006c6f0000736900006e670000207300003e
:10772c0065710000756500006e630000650d00005a
:10773c000a000000535400002030000041000000fb
:10774c00444f00004f5200003a20000046750000e4
:10775c006c6c000079200000636c00006f730000fb
:10776c00656400002c200000737400006f70000032
:10777c00706900006e670000206d00006f740000df
:10778c006f7200000d0a000000530000542000002e
:10779c00304200000053000054200000323800003a
:1077ac000053000054200000323900000053000048
:1077bc00542000003241000000530000542000000f
:1077cc003242000000000000436f00006e660000b3
:1077dc00696700002073000061760000656400009a
:1077ec00207400006f200000666c000061730000c4
:1077fc00680d00000a0000004e6f000020730000ae
:10780c006176000065640000206300006f6e00006c
:10781c0066690000672000003f20000075730000bf
:10782c00696e00006720000064650000666100005e
:10783c00756c0000747300000d0a0000004300001a
:10784c006f6e000066690000672000006c6f00001e
:10785c00616400006564000020660000726f000027
:10786c006d200000666c000061730000680d000064
:04787c000a000000fe
:020000040000fa
:107880000000fa004023a9000080fa000000060072
:107890000400fa00100798001e0090008000eb0022
:1078a000e200200003002000820f5000838f580068
:1078b0003d003e00006001000e0037001000370060
:1078c0001200370014003700160037001800370088
:1078d0001a0037001c0037001e0037002000370058
:1078e0002200370024003700260037002800370028
:1078f0002a00370001188000010f78002b003700a4
:1079000011188000010f780028003700211880002e
:10791000010f78002500370031188000010f780032
:107920002200370041188000010f78001f00370047
:1079300051188000010f78001c003700611880008a
:10794000010f78001900370071188000010f7800ce
:107950001600370081188000010f780013003700ef
:1079600091188000010f780010003700a1188000e6
:10797000010f78000d003700b1188000010f78006a
:107980000a003700c1188000010f78000700370097
:10799000d1188000010f780004003700e118800042
:1079a000010f780001003700000000001e00780081
:1079b0000080fa00000006001600fa00200f980070
:1079c000ae089000811f7800607d2b00801f78003a
:1079d0000e00780054ea0700e48757000e00780094
:1079e000020007000080fa00000006000200fa0012
:1079f000000f78000b00370000000000111180001c
:107a000000202000008060000000e000fbff3a0042
:107a10001e007800104078000000fb002011880054
:107a20001e0fe8001e007800104078000004e000ff
:107a3000f1ff3a000080fa00000006000200fa00a0
:107a4000004f78000000000011118000002020008d
:107a5000008060000000e000fbff3a001e00fb0019
:107a6000201188000080fa00000006000400fa00df
:107a7000004f780011479800224798000602a8009e
:107a80000000000030108000610060000000e00095
:107a9000fcff3a001e80fb00000040001010880030
:107aa0000000000041108000000024000080600001
:107ab0000000e000fbff3a001e4090000080fb0049
:107ac0001010880000000000411080000000240019
:107ad000008060000000e000fbff3a002e409000b4
:107ae0000080fb00101088000000000041108000a2
:107af00000002400008060000000e000fbff3a006e
:107b00000642a80000000000301080006400600001
:107b10000000e000fcff3a000080fa0000000600d0
:107b20000400fa00204798003147980090110700a0
:107b30002e40900000404000a81107003e409000f9
:107b4000a61107002e4090000080fb0000004000be
:107b5000004078000004a000a01107000040eb00e6
:107b6000b2110700004f78008a1107001e4078000c
:107b70000080fa00000006000000fa0002c1b30015
:107b800031c0b30000c4b300b8ff070032c0b30077
:107b9000e1cfb30000c4b300b4ff07000041eb0025
:107ba0008040eb0000c4b300b0ff070042c0b30048
:107bb00011c0b30000c4b300acff07000080fa009e
:107bc000000006000800fa002047980021079800ee
:107bd000320798002e4090004200dd00664f4000c2
:107be0002e00900000407800004178009e40780010
:107bf00000c4b3009dff07002e0090004800de0087
:107c0000804078001e40e800014178008040780004
:107c100000c4b30095ff07003e009000804078004c
:107c20001ec0e800014178008040780000c4b30025
:107c30008eff07003e0090004800de008040780084
:107c40001e41780063404100014178008040780087
:107c500000c4b30085ff07000080fa0000000600a2
:107c60000200fa000000eb00000f7800240037004b
:107c70001e0178008000eb000040eb00d1ff070000
:107c800000c4290001002000641407001e017800d0
:107c90008000eb0010c0b300caff070000c4290039
:107ca000010020005d1407001e0178008000eb0039
:107cb00020c0b300c3ff070000c42900010020005a
:107cc000561407001e0178008000eb0030c0b3009e
:107cd000bcff070000c42900010020004f1407006a
:107ce000f0ff20009e007800808f500002003600d8
:107cf0000000eb00000f78009e007800708f4000bd
:107d0000000021009e007800808f5000d8ff3600d0
:107d10000080fa00000006000600fa00000f78005c
:107d200011079800220798001e0178008000eb00e0
:107d30000040eb00a3ff07001e0190008000eb0055
:107d400010c0b3009fff07002e0190008000eb00e1
:107d500020c0b3009bff07000080fa00000006006f
:107d60000a00fa00881f78006000b800008fbe008b
:107d700001003700000000001e00be0010e80700f0
:107d80000200200003f8230039e4070002002e005f
:107d9000f34f2400fae50700e9e307002007980005
:107da00062aa2000630024001e00be0030e4070029
:107db00003e807000200200003f823002ce407007a
:107dc00002002e00f34f2400ede50700dce307007e
:107dd0003007980062aa2000630824001e00be003d
:107de00023e40700f6e707000200200003f8230061
:107df0001fe4070002002e00f34f2400e0e5070017
:107e0000cfe30700400798004e019000be009000ad
:107e10002e009000c0ff070000c4290001002000d0
:107e2000fe130700a2702d0033c223001e00be0007
:107e30000fe40700008fbe0018c0b30092ff2000bf
:107e4000930c24001e00be00bbe307000000e0000e
:107e500001003c000044eb000804e000c5ff3200d4
:107e600092ff2000930c24001e00be00f7e30700e1
:107e7000008fbe00c0ff37000200fa00004f7800fc
:107e80005910070080c7b300721007000040eb00d4
:107e9000701007001e4078006e1007005b1007008e
:107ea0008000200001002000dc1307000080fa00a1
:107eb000000006000200fa00004f78004a10070098
:107ec00080c7b3006310070000c4b300611007004f
:107ed0001e4078005f1007004c10070000322000a1
:107ee00001002000cd1307000080fa00000006000a
:107ef0000000fa0000a8210061002000c71307005d
:107f000080c3b300dcff070090c3b300daff0700b3
:107f100000a8210061002000c013070040c1b30089
:107f2000d5ff0700f0c7b300d3ff0700f0c5b300cb
:107f3000d1ff070000482800e1012000b713070027
:107f4000c0c6b300ccff070000882300110020004a
:107f5000b213070080c3b300c7ff070000882300e7
:107f600011002000ad130700d0c0b300c2ff07000e
:107f70000088230011002000a813070010c0b300e0
:107f8000bdff07000088230011002000a313070095
:107f900060c0b300b8ff070000c429000100200042
:107fa0009e13070000c4b300b3ff07000048280079
:107fb000e1012000991307000080fa00000006008c
:107fc0000200fa00000f7800040037001e0078005d
:107fd000104078001e0fe800b6ff07001e00780072
:107fe000104078000004e000f8ff3a000080fa003a
:107ff000000006000000fa0021fe07000080fa00e1
:10800000000006000000fa00111680000020200089
:10801000008060000000e0000b003a0011168000b4
:1080200000042000008060000000e0000600320034
:1080300010168000610060000000e00002003200c5
:1080400010002000110037001116800000042000ed
:10805000008060000000e0000b003a001116800074
:1080600000202000008060000000e00006003200d8
:1080700010168000620060000000e0000200320084
:1080800010002000010037000000eb000080fa0023
:10809000000006000000fa00704580000000e000cb
:1080a00005003a001000200070458800b028ef005d
:1080b00010002000504588000080fa0000000600f3
:1080c0000000fa008a1107001000200060458800b7
:1080d000100020005043880010002000c047880096
:1080e0001000200010488800100020006043880025
:1080f000100020002048880010002000f047880071
:1081000010002000d044880010002000f0428800b9
:10811000404780000000e80040478800e0458000bc
:108120000000e800e0458800404680000000e800cc
:1081300040468800a04380000000e800a04388007b
:10814000a04880000000e800a0488800a148800006
:1081500030062000808f5000010034001429ef0009
:10816000b04180000000e0000b003200c041800000
:108170000000e00008003400c04180000000e90079
:10818000c0418800c04180000000e00002003a00c9
:10819000b90c07003628ef000080fa000000060046
:1081a0000000fa00f6100700100020004048880088
:1081b00010002000a04688000080fa0000000600a1
:1081c0000000fa0002120700030007000b0007007e
:1081d0000080fa00000006000000fa00e14580007f
:1081e000d04a8000808f5000020035005829ef00ef
:1081f000bc28ef000080fa00000006000000fa0032
:1082000041468000b0488000808f50000300350058
:108210001000200030468800c828ef00304680005b
:10822000e10f500003003a00ed02a900ec02a800a3
:1082300002003700ed02a800ec02a900d116800070
:1082400000002200008060000000e0000200320018
:10825000c628ef00c828ef000080fa0000000600e2
:108260000000fa0041478000404b8000808f5000a2
:1082700003003500e828ef00c482a800d442a8001b
:108280000080fa00000006000000fa001000200044
:10829000b041880020032000c04188000080fa001f
:1082a000000006002000fa00700f980000c42900aa
:1082b00001002000d9120700917d2b007e0890005c
:1082c00038e807000000e00008003a001000200035
:1082d000b04088001828ef00c422a800c402a900fa
:1082e000c07d2b00c1fd0700c0013700017f2b00be
:1082f0007e0890002be807000000e00008003a002c
:1083000010002000c04088001628ef00c402a8001a
:10831000c422a900307f2b00b4fd0700b301370051
:1083200071802b007e0890001ee807000000e0002e
:1083300007003a001628ef001828ef00c422a90011
:10834000c402a900a0802b00a8fd0700a7013700e8
:1083500001822b007e08900012e807000000e00078
:10836000a201320061822b007e0890000de8070018
:108370000000e00005003a00b04880008efd0700d4
:1083800090822b0099fd070098013700c1822b00d5
:108390007e08900003e807000000e00005003a00b6
:1083a000c048800084fd070090822b008ffd0700ed
:1083b0008e013700f1822b007e089000f9e707005c
:1083c0000000e00005003a0020ac200087fd070017
:1083d00090822b0085fd07008401370021832b004c
:1083e0007e089000efe707000000e00005003a007b
:1083f00020ac20007dfd070090822b007bfd070054
:108400007a01370091832b007e089000e5e7070092
:108410000000e00008003a00004080000000e0009a
:1084200005003a001000200000408800e0832b0087
:108430006efd07006d01370021852b007e0890003e
:10844000d8e707000000e00007003a000040800085
:10845000e10f500004003a000028ef0070852b0067
:1084600062fd0700610137003200200091862b0079
:108470007e089000d6e707000000e00026003a00e2
:108480007e089000630040002200200080007800f9
:108490000e007800e3e707000040eb00204798005b
:1084a000d0862b0051fd07007e0890004ffd07008d
:1084b00090822b004dfd070064004700801f78006c
:1084c000d0872b00801f78007e089000a3e707006c
:1084d000e4875700e10f50000c003a002e00900096
:1084e000cf80de00304188004141880040882b0069
:1084f0003efd0700304180004141800000007800cf
:108500002dfd070060ff07003801370050892b0060
:1085100036fd07003501370032002000d18a2b00dc
:108520007e089000aae707000000e0001f003a0064
:108530007e089000e3004000660047002200200013
:10854000b8e707000040eb00004f98006a004700c2
:10855000801f7800108b2b00801f78007e08900011
:108560007ee70700e4875700e10f50000c003a0057
:108570005e009000cf80de0050418800614188009d
:10858000808b2b0019fd0700504180006141800065
:108590000000780008fd07003bff070013013700cb
:1085a000c08c2b0011fd07001001370032002000a5
:1085b000618e2b007e08900085e707000000e00038
:1085c0001f003a007e089000e30040006c00470066
:1085d0002200200093e707000040eb00604f980066
:1085e00070004700801f7800a08e2b00801f78004d
:1085f0007e08900059e70700e4875700e10f50001c
:108600000c003a000e089000cf80de007041880018
:1086100081418800108f2b00f4fc0700704180001e
:108620008141800000007800e3fc070016ff07008e
:10863000ee00370040902b00ecfc0700eb00370009
:1086400032002000d1912b007e08900060e70700e7
:108650000000e0001f003a007e089000e3004000a8
:1086600072004700220020006ee707000040eb0088
:108670004057980076004700801f780010922b002a
:10868000801f78007e08900034e70700e4875700d9
:10869000e10f50000c003a003e089000cf80de0051
:1086a00090418800a141880080922b00cffc0700f8
:1086b00090418000a141800000007800befc0700ce
:1086c000f1fe0700c9003700c0932b00c7fc07006c
:1086d000c60037003200200061952b007e08900014
:1086e0003be707000000e0001f003a007e08900012
:1086f000e3004000780047002200200049e707001f
:108700000040eb00205f98007c004700801f78004d
:10871000a0952b00801f78007e0890000fe70700cf
:10872000e4875700e10f50000c003a006e089000fb
:10873000cf80de00d0488800e148880010962b00ea
:10874000aafc0700d0488000e148800000007800c3
:1087500099fc0700ccfe0700a400370060972b00af
:10876000a2fc0700a100370051992b007e08900061
:108770000ce707000000e0000e003a0070458000a2
:108780000000e00008003200009a2b0097fc070070
:10879000804580007e00100087fc0700109b2b00a6
:1087a00092fc070091003700509c2b008ffc0700c3
:1087b0008e003700419d2b007e089000f9e60700ef
:1087c0000000e00004003a002b0b07003628ef0001
:1087d0003828ef0085003700919d2b007e0890001f
:1087e000f0e607000000e00007003a00f30b070086
:1087f000210b07003628ef003828ef00209e2b00c1
:108800007afc070079003700e19f2b007e0890007a
:10881000e4e607000000e00074003a0050a02b00de
:1088200072fc070060a12b0070fc07003041800043
:1088300041418000000078005ffc070090822b001f
:108840006afc0700f0a12b0068fc07005041800083
:10885000614180000000780057fc070090822b00e7
:1088600062fc070080a22b0060fc070070418000c2
:1088700081418000000078004ffc070090822b00af
:108880005afc070010a32b0058fc07009041800001
:10889000a14180000000780047fc070090822b0077
:1088a00052fc0700a0a32b0050fc0700d04880001a
:1088b000e1488000000078003ffc070090822b0018
:1088c0004afc070030a42b0048fc0700f048800059
:1088d000014980000000780037fc070090822b00df
:1088e00042fc0700c0a42b0040fc070000418000b0
:1088f00031fc070090822b003cfc070050a52b00a8
:108900003afc0700104980002149800000007800ef
:1089100029fc070090822b0034fc0700e0a52b0007
:1089200032fc07001041800023fc070090822b00de
:108930002efc070070a62b002cfc070020418000b5
:108940001dfc070090822b0028fc070000a72b00cd
:1089500026fc070030498000414980000000780073
:1089600015fc070090822b0020fc070090a72b002d
:108970001efc07005049800061498000000078001b
:108980000dfc070090822b0018fc070020a82b008c
:1089900016fc0700704980008149800000007800c3
:1089a00005fc070090822b0010fc0700b0a82b00ec
:1089b0000efc070090498000a1498000000078006b
:1089c000fdfb070090822b0008fc070040a92b004c
:1089d00006fc0700b0418000f7fb070090822b00e7
:1089e00002fc0700d0a92b0000fc07000080fa0061
:1089f000000006000000fa001116800000022000ae
:108a0000008060000000e00003003a00c0448000e5
:108a1000e10f500002003a00100020000100370072
:108a20000000eb000080fa00000006001400fa00cd
:108a3000881f78006105070000a821006100200060
:108a4000f6100700421007006d07070000a821007c
:108a500061002000f11007002b0f0700ce0e070069
:108a6000710e0700840f07005e0f0700010f07005b
:108a7000a40e0700b70f070081fb0700a0ff23002b
:108a8000980e0700150c0700300c0700400020006e
:108a9000480c070000102000400c07000048280088
:108aa000e1012000dd10070033fc0700c402a9002b
:108ab000c422a900c482a800d442a800d482a9007c
:108ac000dd22a800dcc2a900e4a2a800e4e2a9001b
:108ad000e4c2a900ec02a800ec22a800ec42a80025
:108ae000ec62a800ec82a900eca2a900ecc2a900eb
:108af000ece2a900ed02a800ed82a800f4e2a800d3
:108b0000f5c2a800f5e2a800103a80000001780044
:108b10000260a10060042000710520002374200081
:108b200080497800814978008249780011368000b8
:108b300000fc2f00008060003000b3001036880079
:108b40002135800000fc2f00008060003000b30061
:108b500020358800103a8000000178000260a000f3
:108b600060042000710520002374200080497800f3
:108b70008149780082497800b0aa2b009bfb07004e
:108b8000a50a0700304180004141800000007800c4
:108b90004400dd00000178008000eb0020c0b3003d
:108ba00008fc07005041800061418000000078000f
:108bb0004400dd00000178008000eb0010c0b3002d
:108bc00000fc0700704180008141800000007800b7
:108bd0004400dd00000178008000eb000040eb0065
:108be000f8fb070090418000a14180000000780060
:108bf0004400dd00000178008000eb0030c0b300cd
:108c0000f0fb070030418000414180003040880087
:108c100041408800504180006141800070408800e0
:108c20008140880070418000814180005040880070
:108c30006140880090418000a14180009040880000
:108c4000a140880080ab2b0068fb0700a00020003b
:108c5000d80b07000000eb00000f78000100370080
:108c6000000000003240800043408000304180001e
:108c700041418000800f5100818f59000e00320069
:108c800030418000414180003040880041408800f0
:108c900070ac2b0055fb0700304080004140800045
:108ca000000078004400dd00000178008000eb0047
:108cb00020c0b300c3fb07007240800083408000e7
:108cc0005041800061418000800f5100818f590028
:108cd0000e003200504180006141800070408800e9
:108ce0008140880050ad2b0040fb070070408000a1
:108cf00081408000000078004400dd000001780021
:108d00008000eb0010c0b300aefb070052408000b3
:108d1000634080007041800081418000800f5100dd
:108d2000818f59000e003200704180008141800027
:108d3000504088006140880050ae2b002bfb07009c
:108d40005040800061408000000078004400dd0059
:108d5000000178008000eb000040eb0099fb070069
:108d600092408000a340800090418000a14180009b
:108d7000800f5100818f59000e0032009041800019
:108d8000a141800090408800a140880040af2b00a6
:108d900016fb070090408000a14080000000780092
:108da0004400dd00000178008000eb0030c0b3001b
:108db00084fb07002c0707000004e00023003200ba
:108dc000fe060700004f98000e489000ea4f500042
:108dd000030032000e489000ed4f50000d003a00a5
:108de00005c8bf000080fb00a1b520000041eb00da
:108df00082707800a0b52000fcfa070090822b005a
:108e0000fafa0700a0b5200026fd07000568ef006c
:108e10000e0037005180200091407800e0c3b3007d
:108e200080cf500008003e0005c8bf008080fb00d6
:108e3000a2b520008e49900003f178000040e800c0
:108e400005e8b700010037000568ef001116800043
:108e500000042000008060000000e00018003a00dc
:108e60001116800000202000008060000000e0005b
:108e7000130032000000eb00100798001e0078007d
:108e80000000e000020032009c28ef00b228ef0052
:108e900041b02b0030b2200042e507000000e000a6
:108ea000540032006200200041b02b0030b220009c
:108eb00035e5070010002000a04788004d0037006e
:108ec0001116800000202000008060000000e000fb
:108ed0001a003a0011168000000420000080600093
:108ee0000000e0001500320010002000100798007c
:108ef0001e007800e10f5000040032009c28ef00b3
:108f0000b228ef0010002000f0448800a1b02b0030
:108f100030b2200023e507000000e00035003200f9
:108f200062002000a1b02b0030b2200016e507003f
:108f300010002000a04788002e0037001116800086
:108f400000202000008060000000e00018003200d7
:108f50001116800000042000008060000000e00086
:108f60001300320020002000100798009e28ef0018
:108f70009c28ef00b228ef00b428ef009828ef00fb
:108f800001b12b0030b2200006e507000000e00030
:108f9000180032006200200001b12b0030b2200026
:108fa000f9e4070010002000a047880011003700f6
:108fb00030002000100798009e28ef009c28ef004a
:108fc000b228ef00b428ef0061b12b0030b22000ce
:108fd000f4e407000000e000060032006200200018
:108fe00061b12b0030b22000e7e407001000200040
:108ff000a0478800f04480000000e000120032002a
:10900000a04580000000e0000f003a0050438000bf
:109010000000e0000c0032006a28ef00e04480000d
:109020000000e800e0448800e0448000e90f5000c0
:109030000500340017fc070010002000a045880040
:10904000b228ef009e28ef00a04580000000e0005d
:109050000e003200504380000000e0000b003200a0
:109060006a28ef00904580000000e80090458800e5
:1090700090458000e90f50000400340010002000eb
:10908000c0448800b428ef009e28ef00111680002d
:1090900000042000008060000000e00004003a00ae
:1090a00090168000700060000000e00009003a00a7
:1090b0001116800000202000008060000000e00009
:1090c0000b013a0090168000700060000000e00084
:1090d00007013a00e0418000e20f50008b003200af
:1090e000e20f500005003e000000e00008003200e2
:1090f000e10f50002600320007013700e30f500057
:10910000a8003200e40f5000f500320002013700e1
:109110005116800000002200008060000000e00086
:109120001a003a00c04480000000e000170032003e
:10913000e4a2a900ecc2a90010002000e0418800d0
:109140009028ef009228ef009428ef0080448000e0
:10915000980a07009828ef00f5c2a800f5e2a900d8
:10916000c1b12b0070b120008ee407000000e000c8
:109170000600320062002000c1b12b0070b1200057
:1091800081e407001000200080478800d7003700e6
:10919000604380000000e0002f0032006c28ef00e8
:1091a000a04480000000e800a0448800a1448000a2
:1091b000804a8000808f5000270035008144800065
:1091c000704a8000808f500020003c008144800065
:1091d000904a8000008040008044880081448000e4
:1091e000704a8000808f500002003500704a800075
:1091f00080448800804480006e0a0700814480001b
:10920000400620000088b90080007800f0ff2000b0
:1092100000017800110009008200d8005007980072
:1092200020b22b00f1f9070080448000e2f907002a
:1092300020b32b00edf907005e009000def9070077
:1092400050b32b00e9f9070002003700a0b32b0050
:10925000e6f907009428ef00511680000000210075
:10926000008060000000e00027003a0050b52b00ad
:10927000def9070083448000230798000d003700c3
:109280002e0090000000e00002003d000000eb0016
:10929000200798002e009000460a070000c429000d
:1092a00001002000dd0e07002e0090004006b100f6
:1092b000200798002e0090000000e000f0ff3d0025
:1092c000ecc2a8000000eb003a0a070020002000d2
:1092d000e04188009828ef0081b72b0070b1200092
:1092e00030e407000000e0000600320062002000c9
:1092f00081b72b0070b1200023e40700100020008c
:1093000080478800f5c2a90078003700b9fd070042
:109310000000e0000500320051168000000021002e
:10932000008060000000e000060032000041800084
:109330000000e0001a003200004580000000e0005c
:1093400017003200e0b72b00a8f90700e4a2a9003b
:10935000ecc2a80030002000e04188009028ef0017
:109360009228ef009428ef0080448000110a070043
:10937000a028ef0001ba2b0070b1200009e407001b
:109380000000e000060032006200200001ba2b005d
:1093900070b12000fce30700100020008047880027
:1093a00052003700604380000000e00022003200dd
:1093b0006c28ef00a04480000000e800a044880072
:1093c000a1448000804a8000808f50001a00350040
:1093d00081448000704a8000808f500015003d005d
:1093e00081448000904a80000080400080448800d2
:1093f00081448000704a8000808f50000200340059
:10940000704a80008044880080448000e909070099
:1094100081448000400620000088b9008000780068
:10942000f0ff200000017800110009008200d80040
:10943000600798009428ef00511680000000220079
:10944000008060000000e00024003a0060ba2b00b9
:1094500066f9070083448000330798000d00370049
:109460003e0090000000e00002003d000000eb0024
:10947000300798003e009000ce09070000c4290084
:1094800001002000650e07003e0090004006b1007c
:10949000300798003e0090000000e000f0ff3d0023
:1094a0000000eb00c309070040002000e0418800f5
:1094b000b1bc2b0070b12000bae307000000e0004f
:1094c0000600320062002000b1bc2b0070b1200009
:1094d000ade307001000200080478800030037003c
:1094e0003c28ef009828ef00000000000a00370039
:1094f000e4a2a800a0002000ae0907008c28ef001d
:109500008428ef006228ef003c28ef009828ef0045
:109510009c28ef009e28ef009e009000010f78002d
:109520001116800000042000008060000000e000b0
:1095300006003a0090168000700060000000e00015
:109540000200320010002000010037000000eb0094
:10955000e10f50000e0032001116800000202000a4
:10956000008060000000e00006003a0090168000d5
:10957000700060000000e00002003a0010002000cf
:10958000010037000000eb00e10f500012003a002c
:10959000e0418000e40f500003003200e041800011
:1095a0000000e00010003a0096fa07000000e0001a
:1095b00007003200b04580000000e0000c003a00d7
:1095c00010002000b0458800b2fa070009003700fb
:1095d000b628ef0007003700b428ef00b228ef00ec
:1095e000b628ef000300370000000000010037003c
:1095f00000000000704580000000e0000d00320017
:10960000604580000000e0000a003200ac28ef0056
:10961000804580000000e80080458800804580008b
:10962000fd0f500003003400ae28ef00aa28ef0021
:10963000b028ef00704580000000e0000300320019
:10964000ec82a800ec62a80002003700ec82a900be
:10965000ec62a900600020008df80700304288000d
:1096600030428000cf80de00d0dd07000200200005
:10967000e3332400c2df070002002f00f357240069
:10968000e0de070070079800010f9800b0498000e5
:10969000c1498000d2cc2c00c3e42300ebdd0700dd
:1096a00018c0b3007e0190008e099000a2dd070073
:1096b0000000e00001003c000044eb000804e00072
:1096c0000e003a00b0498000c1498000d2cc2c0085
:1096d000c3e42300e6dd070018c0b3007e0190005c
:1096e0008e09900092dd07000000e00001003500c7
:1096f0000044eb000804e000040032007e0190000a
:109700008e099000b2498800c3498800600020009b
:109710005ff80700f0418800d116800000002400a7
:10972000008060000000e00001003a00ea28ef003d
:10973000d116800000002400008060000000e000de
:1097400002003200100020005047880010178000ef
:10975000610060000000e00005003a001117800081
:1097600000102000008060000000e00002003200d5
:1097700010002000010037000000eb00100f9800df
:1097800090428000e10f50000d003200e10f5000c8
:1097900003003900e20f5000150032002c003700a2
:1097a0005628ef00f4e2a8001e0890000000e00038
:1097b0002200320010002000904288002400370070
:1097c0005628ef00f4e2a8001e0890000000e00018
:1097d0001c003a0020002000904288005428ef002e
:1097e00010002000b0428800f4e2a9001800370001
:1097f00010002000b0428800f4e2a900c0478000b9
:10980000e10f500004003a00f828ef00a042800069
:109810000000e800a0428800a1428000f0498000da
:10982000808f5000090035005228ef005428ef00c7
:109830005628ef00f4e2a800050037000000000001
:1098400003003700000000000100370000000000a6
:10985000b04280000000e00002003200ec42a800ac
:1098600001003700ec42a900dd22a800d442a80084
:10987000c482a80010178000620060000000e000b1
:1098800001003200ece2a8001017800062006000c6
:109890000000e00001003a00ece2a900d0168000d0
:1098a000d016800051178000000022000080600068
:1098b0000000e000150032001116800000042000b6
:1098c000008060000000e0001000320011168000ef
:1098d00000202000008060000000e0000b0032004b
:1098e00011bd2b0090b22000aee207000000e000a6
:1098f000060032006200200011bd2b0090b2200053
:10990000a1e2070010002000b04788005117800036
:1099100000002200008060000000e0001200320021
:109920001116800000042000008060000000e000ac
:109930000d003a00ec22a900e4e2a80071bd2b0062
:1099400090b2200097e207000000e000060032001d
:109950006200200071bd2b0090b220008ae2070057
:1099600010002000b047880051178000000022003e
:10997000008060000000e000170032001116800037
:1099800000202000008060000000e00012003a008b
:1099900090168000680060000000e0000e003a00b1
:1099a0001000200010478800e4c2a800d1bd2b00a1
:1099b00090b220007be207000000e00006003200c9
:1099c00062002000d1bd2b0090b220006ee20700a3
:1099d00010002000b04788005117800000002200ce
:1099e000008060000000e0000f003a00e228ef0075
:1099f000e428ef00e4c2a900e4e2a90031be2b0094
:109a000090b2200067e207000000e000060032008c
:109a10006200200031be2b0090b220005ae2070005
:109a200010002000b0478800b04680000000e00031
:109a300007003a001116800000042000008060003a
:109a40000000e00002003a0010002000704688008c
:109a500070468000e10f500011003a00c402a800d7
:109a6000a0468000e10f50000e003a0080468000c2
:109a70000000e80080468800d428ef00814680007e
:109a8000104b8000808f5000060035001000200031
:109a9000b0468800d028ef00ce28ef000100370044
:109aa000c422a900004780000000e00007003a003f
:109ab0001116800000202000008060000000e000ff
:109ac00002003a0010002000d0468800d0468000f6
:109ad000e10f500011003a00c402a8004048800085
:109ae000e10f50000e003a00e04680000000e80060
:109af000e04688000829ef00e1468000304b8000f6
:109b0000808f500006003500dc28ef00da28ef00d7
:109b1000100020000047880001003700c402a9009f
:109b20001116800000202000008060000000e0008e
:109b300001003200e028ef00e70a0700e10f5000c3
:109b400001003a005ef90700870a0700e10f5000a4
:109b500001003a0092f9070041468000b0488000b9
:109b6000808f500003003500100020003046880030
:109b7000c828ef0030468000e10f500002003a0094
:109b8000ed02a900ec02a800304680000000e000d1
:109b900002003a00ed02a800ec02a900d1168000f4
:109ba00000002200008060000000e000020032009f
:109bb000c628ef00c828ef009016800068006000fb
:109bc0000000e00003003200d482a800e4e2a90013
:109bd00002003700d482a900e4e2a8008047800098
:109be000e10f500003003a0070b120007ff707003a
:109bf000f028ef0090478000e10f500003003a008a
:109c0000d0b1200079f70700f228ef00a0478000cc
:109c1000e10f500003003a0030b2200073f7070054
:109c2000f428ef00b0478000e10f50000cfc3a0030
:109c300090b220006df70700f628ef0009fc37000e
:020000040000fa
:109c40000000fa00ffff37000000fa00ffff3700b6
:109c50001600fa00881f78006000b8006011b80094
:109c60003007980041079800520798006307980052
:109c70006000b8006011b80070079800010f9800ec
:109c8000120f9800230f98000400250005102000f3
:109c90000400be00bc080700008fbe005005200075
:109ca000a10a2000270807001e00be004a0807007e
:109cb000404798004e4090000004a2000004e000dd
:109cc00001003200deff07003023220011012000d6
:109cd0003007980041079800605625004104200095
:109ce00050079800610798003e009000ce00900059
:109cf0000001be001e00be004a0807004047980051
:109d00004e4090000084fb005e009000ee0090004a
:109d100022002000030020003e024100ae824900e4
:109d20000001be000400be003e0807000080fb00ea
:109d30000000640000f0a7000000ea000000ea0054
:109d40004f00de00404798004e4090000004a20003
:109d50000004e00001003200b9ff0700fe07070021
:109d60001e00be001008070070079800010f980041
:109d700022002000030020003e004100ae80490088
:109d800009080700100f9800210f98003e0190006d
:109d9000ce0190007e0090008e089000800f510050
:109da000818f590007003a005e019000ee0190009b
:109db0001e089000ae089000800f5100818f59005e
:109dc00001003200a0ff07004f0478000080fa0075
:109dd000000006000e00fa0000002500011020001f
:109de00069080700200798003107980050052000f7
:109df000a10a2000d30707002e009000be009000ab
:109e0000f5070700004f98000e4890000004a200dc
:109e10000004e0000100320089ff07006000b80084
:109e2000008fbe00110037002e009000be00900091
:109e30003e014000ae8148000200be001e01be008f
:109e4000f8070700004f98000e4890000004a20099
:109e50000004e0000100320079ff0700220020002a
:109e6000030020001e0f41005e974900f03f2000d4
:109e7000010020001e01be00800f5100818f59009b
:109e8000e9ff3600b40707006000b800008fbe008d
:109e9000120037002e009000be0090003e014000ee
:109ea000ae8148000200be00bf07070050079800bf
:109eb000610798005e009000ee009000be0f500019
:109ec000ae8f5800010032005fff07002200200023
:109ed000030020001e0f41005e974900f03f200064
:109ee000010020001e01be00800f5100818f59002b
:109ef000e8ff36000080fa00000006000000fa00cb
:109f000053ff0700b3ff07000080fa0000000600bf
:020000040000fa
:109f10000200fa00000f78000300370000fa20006a
:109f200001002000bd0b07001e00780000f0a70014
:109f30000000ea000000ea004f00de000040780068
:109f40001e0fe9000004e000f4ff3a000080fa0070
:109f5000000006000200fa00000f7800050037003c
:109f60000008200001002000ac0b070001fe2f00bc
:109f70001e8f40001e007800ff0f5000f8ff3e00cb
:109f8000030037004000200001002000a30b070061
:109f90001e00780000f0a7000000ea000000ea00c0
:109fa0004f00de00004078001e0fe9000004e000d2
:0c9fb000f4ff3a000080fa0000000600f8
:020000040000fa
:109fbc000000fa00ba0807006c0b0700290b070019
:109fcc000c020700c2060700280a0700f00707006a
:109fdc006e09070050080700da0a07000f0907008e
:109fec00210607007d0a0700c40907000080fa005b
:049ffc00000006005b
:020000040000fa
:10a000000000000000000000000000000000000050
:10a010000000000000000000000000000000000040
:10a020000000000000000000000000000000000030
:10a030000000000000000000000000000000000020
:10a040000000000000000000000000000000000010
:10a050000000000000000000000000000000000000
:10a0600000000000000000000000000000000000f0
:10a0700000000000000000000000000000000000e0
:10a0800000000000000000000000000000000000d0
:10a0900000000000000000000000000000000000c0
:10a0a00000000000000000000000000000000000b0
:10a0b00000000000000000000000000000000000a0
:10a0c0000000000000000000000000000000000090
:10a0d0000000000000000000000000000000000080
:10a0e0000000000000000000000000000000000070
:10a0f0000000000000000000000000000000000060
:10a10000000000000000000000000000000000004f
:10a11000000000000000000000000000000000003f
:10a12000000000000000000000000000000000002f
:10a13000000000000000000000000000000000001f
:10a14000000000000000000000000000000000000f
:10a1500000000000000000000000000000000000ff
:10a1600000000000000000000000000000000000ef
:10a1700000000000000000000000000000000000df
:10a1800000000000000000000000000000000000cf
:10a1900000000000000000000000000000000000bf
:10a1a00000000000000000000000000000000000af
:10a1b000000000000000000000000000000000009f
:10a1c000000000000000000000000000000000008f
:10a1d000000000000000000000000000000000007f
:10a1e000000000000000000000000000000000006f
:10a1f000000000000000000000000000000000005f
:10a20000000000000000000000000000000000004e
:10a21000000000000000000000000000000000003e
:10a22000000000000000000000000000000000002e
:10a23000000000000000000000000000000000001e
:10a24000000000000000000000000000000000000e
:10a2500000000000000000000000000000000000fe
:10a2600000000000000000000000000000000000ee
:10a2700000000000000000000000000000000000de
:10a2800000000000000000000000000000000000ce
:10a2900000000000000000000000000000000000be
:10a2a00000000000000000000000000000000000ae
:10a2b000000000000000000000000000000000009e
:10a2c000000000000000000000000000000000008e
:10a2d000000000000000000000000000000000007e
:10a2e000000000000000000000000000000000006e
:10a2f000000000000000000000000000000000005e
:10a30000000000000000000000000000000000004d
:10a31000000000000000000000000000000000003d
:10a32000000000000000000000000000000000002d
:10a33000000000000000000000000000000000001d
:10a34000000000000000000000000000000000000d
:10a3500000000000000000000000000000000000fd
:10a3600000000000000000000000000000000000ed
:10a3700000000000000000000000000000000000dd
:10a3800000000000000000000000000000000000cd
:10a3900000000000000000000000000000000000bd
:10a3a00000000000000000000000000000000000ad
:10a3b000000000000000000000000000000000009d
:10a3c000000000000000000000000000000000008d
:10a3d000000000000000000000000000000000007d
:10a3e000000000000000000000000000000000006d
:10a3f000000000000000000000000000000000005d
:10a40000000000000000000000000000000000004c
:10a41000000000000000000000000000000000003c
:10a42000000000000000000000000000000000002c
:10a43000000000000000000000000000000000001c
:10a44000000000000000000000000000000000000c
:10a4500000000000000000000000000000000000fc
:10a4600000000000000000000000000000000000ec
:10a4700000000000000000000000000000000000dc
:10a4800000000000000000000000000000000000cc
:10a4900000000000000000000000000000000000bc
:10a4a00000000000000000000000000000000000ac
:10a4b000000000000000000000000000000000009c
:10a4c000000000000000000000000000000000008c
:10a4d000000000000000000000000000000000007c
:10a4e000000000000000000000000000000000006c
:10a4f000000000000000000000000000000000005c
:10a50000000000000000000000000000000000004b
:10a51000000000000000000000000000000000003b
:10a52000000000000000000000000000000000002b
:10a53000000000000000000000000000000000001b
:10a54000000000000000000000000000000000000b
:10a5500000000000000000000000000000000000fb
:10a5600000000000000000000000000000000000eb
:10a5700000000000000000000000000000000000db
:10a5800000000000000000000000000000000000cb
:10a5900000000000000000000000000000000000bb
:10a5a00000000000000000000000000000000000ab
:10a5b000000000000000000000000000000000009b
:10a5c000000000000000000000000000000000008b
:10a5d000000000000000000000000000000000007b
:10a5e000000000000000000000000000000000006b
:10a5f000000000000000000000000000000000005b
:10a60000000000000000000000000000000000004a
:10a61000000000000000000000000000000000003a
:10a62000000000000000000000000000000000002a
:10a63000000000000000000000000000000000001a
:10a64000000000000000000000000000000000000a
:10a6500000000000000000000000000000000000fa
:10a6600000000000000000000000000000000000ea
:10a6700000000000000000000000000000000000da
:10a6800000000000000000000000000000000000ca
:10a6900000000000000000000000000000000000ba
:10a6a00000000000000000000000000000000000aa
:10a6b000000000000000000000000000000000009a
:10a6c000000000000000000000000000000000008a
:10a6d000000000000000000000000000000000007a
:10a6e000000000000000000000000000000000006a
:10a6f000000000000000000000000000000000005a
:10a700000000000000000000000000000000000049
:10a710000000000000000000000000000000000039
:10a720000000000000000000000000000000000029
:10a730000000000000000000000000000000000019
:10a740000000000000000000000000000000000009
:10a7500000000000000000000000000000000000f9
:10a7600000000000000000000000000000000000e9
:10a7700000000000000000000000000000000000d9
:10a7800000000000000000000000000000000000c9
:10a7900000000000000000000000000000000000b9
:10a7a00000000000000000000000000000000000a9
:10a7b0000000000000000000000000000000000099
:10a7c0000000000000000000000000000000000089
:10a7d0000000000000000000000000000000000079
:10a7e0000000000000000000000000000000000069
:10a7f0000000000000000000000000000000000059
:020000040000fa
:10a800000000fa009580a9009560a9008000200052
:10a81000001188002222ef007006200040118800fd
:10a8200000c52000904b880000c52000804b8800a8
:10a8300090c52000704b880090c52000604b8800b8
:10a840007469ef0000442500070007000049250057
:10a850002d0007009560a80021e2a8002342a8006f
:10a860000080fa00000006000200fa00000f7800e5
:10a870001e007800b04b88000080fa00000006003f
:10a880000000fa00914b8000804b8000808f5000c8
:10a8900002003a009580a900190037008580a900c0
:10a8a00010003700904b8000904078008180fb00c2
:10a8b000211188000000e800904b8800914b800037
:10a8c00090c52000808f500002003a0000c5200093
:10a8d000904b8800914b8000804b8000808f50000f
:10a8e000060032001111800000202000008060006e
:10a8f0000000e000ebff3200010037000000000024
:10a900000080fa00000006000200fa00000f780044
:10a910001e007800c04b88000080fa00000006008e
:10a920000000fa001e003700604b800031118000eb
:10a930008140780001487800614b800010c62000fb
:10a94000808f500009003200604b80008000e800da
:10a95000704b8000808f500004003200604b8000fc
:10a960000000e800604b88000d003700614b80005c
:10a9700010c62000808f500007003a00714b800005
:10a9800090c52000808f50000300320090c5200049
:10a99000604b88000200370010c0b30074e9b700b4
:10a9a00010118000610060000000e000deff3a004e
:10a9b0008560a9000080fa00000006000200fa008d
:10a9c0000040eb00004f780000000000714b800059
:10a9d000604b8000808f5000fcff3200704b800085
:10a9e000104f7800704b80000000e800704b88002a
:10a9f000714b800020c62000808f500002003a007a
:10aa000090c52000704b88001e4078000080fa003e
:10aa1000000006000200fa00004f7800000000006d
:10aa20001c0007000004a2000004e000fcff3a0044
:10aa3000804b80001e487800804b80000000e800ba
:10aa4000804b8800814b800090c52000808f500093
:10aa500002003a0000c52000804b88009580a800c5
:10aa60000080fa00000006000000fa00714b800030
:10aa7000604b80000080680000f0a7000000ea0042
:10aa80000000ea004f00de00004078000080fa007d
:10aa9000000006000400fa00914b800011079800a6
:10aaa000814b80001e009000808f50000600310016
:10aab0009e009000804b8000008050000000e90064
:10aac000000f7800050037009e009000804b80004a
:10aad0000080500068004000000f78001e007800e1
:10aae00000f0a7000000ea000000ea004f00de00ce
:10aaf000004078000080fa00000006000000fa0024
:10ab0000814b8000904b8000808f500009003a00fc
:10ab100011118000001020000080600000f0a700ec
:10ab20000000ea000000ea004f00de00004078006c
:10ab3000010037000040eb000080fa000000060032
:10ab40000400fa00614b800011079800704b8000f0
:10ab50009e009000808f5000060031009e00900003
:10ab6000704b80000080500069004000000f7800aa
:10ab7000030037009e009000704b8000008f500053
:10ab8000f00f20009e007800808f500002003600f9
:10ab900000c0eb00020037001e0078000040780083
:10aba0000080fa00000006000000fa00e4ff070041
:10abb0000080fa00000006000400fa00914b8000bb
:10abc00011079800814b80001e009000808f50007c
:10abd000060031009e009000804b800000805000f5
:10abe0000000e900000f7800050037009e0090008b
:10abf000804b80000080500068004000000f78000b
:10ac0000f00f20009e007800808f50000200360078
:10ac100000c0eb00020037001e0078000040780002
:10ac20000080fa00000006000000fa00e2ff0700c2
:10ac30000080fa00000006000000fa00afff0700e5
:10ac40000080fa00000006000800fa0020079800c3
:10ac500031079800baff07000080fb00000f780062
:10ac60003e0090009e0f500002003100be00900098
:10ac7000010f78000000eb00100798000900370072
:10ac80004eff0700ae009000804878002e00900034
:10ac90000000e800200798001e0090000000e80077
:10aca000100798001e0090009e0f5000f4ff39001e
:10acb0001e0078000080fa00000006000800fa007c
:10acc0002007980031079800bbff07000080fb00b9
:10acd000000f78003e0090009e0f500002003100ef
:10ace000be009000010f78000000eb0010079800f4
:10acf000090037002e00900010407800ae00900050
:10ad00008100e8002107980042ff07001e00900024
:10ad10000000e800100798001e0090009e0f5000f1
:10ad2000f4ff39001e0078000080fa0000000600e1
:10ad30000400fa000000eb00000f780080ff07001d
:10ad4000204798009cff0700304798002e40900055
:10ad50000080fb000000e00003003200e90f50001b
:10ad600003003200040037001e20a000040037005a
:10ad70001e00a000020037001e10a000000000000e
:10ad80003e4090000080fb000000e0000300320025
:10ad9000e90f500003003200040037001e30a0000d
:10ada000020037001e40a000000000001e007800d6
:10adb0000080fa00000006000400fa001007980066
:10adc000714b80001e009000008f40000200370091
:10add0009e007800698f500020c620009e007800f9
:10ade000808f5000faff3e001e007800104078006f
:10adf0000080fa00000006000000fa0050ff070083
:10ae00000080fb000000e9004f00de0000407800f9
:10ae10000080fa00000006000000fa0066ff07004c
:10ae20000080fb000000e9004f00de0000407800d9
:10ae30000080fa00000006000000fa0010118000f7
:08ae40000080fa00000006008a
:020000040000fa
:10ae4800620c00000400000082000000ffffff0009
:10ae5800ff000000120c000020000000800000002d
:10ae68007e0900000200000082000000ffff0000d1
:10ae78007a09000004000000800000006a0c00004d
:10ae880002000000800000008009000002000000ad
:10ae9800800000008209000002000000800000001d
:10aea80084090000020000008000000086090000fc
:10aeb8000200000080000000880900000200000075
:10aec800800000006c0c0000020000008000000000
:10aed8008a09000002000000800000006e0c0000db
:10aee80002000000800000008c0900000200000041
:10aef80080000000500c00001200000080000000dc
:10af08006c0900000e00000080000000700c0000ba
:10af180002000000800000008e090000020000000e
:10af2800800000009c0a0000b600000082000000bb
:10af3800303030003030300030303000304943009d
:10af48006c6173007300000031312f0031312f0024
:10af58003139380030000000000000000000000017
:10af680000004500433137005f30300031345f0066
:10af780030333200000000000000000000303000d4
:10af88003030300030303000303030003030300079
:10af98003030300030303000303030003030570042
:10afa80065737300657820004c696600742063003f
:10afb8006f204c007464000000626c00616e6b00ce
:10afc8000000000000000000000000000000000079
:10afd800000000005354200030300000535420007b
:10afe800303000005354200030300000535420000b
:10aff80030300000524543004549560045440000a2
:10b008000000000000000000000000000000000038
:10b018000000000000000000000000000000000028
:10b0280000000000520b00004800000080000000f3
:10b038001609000056000000820000005a002c008b
:10b04800017f000000002c00010000002c0100001e
:10b05800005a000000000f00000000003c00000043
:10b06800002c01000000000000dc41000000dc00b2
:10b07800411e0000140001000001000064002800c7
:10b0880000960000ff007f000002000002002c0074
:10b09800016400000100b8000b010000d0070100a6
:10b0a8000019000001000400000a00001e00000052
:10b0b8000008000016010000800000009009000050
:10b0c8000200000080000000320c00001e0000009a
:10b0d80082000000286e69006c29000025006800c5
:10b0e800076c09004c836a009074a0007ac00000c5
:10b0f8008068880000846c0082008100720c000067
:10b108000200000080000000920900000a0100000f
:10b118008200000000010200040703000605000089
:10b12800ffffff00ffffff00ffffff00ffffff0023
:10b13800ffffff00ffffff00ffffff00ffffff0013
:10b14800ffffff00ffffff00ffffff00ffffff0003
:10b15800ffffff00ffffff00ffffff00ffffff00f3
:10b16800ff00010002030400050607000809ff00ac
:10b17800ffffff00ffffff000a0b0c000d0e0f0082
:10b18800101112001314150016171800191a1b00b5
:10b198001c1d1e001f2021002223ff00ffffff00af
:10b1a800ffff0a000b0c0d000e0f10001112130008
:10b1b80014151600171819001a1b1c001d1e1f0055
:10b1c8002021220023ffff00ffffff00ffffff00f9
:10b1d800ffffff00ffffff00ffffff00ffffff0073
:10b1e800ffffff00ffffff00ffffff00ffffff0063
:10b1f800ffffff00ffffff00ffffff00ffffff0053
:10b20800ffffff00ffffff00ffffff00ffffff0042
:10b21800ffffff00ffffff00ffffff00ffffff0032
:10b22800ffffff00ffffff00ffffff00ffffff0022
:10b23800ffffff00ffffff00ffffff00ffffff0012
:10b24800ffffff00ffffff00ffffff00ffffff0002
:10b25800ffffff00ffffff00ffffff00ffffff00f2
:10b26800ffffff00ffffff00ffffff00ffffff00e2
:10b27800ffffff00ffff00009a0b00003c000000ea
:10b288008200000001000300000000000000000030
:10b2980000000000000038002f000000000000003f
:10b2a80000ae2e003c30000000000000000000004e
:10b2b8000000000000000000000000000000000086
:10b2c8000000000000000000000000000000000076
:10b2d80000000000740c0000020000008000000064
:10b2e800d60b00003c0000008200000001000300b3
:10b2f800000000000000000000000000000038000e
:10b308002f0000000000000000ae2e003c300000be
:10b318000000000000000000000000000000000025
:10b328000000000000000000000000000000000015
:10b33800000000000000000000000000660c000093
:10b348000400000080000000760c000002000000ed
:10b358008200000001000000780c000002000000dc
:08b3680080000000000000005d
:020000040000fa
:10b370000400fa00008fbe0020042400003b880077
:10b380001e00be004008de0000007800a002880019
:10b390001e0078008000eb000108bb000500fc00e7
:10b3a00050052000303b8800a00a2000303b880078
:10b3b00061e7a8000000fc0000000000013b8000e5
:10b3c00000002800008060000000e000fbff3a0061
:10b3d0000080fa00000006000600fa00008fbe00a0
:10b3e0002207980030002400003b88001e00be00a9
:10b3f0004008de0000007800a00288001e007800ef
:10b40000ae0090000108bb001e0078008000eb0039
:10b410000188bb000500fc0050052000303b88007f
:10b42000a00a2000303b880061e7a8000000fc0073
:10b4300000000000013b8000000028000080600048
:10b440000000e000fbff3a000080fa000000060068
:10b450000400fa00008fbe001e00be004008de009f
:10b4600000007800a00288001e0078001000ba00da
:10b470000080fa00000006000000fa0000402500ed
:10b4800011002000baff0700f2ee2b00004025005b
:10b4900011002000d0ff07003041800041418000b2
:10b4a00000007800000178002040250011002000f5
:10b4b000c9ff070050418000614180000000780012
:10b4c000000178004040250011002000c2ff070065
:10b4d0007041800081418000000078000001780008
:10b4e0006040250011002000bbff07009041800054
:10b4f000a141800000007800000178008040250014
:10b5000011002000b4ff0700d0488000e14880000f
:10b510000000780000017800a04025001100200004
:10b52000adff0700f048800001498000000078006e
:10b5300000017800c040250011002000a6ff070090
:10b540000041800000017800e0402500110020004b
:10b55000a1ff070010498000214980000000780009
:10b560000001780000412500110020009aff07002b
:10b5700010418000000178002041250011002000ca
:10b5800095ff070020418000000178004041250020
:10b590001100200090ff07003049800041498000e1
:10b5a00000007800000178006041250011002000b3
:10b5b00089ff070050498000614980000000780041
:10b5c00000017800804125001100200082ff070063
:10b5d00070498000814980000000780000017800f7
:10b5e000a0412500110020007bff0700904980004a
:10b5f000a14980000000780000017800c0412500ca
:10b600001100200074ff0700a0be2b00f7f0070018
:10b610000080fa00000006000200fa000040250049
:10b62000110020008aff0700000f7800f0ee2b00c9
:10b630009e007800808f5000050032005f000700f8
:10b6400020c02b00e9f007000040eb005900370054
:10b6500020402500110020007dff07008000eb0046
:10b660003041880041418800404025001100200001
:10b6700077ff07008000eb0050418800614188009f
:10b68000604025001100200071ff07008000eb00e2
:10b690007041880081418800804025001100200011
:10b6a0006bff07008000eb0090418800a1418800fb
:10b6b000a04025001100200065ff07008000eb007e
:10b6c000d0488800e1488800c040250011002000d3
:10b6d0005fff07008000eb00f04888000149880008
:10b6e000e04025001100200059ff070000418800bc
:10b6f000004125001100200055ff07008000eb00ed
:10b7000010498800214988002041250011002000af
:10b710004fff070010418800404125001100200024
:10b720004bff0700204188006041250011002000e8
:10b7300047ff07008000eb0030498800414988003e
:10b74000804125001100200041ff07008000eb0030
:10b750005049880061498800a0412500110020005f
:10b760003bff07008000eb0070498800814988009a
:10b77000c04125001100200035ff07008000eb00cc
:10b7800090498800a14988003049800041498000e3
:10b7900000007800b04888001049800021498000ee
:10b7a00000007800c048880050c22b008ff00700ce
:10b7b00010c0b3000080fa00000006000000fa008c
:10b7c0002628ef002828ef002a28ef002c28ef0079
:10b7d0002e28ef003028ef003228ef003428ef0049
:10b7e000f007200001002000d0488800e1488800d0
:10b7f000c012200001002000f048880001498800a4
:10b800002028ef00c012200001002000104988000d
:10b81000214988002228ef002428ef00a0052000fd
:10b82000010020003049880041498800f0002000d4
:10b83000010020005049880061498800c0032000b1
:10b84000010020007049880081498800c012200052
:10b850000100200090498800a1498800a00520002f
:10b86000b0488800c0122000c04888000080fa005c
:04b8700000000600ce
:020000040000fa
:10b874000000fa0060c02100d00c8800f001200014
:10b88400e00c880000002800f00c8800000520006f
:10b89400000d8800d00c80000040780067406000f4
:10b8a4000080fb00304c88000080fa000000060095
:10b8b4000000fa000080fa00000006000000fa0010
:10b8c4002104800000042000008060000000e000eb
:10b8d40002003200f6ff070084c0a9000080fa00cd
:10b8e400000006000000fa00304c800000407800a0
:10b8f400674060000080fb0067006000d20c80009d
:10b9040081ff2f008100610001007000d00c8800cd
:10b914000080fa00000006000000fa00d10c80004c
:10b9240080ff2f0000806000d00c88000080fa00a7
:10b93400000006000200fa00000f78009e00780064
:10b94400f10c88000080fa00000006000200fa00f2
:10b95400000f78009e007800010d88000080fa0036
:10b96400000006000000fa00200480004600de000b
:10b97400614060000080fb0000f0a7000000ea00c6
:10b984000000ea004f00de00004078000080fa006a
:10b99400000006000400fa00100798001e00900042
:10b9a400e10f50000f003200e10f50000300390096
:10b9b400e20f5000150032001e003700d00c80004a
:10b9c4004400de00614060000080fb0000f0a7003e
:10b9d4000000ea000000ea004f00de00004f78009b
:10b9e40014003700d00c80004500de006140600088
:10b9f4000080fb0000f0a7000000ea000000ea005d
:10ba04004f00de00004f78000a003700d00c8000a1
:10ba14004600de00614060000080fb0000f0a700eb
:10ba24000000ea000000ea004f00de00004f78004a
:10ba3400000000001e4078000080fa0000000600ac
:10ba44000200fa00000f78001e007800e10f500099
:10ba540007003200e10f500003003900e20f5000ec
:10ba640005003200060037009a81a900040037005f
:10ba74009aa1a900020037009ac1a90000000000a1
:10ba84000080fa00000006000000fa009cc1a80033
:10ba94000080fa00000006000000fa00e00c8000bc
:10baa4004600de00614060000080fb0000f0a7005b
:10bab4000000ea000000ea004f00de0000407800c9
:10bac4000080fa00000006000000fa009cc1a900f2
:10bad4000080fa00000006000000fa00e0c0210027
:10bae400800c8800f0012000900c880000082000e1
:10baf400a00c8800f00f2000b00c8800800c80009f
:10bb040000407800674060000080fb00104c880013
:10bb14000080fa00000006000000fa000080fa002d
:10bb2400000006000000fa002004800064006000a9
:10bb34000000e00002003200f7ff07008440a90083
:10bb44000080fa00000006000000fa00104c80009b
:10bb540000407800674060000080fb0067006000e0
:10bb6400820c800081ff2f008100610001007000c1
:10bb7400800c88000080fa00000006000000fa0033
:10bb8400810c800080ff2f0000806000800c880002
:10bb94000080fa00000006000200fa00000f78009e
:10bba4009e007800a10c88000080fa0000000600c6
:10bbb4000200fa00000f78009e007800b10c8800a3
:10bbc4000080fa00000006000000fa002004800053
:10bbd4004200de00614060000080fb0000f0a7002e
:10bbe4000000ea000000ea004f00de000040780098
:10bbf4000080fa00000006000400fa001007980014
:10bc04001e009000e10f50000f003200e10f5000c1
:10bc140003003900e20f5000150032001e00370007
:10bc2400800c80004400de00614060000080fb0066
:10bc340000f0a7000000ea000000ea004f00de0068
:10bc4400004f780014003700800c80004500de00af
:10bc5400614060000080fb0000f0a7000000ea00e3
:10bc64000000ea004f00de00004f78000a003700b1
:10bc7400800c80004600de00614060000080fb0014
:10bc840000f0a7000000ea000000ea004f00de0018
:10bc9400004f7800000000001e4078000080fa0089
:10bca400000006000200fa00000f78001e00780071
:10bcb400e10f500007003200e10f5000030039008b
:10bcc400e20f500005003200060037009081a90001
:10bcd4000400370090a1a9000200370090c1a90018
:10bce400000000000080fa00000006000000fa00d6
:10bcf40092c1a8000080fa00000006000000fa00cb
:10bd0400900c80004600de00614060000080fb0073
:10bd140000f0a7000000ea000000ea004f00de0087
:10bd2400004078000080fa00000006000000fa00dd
:0cbd340092c1a9000080fa000000060087
:020000040000fa
:10bd40000000fe0022c620000019780001097800da
:10bd5000000006000000fe000000eb008000eb0089
:10bd6000f8ff07006627ef00000006000000fe0055
:10bd7000801f7800811f780021c620000600fc008b
:10bd800031007800303b880011007800303b88009b
:10bd900061e7a8000000000000000000cf0078006c
:10bda0004f00780000000600a2028000a102880077
:10bdb0009080ba001000ba00a202880000000600bd
:10bdc000a2028000a10288001000ba00a20288002e
:10bdd000000006000000fe0061e7af00feff370034
:10bde000f23f2000000161000c003a002204240010
:10bdf000023b8800a2028000a10288000008bb006c
:10be0000b85e02000000000061e7af00feff3700ef
:10be1000a20288001000200061a7af0000002000ef
:10be20000000060061e7af00feff37000000a7003a
:10be30000d003700a4028000a10288003100240018
:10be4000013b88000208bb000388bb00b85e02000b
:10be50000000000061e7af00feff3700a402880089
:10be60001000200061a7af000000200000000600c5
:10be700061e7af00feff37000000a7000e003700ab
:10be800033002400033b8800a3028000a102880045
:10be90000208bb00f20f20000288bb00b85e02005f
:10bea0000000000061e7af00feff3700a30288003a
:10beb0001000200061a7af00000020000000060075
:10bec00061e7af00feff3700f307200080816100cb
:10bed00010003a0013002400033b8800a3028000f6
:10bee000a1028800040420003208bb003298bb0085
:10bef0001400b100fcff3a00b85e02000000000030
:10bf000061e7af00feff3700a302880010002000a9
:10bf100061a7af00000020000000060061e7af004d
:10bf2000feff3700f30720008081610011003a0016
:10bf300013002400033b8800a3028000a1028800b4
:10bf400004042000f10f20003208bb000198bb0060
:10bf50001400b100fcff3a00b85e020000000000cf
:10bf600061e7af00feff3700a30288001000200049
:10bf700061a7af000000200000000600f23f200093
:10bf8000000061000000060002c02f0000006100f8
:0cbf9000f2ff2f0081006100000006009d
:020000040000fa
:10bf9c000400fa00008fbe0017e2a9001e00be00cc
:10bfac0000004000818048000001be00009020008d
:10bfbc00d103200092d30700000078000000e900b4
:10bfcc00a010880017e2a80000a821006100200042
:10bfdc008f0307000080fa00000006000000fa0042
:10bfec001602a80000000000b01080006100600084
:10bffc000000e000fcff3a000080fa0000000600a0
:10c00c000000fa001642a80000000000b0108000ea
:10c01c00640060000000e000fcff3a000080fa00c1
:10c02c00000006000000fa001622a8000000000024
:10c03c00b0108000620060000000e000fcff3a00dd
:10c04c000080fa00000006000200fa00004f7800a1
:10c05c001e80fb009010880000000000c1108000c2
:10c06c0000002400008060000000e000fbff3a00ac
:10c07c00c1108000000028000080600000f0a700c4
:10c08c000000ea000000e9004f00de0000407800ec
:10c09c000080fa00000006000400fa002047980017
:10c0ac001662a80000000000c01080006200600052
:10c0bc000000e000fcff320000108000004f780010
:10c0cc002e4090000004e000020032000040eb0023
:10c0dc000100370010c0b3000080fb00610060005d
:10c0ec004500dd00b11080000150a100010070007e
:10c0fc00b01088001682a80000000000b01080006c
:10c10c00700060000000e000fcff3a001e40780068
:10c11c000080fa00000006000400fa00008fbe0048
:10c12c0007e2a9001e00be0000004000818048000c
:10c13c000001be0000902000d103200030d3070086
:10c14c00000078000000e9002010880007e2a80039
:10c15c0000fa2000010020002d0307000080fa00e7
:10c16c00000006000000fa000602a8000000000013
:10c17c0030108000610060000000e000fcff3a001d
:10c18c000080fa00000006000000fa000642a80039
:10c19c000000000030108000640060000000e0002f
:10c1ac00fcff3a000080fa00000006000000fa00d4
:10c1bc000622a80000000000301080006200600021
:10c1cc000000e000fcff3a000080fa0000000600ce
:10c1dc000200fa00004f78001e80fb00101088004f
:10c1ec00000000004110800000002400008060006e
:10c1fc000000e000fbff3a00411080000000280026
:10c20c000080600000f0a7000000ea000000e900d8
:10c21c004f00de00004078000080fa0000000600ad
:10c22c000400fa00204798000662a80000000000f5
:10c23c0040108000620060000000e000fcff320053
:10c24c0000108000004f78002e4090000004e000a9
:10c25c00020032000040eb000100370010c0b300b8
:10c26c000080fb00610060004500dd0031108000a3
:10c27c000150a10001007000301088000682a80057
:10c28c000000000030108000700060000000e00032
:10c29c00fcff3a001e4078000080fa000000060007
:10c2ac000000fa008003200020168800cc22ef004a
:10c2bc0000002200a0168800a0d62000e0168800fe
:10c2cc00e422ef00ec22ef00c0202000a017880031
:10c2dc00c06e2c00001688000080eb004016880011
:10c2ec00a00021008016880070cb2f00c01688009b
:10c2fc00f031200000178800e822ef0030102300f6
:10c30c00801788005620ef005820ef005a20ef00cd
:10c31c005c20ef005e20ef006020ef006e20ef004d
:10c32c007020ef007220ef007420ef007620ef00f9
:10c33c007820ef00c622ef00ce22ef00d622ef00cd
:10c34c00de22ef00e622ef00ee22ef00f622ef00f5
:10c35c00e024ef00c03f200010278800e424ef0009
:10c36c0000c02000302788000020200040278800d3
:10c37c00ec24ef00113a8000f00b200000816000eb
:10c38c00600420007105200023742000804978008f
:10c39c0081497800824978001136800000fc2f001a
:10c3ac00008060002001b30010368800a1368000a8
:10c3bc00f00f2c0080806000003021000100700024
:10c3cc00a0368800d1368000f00f2c0080806000f1
:10c3dc000030200001007000d0368800213580002c
:10c3ec0000fc2f00008060003001b3002035880075
:10c3fc00103a8000000178000260a0006004200068
:10c40c007105200023742000804978008149780050
:10c41c00824978000080fa00000006000000fa0053
:10c42c000a21ef00b00920007008880000032800e2
:10c43c0090088800004c80000000e00002003a00e8
:10c44c00c0262600240007008500a9009500a8003e
:10c45c00a0c620008040eb00014878000080fa0064
:10c46c00000006000200fa00000f78009e00780021
:10c47c0071088800a0c620008040eb0001487800bd
:10c48c000080fa00000006000000fa00700880002e
:10c49c000080fa00000006000200fa00000f78008d
:10c4ac009e00780051088800a0c620008040eb0058
:10c4bc00014878000080fa00000006000000fa0035
:10c4cc00500880000080fa00000006000000fa000e
:10c4dc000080fa00000006000200fa00000f78004d
:10c4ec009500a9009e007800014c88009500a800da
:10c4fc000080fa00000006000000fa00a0c6200030
:10c50c008040eb00014878009500a80013e1a800da
:10c51c000080fa00000006000000fa0013e1a900f8
:10c52c009500a9000080fa00000006000200fa0045
:10c53c00a0c62000104f78001e4078000004e000d8
:10c54c0003003200a0c620008040eb0001487800b8
:10c55c001e4078000080fa00000006000000fa007f
:10c56c00b0c62000104078000080fb000080fa006c
:10c57c00000006000000fa00b0c620008040eb006e
:10c58c00014878000080fa00000006000000fa0064
:10c59c000621ef0090862100600888000002280028
:10c5ac0080088800504c80000000e00002003a0037
:10c5bc00403226002400070084e0a90094e0a80083
:10c5cc00c0c620008040eb00014878000080fa00d3
:10c5dc00000006000200fa00000f78009e007800b0
:10c5ec0061088800c0c620008040eb00014878003c
:10c5fc000080fa00000006000000fa0060088000cd
:10c60c000080fa00000006000200fa00000f78001b
:10c61c009e00780031088800c0c620008040eb00e6
:10c62c00014878000080fa00000006000000fa00c3
:10c63c00300880000080fa00000006000000fa00bc
:10c64c000080fa00000006000200fa00000f7800db
:10c65c0094e0a9009e007800514c880094e0a8005a
:10c66c000080fa00000006000000fa00c0c620009e
:10c67c008040eb000148780094e0a80011e1a8008c
:10c68c000080fa00000006000000fa0011e1a90089
:10c69c0094e0a9000080fa00000006000200fa00f5
:10c6ac00c0c62000104f78001e4078000004e00047
:10c6bc0003003200c0c620008040eb000148780027
:10c6cc001e4078000080fa00000006000000fa000e
:10c6dc00d0c62000104078000080fb000080fa00db
:10c6ec00000006000000fa00d0c620008040eb00dd
:10c6fc00014878000080fa00000006000000fa00f3
:10c70c000021ef00f07c20001008880000002800b9
:10c71c0020088800604c80000000e00002003a0015
:10c72c00c03d2600240007008460a9009460a80086
:10c73c00e0c620008040eb00014878000080fa0041
:10c74c00000006000200fa00000f78009e0078003e
:10c75c0011088800e0c620008040eb0001487800fa
:10c76c000080fa00000006000000fa0010088000ab
:10c77c000080fa00000006000200fa00000f7800aa
:10c78c009e00780001088800e0c620008040eb0085
:10c79c00014878000080fa00000006000000fa0052
:10c7ac00000880000080fa00000006000000fa007b
:10c7bc000080fa00000006000200fa00000f78006a
:10c7cc009460a9009e007800614c88009460a800d9
:10c7dc000080fa00000006000000fa00e0c620000d
:10c7ec008040eb00014878009460a80005e1a800a7
:10c7fc000080fa00000006000000fa0005e1a90024
:10c80c009460a9000080fa00000006000200fa0003
:10c81c00e0c62000104f78001e4078000004e000b5
:10c82c0003003200e0c620008040eb000148780095
:10c83c001e4078000080fa00000006000000fa009c
:10c84c00f0c62000104078000080fb000080fa0049
:10c85c00000006000000fa00f0c620008040eb004b
:10c86c00014878000080fa00000006000000fa0081
:10c87c001421ef0080d02300d0088800000328008a
:10c88c00f0088800704c80000000e00002003a00c4
:10c89c0040492600240007008760a9009760a80083
:10c8ac0000c720008040eb00014878000080fa00af
:10c8bc00000006000200fa00000f78009e007800cd
:10c8cc00d108880000c720008040eb0001487800a8
:10c8dc000080fa00000006000000fa00d00880007a
:10c8ec000080fa00000006000200fa00000f780039
:10c8fc009e007800a108880000c720008040eb0053
:10c90c00014878000080fa00000006000000fa00e0
:10c91c00a00880000080fa00000006000000fa0069
:10c92c000080fa00000006000200fa00000f7800f8
:10c93c009760a9009e007800714c88009760a80051
:10c94c000080fa00000006000000fa0000c720007a
:10c95c008040eb00014878009760a8001fe1a80018
:10c96c000080fa00000006000000fa001fe1a90098
:10c97c009760a9000080fa00000006000200fa008f
:10c98c0000c72000104f78001e4078000004e00023
:10c99c000300320000c720008040eb000148780003
:10c9ac001e4078000080fa00000006000000fa002b
:10c9bc0010c72000104078000080fb000080fa00b7
:10c9cc00000006000000fa0010c720008040eb00b9
:10c9dc00014878000080fa00000006000000fa0010
:10c9ec0030402000000a8800c0002000100a880097
:10c9fc00000a800000407800674060000080fb0067
:10ca0c00404c88000080fa00000006000000fa008c
:10ca1c000080fa00000006000000fa0020048000ec
:10ca2c00620060000000e00002003200f7ff070027
:10ca3c008420a9000080fa00000006000000fa0023
:10ca4c00404c800000407800674060000080fb0094
:10ca5c0067006000020a800081ff2f0081006100e6
:10ca6c0001007000000a88000080fa000000060037
:10ca7c000000fa00010a800080ff2f000080600097
:10ca8c00000a88000080fa00000006000000fa008e
:10ca9c00200a80000080fa00000006000000fa0066
:10caac0042c1a8000080fa00000006000000fa0055
:10cabc00100a80004600de00614060000080fb0030
:10cacc0000f0a7000000ea000000ea004f00de00c2
:10cadc00004078000080fa00000006000000fa0018
:10caec0042c1a9000080fa00000006000000fa0014
:10cafc00000a80004400de00614060000080fb0002
:10cb0c0000f0a7000000ea000000ea004f00de0081
:10cb1c00004078000080fa00000006000000fa00d7
:10cb2c00000a80006800600000f0a7000000ea0026
:10cb3c000000e9004f00de00004078000080fa00a1
:10cb4c00000006000000fa0040002800001a8800cf
:10cb5c0080432000101a880010002000201a880042
:10cb6c004823ef0000f22700701a8800403f200095
:10cb7c00801a88005223ef005423ef005623ef0055
:10cb8c005823ef006023ef006223ef006423ef00d3
:10cb9c00de24ef00a05d26000600070095a0a8008b
:10cbac000080fa00000006000000fa000080fa0085
:10cbbc00000006000200fa00000f78001e0078004a
:10cbcc00204c88000080fa00000006000000fa00eb
:10cbdc004023a8000080fa00000006000000fa00c4
:10cbec004023a9000080fa00000006000800fa00ab
:10cbfc0030079800101a80004200de007f40600071
:10cc0c000080fb00200798000030200010079800df
:10cc1c000000eb00000f78000b0037001e007800be
:10cc2c0000004000be009000008040009e0090007c
:10cc3c0091007800010878001e0090000080e80048
:10cc4c00100798001e0fe8009e0078002e00900040
:10cc5c00808f5000f1ff36001e0078000080fa0033
:10cc6c00000006000000fa0021068000f0f82f00fa
:10cc7c00008060000040a000200688005105800064
:10cc8c0080ff2f00008060000000a000500588008d
:10cc9c0041058000f0ff28000080600000c0a0006b
:10ccac004005880051058000f0f82f0000806000de
:10ccbc000050a0005005880061058000f0f82f009e
:10cccc008080600000052000010070006005880075
:10ccdc006105800080ff2f00008060005000b300d1
:10ccec0060058800e1058000f08f2f000080600057
:10ccfc0000a0a000e0058800e1058000f0f82f00fe
:10cd0c00008060000060a000e005880081058000c4
:10cd1c00f0ff2800808060000000230001007000fc
:10cd2c00800588004105800080ff2f000080600096
:10cd3c003000b3004005880031058000f0ff28006a
:10cd4c008080600000002300010070003005880026
:10cd5c0021058000f0ff28000080600000d0a000ba
:0ccd6c00200588000080fa00000006008e
:020000040000fa
:10cd78000000fa0000002300203a88004827ef004e
:10cd88004e27ef007027ef007227ef007427ef009f
:10cd98007627ef007a27ef007c27ef00720020004b
:10cda80080072000a1092000337420008049780002
:10cdb80081497800824978000001eb006004200076
:10cdc800710520002374200080497800814978008b
:0ccdd800824978000080fa00000006008c
:020000040000fa
:10cde4000200fa00000f78009e007800f14b8800e2
:10cdf4000000fe000080fa00000006000000fa00b7
:10ce040020c1200080077800a0c220000001880013
:08ce14000080fa000000060096
:020000040000fa
:10ce1c00f03fb1000180b10006003500ee030900bf
:10ce2c0000000000403fb1000180b100fbff3d005d
:10ce3c001000b000203fb000020035000080090057
:08ce4c000000000000000600d8
:020000040000fa
:10ce5400809fbe00ec80570031007800d04b8800e2
:10ce6400110078007ce9b7004f00be000000060006
:020000040000fa
:020000040002f8
:04aff000ffff00005f
:020000040000fa
:020000040002f8
:04aff400fffe00005c
:020000040000fa
:020000040002f8
:04aff8009f7f000037
:020000040000fa
:020000040002f8
:04affc00803f000092
:00000001FF
