:020000040000fa
:080000000002040000000000f2
:020000040000fa
:0400080030050000bf
:020000040000fa
:04000c0044030000a9
:020000040000fa
:040010008603000063
:020000040000fa
:040014006403000081
:020000040000fa
:04001800a60300003b
:020000040000fa
:04001c0030050000ab
:020000040000fa
:0400200030050000a7
:020000040000fa
:0400240030050000a3
:020000040000fa
:04002800300500009f
:020000040000fa
:04002c00300500009b
:020000040000fa
:040030003005000097
:020000040000fa
:040034007204000052
:020000040000fa
:04003800300500008f
:020000040000fa
:04003c00300500008b
:020000040000fa
:040040003005000087
:020000040000fa
:040044003c04000078
:020000040000fa
:04004800c6030000eb
:020000040000fa
:04004c00300500007b
:020000040000fa
:040050003005000077
:020000040000fa
:04005400c6040000de
:020000040000fa
:04005800a8040000f8
:020000040000fa
:04005c00fc030000a1
:020000040000fa
:040060003005000067
:020000040000fa
:040064003005000063
:020000040000fa
:04006800300500005f
:020000040000fa
:04006c00300500005b
:020000040000fa
:040070003005000057
:020000040000fa
:040074003005000053
:020000040000fa
:04007800300500004f
:020000040000fa
:04007c00300500004b
:020000040000fa
:040080003005000047
:020000040000fa
:040084003005000043
:020000040000fa
:04008800300500003f
:020000040000fa
:04008c00300500003b
:020000040000fa
:040090003005000037
:020000040000fa
:04009400fa0400006a
:020000040000fa
:04009800300500002f
:020000040000fa
:04009c00300500002b
:020000040000fa
:0400a0003005000027
:020000040000fa
:0400a4003005000023
:020000040000fa
:0400a800300500001f
:020000040000fa
:0400ac00300500001b
:020000040000fa
:0400b0003005000017
:020000040000fa
:0400b4003005000013
:020000040000fa
:0400b800300500000f
:020000040000fa
:0400bc00300500000b
:020000040000fa
:0400c0003005000007
:020000040000fa
:0400c4003005000003
:020000040000fa
:0400c80030050000ff
:020000040000fa
:0400cc0030050000fb
:020000040000fa
:0400d00030050000f7
:020000040000fa
:0400d40030050000f3
:020000040000fa
:0400d80030050000ef
:020000040000fa
:0400dc0030050000eb
:020000040000fa
:0400e00030050000e7
:020000040000fa
:0400e40030050000e3
:020000040000fa
:0400e80030050000df
:020000040000fa
:0400ec0030050000db
:020000040000fa
:0400f00030050000d7
:020000040000fa
:0400f40030050000d3
:020000040000fa
:0400f80030050000cf
:020000040000fa
:0400fc0030050000cb
:020000040000fa
:0401000030050000c6
:020000040000fa
:0401040030050000c2
:020000040000fa
:0401080030050000be
:020000040000fa
:04010c0030050000ba
:020000040000fa
:0401100030050000b6
:020000040000fa
:0401140030050000b2
:020000040000fa
:0401180030050000ae
:020000040000fa
:04011c0030050000aa
:020000040000fa
:0401200030050000a6
:020000040000fa
:0401240030050000a2
:020000040000fa
:04012800300500009e
:020000040000fa
:04012c00e4040000e7
:020000040000fa
:040130003005000096
:020000040000fa
:040134003005000092
:020000040000fa
:04013800300500008e
:020000040000fa
:04013c00300500008a
:020000040000fa
:040140003005000086
:020000040000fa
:040144003005000082
:020000040000fa
:04014800300500007e
:020000040000fa
:04014c00300500007a
:020000040000fa
:040150003005000076
:020000040000fa
:040154003005000072
:020000040000fa
:04015800300500006e
:020000040000fa
:04015c00300500006a
:020000040000fa
:040160003005000066
:020000040000fa
:040164003005000062
:020000040000fa
:04016800300500005e
:020000040000fa
:04016c00300500005a
:020000040000fa
:040170003005000056
:020000040000fa
:040174003005000052
:020000040000fa
:04017800300500004e
:020000040000fa
:04017c00300500004a
:020000040000fa
:040180003005000046
:020000040000fa
:040184003005000042
:020000040000fa
:04018800300500003e
:020000040000fa
:04018c00300500003a
:020000040000fa
:040190003005000036
:020000040000fa
:040194003005000032
:020000040000fa
:04019800300500002e
:020000040000fa
:04019c00300500002a
:020000040000fa
:0401a0003005000026
:020000040000fa
:0401a4003005000022
:020000040000fa
:0401a800300500001e
:020000040000fa
:0401ac00300500001a
:020000040000fa
:0401b0003005000016
:020000040000fa
:0401b4003005000012
:020000040000fa
:0401b800300500000e
:020000040000fa
:0401bc00300500000a
:020000040000fa
:0401c0003005000006
:020000040000fa
:0401c4003005000002
:020000040000fa
:0401c80030050000fe
:020000040000fa
:0401cc0030050000fa
:020000040000fa
:0401d00030050000f6
:020000040000fa
:0401d40030050000f2
:020000040000fa
:0401d80030050000ee
:020000040000fa
:0401dc0030050000ea
:020000040000fa
:0401e00030050000e6
:020000040000fa
:0401e40030050000e2
:020000040000fa
:0401e80030050000de
:020000040000fa
:0401ec0030050000da
:020000040000fa
:0401f00030050000d6
:020000040000fa
:0401f40030050000d2
:020000040000fa
:0401f80030050000ce
:020000040000fa
:0401fc0030050000ca
:020000040000fa
:0402080030050000bd
:020000040000fa
:04020c0044030000a7
:020000040000fa
:040210008603000061
:020000040000fa
:04021400640300007f
:020000040000fa
:04021800a603000039
:020000040000fa
:04021c0030050000a9
:020000040000fa
:0402200030050000a5
:020000040000fa
:0402240030050000a1
:020000040000fa
:04022800300500009d
:020000040000fa
:04022c003005000099
:020000040000fa
:040230003005000095
:020000040000fa
:040234007204000050
:020000040000fa
:04023800300500008d
:020000040000fa
:04023c003005000089
:020000040000fa
:040240003005000085
:020000040000fa
:040244003c04000076
:020000040000fa
:04024800c6030000e9
:020000040000fa
:04024c003005000079
:020000040000fa
:040250003005000075
:020000040000fa
:04025400c6040000dc
:020000040000fa
:04025800a8040000f6
:020000040000fa
:04025c00fc0300009f
:020000040000fa
:040260003005000065
:020000040000fa
:040264003005000061
:020000040000fa
:04026800300500005d
:020000040000fa
:04026c003005000059
:020000040000fa
:040270003005000055
:020000040000fa
:040274003005000051
:020000040000fa
:04027800300500004d
:020000040000fa
:04027c003005000049
:020000040000fa
:040280003005000045
:020000040000fa
:040284003005000041
:020000040000fa
:04028800300500003d
:020000040000fa
:04028c003005000039
:020000040000fa
:040290003005000035
:020000040000fa
:04029400fa04000068
:020000040000fa
:04029800300500002d
:020000040000fa
:04029c003005000029
:020000040000fa
:0402a0003005000025
:020000040000fa
:0402a4003005000021
:020000040000fa
:0402a800300500001d
:020000040000fa
:0402ac003005000019
:020000040000fa
:0402b0003005000015
:020000040000fa
:0402b4003005000011
:020000040000fa
:0402b800300500000d
:020000040000fa
:0402bc003005000009
:020000040000fa
:0402c0003005000005
:020000040000fa
:0402c4003005000001
:020000040000fa
:0402c80030050000fd
:020000040000fa
:0402cc0030050000f9
:020000040000fa
:0402d00030050000f5
:020000040000fa
:0402d40030050000f1
:020000040000fa
:0402d80030050000ed
:020000040000fa
:0402dc0030050000e9
:020000040000fa
:0402e00030050000e5
:020000040000fa
:0402e40030050000e1
:020000040000fa
:0402e80030050000dd
:020000040000fa
:0402ec0030050000d9
:020000040000fa
:0402f00030050000d5
:020000040000fa
:0402f40030050000d1
:020000040000fa
:0402f80030050000cd
:020000040000fa
:0402fc0030050000c9
:020000040000fa
:0403000030050000c4
:020000040000fa
:0403040030050000c0
:020000040000fa
:0403080030050000bc
:020000040000fa
:04030c0030050000b8
:020000040000fa
:0403100030050000b4
:020000040000fa
:0403140030050000b0
:020000040000fa
:0403180030050000ac
:020000040000fa
:04031c0030050000a8
:020000040000fa
:0403200030050000a4
:020000040000fa
:0403240030050000a0
:020000040000fa
:04032800300500009c
:020000040000fa
:04032c00e4040000e5
:020000040000fa
:040330003005000094
:020000040000fa
:040334003005000090
:020000040000fa
:04033800300500008c
:020000040000fa
:04033c003005000088
:020000040000fa
:040340003005000084
:020000040000fa
:040344003005000080
:020000040000fa
:04034800300500007c
:020000040000fa
:04034c003005000078
:020000040000fa
:040350003005000074
:020000040000fa
:040354003005000070
:020000040000fa
:04035800300500006c
:020000040000fa
:04035c003005000068
:020000040000fa
:040360003005000064
:020000040000fa
:040364003005000060
:020000040000fa
:04036800300500005c
:020000040000fa
:04036c003005000058
:020000040000fa
:040370003005000054
:020000040000fa
:040374003005000050
:020000040000fa
:04037800300500004c
:020000040000fa
:04037c003005000048
:020000040000fa
:040380003005000044
:020000040000fa
:040384003005000040
:020000040000fa
:04038800300500003c
:020000040000fa
:04038c003005000038
:020000040000fa
:040390003005000034
:020000040000fa
:040394003005000030
:020000040000fa
:04039800300500002c
:020000040000fa
:04039c003005000028
:020000040000fa
:0403a0003005000024
:020000040000fa
:0403a4003005000020
:020000040000fa
:0403a800300500001c
:020000040000fa
:0403ac003005000018
:020000040000fa
:0403b0003005000014
:020000040000fa
:0403b4003005000010
:020000040000fa
:0403b800300500000c
:020000040000fa
:0403bc003005000008
:020000040000fa
:0403c0003005000004
:020000040000fa
:0403c4003005000000
:020000040000fa
:0403c80030050000fc
:020000040000fa
:0403cc0030050000f8
:020000040000fa
:0403d00030050000f4
:020000040000fa
:0403d40030050000f0
:020000040000fa
:0403d80030050000ec
:020000040000fa
:0403dc0030050000e8
:020000040000fa
:0403e00030050000e4
:020000040000fa
:0403e40030050000e0
:020000040000fa
:0403e80030050000dc
:020000040000fa
:0403ec0030050000d8
:020000040000fa
:0403f00030050000d4
:020000040000fa
:0403f40030050000d0
:020000040000fa
:0403f80030050000cc
:020000040000fa
:0403fc0030050000c8
:020000040000fa
:100400006fca20000e7f22000e018800000000004d
:10041000000020000000e000020032000001200087
:100420002002880014000700400207000000e000de
:1004300003003a00e01d2600010020000200370002
:100440000000200001002000810f70000100320038
:1004500014000700000020000000e000020032004d
:1004600000000200000000000a4d02000000000031
:100470000040da000000fe004440a900e0522000e5
:100480000000e000030032000020200090018800fe
:100490004440a800000006008a1f78008b1f7800e7
:1004a00000000600a1028800800478000000eb0034
:1004b0001f003700e284440054a0b4009905ba003c
:1004c000e284440054a0b4009906ba00e2844400d7
:1004d00054a0b4000006eb00476fde00fd07b20039
:1004e000ae018800636ce10003003a00eaff0700f8
:1004f0000000eb000e003700606ce10008003a00dd
:10050000004deb000a05e800020039003420ec0041
:100510000af0a0008b05e900f9ff3e000400370057
:100520006168e100010032000086eb000b0007006b
:1005300019c7ba001905ba000e04e00003003a001a
:100540000a00e000dbff3a0000000600fe07b200f0
:10055000ae0288008a047800f5ff37000cd0a300b3
:10056000e20f4d001c00390089027800354dba00b9
:100570000a05e800020039003420ec000af0a0006f
:100580008b05e9000f003200254dba000a05e8008e
:10059000020039003420ec000af0a0008b05e900cd
:1005a000080032000c00e0000600320015cdba0051
:1005b0000a05e800020039003420ec000af0a0002f
:1005c0008b05e9008984e80054a0b4000b00e0002a
:1005d000e2ff3a00000006009902ba00055d7800cb
:1005e0008b05e900f7ff3200c82ade00055d7800c0
:1005f0008b05e900f3ff32000c00e000f1ff320050
:1006000019ddba00eeff37004c6b0400000000005b
:10061000ba6e040000000000046c0400000000003a
:10062000bc6c040000000000405c040000000000fe
:10063000905c040000000000746d040000000000e5
:100640006844040000000000c4180400000000001a
:100650001e32040000000000fc3304000000000013
:10066000a83204000000000018330400000000005d
:10067000ac33040000000000000004000000000093
:100680001e320400000000003600f800809fbe000b
:10069000829fbe00849fbe00869fbe000000fa00bd
:1006a0008020a9000000eb00693607000080fa00f6
:1006b0004f03be004f02be004f01be004f00be0000
:1006c0003600f900004006003600f800809fbe00aa
:1006d000829fbe00849fbe00869fbe000000fa007d
:1006e000623607008040a90010002000583607003d
:1006f0000080fa004f03be004f02be004f01be0053
:100700004f00be003600f900004006003600f80039
:10071000809fbe00829fbe00849fbe00869fbe0059
:100720000000fa008060a900200020004836070081
:100730000080fa004f03be004f02be004f01be0012
:100740004f00be003600f900004006003600f800f9
:10075000809fbe00829fbe00849fbe00869fbe0019
:100760000000fa008080a900300020003836070021
:100770000080fa004f03be004f02be004f01be00d2
:100780004f00be003600f900004006003600f800b9
:10079000809fbe00829fbe00849fbe00869fbe00d9
:1007a0000000fa00604d80000000e000020032000e
:1007b000604d80000000010070c9200010407800ea
:1007c0008040e80070c920000148780060c920001e
:1007d00011c0b300014878008500a9000080fa002c
:1007e0004f03be004f02be004f01be004f00be00cf
:1007f0003600f900004006003600f800809fbe0079
:10080000829fbe00849fbe00869fbe003200f8001b
:100810003400f80010002000a00188000020200013
:10082000900188000000fa002104800000002200ee
:10083000008060000000e00006003200804d800073
:100840000000e00002003200804d80000000010046
:1008500085a0a9000080fa003400f9003200f900f8
:100860004f03be004f02be004f01be004f00be004e
:100870003600f900004006003600f800809fbe00f8
:10088000829fbe00849fbe00869fbe000000fa00cb
:10089000b04d80000000e00002003200b04d80004a
:1008a0000000010090c92000104078008040e8005e
:1008b00090c920000148780080c9200011c0b30011
:1008c0000148780084e0a9000080fa004f03be00d0
:1008d0004f02be004f01be004f00be003600f900bf
:1008e000004006003600f800809fbe00829fbe00d8
:1008f000849fbe00869fbe000000fa00c04d8000ad
:100900000000e00002003200c04d80000000010045
:10091000b0c92000104078008040e800b0c9200035
:1009200001487800a0c9200011c0b3000148780038
:100930008460a9000080fa004f03be004f02be0091
:100940004f01be004f00be003600f9000040060017
:100950003600f800809fbe00829fbe00849fbe00cc
:10096000869fbe000000fa00104d800000000100cc
:100970000080fa004f03be004f02be004f01be00d0
:100980004f00be003600f900004006003600f800b7
:10099000809fbe00829fbe00849fbe00869fbe00d7
:1009a0000000fa00204d8000000001000080fa00e5
:1009b0004f03be004f02be004f01be004f00be00fd
:1009c0003600f90000400600801f78000000fa00a1
:1009d00010118000620060000000e00001003200a1
:1009e0002222a9008c20a9000080fa004f00780084
:1009f000004006003600f800809fbe00829fbe00c7
:100a0000849fbe00869fbe000000fa00d04d80008b
:100a10000000e00002003200d04d80000000010024
:100a2000d0c92000104078008040e800d0c92000e4
:100a300001487800c0c9200011c0b3000148780007
:100a40008760a9000080fa004f03be004f02be007d
:100a50004f01be004f00be003600f9000040060006
:100a60000040da000000fe000a00fa000000e0008a
:100a700037003a0013658000e18f51000300320017
:100a8000e28f51000e003a000900370000222000da
:100a90000000e00001003a000040da002002e2001d
:100aa0000b0035002822ef0021e2a80008003700e3
:100ab000002320000000e00001003a000040da00be
:100ac0003002e200020035003822ef0031e2a800d7
:100ad000020078001a003700040a2000e18f51005c
:100ae0000b003a00030037000402e90002003a005c
:100af00003003700040a20002202ab00faff320094
:100b000014118000050037000402e90002003200e1
:100b10003202ab00fcff32009411800061026200df
:100b200009003200e18f510002003a0034118000c8
:100b300001003700b4118000845878000000e900fb
:100b40000000e000e4ff3a00000051000800370018
:100b500023002000b3bf9f00c0bf9f00d1bf9f00f4
:100b6000e2bf9f006a8057008d1807006fb897009a
:100b70000080fa00000006000a00fa0011002000c0
:100b8000b1bf9f00c0bf9f006a8057008618070052
:100b90004fb897000080fa00000006000a00fa0033
:100ba000e20f500034003e0010658000e10f50005d
:100bb00003003200e20f500011003a000c00370031
:100bc000032220000300e00001003a000040da00a8
:100bd0002002e200020035002822ef0021e2a800f6
:100be0002342ab000d003a002342a8000b0037005f
:100bf000032320000300e00001003a000040da0077
:100c00003002e200020035003822ef0031e2a80095
:100c10003342ab0001003a003342a8008201780061
:100c20000b0037003102fb00e10f500004003a00d6
:100c30002322ab00feff3a00241188000300370096
:100c40003322ab00feff3a00a41188008301e900c3
:100c50000300e000f3ff3a00e10f500003003a0008
:100c60002302ab00feff32000b0037003302ab0063
:100c7000feff32000800370033002000b3bf9f00a2
:100c8000c0bf9f00d1bf9f00e2bf9f006a80570096
:100c9000471807006fb99700020078000080fa003b
:100ca00000000600889fbe00800478002065800058
:100cb0000000e00005003a000000eb000e00070015
:100cc0000084eb000000e00008003500286580008b
:100cd0000900e0000500320009004400060007009a
:100ce0000000e00001003d000084eb0008007800f7
:100cf0004f04be0000000600800078000100e00004
:100d000003003a0000002000206588000000050074
:100d10000080eb0002002000828f500002003e00a5
:100d2000216588000000eb000000060000000500bf
:100d3000140020009a033700f4ff2f0098033700b7
:100d40000001be001c0007000470a70003f0a10012
:100d500003f8a30013003a006509b1001000320047
:100d6000090035006928e100020035000100280073
:100d70000000050000004000818048008502e90075
:100d8000fcff3a0000000600f88f42000500350025
:100d90008100d1000080d3008502e800fcff3a000a
:100da000000006008000eb00000005004f89de0017
:100db0008201780095033700c70ade00f107b20010
:100dc000f50fb20008003200e1cf4200020032000d
:100dd0000170a00024000500810f700001003200a6
:100de0000408050044000500810f700002003a006d
:100df000140005008502e9000000400081c04800a1
:100e0000fcff3b000170a000240005006022b80038
:100e1000060220000000d0008180d2000482d200af
:100e20008582d2000000a0000202520083825a0094
:100e3000030031000202420083824a000000a10048
:100e40000603e900f3ff3a000000060007f8270058
:100e5000078361000638e10004003a00f70720002c
:100e6000878361008703710001003a0003f0a2004c
:100e7000889fbe008a9fbe008c9fbe00470ade008e
:100e80000480a100c71ade000580a1000700280029
:100e90000785600087856100f70f20000720e100cb
:100ea0009e0032000728e1009c0032000106780015
:100eb0000400e000b4003200f707200087806000e3
:100ec0000170a0000500e000c0003200f70720001c
:100ed000878161000370a000050652000f003a00f0
:100ee0000b50e1000b0032000308e10002003a0061
:100ef0000200e1007e0032000204500083845800aa
:100f0000040031000001fd008101fd008402fd00ac
:100f10008a05fd006044b800210037000520e1008b
:100f200005003d000001fd008101fd008402fd007f
:100f30008a05fd00050652007a60e10005003500d3
:100f40000170a1004722dd00848070008a8070005b
:100f5000630037006044b800ef02660007ff2f000f
:100f6000070666000500e00006003400f08312006a
:100f70008714dd000511de00071bdd00060171008e
:100f80008519de007060e100050035000904780075
:100f900082047800030178008001eb00700656009f
:100fa0000b50e10003003a0002004000838048003b
:100fb0000400370060041400e0841c0002005800a4
:100fc000838058000188a300060032008100d10010
:100fd0000080d3008984d3000884d3000402e80091
:100fe000270037000178a30025003a000100e00047
:100ff000030032008186cf00698656000a00370060
:101000008c0020000000e00004003a000900780095
:10101000880478000004eb00700252008086cf0044
:101020000d0646000c06e9007060e1000600350080
:101030008000780009007800880478000004eb0044
:1010400070065600700252000c00e0000c003400e4
:101050008c08dd00f00316000703de0086807000b8
:101060000c00dd00074bde00060070008c4cdd003c
:101070000743de00868474000c44dd000c0252003d
:101080006120e100200035006101600007002800b8
:1010900087816400f7ff27008783640007037400db
:1010a0000300e000060032008203730004003200f7
:1010b0000000e800e08048000188a3000e003a002c
:1010c000f70f20000720e1004a003d000170a10059
:1010d0004722dd00810072008a8070000000be009f
:1010e0004f06be004f05be004f04be0000000600c4
:1010f0006000b800faff37008100d1000080d30003
:101100000402e800eeff3700040178008901740052
:10111000a10107008a807000f1ff3700f701070086
:10112000070278000001fd008101fd00f3010700c6
:1011300087027800850372000778a300040032005c
:101140000001fd008101fd0006020700e4ff3700f9
:10115000850362000768a300080032000b50e1001d
:1011600003003200f0ff2f00f1ff2700dcff370003
:101170000001fd008101fd00d9ff37000468a300d4
:10118000d7ff3200faff3700f8ff2700888360009e
:101190000b003a000000e00009003a0083036400fd
:1011a00082837300020032000200be00ccff3700d1
:1011b0000b50e100ceff3a000200be00c8ff37002e
:1011c00014002000810064003eff3700f8ff270074
:1011d0008883610004003a000200e00002003a0047
:1011e0008c007800beff37001500200083016400ea
:1011f00039ff370001f8270000002000810075004a
:10120000b7ff3700889fbe008a9fbe008c9fbe003c
:101210001b0020000202be000586680006002800b0
:10122000060666004709de00f20fb20082003200b7
:101230000243e80080003200c729de00f30fb2004d
:101240007d0032000343e8007b003200f107b2006a
:101250000170a000f507b2000570a000c708dd000e
:101260004903de00868070004700dd00c72add00ec
:101270004923de00868272004722dd00030551000b
:101280000403500085835800030031000000400033
:10129000818048000a05e9008c1f78008a9fbe0003
:1012a00004005000858058000402420085824a00f4
:1012b00000004000818048000005eb000004be00f3
:1012c0006033b8000406be000d48e100560031004e
:1012d000110009004dccd8000c01b8000d02b80077
:1012e0008481410060824a008283530003045c00d1
:1012f00084845c0060055d000a00e00025003a007f
:10130000800578000d40e100490031008800780038
:1013100007007800110009004d88d8000c01b800c2
:101320000d02b8008481410060824a006003110010
:1013300083835b0004045c00e0845c000900e0003f
:1013400021003a004f01be000300e0002b003200f4
:10135000e3016000070673008c8171000100320018
:10136000640070004200de004e5edd000c00700084
:10137000c258de0001e0a00083010700cf01780021
:10138000818071004f06be004f05be004f04be00b5
:10139000000006008c8343000d044c00e0844c00e8
:1013a00060054d000000e9000a00e000d4ff3200b3
:1013b0008c8343000d044c00e0844c0060054d001c
:1013c0000000e900ceff37000c0343008d834b0083
:1013d00060044c00e0844c000000e9000900e000db
:1013e000d8ff32000c0343008d834b0060044c0097
:1013f000e0844c000000e900d2ff37004200de002c
:101400004e5edd000c007000c258de0001e0a0005e
:10141000cf0178000300e000daff32006000100026
:10142000e0801800d7ff3700f0ff2f00aaff370039
:10143000f0ff2f00b9ff37000404be002f010700a2
:10144000870678000004fd008104fd002b010700e1
:10145000078366000678a300030032000960a70036
:101460000800be002c0037000d78a30002003200f7
:101470000800be00280037000778a30026003a00c5
:1014800001f0a10009f0a1000668a30003003200ea
:10149000f1ff2700f0ff2f00baff37000d68a3000f
:1014a000030032000800be008c807000b5ff3700da
:1014b0000768a30007003a000648a30003003200b3
:1014c000f1ff2700f0ff2f00aeff37000d48a3000b
:1014d000030032006000b8008c807000a9ff370064
:1014e0000748a3000400320001f827000000200094
:1014f0008c807000a3ff3700760107000004fd0018
:101500008104fd0002057800720107000802be0098
:101510008a01780059ff37000160a0001202200004
:10152000e24d880097ff37000100e0001200320012
:101530000500e00010003200889fbe008a9fbe00b8
:101540008c9fbe000006eb0001f8a30003003200f0
:1015500060001000e08018000cf0a00005f8a30067
:101560000300320060021200e0821a000cf0a200b8
:101570008005eb0041ff37006000b8000200050065
:10158000038368000700280007036300470ade00a2
:101590000480a100c71ade000580a100f70f20001b
:1015a0000720e100420032000728e100400032003d
:1015b000889fbe008a9fbe008c1f7800f107b20092
:1015c000f307b2000400e000640032000170a000e4
:1015d0000500e000680032000370a00085054200ad
:1015e000eb07b1000204b8000302b8008484440091
:1015f00060854a00020ab800848444000a854a00d3
:10160000030ab80004054500040033000804d000b4
:101610008984d2000a85d2008b05e9006158e10077
:101620003d00350002102000090161000308200080
:1016300089816100f70720008783640008867300b2
:10164000c84cde00c853dd00878474004855de00b6
:101650000300e0000600320082037600040032003e
:101660008904e80060054d000a88a3000c003a00d8
:10167000f70f20000758e10044003d000a70a10068
:10168000c75ddd000a8575008a00730009007800d7
:101690004f0678004f05be004f04be000000060054
:1016a0000a05d1008984d3008b05e800f0ff3700dc
:1016b000881f780006047800900007000702780071
:1016c0000001fd008101fd008c0007008702780009
:1016d000850372000778a300050032000001fd00b9
:1016e0008101fd009f0007004f0478000000060004
:1016f000850372000748a30003003200f0ff2f00ab
:10170000f1ff2700f8ff37000000200001f8270054
:1017100088807000f4ff3700880178004848dd00b9
:10172000808171004848de00c850dd000100700073
:10173000c850de00060478000b0178001600070090
:1017400088807000d2ff37000500e00005003200fd
:10175000170020003a0007009dff3700810370004a
:10176000f9ff3a00860078004f0678004f05be006a
:101770004f04be000000050083037100f9ff320032
:10178000270020002e00070094ff370001f82700f3
:1017900086807000f4ff37000100e0002600320070
:1017a000610111007810e10023003c006022b800c4
:1017b0007010e1000400350080027800010078001c
:1017c0008000eb00700151000200e00009003400cd
:1017d00070031100062add00822ade008603dd0088
:1017e000878272000200de00860bdd0007007000b9
:1017f0008208de0084817100f4ff27000482620009
:10180000848171000400280084826200610260000b
:1018100005f0a600000006000482710007003200f7
:101820000000e800e0804800000006000002be0062
:101830006000b800efff37006000b800000006004d
:10184000889fbe000004eb006138e10016003a00fa
:101850000100e00008003a00c800de004800dd009a
:10186000880020000100e00003003a00c800de000c
:101870004800dd00680444008184cf00e9845400fe
:10188000060034008908dd00f08314008703de00c1
:10189000878070000900dd00090444006102140023
:1018a0004f04be00000006000300e00008003a00fc
:1018b000c811de004811dd00880020000300e000b0
:1018c00003003a00c811de004811dd00680444003e
:1018d0008384cf00e9845400060034008919dd00b8
:1018e000f08314008713de00878171000911dd0089
:1018f00009044400e1021400e9ff3700270020003a
:1019000001f0a70017002000470bde00f60fb20021
:10191000040032000643e8000a0032004702b30028
:101920000000060001037800f607b200060370000d
:1019300002003a000703b300000006008702b3006c
:101940000000060001037800f607b20006037000ed
:10195000020032000770a000000006000760a0002f
:10196000000006000478a300040032000578a300fc
:10197000030032000168a30001003a000200be002b
:101980000160a00000000600810170002700320005
:101990008002eb0001f8a300030032006000100099
:1019a000e080180015002000f40720000202420029
:1019b00020003400f70320008703600006042000a5
:1019c0000003630002082000000161004700de0000
:1019d000c909dd0000807100c708de000600e000d4
:1019e0000800320087037100060032001000b000ca
:1019f0000180b0000188a30002003200c108de00af
:101a00000402e800f107b200f30f20000320e10018
:101a100003003d004722dd008100720029003700ed
:101a200001f827000000eb00260037006000b80036
:101a300000000600680212007f20e100020034006e
:101a40006000b8001f0037006011b8007020e1008e
:101a50000400350080017800010078008000eb0070
:101a6000700252000400e00009003400f00312008c
:101a70000719dd008419de000703dd00868171008f
:101a80000400de00070bdd00060070008408de00a5
:101a9000f7ff270083836300870371000600280097
:101aa00003036300070032000700e00003003a0070
:101ab0006101600002817300020032001000b0007a
:101ac0000180b0000500a6000000060001f0a000a3
:101ad000000006004f0ade004709de00f107b200f1
:101ae000f20fb2000b003200f207b1000170a0004b
:101af000c708dd00c901de00838070004700dd00fb
:101b00000400a6000000060060001000e08018003d
:101b100000000600810f700001003a00000006007e
:101b20008182cf000500e00010003e008082cf00df
:101b3000ee8242007028e1000400390007003e00f8
:101b4000800078000000eb000e0037007083120068
:101b50008600de000500dd000a00370070835200b9
:101b60008600dd000000eb0006003700e282520034
:101b70008508dd00708312000603de008680700099
:101b80000500dd007507b0000501ea000400a600ad
:101b90000000060060001000e08018000000060051
:101ba000889fbe008a9fbe00841f78007c000700cb
:101bb0004f00780011003300f0ff2f00838f6c007e
:101bc00006003b00040565000a00a7000800370076
:101bd00009f0a6001000200008003700820f540012
:101be000838f5c00030039001000200001003e00dc
:101bf0000000200009f0a7000000ea004f05be0029
:101c00004f04be000000e00000000600881f7800be
:101c1000030478000300e00007003d0060001000ae
:101c2000e080180060011900e081190002003b000b
:101c300001f02d00030037000400070008f0a700a2
:101c400001f0a0004f04780000000600889fbe004d
:101c50008a9fbe000082700004027100048271003d
:101c6000260032000004be000200be006011b80071
:101c70006b092000950220000182cf000a00390084
:101c80000541b1000082cf00070039000541b100d5
:101c90000982cf00040039000541b1000882cf005d
:101ca000010039000541b100054252001200320026
:101cb0000a003b0082817100610164008100d10053
:101cc0000080d3008984d3000884d3008b05e8000a
:101cd0000442e800f7ff3a00070037000804440018
:101ce00089844c0000004800818048008b05e90091
:101cf0000442e900f9ff3a00030007004f05be0067
:101d00004f04be00000006008100200061805500e5
:101d10000b003d000b00200061fe2f000100e100e0
:101d20001d00340082817100610164008904d100ca
:101d30000884d3000000e800faff3a007100200098
:101d400061006400030070000200600009003200be
:101d500061044400e0844c000988a50005003200bd
:101d60008b05e8006808e10002003a008904d10010
:101d70000884d300f20f20000258e10005003d0066
:101d8000c75ddd00f907b2008980750008007800a2
:101d9000000006000bf827008b007800000005000b
:101da0000004be0004fc07000003be000405be00e2
:101db0000200be0000fc0700844f75000000060012
:101dc0000800fa00889fbe000004be000001be00ab
:101dd0008300780001f0a10008007800a4fd200035
:101de00095f42300840f5000858f580018003e00a2
:101df000f2ff2f00f3972300820f5000838f5800cb
:101e000011003e00f2ff2f00f3072000820f500068
:101e1000838f580005003e00020020000338200098
:101e20000800be00d6fd07000400370002002000b5
:101e300003b827000800be000dfc0700c0bf9f00cc
:101e4000d1bf9f00710037000800be006800370056
:101e50004f49de0003002000143d2500b507240093
:101e6000840f5000858f58001f003e0034be2c00a8
:101e700065012400840f5000858f58000e003e003d
:101e80000200e00005003200b2fd200093fc2300b8
:101e90000800be00f6fb070059003700b2fd200025
:101ea00093fc23000800be00e8fb07005b0007006e
:101eb0000004be00550037000200e00005003200bb
:101ec000b2fd2000930424000800be00e8fb0700d8
:101ed00046003700b2fd2000930424000800be0035
:101ee000dafb070041003700541d2300250e2400b3
:101ef000840f5000858f58001d003e00f4dd2e0039
:101f0000f50a2400840f5000858f58000c003e0015
:101f10000200e0000500320042be2c0063092400ec
:101f20000800be00d2fb0700e0ff370042be2c00d5
:101f3000630924000800be00c4fb0700300037001e
:101f40000200e00005003200b2fd2000930c2400e6
:101f50000800be00c6fb070025003700b2fd2000c8
:101f6000930c24000800be00b8fb070020003700d7
:101f7000f2ff2f00f3f72700820f5000838f5800e5
:101f8000040036000801be000800be00affb0700d9
:101f9000c7ff37006c8157000800be004d000700e6
:101fa0006011b80063016000e10f5100e08f59003b
:101fb00009003200e20f5100e08f590009003200a1
:101fc000e00f5100e08f59000b003a002fb8970046
:101fd000bfb89700060037002fb89700bfb897002a
:101fe000b2ff37002fb89700bfb8970001f0a200ea
:101ff00091000700aeff37002fb89700bfb89700d9
:10200000060007000004be0009f0a2000800be00a0
:102010004f04be000080fa0000000600889fbe004a
:102020008a9fbe008c9fbe000001be0054fd0700c9
:102030000004be000001be0051fd07000005be0007
:102040000200200003f02b000800be004cfd07003a
:102050000200200003f8230085fb07000006be00f5
:10206000f2a92a00a3d223000a00be0044fd070003
:102070000001be000c00be007dfb07000006be0094
:102080000801be000a00be003dfd07000005be00bd
:1020900072a12900c37c23000800be0038fd0700a0
:1020a000f243200063ab230068fb07000001be0081
:1020b0000a00be0032fd07000001be000c00be0099
:1020c0006bfb07004f06be004f05be004f04be006d
:1020d000000006000800fa00889fbe008a9fbe002c
:1020e0008c9fbe000005be00020478000001be0007
:1020f0008300780001f0a1000a007800a2fd200012
:1021000093dc2400820f5000838f58001d003e0096
:1021100032982f0023f223000a00be0018fd0700aa
:102120000200200003b4240051fb0700020020003d
:1021300003b4240045fb07000006be006613070039
:1021400080047800a2fd200093fc23000c00be0058
:102150000bfd07000001be000a00be003bfb0700ac
:102160000005be00325a2800832823000c00be0060
:1021700003fd07000001be000a00be0033fb07009c
:1021800026003700f2ff2f00f3f72700820f5000e0
:10219000838f5800060036000a01be000a00be0008
:1021a0002afb0700008cbe008004eb001c003700f7
:1021b0000a00be00500007000005be0032982f0044
:1021c00023f22300eefc07000200200003f02300ae
:1021d00027fb0700171307000203be000002be0022
:1021e000e4b79f00f5b79f0086bf9f0097bf9f0091
:1021f00086fe070032982f0023f2230001fc07001f
:102200000001be000a00be0010fb07006000b8001d
:102210002004980031049800efb49700008cbe00b1
:10222000090078004f06be004f05be004f04be00f7
:102230000080fa0000000600889fbe008a9fbe0052
:102240008c9fbe000005be000001be00ccfc070054
:102250000004be000a01be00c9fc07000006be0063
:102260004288280083c023000800be00c4fc070089
:10227000b2aa2a00a3e22300f4fa07000001be007c
:102280000c00be00befc07000001be000a00be003c
:10229000f7fa07000005be000801be000800be00f6
:1022a000b7fc07000001be000c00be00b4fc070034
:1022b0000006be00c2c32600636323000800be0000
:1022c000affc0700f27c200003952300dffa070033
:1022d0000001be000c00be00a9fc07000001be000a
:1022e0000a00be00e2fa07004f06be004f05be001e
:1022f0004f04be00000006006022b8006033b80042
:102300000002be00f0ff2f00f1ff2f00f2ff2f00b0
:10231000f3ff270000006200818062000201630079
:1023200083816300000006000000fa006881570006
:10233000cfb89700900307000080fa000000060065
:10234000b40107000c020700bd020700e502070008
:102350003e020700ef0307009a0337000000fa006f
:1023600068815700cfb89700880307000080fa0003
:102370000000060011060700c806070062070700f4
:10238000780707001b07370080017800020037003c
:10239000b15978000201e9000200e000fcff3a00b8
:1023a00000000600810178000002780030417800ca
:1023b000b14f510002003a000204e000f9ff3a0078
:1023c0009480fb001380fb0000805000000006009a
:1023d0008001eb000200e0001000320000027800f3
:1023e00001037800b44178000304e00008003200e3
:1023f000b14278000504e00005003200820340008d
:10240000848f53000200320085cf5100f4ff320068
:102410008381fb001680fb0080815100030078005f
:1024200000000600881f780000047800080078008b
:10243000aa0b0700080078004f047800000006008f
:10244000114290000482fb009180fb00c808dd006f
:102450000482700080007800d181fb001081fb00b5
:102460004811dd0003017100030037004811dd0051
:102470001180fb0002017000010078003104e000cf
:1024800004003200840f5100f8ff3a000000e90018
:102490000000060000000500114390008683fb0049
:1024a000060020001181fb008001eb00c811dd0057
:1024b0000200200002037300838373002141900017
:1024c0004811dd008001eb00020373008383730079
:1024d0008080e800104190008281fb000200200013
:1024e0001082fb008002eb00c822dd000400200007
:1024f00004017100858171001182fb004822dd001a
:102500008002eb0004017100858171000800370032
:102510001182fb008002eb000402710085827100d1
:102520004829dd00c821de00830171004821dd005b
:10253000010078003104e00005003200860f5100f0
:10254000878f5900f2ff3a000080e9000000060082
:1025500000000500314190000281fb008001eb008a
:102560001183fb008003eb00c833dd000600200070
:102570000603710087837100114190008281fb0086
:102580000200200002037300838373002141900046
:102590004811dd008001eb000203730083837300a8
:1025a000e30040001182fb008002eb001081fb0081
:1025b0008001eb00c811dd00020020000201720062
:1025c00083817200104290008482fb00040020008e
:1025d0000401710085817100204290004822dd00d5
:1025e0008002eb0006003700481add00c812de004a
:1025f000850272004812dd001181fb008001eb00b2
:102600000201720083817200010078003104e00051
:1026100005003200860f5100878f5900f2ff3a0003
:102620006300500000000600000005002802fa00c8
:10263000889fbe008a9fbe008c9fbe000004780069
:10264000810578000f000900001feb000e02b100a9
:102650000b017800880078008004eb000d00370043
:102660000080fb00c401de008381410003024700bb
:10267000ef026000160020008532dd00ee81790057
:10268000038a720086844400000040000000470076
:1026900009109800324078000004e00005003a007c
:1026a0001a0020000a0078000001eb008081eb0096
:1026b000190037003104e000e9ff3a00a2003700ba
:1026c00003824500e44278006bc2780084cf520058
:1026d00005003a008a0f50000c0032000000e800ac
:1026e000820078000b00370084cf520002003600d1
:1026f00003855000060037008200e8008201780060
:102700001a0020000a007800020037000005780057
:10271000100020000101780082004000898f5000e5
:10272000e7ff390011002000010078000002eb00f3
:102730008086eb00160037008d82450065437800e7
:10274000eb427900854f530005003a00810f50009d
:102750000c0032000000e800040178000b00370094
:10276000854f5300020031008d00510006003700f4
:102770000401e800840678001100200001007800c0
:10278000020037008000780010002000020278006c
:1027900004014000890f5100e7ff39000d01e800f6
:1027a0000300e800800f51000200360001057800a8
:1027b00001003700830678000d02e8008a8045009a
:1027c000040178000b00780034179a009409070080
:1027d0003e1292000000e000080032000905e90006
:1027e0000d0555008d0f5500010031000d057800d5
:1027f0000a05e8008002eb00010037008a825400dd
:10280000880178000006eb0008805100890f500015
:102810001600310009037800f603b30006017800c2
:102820008000eb000300780003179a0034179a0029
:1028300015179a0026179a00490907008e11920071
:102840003e1292009e1292002e1392000000e000b1
:102850000500320088005000898f50003a0039008e
:102860008001780001003700868141008900440022
:1028700071f897000080fb006f01600017002000d6
:10288000823bdd004401de00020141006e0379005d
:10289000068163000d003200000040000000470088
:1028a00000109000008054000a0032000500e00093
:1028b000150032000c00e000130032008a0f5000b7
:1028c000110031000a8054000f0037000104780025
:1028d000ccff37000c007800840f56000300310055
:1028e00004007800010037000000e800eb407800a9
:1028f0000104e000060032006841780082cf5000f9
:10290000f9ff32000d00500000044400bdff370005
:102910000d0078008000e8008c8f50000800360021
:102920006b417800e84078000000e900814f5100d9
:10293000f8ff32000a04440005067800b2ff3700b1
:1029400008007800010037000000eb004f06be00d1
:102950004f05be004f04be000080fa0000000600d4
:10296000881f780001047800984078000104e00096
:10297000260032008100fb008d0a07000000e00005
:1029800022003200984090000104e0001f00320055
:10299000904090000104e0001b003200a84090002d
:1029a0000104e00003003a0088007800a4fe07005c
:1029b00016003700a04090000104e0001200320031
:1029c000b84090000104e00003003a00880078005d
:1029d000b1fe07000d003700b04090000104e00098
:1029e00009003200c84090000104e00003003a00f2
:1029f00088007800d7fe07000400370088007800c0
:102a00000aff0700010037000000eb004f047800c8
:102a100000000600ec874700889fbe008a9fbe002a
:102a20008c9fbe008e1f780000067800010478009d
:102a3000180790002805900098067800cdb79f00f1
:102a4000b80590003202be002203be000400be00a2
:102a50000601be004f18de006011b8008000eb00d8
:102a6000d0b79f00e1b79f00f2b79f0083bf9f00e0
:102a7000800478000900e000060032006000b80021
:102a80006011b80004025000858258000603590006
:102a9000878359000e00e000020035000d10a100f0
:102aa000cdb79f000900e00005003a004fb0970045
:102ab0000028a30002003a000038a3000200320000
:102ac0008a00e900010037008a007800f881570089
:102ad000a200200008007800860007000900e0003e
:102ae00003003a00cfb097000128a300080032008d
:102af0000000e90000814500b1c2b3000900e00018
:102b000001003200d1c2b30001497800050037004e
:102b10000138a300030032000000e90001c2b30045
:102b200081757800480190000201e9000001510020
:102b3000808045004fb297008a0178000c00780031
:102b40003f0207009c0090000188a30004003200af
:102b500098009000810f500001003d0001007800b6
:102b60004f0778004f06be004f05be004f04be0061
:102b7000cf00b100000006000200fa00889fbe00ee
:102b80008a9fbe008005780001047800020078006a
:102b9000180190002805900098007800b1bf9f00b0
:102ba000b80490000200e000020035000110a1000e
:102bb000b1bf9f00ea815700820020008a007800a0
:102bc0003002be002003be00080078004900070064
:102bd0003fb99700f0006100030032000000e900f7
:102be00001c3b300817478003fb99700e800610029
:102bf000030032000000e90001c2b30081747800d4
:102c0000480190000201e900000151008080440069
:102c10003fba97008a0178000b007800080207008d
:102c20009b0090000188a3000400320098009000ef
:102c3000810f500001003d00010078004f05be00eb
:102c40004f04be000080fa0000000600ea8747003b
:102c5000889fbe008a9fbe008e1f78000004780007
:102c6000030078007287570084e2260055c72600cb
:102c7000049fbe00c3962200030f78006c875700a4
:102c8000004feb0011059000a10490009105780021
:102c90000200e00002003200020778000100370065
:102ca000728757000000e00002003a000e00780032
:102cb000f40907000a00e000030035008a0f500005
:102cc000010036000a0078000b02780089017800c4
:102cd000000178008e00780008007800d801070015
:102ce0004f0778004f05be004f04be00af00b10093
:102cf00000000600f4874700889fbe008a9fbe0040
:102d00008c9fbe008e1f78000605be000404be0026
:102d100081bf9f0082b79f00f3b79f00b000900073
:102d2000e1b79f001301780092b79f0090069000d2
:102d3000400090000000e900000678000d00e0006f
:102d400001003d001d0020008040eb00efb1970026
:102d5000817178001e0020001f0037000c06e9007a
:102d60000fb09700cf80de006109b900a0b79f00c7
:102d7000b1b79f00c2b79f00d3b79f000203be0048
:102d80000002be000800be000a01be004411070098
:102d9000000778000e4078000043b000efb09700c5
:102da00080707e008d06e9000fb997000201e900ee
:102db00082bf9f002fb29700bfb297004fb397001a
:102dc000dfb397000800be000a01be002d11070006
:102dd0000205be000004be000c00e0000d0034003f
:102de000e00f5400e08f5c00e00f5d00e08f5d00bd
:102df000daff3a000d00e000d8ff3c008fb99700e1
:102e00000300e000030034001fb097000018a30087
:102e1000d2ff3a000e00e00002003a00ffb0970037
:102e20001140a1000c0078004f0778004f06be004b
:102e30004f05be004f04be004f01b1000000060068
:102e40000200fa00889fbe008a9fbe00000578003d
:102e5000010478000200780018019000a804900096
:102e600098007800b1bf9f00b80590000200e00014
:102e7000020035000110a100b1bf9f00ea81570098
:102e8000a2002000890078003002be002003be00ae
:102e90000800780097ff0700480190000201e90050
:102ea00000015100808045003fba970089017800f9
:102eb0000a007800620107009a0090000188a300d0
:102ec0000400320098009000810f500001003d0086
:102ed000010078004f05be004f04be000080fa00dc
:102ee00000000600fa874700889fbe008a9fbe0048
:102ef0008c9fbe008e1f780080047800010478004b
:102f000082057800180190002805900018077800c5
:102f1000b80090000200e000020035000e10a10091
:102f2000010037001200200070006700e0b79f002a
:102f3000090032003b02be002b03be00e00f52002e
:102f4000e08f5a00e00f5b00e08f5b000200320070
:102f50008a86e900010037008a067800e8026700e7
:102f6000f5b79f00010032008d06e9003b02be006c
:102f70002b03be00e4af9f00f5af9f0086b79f0014
:102f800097b79f00480690000c06e9000040eb0050
:102f900080707e00efb297007fb2970089037800bf
:102fa00081047800d8af9f00020478008bbf9f0097
:102fb0008a057800034578002a0037000c06e900ee
:102fc0006fab97006f006300e90f500002003c00f8
:102fd0000003b000010037007005b0000a03fb00d9
:102fe0001604b100f90f53000c003e0000037800f6
:102ff0000650a0001606b100f90f530007003e006e
:10300000b4b79f00a5b79f00c7b79f007709070017
:10301000cfb39700afb297003fb2970080747e00a5
:103020000804e9008d06e9006fa89700ffa8970043
:103030000fb197009fb19700460020008301d10097
:103040000281d3008180d3000080d3000603e90011
:10305000faff3a00e0af9f00f1af9f0082b79f00f8
:1030600093b79f00e10f56000f0034006fa8970040
:10307000ffa897000fb197009fb19700e00f500095
:10308000e08f5800e00f5900e08f5900cbff3a0065
:103090000800e000c9ff3c000d00e0000200340021
:1030a0000e18a300c5ff3a0089007800f4b79f000e
:1030b000870478005fac97008a4178000b057800a0
:1030c0008fbd97000500e000100032003b02be00fb
:1030d0002b03be00e4af9f00f5af9f0086b79f00b3
:1030e00097b79f00e00f5200e08f5a00e00f5b009f
:1030f000e08f5b00050032000c06e90083707e0063
:103100000c06e90000c3b30080707e00ffb2970098
:103110000500e000030032000c06e90000c2b30025
:1031200080707e00480190000201e9000c0151000e
:103130008c8040000e0278008a0178000900780037
:10314000bf000700990090000188a300040032002e
:1031500098009000810f500001003d0001007800b0
:103160004f0778004f06be004f05be004f04be005b
:10317000af01b10000000600820178000101780073
:10318000f1ff27002e093700960637003c00fa00b1
:103190008f017800c303b1001d0009008019eb0006
:1031a000c0a79f0080b79f00408c2100b0b79f0050
:1031b00040fc2f000f004000130907000080fa00b8
:1031c0000000060084082000848f50001d0032009b
:1031d0000d003c0014082000848f500027003200ae
:1031e00002003c00040820000400370024082000ee
:1031f000848f50003400320044082000848f500037
:1032000043003a0036003700040a2000848f500043
:103210002700320004003c0004092000848f500085
:103220003b003a0028003700020c2000828f50003b
:103230002f003200020f2000828f500034003a002d
:103240002b0037009380e9000200e0000500320007
:10325000810978001102fb00cfa2de00612bb900ca
:103260002800370081097800114278000482fb00b1
:103270008002eb006033b8002200370013027800b0
:10328000e40052000200e0000500320081097800ed
:103290001102be004fabde00860378001900370034
:1032a000810978001102be006033b80015003700b4
:1032b0009380e9008109780011027800cfa2de0036
:1032c000612bb9000f00370093027800e8805200ac
:1032d000810978003102be002103be0009003700d9
:1032e0009380e9000200e00002003200f1ff3700a5
:1032f0009380e90081097800110278008002eb00d8
:103300006033b8000498be000690be0010000500af
:103310000000050044082000848f50002500320082
:1033200008003c0014082000848f50001400320074
:1033300024082000848f500024003200040820005c
:103340000c00370004092000848f50001f00320059
:1033500004003c0084082000848f500024003a00c0
:103360000e003700040a2000848f50001100320044
:10337000040c2000848f50001d003a000d0037001f
:103380009380e900810978009100780001087800b5
:10339000cf91de008288be00140037009380e900e0
:1033a000810978009100780001087800824878004f
:1033b0000e0037009380e9008109780091007800c1
:1033c0000108780082087800080037009380e9003f
:1033d0008109780091007800010878006112b90035
:1033e000612bb9008498be008690be0010000500d5
:1033f00000000500889fbe0000047800480090008f
:1034000082047800808f5400010036008004780028
:103410000901780058009000dbfb0700580090007d
:103420000900400050049800c800900089845000b2
:10343000490498000048eb004f04be00000006005d
:10344000f2874700889fbe008a9fbe008c9fbe0007
:103450008e1f78008004780001057800020478004f
:10346000830578006107620002003a008b0f540068
:1034700008003900080178008a0078000900780007
:10348000f00b07008b0f540002003900880578000c
:103490001e003700088655000c017800f00f56001a
:1034a0000100360002012000010220007e8057004a
:1034b000690607008c06780005003700020120002d
:1034c000fe80570009007800de0b0700f0865600ea
:1034d000ef8f5600f9ff3e004461de0000ff2f0031
:1034e0000091b90002014600fe80570009007800f3
:1034f000d40b07000e00e00004003a000801780039
:103500008a00780009007800ce0b07000b007800d5
:103510004f0778004f06be004f05be004f04be00a7
:103520002f01b100000006000000050000000500aa
:1035300000000500000178000040eb008080fb00e7
:103540008180400063c6200063c278000404e0006c
:1035500003003a0070c6200060c07800000006003a
:1035600092017800934f520004003a0070c6200088
:1035700060c078000309e800010037000040e8005f
:10358000ea4f5000edff360000000600f6874700c6
:10359000889fbe008a9fbe008c9fbe008e1f780051
:1035a000000578000104780083057800040678009f
:1035b0000000eb00c0b79f008080eb00d1b79f00f8
:1035c000e0b79f00f2b79f000008200080bf9f0077
:1035d00098007800010078008004eb0001003700bb
:1035e0008904e800304178000204e0000300320062
:1035f00053c2b300834f5100f9ff3a000900e000c5
:1036000004003200090178000a0078008d0b0700e1
:10361000188c44001807780050c2b3009e4f100069
:103620003f013a000e07e8000e0c7800100037004a
:10363000cfb097000100a0000b003700cfb097007b
:103640000110a00008003700cfb097000120a000b3
:1036500005003700cfb097000130a000020037000e
:10366000cfb097000140a000c1b79f00000ce80058
:103670001800780090407800b2c2b30082cf5000aa
:10368000f1ff320007003c0002c2b30082cf5000bd
:10369000f0ff320032c2b30082cf500007003a0080
:1036a000efff3700d2c2b30082cf5000e0ff3200fc
:1036b00002c3b30082cf5000e0ff3200a2c2b300c9
:1036c00082cf50000d003a00000ce8001c80e90099
:1036d000000e780010007800e0b79f000000e000c6
:1036e0000f003d00cfb097000100a200c1b79f00be
:1036f0000000ea00e0b79f000900370065050700f9
:10370000e0b79f0001003700000ce80018007800c7
:103710009000fb000103b100e98f5000faff360072
:103720004fb097000008a300020032000010a10073
:10373000c0b79f0018007800e1c2b30090cf10001e
:1037400016003a008000eb00d1b79f000000e800af
:10375000000c7800a1c2b30090cf100006003a0020
:10376000000ce8001c80e900000e780010007800d2
:10377000d0b79f000900370046050700d0b79f006b
:1037800001003700000ce800180078009000fb00f2
:103790000103b100e98f5000faff360008007800fd
:1037a00064ff070080467800180078001000fb00d6
:1037b0008707070091062000810f50003800320073
:1037c00012003c0041062000810f500034003200fe
:1037d0000a003c0011062000810f5000200032003a
:1037e00031062000810f5000a0003200510220005d
:1037f000810f5000bc003a00b40037007106200071
:10380000810f5000b8003c008800370001072000fd
:10381000810f50005c00320007003c00e1062000f0
:10382000810f50007a003200f1062000810f500015
:10383000ad003a003900370051072000810f5000d9
:103840002700320081072000810f50004200320023
:1038500031072000810f5000a3003a008f0037008d
:103860008d80fb000c01780000fe2f000f0040004f
:10387000980707000000e000a80032001800780058
:10388000000ce8009041780002fe2f000f0141007b
:10389000f88057000a00780024ff07000e00370068
:1038a0008d80fb008c0178001200200000fe2f00ac
:1038b0000f00400043fe07000000e00097003200c8
:1038c000180ce80002fe2f000f014100f88057009d
:1038d0000a0078004ffc0700808444009000370005
:1038e0008d80fb008c0178000001eb0000fe2f00b2
:1038f0000f00400033fe07000000e00087003200a8
:10390000180ce80002fe2f000f014100f88057005c
:103910000a0078004afd0700efff37008d80fb00aa
:103920008c0178000001eb0000fe2f000f0040002a
:1039300024fe07000000e00078003200180ce800c8
:1039400002fe2f000f014100f88057000a007800a6
:1039500089fc0700e0ff37008d80fb008c017800b8
:103960000001eb0000fe2f000f00400015fe0700d5
:103970000000e0006900320018007800000ce80048
:10398000904178001c0037008c0178000001eb00aa
:10399000010f200000fe2f000f00400009fe07006d
:1039a0000000e0005d003200180ce8000fb0970046
:1039b0009fb097002fb19700bfb19700e00f500064
:1039c000e08f5800e00f5900e08f590009003a00dd
:1039d000cfb597006fb49700e0c52000a906070097
:1039e0000b0278008801780000017800e1c5200012
:1039f0004700370083c7b30002fe2f000f014100cc
:103a0000f88057000a00780036fd0700b2ff370043
:103a10000b8144008d80fb008c01780000fe2f009c
:103a20000f0040003bfe07003c0037008d80fb008c
:103a30000c01780000fe2f000f0040002507070052
:103a40000000e0003500320018007800000ce800ab
:103a50009041780002fe2f000f014100f8805700ce
:103a60000a007800b1fe07009bff370000c8b300d2
:103a700080cf560029003a00180ce8001c80e900ad
:103a8000000e780010407800e0df9f001300200057
:103a9000e2fd2f000f0141000800370000c8b3000d
:103aa00080cf56001d003a00180ce8001c80e90089
:103ab000000e78008001eb0010017800f8805700bc
:103ac0000a00780061fc070083ff370000c8b300dc
:103ad00080cf560011003a00180ce8004fb2970052
:103ae000efb19700080037000e0c78000000eb00e3
:103af000c0b79f00e0b79f000080eb00d0b79f00e9
:103b00000002eb00840178001200200041c6200072
:103b10000a0078004afe07006fff3700180ce80023
:103b2000090078004f0778004f06be004f05be0021
:103b30004f04be006f01b100000006008200fa00d1
:103b4000889fbe008a1f78000005780082047800f4
:103b5000c13f9f000004eb0010003700090278000d
:103b600088017800a2f72f000f01410081f72f0094
:103b70008f8040000a00780084fe070008004000a3
:103b8000880f500004003d00b0042000f06488005d
:103b90000084eb0004003700000478004f389700e1
:103ba0001004e000edff3a00080078004f057800af
:103bb0004f04be000080fa00000006000200fa0078
:103bc000889fbe008104780082007800030178009d
:103bd0003104900036070700e10f40000b0032006f
:103be000a2002000e6805700080078006a0607005f
:103bf000809cbe008294be0010002000dfb89700b9
:103c0000810f540001003a00e0ff2f004f04be0076
:103c10000080fa0000000600ea874700889fbe0087
:103c20008a9fbe008c9fbe008e1f78000004780023
:103c30000105780083bf9f00a2059000420090001c
:103c4000e0b79f00b204900083007800110678006e
:103c500008007800bb0107008fb897008c0840006f
:103c60000b00e00004003a006fb097000000e9008c
:103c7000f0b79f0001003700fbb79f00ad002000a8
:103c80000007eb001b00370078089000b810900088
:103c9000810f500003003100b085fb00700c9800cc
:103ca0000800370008007800f40407008005780059
:103cb000e18f450003003a000c00e0005c003c008e
:103cc0006f0037000c00e0000c003a00b00220004a
:103cd000808f550003003200d0022000808f5500f5
:103ce00006003a008b4c78008fb897009108e800e6
:103cf0001e0020000e067800460037008e0f56008a
:103d000029003a000c07e800ea8f560004003a0048
:103d100000032000808f550022003a001f0037006a
:103d2000e88f56001f003a008b0078000150a00079
:103d300080072000808f50001a003a00f808900099
:103d400038109000808f5000030031003180fb005c
:103d5000710c98000200370008007800c7040700c3
:103d6000b81090000100e00003003200f808900055
:103d70008100e900710c9800ec0307000000e000ee
:103d8000130032008b747e000fb897001008e80013
:103d90000e0678000d0120001e0037008d00200067
:103da000010037000007eb0000fd2f000b00400072
:103db000e90f50000d003600f08f560004003a0065
:103dc0000b007800d90307000000e0000d003a0066
:103dd000381090000000e0001500320078089000d4
:103de0000000e900700c980011003700e88f5600c1
:103df00004003a0070032000808f55000100340059
:103e0000ad0020008b747e000c06e8008fb8970090
:103e10009108e8007fb09700800f560004003d0035
:103e2000efb097000100e900800f560096ff3500c3
:103e30000040eb0080747e00ea8f560005003a00d7
:103e40000d017800f680570009007800d2050700c0
:103e5000040037000d017800f68057000900780053
:103e6000c9050700009dbe000295be001b00200092
:103e70005fb09700808f540001003a00ebff2f00e5
:103e80000b0078004f0778004f06be004f05be00bc
:103e90004f04be00af00b10000000600e6874700f7
:103ea000889fbe008a9fbe008c9fbe008e1f780038
:103eb00000047800010578000306780022079000ce
:103ec0004200900080bf9f00b20490009c057800e3
:103ed000080078001b0107000b0e40000e00e000f8
:103ee00002003a008fb897000107e90089067800c0
:103ef0008005eb001c003700f80890003810900097
:103f0000808f5000030031003180fb00710c98005d
:103f1000070037000800780058040700e10f400050
:103f200003003a000b00e00015003c0021003700c0
:103f300001fd2f0080804000e78f50000700360011
:103f4000381090000000e0000d003200780890006a
:103f50000000e900700c980009003700805e7800ce
:103f60008b05e8001c0ee8008e8f550004003d0014
:103f70008fb897000100e900808f5500deff350003
:103f80000040eb0080f47d0082002000f2805700aa
:103f9000090078007c050700009dbe000295be0068
:103fa00010002000ffb09700818f540001003a00fc
:103fb000e0ff2f004f0778004f06be004f05be0000
:103fc0004f04be006f00b1000000060080007800c2
:103fd0001000200002022000828f500004003200f6
:103fe000e9805000e48f5000010036000000eb0033
:103ff00000000600889fbe008a9fbe008c9fbe0006
:104000008e1f78000004be000205be008406780002
:104010000a00e000040032001b0678000800780067
:10402000c80007008c0d4000290790008004eb00b9
:104030002100370078089000b8109000810f5000e0
:10404000030031003086fb00700c98000800370038
:10405000080078000904070000067800e10f460018
:1040600003003a000900e00017003a002000370082
:104070000a00e0000b0032000c007800d3ff0700bc
:104080000000e00007003200381090000000e0005f
:104090000d003200780890000000e900700c9800d4
:1040a000090037000d00e000010032008cf67c00b2
:1040b0008904e8009b0de8000e00e000ddff3200ff
:1040c0008e8f5400dbff35000d00e000040032004d
:1040d0000a00e000020032000040eb0080f67c00a5
:1040e00009f0a7008904ea000906ea004f66de002d
:1040f0000c0078004f0778004f06be004f05be0049
:104100004f04be00000006000200fa00889fbe00b7
:104110008104780082007800030178003104900067
:10412000e3050700e10f40000b003200a200200071
:10413000e68057000800780013050700809cbe0049
:104140008294be0010002000dfb89700810f540059
:1041500001003a00e0ff2f004f04be000080fa008b
:1041600000000600e8874700889fbe008a9fbe00c7
:104170008c9fbe008e1f7800000478000105780037
:1041800083067800a205900042009000f0b79f00df
:10419000b20490001d06780008007800690007004e
:1041a0008c0e40000b00e00004003a00ffb09700c6
:1041b0008100e90081bf9f00010037008bbf9f0095
:1041c000090778000006eb003900370078089000f6
:1041d000b8109000810f500003003100b085fb0043
:1041e000700c98000800370008007800a30307004f
:1041f00080057800e18f450003003a000c00e000e4
:1042000032003c003e0037000b007800c702070078
:104210000000e00023003a00e10f56001a003a00c7
:104220000b007800ea04070081072000810f50008e
:1042300015003a0000c3b300994f100012003a0075
:10424000f808900038109000808f50000300310073
:104250003180fb00710c98000200370008007800e4
:1042600086030700b81090000100e0000300320050
:10427000f80890008100e900710c9800ab0207007b
:104280000000e00007003a00381090000000e00055
:104290000e003200780890000000e900700c9800d1
:1042a0000a0037000b5f78000c06e8009d0ee8005e
:1042b0000fb89700800f560004003d00ffb0970034
:1042c0000100e900800f5600c0ff35000040eb0000
:1042d00080747e0002012000f480570009007800fd
:1042e000a9040700009dbe000295be001b0020002f
:1042f0006fb09700808f540001003a00ebff2f0051
:104300000b0078004f0778004f06be004f05be0037
:104310004f04be008f00b10000000600800078004e
:104320001000200002022000828f500004003200a2
:10433000e9805000e48f5000010036000000eb00df
:1043400000000600889fbe00000478008004eb0097
:104350000b003700f1ff07000000e00007003a0003
:10436000381090000000e000100032007808900043
:104370000000e900700c98000c0037008904e80088
:10438000f808900038109000808f50000300310032
:104390003180fb00710c9800eeff370008007800b8
:1043a00036030700e10f4000eaff3a0009007800f9
:1043b0004f04be0000000600889fbe008a1f7800e0
:1043c0000004be00190078001000fb00d3ff0700b6
:1043d0000005eb000000e000090032000800780052
:1043e000d8ff0700000578001900e800800c78006d
:1043f0001000fb00c9ff07000000e000faff3a00d0
:104400000a0078004f0578004f04be000000060047
:104410001801fa00889fbe008a9fbe008c9fbe00d4
:104420000005780001047800830578000406780010
:1044300068004700040009000018eb0072079800ac
:1044400000082000000f9800880078000a0078001b
:10445000d9ff070080067800190037007a0890001d
:10446000ba109000810f500003003100b084fb00af
:10447000700d9800050037000a007800ff02070061
:1044800080047800e18f44000700320018007800b3
:104490001000fb00808f5400030032003a1090009f
:1044a000e9ff2f00110137009b0de800180ce80010
:1044b000880078000a007800bfff07008086460069
:1044c00018007800904078000104e00003003200fa
:1044d00052c2b30082cf5000e0ff3a009b8d4600ed
:1044e00051c2b30090cf10008f013a000000e800e5
:1044f000000c78008000eb006107980081067800ce
:10450000a1c2b30090cf100002003a00000ce800f6
:104510001d00200018007800de01070060079800e9
:104520006102b900612bb9000a007800ae020700f1
:1045300001003700000ce800180078009000fb0034
:104540000103b100e98f5000faff3600080078003f
:10455000f8fb070040579a00180078001000fb0095
:104560001b04070091062000810f50003a00320022
:1045700015003c0031062000810f5000a2003200df
:104580000a003c00b1052000810f5000dd00320020
:1045900011062000810f50008900320051022000d6
:1045a000810f50005f013a00bb0037004106200038
:1045b000810f50001900320071062000810f500059
:1045c00058013c007e00370001072000810f500099
:1045d0005b00320007003c00e1062000810f500024
:1045e00067003200f1062000810f50004d013a00b3
:1045f0003300370051072000810f50002a0032009d
:1046000081072000810f50003e003200310720005a
:10461000810f500043013a008e0037008b01780073
:10462000680147008e0078000a00780063fd0700eb
:10463000800478000900e0003e013500180ce80015
:104640008004eb000d00e0003a013a004e51920068
:104650008280fb000e0037008b0178006801470064
:104660008e0078000a0078006bfd07008004780057
:104670000900e0002f013500180ce8008004eb0071
:104680000d00e0002b013a004e5092008080fb00ac
:104690008c017800120020000e0078004b04070007
:1046a00080047800230137008b01780068014700ff
:1046b0008e0078000a00780093fe0700160037008d
:1046c0008b017800680147008e0078000a007800ae
:1046d000f2fd0700800478000900e00015013500b4
:1046e000180ce8008004eb000d00e00011013a0016
:1046f0004e5092008080fb008c0178000901780008
:10470000e5ff37008b017800680147008e007800d4
:104710000a00780093fe0700800478000900e0009a
:1047200004013500180ce8008004eb000d00e000e7
:1047300000013a004e5192008280fb00eeff3700ec
:104740008b017800680147008e0078000a0078002d
:1047500084fe0700800478000900e000f5003500c1
:10476000180ce8008004eb000d00e000f1003a00b6
:104770008c01780009017800010f2000c6ff370086
:10478000180ce8001b007800cf80de006109b9003a
:10479000009fbe000297be008004eb000d00e00009
:1047a000e4003a004e5092008080fb008c017800bb
:1047b000090178000e00780004040700dd003700ce
:1047c0008b017800680147008e0078000a007800ad
:1047d000de000700800478000900e000d500350005
:1047e000180ce8008004eb000d00e000d1003a0056
:1047f0004e5192008280fb000c0178000e00780080
:10480000d3030700a6ff370000c8b300ce509200c4
:1048100080cf5000c3003a006e0090000000e0001e
:1048200002003a001000200060079800180ce80011
:104830000002eb000d00e00003003a001c80e900dc
:10484000000e7800100278008b0178000001eb0068
:104850000d00370000c8b3004e519200804f510048
:10486000b0003a00180ce8000002eb000d00e00078
:1048700003003a001c80e900000e78001002780066
:104880008b01780012002000e80047000a00780041
:10489000d8fd070082ff370000c8b300ce50920059
:1048a00080cf50009f003a00180ce800fa089000f2
:1048b0003a109000808f5000030031003180fb00df
:1048c000710d9800020037000a007800eb01070024
:1048d00051022000810f500002003a009b0de800b9
:1048e000930037003a1090008004eb000000e000d5
:1048f000900032007a0890000000e900700d9800e6
:104900008c00370000c8b3004e519200804f510018
:1049100084003a000002eb000d00e00003003a00c2
:104920001c80e900000e7800100278001800e800f2
:10493000000c78008004eb00e1c5b30090cf1000bc
:1049400002003a00000ce8001900200012102000bc
:104950008900780072004700340f99003e0107007b
:104960000040eb0020579800180078009040780035
:10497000d2c2b3003e0a910082cf500005003a0037
:10498000000ce80010c0b3000940500000c79800b8
:1049900028003700d2c5b30082cf500025003a006e
:1049a000000ce80010c0b3000940500000f7980068
:1049b000200037000004e00023003200d3c2b3001f
:1049c000834f500014003a00180090001040780007
:1049d0000004e00010003200814f50000e00320051
:1049e0000201e800020c780078b897001000fb0084
:1049f000f2004700008040000200370011c0b30001
:104a000009e85000f2014700830150009200fb00ca
:104a1000818f5100f9ff3500180078009000fb00ed
:104a20008100470012c0b30009415100b250980004
:104a3000000ce8001801780012407800d1c5b300de
:104a4000814f5000dbff3a000400e0001800320004
:104a5000840678000006eb0003003700895e7800ca
:104a60000c06e8009b0de8007a089000ba10900050
:104a7000810f500003003100b084fb00700d9800de
:104a8000050037000a007800340f99007b01070009
:104a9000800478003e0a91000900470030509000e1
:104aa0000004e000edff3a00120037009b0de80023
:104ab0007a089000ba109000810f50000300310076
:104ac000b084fb00700d9800050037000a007800e4
:104ad000340f990069010700800478003e0a9100b4
:104ae00009004700305090000004e000efff3a005a
:104af0000006eb003a1090000000e00003003200d6
:104b00007a0890000000e900700d98000c00e000a9
:104b1000040032000400e000020032000040eb001c
:104b200000727e00180ce800e18f440001003200a2
:104b30008004eb00090078004f06be004f05be0060
:104b40004f04be000080fa000000060000000500cf
:104b5000000005008400fa00889fbe008a1f7800cc
:104b60000005780082047800b13f9f000000eb0050
:104b7000c03f9f00000478000d0037000902780054
:104b800083f72f008f814100a2f72f000f01410012
:104b900061f72f008f8040000a0078001cfe07009c
:104ba000800178000300e0000400350003044400a5
:104bb0003f3897001004e000f0ff3a00e18f410019
:104bc00003003a000800e00001003a000304780006
:104bd000080078004f0578004f04be000080fa00fe
:104be00000000600889fbe008a9fbe008c9fbe000a
:104bf000800578008106780002067800eb0c9000b2
:104c0000081020000c044400080178008000eb002c
:104c100009007800520007000000e00001003200a7
:104c200009045000080578008c0f5400010036007c
:104c30000c0578000a017800890078000d007800e2
:104c4000d1f507000a804400f00d98000884440064
:104c500088159800e80d98000a0078004f06be00fd
:104c60004f05be004f04be00000006008000780023
:104c70001000200002022000828f50000400320049
:104c8000e9805000e48f5000010036000000eb0086
:104c900000000600889fbe008a1f7800000578008b
:104ca0000a047800984478000805e8000900fb0031
:104cb000eeff07000000e000f9ff3a00b0c2b300c9
:104cc00080cf540005003200d0c2b3008000eb005a
:104cd00080cf540005003a00020037008000eb004e
:104ce00001003700110020000804e8000000eb007c
:104cf000030037006a02b900020052000003b0004e
:104d00003801fb0003fd2f0082814100e98f510033
:104d1000f8ff36000100e00001003a000000ea0060
:104d20004f0578004f04be000000060080007800a8
:104d300002fd2f000101410010002000e90f510089
:104d4000050036000150a0001106b100e58f5000ab
:104d5000010036000000eb0000000600f3ff370002
:104d60008180fb00010037000201e900800178002a
:104d70000008a300060032000200e0002300320019
:104d80003082fb00810f5200f7ff3a00030037002a
:104d90000000eb000200e0001e0032001380fb0068
:104da000810f50001c00320014102000048ab9004a
:104db00084027800010037000281e90003007800d6
:104dc000e10f51000a00360033826a00f6ef2f002f
:104dd000040343000482ea0004026300060828007a
:104de00006026200f4ff3200010037000201e90010
:104df000800178000200e000050032003082fb00f4
:104e0000810f5200f9ff3a0003003700000005004f
:104e10000000eb0000000600030078000000060020
:104e2000010037000201e9000200e0000500320045
:104e300030427800b1417800834f5200f9ff3200d0
:104e400001003700000005000480fb008381fb00a7
:104e50000300500000000600889fbe008a9fbe002d
:104e6000800478000200e0005b003200014078001e
:104e7000814c780082814400f1f99f00e20f5100db
:104e80005500360091449800a1449800e1f99f0034
:104e9000d1f99f00e60f51004f003600b144980051
:104ea000c1f99f00e80f51004b0036000905ea00e8
:104eb000630565000a8444000a055100c1ff2f0004
:104ec000010565000080fb008000eb00121020004f
:104ed000131020004c080700008cbe000a0144009b
:104ee00060b99f0071b99f00e80f55003a00360085
:104ef0002004980031049800400498005104980060
:104f000020b99f0031b99f0040b99f0051b99f005f
:104f1000f80f5500300036006004980071049800c6
:104f2000000c9800110c9800200c9800310c98008f
:104f3000400c9800510c980020b19f0031b19f00a7
:104f400040b19f0051b19f0060b19f0071b19f00bf
:104f500000b99f0011b99f0064016400780141000d
:104f600002044400020555006011b8000203be00af
:104f70000002be000403be006022b8000000720000
:104f8000818072000201730083817300100037007a
:104f9000009cbe000294be0040049800510498009a
:104fa0006204980073049800000c9800110c98009b
:104fb000220c9800330c9800400c9800510c98007b
:104fc000620c9800730c98000a02b1000802b0004d
:104fd000ff0f5500eeff3e00090078004f05be00b0
:104fe0004f04be0000000600889fbe008a9fbe00de
:104ff000441098005510980066109800771098009b
:10500000f00890002004900001045400cfc4de009a
:10501000614db90008189800191898002a189800ce
:105020003b189800e00f5200e08f5a00e00f5b0041
:10503000e08f5b000c00320000149000010454006b
:10504000cfc4de00614db9000440e10005c8e100b5
:1050500006d0e10007d8e1000300340004824000dc
:105060003410980002003700801090003110980032
:105070004f05be004f04be00000006002800fa00e5
:10508000889fbe008a1f780000047800f80890000e
:105090002800900000805000081a9000981a900094
:1050a000281b9000b81b9000cf80de000402400057
:1050b0008582480006834800878348004810900096
:1050c000d810900068119000f8119000e00f500087
:1050d000e08f5800e00f5900e08f590005003200c2
:1050e0000020e10001a8e10002b0e10003b8e10006
:1050f0000d003d0008007800d4b79f00e5b79f0081
:10510000f6b79f0087bf9f003c020700800478002d
:105110005fb29700efb297007fb397008fbb970005
:105120000900e00016003d0078089000a8009000fb
:10513000808050004f89de000482400085024900d3
:105140000603490087034900041c9800151c9800b9
:10515000261c9800371c980030149800f0ff2f0090
:10516000f1ff2f000001be00401498005114980078
:1051700062149800731498008084eb00520037008a
:1051800061004200e0804a0060014b00e0814b007a
:1051900090bf9f00a1bf9f00b2bf9f00c3bf9f00f1
:1051a00048129000d812900068139000f8139000f5
:1051b00094b79f00a5b79f00b6b79f00c7b79f00e1
:1051c000e00f5200e08f5a00e00f5b00e08f5b00c1
:1051d00028003200780d9000081190000a0151005b
:1051e0006112b900612bb900d4af9f00e5af9f00f9
:1051f000f6af9f0087b79f001fb09700afb0970032
:105200003fb19700cfb197001fba9700afba970090
:105210003fbb9700cfbb970004005000858058002b
:10522000060159008781590090af9f00a1af9f00f0
:10523000b2af9f00c3af9f005faa9700efaa97008d
:105240007fab97008fb397000020e10001a8e10039
:1052500002b0e10003b8e100060034009fb29700fd
:105260001fbb970006815200820045003114980050
:10527000020037008813900037149800280190002e
:10528000f8089000810151001fba9700afba97004b
:105290003fbb9700cfbb97004f98de0004824100d0
:1052a000850248000603480087034800041c980054
:1052b000151c9800261c9800371c9800828f5000ff
:1052c00001003e00f9f89f00090078004f057800c2
:1052d0004f04be000080fa0000000600881f78001e
:1052e0008101780000027800808268000508a30030
:1052f00002003200210037000201e90003007800bb
:10530000040478000308a300070032000200e00054
:1053100021003200b3407800015a78000104e00017
:10532000f5ff3a00020037000200e0001a003200e8
:105330001004e00003003a0017003700031c780057
:105340000281e90080007800e10f5100080036007a
:10535000b0017800f5ef2f00838242000382ea005b
:10536000048262000508280005026200f3ff320093
:1053700008007800010037000201e900000478000d
:105380000200e00004003200b141780003587800c8
:105390000304e000f8ff3a008000eb00080078000a
:1053a000adfe0700080078004f04780000000600fa
:1053b000881f780001047800880078000500070045
:1053c000904f1400010032000000eb004f04780001
:1053d00000000600881f7800000478008180fb0030
:1053e0000a003a0008007800260007000000440088
:1053f000220037001804e000200032000804e80012
:105400001081fb00810f51001c0032000800780061
:105410000808a300f7ff3a0014102000048ab9001e
:105420000801780038007800f5ef2f0080824200f4
:105430008081ea0083826200030828008382620080
:1054400007003a0000006a00f5ef2f00808242005a
:105450000080ea000080620083016000f0ff3200fb
:10546000020078001204e000040032000201e800ab
:105470009081fb00818f5100f9ff3a004f047800c2
:105480000000060080007800040037003104e000ce
:1054900002003a00000051000000060001017800ff
:1054a0000108a300f9ff3a0081017800310178007a
:1054b000f4ef2f00020242000281ea0002016200c2
:1054c0000408280004016100f7ff3200830078001f
:1054d000010178003104e000fdff3a0000005100b6
:1054e000000006004400fa00889fbe008a1f780072
:1054f0000004be000205780094bf9f00a5bf9f0076
:10550000b6bf9f00c7bf9f000000eb00c09f9f0079
:10551000a8af9f00d89f9f000080eb00b0af9f0016
:105520006022b8006033b80060fb2f000f0040001d
:10553000adfe07001fba9700afba97003fbb9700b8
:10554000cfbb9700120020008a00780060fb2f007c
:105550000f004000480107000900e000060032008b
:105560003fb29700afaa970004824200df9a9700eb
:1055700005025200840c44004f0578004f04be0021
:105580000080fa0000000600f4ff2f00f5ff2f0056
:105590000403be00d3ff37006022b80006002000dd
:1055a00007002800cfff3700f4ff2f00f5ff2f0082
:1055b0006033b800cbff370004002000050028004e
:1055c0006033b800c7ff3700f3ff3700eeff370046
:1055d000f1fb2f0080804000f98f500001003e0059
:1055e0000050a00000000600f9ff3700f1f92f007d
:1055f00080804000f98f500001003e00f005b200ad
:1056000000000600f9ff37000200fa00881f78004a
:1056100000047800e2bf9f00648157000800780012
:105620004cfd0700980090000148a30001003200e3
:105630000080eb004f0478000080fa0000000600b4
:10564000f28747008e1f780002027800030178007d
:105650000000e0000200320000077800010037007f
:10566000728757008002eb000100e0000100320069
:105670008102e90070805700060009000018eb0065
:105680000080eb0080bf9f002310200093bf9f008d
:10569000aebf9f00b1bf9f00c5bf9f000100e000eb
:1056a00003003d00b1042000f164880006003700cb
:1056b000004feb00eebf9f00debf9f00840078002c
:1056c000708057003c0307004f0778002f01b1009e
:1056d00000000600881f7800000478000008200001
:1056e000808f50001700350010082000808f500078
:1056f0000b00340030082000808f500011003a0069
:105700009200780068805000000978003002be00e6
:105710002003be00049cbe000694be0007003700b4
:105720009202780064805200000978001000be00e8
:10573000a1050700009cbe000294be0010002000de
:10574000010037000000eb004f0478000000060065
:10575000881f780013082000838f50000f0032004c
:1057600033082000838f500004003200030820001b
:10577000838f500012003a00080037009280e90041
:1057800001097800910078003002be002003be00bd
:105790008498be008690be00070037009280e90022
:1057a00001097800110478005001be004000be00dd
:1057b000ea050700008cbe00100020000100370041
:1057c0000000eb004f047800000006008408200071
:1057d000848f50001d0032000d003c001408200092
:1057e000848f50001e00320002003c00040820009c
:1057f0000400370024082000848f50001e0032006f
:1058000044082000848f500028003a00220037000e
:10581000040a2000848f50001f00320004003c0066
:1058200004092000848f500020003a001200370045
:10583000020c2000828f500017003200020f20005f
:10584000828f500019003a00130037009380e9005e
:1058500081097800910078009048780012003700a4
:105860009380e9008109780091007800b0187800f1
:10587000a01078000c0037009380e90081097800bf
:10588000910078003002be002003be008498be0064
:105890008690be00040037009380e90081097800fb
:1058a00091007800900878001000050000000500c5
:1058b000889fbe008a9fbe008c9fbe0000047800b7
:1058c0000205780021069000c1069000b105900005
:1058d0009a047800080078009afa0700090d400041
:1058e0000c00e00001003a000d06e9008004eb0026
:1058f00028003700f808900038109000808f500082
:10590000030031003180fb00710c98000700370064
:1059100008007800d9fd0700e10f400003003a00bd
:105920000900e00020003c00220037000900e000f0
:105930000a003a00b1022000810f5000030032003b
:10594000d1022000810f500004003a00804d780001
:105950001a0de800190020000e00370001fd2f008d
:1059600080804000e98f500007003600381090001a
:105970000000e0000c003200780890000000e90010
:10598000700c98000800370080f57c008904e8005e
:105990001a0de8008c8f540003003d000d00e90053
:1059a000808f5400d3ff35000040eb0080f57c0071
:1059b0000000eb004f06be004f05be004f04be00c6
:1059c00000000600c06090000141e90081407100c4
:1059d0004160980010019000e40061000400320072
:1059e0000240a000120098000080eb0000000600ba
:1059f0000110980071089800000005000200fa00ec
:105a0000889fbe000004780008007800be030700ed
:105a10008084eb000000e00009003a00981190003b
:105a200012002000e6805700080078000300010003
:105a3000e10f500002003a002ff897008084fb002d
:105a4000090078004f04be000080fa000000060044
:105a5000800078001000200002022000828f500099
:105a600004003200e9805000e48f5000010036004d
:105a70000000eb00000006006f02b000889fbe002f
:105a80008a9fbe008c9fbe008e1f780000067800a3
:105a90000107780082047800d4af9f00e5af9f0033
:105aa000f6af9f0087b79f0040022000800f57008d
:105ab0007d003e00e10f57007b0032007c08900023
:105ac000bc109000810f500003003100b086fb0035
:105ad000700e9800030037000c00780067fd070087
:105ae000800678000d007800d9ff07000000e00074
:105af000f2ff3a00b0022000808f5600050032000d
:105b00008002eb0085af9f00d0022000808f5600fe
:105b100010003a00dd82b2000df0a7008d06ea0009
:105b20008d06e900cfeede008daf9f007c0890006f
:105b3000bc109000810f500003003100b086fb00c4
:105b4000700e9800030037000c0078004bfd070032
:105b5000800678000e00e00002003200f00f5700cf
:105b600042003a0000032000808f56003c003a00bb
:105b70007c089000bc109000810f500003003100a1
:105b8000b086fb00700e9800030037000c00780010
:105b90003afd0700800678008d0078000150a000d3
:105ba00080072000808f50002a003a007c08900077
:105bb000bc109000810f500003003100b086fb0044
:105bc000700e9800030037000c0078002bfd0700d2
:105bd00080067800809c20006d4078000e01200037
:105be000ef4f50008d0036003c1090000000e000a8
:105bf00003003200fc0890008100e900710e98005b
:105c00000900e0000c0032006022b8006033b800e8
:105c1000d4af9f00e5af9f00f6af9f0087b79f000e
:105c20000000e000a10132007c0890000000e900c3
:105c3000700e98009d0137006022b8006033b800f4
:105c40000c007800e8fc07006000b8006011b800a4
:105c5000920137000e00e0009e013200170037006d
:105c60000e00e00001003a00ae002000809c200001
:105c70006d4078000080fb008e0f50000f0039004f
:105c80003c1090000000e000030032007c0890000f
:105c90000000e900700e98006022b8006033b80080
:105ca0000c007800d0fc070060012000f064880040
:105cb0006022b8006033b80071013700ea0f570066
:105cc00056003a000004eb000d0078000d0037008c
:105cd0006a44b9000800400008fd2f000004440099
:105ce000fc0890003c109000808f500003003100b1
:105cf0003180fb00710e9800020037000c00780024
:105d0000defc070001fd2f0080804000e98f50007d
:105d100003003e0081992100810f5400ecff360002
:105d2000800678008004eb006055b8001200370050
:105d30001faa9700afaa97003fab9700cfab970081
:105d40000004420081844a0002054b0083854b0019
:105d50007c089000bc109000810f500003003100bf
:105d6000b086fb00700e9800030037000c0078002e
:105d7000c2fc07008006780005fd2f0085824600e2
:105d800095af9f00e98f520009013e0090992900cc
:105d90009199290092992900939921000040e100ee
:105da00001c8e10002d0e10003d8e100db003e00c1
:105db000a4002000050020006033b8000800be00e9
:105dc0000a01be00980507001faa97008002eb0099
:105dd0006033b80094af9f00a5af9f00b6af9f009f
:105de000c7af9f000482ea008582ea000683ea00ca
:105df0008783ea00d4b79f00e5b79f00f6b79f00fe
:105e000087bf9f000400e1000588e1000690e100e3
:105e10000798e100c6ff3600c00037000e00e90019
:105e20000e006000030032000004eb000d0078005b
:105e3000650037007770b9004500de00670060003c
:105e4000e19b2000e14078008100fb000004eb00b2
:105e50000d007800810478000b0037000944dd0054
:105e600001047400fc0890003c109000808f5000ea
:105e7000030031003180fb00710e980002003700f2
:105e80000c0078007dfc0700819c2000e0c07800b9
:105e90008180fb008e8f500003003100f27f2000d4
:105ea000820f5400edff36008006780089007800ec
:105eb0008004eb006055b800f4ff2f00f5ff2f00c1
:105ec0000403be00010078000000e9000500330073
:105ed0008703d1000683d3008582d3000482d300d8
:105ee000f9ff37000d0078008106780020003700a8
:105ef0000d0178000201e900050033000804d0001c
:105f00008984d2000a85d2008b85d200f9ff370040
:105f10000180fb008000eb006011b80008047000f5
:105f2000898470000a0571008b857100fc0890005f
:105f30003c109000808f5000030031003180fb0046
:105f4000710e98000a0037000c00780094b79f008b
:105f5000a5b79f00b6b79f00c7b79f0047fc0700d3
:105f6000cfb397003fb39700afb297001fb297002f
:105f7000819c2000e0c078000181fb008e0f510061
:105f8000600031000440e10005c8e10006d0e100f6
:105f900007d8e100d6ff36005a0037000ec4b9001a
:105fa00008844000fc0890003c109000808f500056
:105fb000030031003180fb00710e980002003700b1
:105fc0000c0078002dfc0700819c2000e0c07800c8
:105fd0008180fb008e8f500003003100b2712000e1
:105fe000820f5400edff3600800678008004eb003d
:105ff0006055b80098af9f00a9af9f00baaf9f004f
:10600000cbaf9f00120037000002440081824c0099
:1060100002034d0083834d0094af9f00a5af9f0006
:10602000b6af9f00c7af9f007c089000bc109000e7
:10603000810f500003003100b086fb00700e980005
:10604000030037000c0078000cfc07008006780085
:10605000809c20006d407800e0cf9f008042780057
:106060000580fb008e0f5000280031006174b800dd
:106070006055b8000802be000a03be00f0ff2f0002
:10608000f1ff2f000001be007e0407001faa970049
:10609000afaa97003fab9700cfab97000020e1007d
:1060a00001a8e10002b0e10003b8e10017003e00e2
:1060b0000802be000a03be001fa89700afa8970001
:1060c0003fa99700cfa99700d7040700efca970010
:1060d0000584fb008004eb006055b8000882ea00ec
:1060e0008982ea000a83ea008b83ea000400e10067
:1060f0000588e1000690e1000798e100c2ff360044
:106100000200370080067800040037001fac9700bb
:10611000afac97003fad9700cfad9700809c2000bb
:106120006d4078000080fb008e0f50002000310091
:106130000d00780009003700fc0890003c1090002a
:10614000808f5000030031003180fb00710e9800f9
:10615000020037000c007800c8fb0700819c20007b
:1061600060c078000080fb008e0f5000f2ff390005
:1061700020022000f06488005fab97000608a300af
:10618000070032005fac9700efac97007fad97003f
:106190008fb597008003eb0087af9f0004003700a6
:1061a0005fac9700efac97007fad97008fb597007d
:1061b0003c1090000000e000030032007c089000da
:1061c0000000e900700e98005fa89700efa8970004
:1061d0007fa997008fb197000040e10001c8e1005e
:1061e00002d0e10003d8e1001c0039000008a30040
:1061f0000e003a008fa897000100e0000b003a0063
:1062000020022000f06488005faa9700efaa9700a0
:106210007fab97008fb3970061025200e0825a0073
:1062200060035b00e0835b00150037005fa8970008
:10623000efa897007fa997008fb197000040e10079
:1062400001c8e10002d0e10003d8e10003003600fc
:1062500020022000f0648800140037008fa8970007
:10626000e18f40000b003a006000b8006011b800f8
:1062700008025000898258000a0359008b83590094
:10628000d4af9f00e5af9f00f6af9f0087b79f0098
:10629000060037000800be000a01be00d0af9f0014
:1062a000e1af9f00f2af9f0083b79f005fa8970008
:1062b000efa897007fa997008fb197004f0778004c
:1062c0004f06be004f05be004f04be006f02b10076
:1062d000000006008e002000d0fe3700881f7800e6
:1062e00040442000ad010700000478000800e000f1
:1062f00013003200c20320008000eb000800780089
:10630000d5fa0700e0212300300c9800c03f23009d
:10631000400c9800802a23007004980080312300ec
:106320001014980000c0eb00205c9800400420008e
:10633000080040002004980000402000300498002d
:10634000080078004f04780000000600889fbe0017
:106350008a9fbe00100290008002eb000418a30088
:1063600003003a008012900070099000828252006f
:10637000d001900060019000028451000884420026
:10638000cfc4de00614db9008898be008a90be007f
:106390000000eb000468a30004003200100020009d
:1063a000828f510001003e000000eb004f05be004f
:1063b0004f04be00000006000200fa00881f7800ab
:1063c00000047800e2bf9f00648157000800780055
:1063d000daf50700980090000148a30001003200a0
:1063e0000080eb004f0478000080fa0000000600f7
:1063f000889fbe0000047800480090008204780066
:10640000808f540001003600800478000901780074
:1064100058009000dcef0700580090000900400091
:1064200050049800c80090008984500049049800e6
:106430000048eb004f04be0000000600100078008a
:10644000d6e93700900190000388a30001003200d4
:10645000e7ff37000348a30001003a0005020700e8
:106460000000060001017800920090000158a3008e
:1064700003003a0082007800910107000f00370006
:106480008080fb00a25990008301fb00838f5000a5
:1064900007003200d2019000220a9000848f510040
:1064a0000300310080597800530198000400370040
:1064b0008000780002007800f40107008000780076
:1064c00001007800000006000000060060bc20000b
:1064d00000000600889fbe000004be000000eb0024
:1064e0000800e00018003200180090000058a300d7
:1064f0000d003200d800900068009000808f50009e
:1065000009003600b80990000001eb008200780015
:106510000800780003000100d80090000080eb0024
:106520000100e000080032000000eb00200c9800a1
:1065300060049800500498000900e0000200320056
:10654000180078008ce907004f04be000000060028
:10655000889fbe000004be000000eb000800e000c1
:1065600025003200180090000058a30011003200ee
:10657000d800900068009000808f5000090036001d
:10658000b80990000001eb00820078000800780054
:1065900003000100d80090000080eb000100e00043
:1065a000150032000000eb00200c980060049800f9
:1065b00050049800780a900008109000800f520054
:1065c000060031000002520011002000cfa2de00c0
:1065d000612bb90018007800330107000000eb00c0
:1065e00000149800700c98000900e00002003200ce
:1065f0001800780060e907004f04be0000000600a4
:106600000000060000000500fdff07000065800097
:106610008000eb0063010700006580008000eb0054
:1066200060010700006580008000eb005d0137001d
:106630000800fa00889fbe008a1f780000047800d6
:10664000010578008204780038009000a8009000ce
:106650009abf9f000001780002f0a7000201ea0043
:106660000201ea004f11de0002815400a2bf9f0028
:10667000b1bf9f00c0bf9f0022002000ee805700e6
:1066800018007800260107000000e00006003c002a
:10669000f80060000130a2001801900082807000b4
:1066a00011049800110037002fb99700820f500095
:1066b0000e003600a8009000710c980002005000f7
:1066c0000080400000149800380090000000e000b6
:1066d000070032000905450001007800b04078004d
:1066e00071fd9f00700c9800010037008004780055
:1066f000090078004f0578004f04be000080fa00c2
:1067000000000600881f7800000478001800780058
:10671000e50007000203be000002be00f0ff2f00ec
:10672000f1ff2f000001be00e00f5200e08f5a0081
:10673000e00f5b00e08f5b00050035001800900063
:106740000030a100100498006000b8006011b8008b
:106750004f047800000006000800fa00889fbe0081
:106760008a1f78000004be00180090000058a300a3
:106770001b003200d800900068009000808f50000d
:1067800013003600b80990000001eb008200780089
:106790000800780094bf9f00a5bf9f00b6bf9f0070
:1067a000c7bf9f000300010058059000f0ff2f00b5
:1067b000f1ff2f000001be001fba9700afba97008b
:1067c0003fbb9700cfbb97000a00e00006003200f5
:1067d0000000eb00200c9800600498005004980022
:1067e0000800be00c7ff07004f0578004f04be0039
:1067f0000080fa00000006000800fa00889fbe0032
:106800008a1f78000004be00e18f540008003a009f
:10681000881090007808900000805000cf80de0043
:106820000002520081825a0001035b0081835b00f9
:10683000180090000058a3001b003200d800900000
:1068400068009000808f500013003600b809900057
:106850000001eb00820078000800780094bf9f00e0
:10686000a5bf9f00b6bf9f00c7bf9f0003000100e8
:1068700058059000f0ff2f00f1ff2f000001be002f
:106880001fba9700afba97003fbb9700cfbb9700e6
:106890000a00e000150032000000eb00200c980018
:1068a00060049800500498000800be0095ff07009f
:1068b0000203be000002be00f0ff2f00f1ff2f0018
:1068c0000001be00e00f5200e08f5a00e00f5b00b5
:1068d000e08f5b00050035000000eb00001498001d
:1068e000700c98006000b8006011b8004f05780087
:1068f0004f04be000080fa00000006000000060001
:1069000020c0200000000600881f780000047800e6
:10691000486090008040e90000c07000406498002a
:10692000d800900068009000808f5000050036006d
:10693000b80990000001eb008200780008007800a0
:10694000030001000000eb00200c98006004980098
:1069500050049800980090000118a3000300320032
:106960000140a000110498000800370028019000a1
:10697000380090000000410000149800700c98004e
:106980000000eb000138a300010032000080eb00a2
:106990004f047800000006001bff37000200fa00d9
:1069a000889fbe000000e00001003a0010002000b7
:1069b0000004e8000800a100a06480000000e800d6
:1069c0000000a100a0648800000020000000e0009a
:1069d0000f003200e10f540006003600e20f4400c1
:1069e00005003a00c0002000f06488000000eb00c1
:1069f0002a003700280020000800780080e5070002
:106a0000290020000000e00024003a0001003700c7
:106a10008004eb00a064800091648000008050003e
:106a2000800f54001300360008804400d0bf9f0040
:106a300066805700cc000700800078000000eb0063
:106a40000100e000150032000100e8000000a10094
:106a500091648000810f500001003200a064880022
:106a6000dfb89700010040000000e8000000a1002e
:106a700090648800a16480000900e00003003200f7
:106a80000100780008187800010037000100780044
:106a90000884440088804000a16488004f04be0040
:106aa0000080fa0000000600a0fd2f00f1ff2f007b
:106ab000320007004f89de008201780000000600e6
:106ac0000200fa0081017800e0ff9f00930090002f
:106ad0000188a30005003200d300900080587800a0
:106ae0000080fb00d10198000a003700120020004e
:106af0008f80e900030078005e00070080007800c6
:106b00000080eb000100e00002003200eff8970087
:106b10000180fb000080fa000000060051fe3700f3
:106b2000889fbe008a9fbe008c1f780000067800f8
:106b300082057800010478008004eb0009057800e4
:106b40000700370018019000980078000c007800ca
:106b5000c5e70700808444000a05e8006404440097
:106b60008b0f5500f7ff3500090078004f067800bd
:106b70004f05be004f04be000000060002002f00bb
:106b8000f3ff2f00820f5000838f5800040036005f
:106b90000000ea00f06488000080eb008080eb00d9
:106ba000000006008001eb000000e000050032005c
:106bb000700190000200e0000200320002000100bb
:106bc0008001780003007800000006006000b80033
:106bd0006011b80000000600881f7800c001200086
:106be0006eff0700000478000800e0000a00320091
:106bf000c20120008000eb000800780096f8070032
:106c0000e0212300300c9800c03a2300400c98008b
:106c100000c0eb00205c9800080078004f0478006a
:106c200000000600adfd3700400990000240010061
:106c3000d00190006001900002825100cfa2de00de
:106c4000612bb9008498be008690be009000900031
:106c50000000eb000168a3000400320010002000d7
:106c6000828f510001003e000000eb000000060092
:106c7000b6fd3700b00990000300e00001003200cb
:106c80000340010010007800c4e737000200fa005a
:106c9000881f780000047800c1ff9f00280890003a
:106ca0000000e00006003a0008007800200007001d
:106cb000800078000080eb000100e00018003a003e
:106cc000d800900028089000808f50000900310003
:106cd0004ff997000280fb00a85990008301fb0048
:106ce000830f50000300320082587800510498004e
:106cf0000b003700b809900012002000e480570014
:106d00000800780003000100800078000080eb009c
:106d1000e18f500002003a00cff897000180fb009d
:106d20004f0478000080fa00000006000000050013
:106d3000881f7800000478000800780021fb070015
:106d40000000e00006003a00a800900061049800ee
:106d5000510498003801900082804000210c980076
:106d60004f04780000000600900078000000eb005f
:106d70000100e0000500350001007800c9e70700c8
:106d8000e10f400001003a000000eb0000000600a7
:106d900000000600feff0700fdff0700fcff3700b4
:106da00000c0da000000060000c0da0000000600a3
:106db00000c0da000000060081037800fee707004b
:106dc0000001be006000b8000478a30013003a0080
:106dd0006220e10015003e000d0039008301d10062
:106de0000281d3008180d3008301d1000281d300ce
:106df0008180d3008301d1000281d3008180d30040
:106e00000538b000c42add00f300b20083817200af
:106e100007f0a70003f0a0000000060083ff270092
:106e2000020020006110b900f9ff370003ff2700be
:106e3000f7ff37000003be00dfe707006011b8006e
:106e40000470a70007f0a1006509b1001b00320023
:106e500012003500860220000628e10008003500f7
:106e6000f3ff2700f2ff2f006110b9000700e000d8
:106e700018003b00030028006000b8000200050075
:106e800000004000818048000201490083814900e0
:106e90008502e900faff3a0008003700f88f420047
:106ea00002003c008000eb00000005008100d100e2
:106eb0000080d3008502e800fcff3a000700e000f4
:106ec00004003b0060001000e08018006001190021
:106ed000e0811900000006000001be00b6e70700cf
:106ee0000470a70003f0a1006509b100160032008c
:106ef0000d0035006828e10006003500f0ff2f0086
:106f0000f1ff27000300e00013003b000100280010
:106f10000000050000004000818048008502e90073
:106f2000fcff3a0008003700f88f420002003c00e6
:106f30008000eb00000005008100d1000080d3003c
:106f40008502e800fcff3a000300e00002003b007d
:106f500060001000e0801800000006001400fa0035
:106f6000889fbe008a9fbe008c9fbe000005be00a9
:106f70000206be00680047000c90be000a90be00ea
:106f8000520107006400e1001a00320016003e00c2
:106f90006100e1001a0032006e049000fe049000cf
:106fa0000e0b90009e0b90006011b8009e059000a3
:106fb0000b38b100d50120008281710061016400ad
:106fc0008703d1000683d3008984d3000884d300cb
:106fd0008502e900f8ff3a004beb07000df0a7002f
:106fe00001f0a0007401370001fc27000000200020
:106ff000faff370001f8270000002000f7ff3700f4
:107000006000b800f5ff3700020ab900001bb900a4
:107010000200b80081004200810043000000060029
:10702000889fbe008a9fbe0030044200b0844a00a0
:1070300030054b0090854b006000b1000898be0001
:107040000a90be000440e10005c8e10006d0e1005e
:1070500007d8e10002003100680040001008e80095
:107060004f05be004f04be0000000600889fbe0012
:107070008a9fbe003004be002005be0004185400e4
:1070800005985c0006185d0007985d00110020005f
:107090000440e10005c8e10006d0e10007d8e100a6
:1070a000010039008000eb00108810004f05be0081
:1070b0004f04be00000006001200fa00889fbe00c8
:1070c0008a9fbe008c9fbe00e0b79f00f1b79f0073
:1070d00082bf9f0093bf9f000605be000404be0050
:1070e0000000eb00d0b79f00c0b79f00b0b79f0073
:1070f000a0b79f0090b79f00000678005fb197008f
:10710000cfb09700820141003fb097000200e0003d
:1071100004003d00370007007e805700c0ff0700d5
:1071200003003700330007007e805700cfff0700c1
:10713000dfb697000d00e0000c0035006fb297003d
:10714000ffb297000fbb97009fbb97001000200075
:10715000010020006011b8000002720081827200fc
:1071600002037300838373001b0007000c06e80012
:1071700001042000810f5600e0ff3a000d00e000fe
:1071800004003d000802be000a03be007e805700d6
:10719000a3ff07005fa897000000e00005003a0089
:1071a0001fb29700afb297003fb39700cfb39700dd
:1071b000090007006fb09700ffb097000fb9970064
:1071c0009fb997004f06be004f05be004f04be009a
:1071d0000080fa0000000600010007000000060021
:1071e000a4b79f00b5b79f00c6b79f00d7b79f0051
:1071f000000006004f09de0082817100b3b79f00d6
:107200004f01de008180400082807000a1b79f00a6
:107210008fb097004f09de000000400002007000b0
:1072200090b79f007fa897004f01de00818040004b
:107230008280700081b79f000d0007004f3ade008a
:107240000000400004007000f0af9f00080007003d
:107250000402420085824a0006034b0087834b00ec
:10726000dfff07000802be000a03be0000000600a0
:107270002fb29700bfb297004fb39700dfb39700cc
:1072800000000600881f780018002000881f780082
:1072900089ff07008f87e9004f047800000006008f
:1072a000801feb0084ff07008f87e90000000600c5
:1072b000889fbe008a9fbe00e00f5000e08f5800fc
:1072c000e00f5900e08f59000c003d006044b80009
:1072d0006055b8000000540081805c0002015d0030
:1072e00083815d00180020001500070008003d00a4
:1072f000180007000004eb00050037000004eb0055
:107300000f00070002003d001200070018002000d7
:10731000dcff07000800e000060032006022b80031
:107320006033b8000000520081805a0002015b0007
:1073300083815b004f05be004f04be0000000600c5
:10734000e00f5200e08f5a00e00f5b00e08f5b001f
:10735000000006006044b8006055b8000402540004
:1073600085825c0006035d0087835d0000000600e7
:10737000889fbe008a9fbe008c1f7800e00f5000df
:10738000e08f5800e00f5900e08f59000d003d00dc
:107390006044b8006055b8000000540081805c0073
:1073a00002015d0083815d001c0020000820e100d7
:1073b00009a8e1000ab0e1000bb8e1000d003d00b2
:1073c000080037000006eb00e00f5200e08f5a0083
:1073d000e00f5b00e08f5b0006003d006044b800fa
:1073e0006055b8000402540085825c0006035d000d
:1073f00087835d00aaff07000c00e0000600320052
:107400006022b8006033b8000000520081805a004a
:1074100002015b0083815b004f0678004f05be00d0
:107420004f04be0000000600889fbe008a9fbe0079
:107430008c1f78000006eb00e00f5000e08f580032
:10744000e00f5900e08f590007003d006044b8008c
:107450006055b8000000540081805c0002015d00ae
:1074600083815d001c002000e00f5200e08f5a0075
:10747000e00f5b00e08f5b0007003d006044b80058
:107480006055b8000402540085825c0006035d006c
:1074900087835d000c00a2004c0007000c00e00098
:1074a000060032006022b8006033b80000005200cd
:1074b00081805a0002015b0083815b004f067800e7
:1074c0004f05be004f04be0000000600800078009b
:1074d0005002be005003be004439de00f700b20087
:1074e000f37f200003016100090032000218e1006f
:1074f00016003a00850172008301730083817300d6
:107500000008200015003a0040002000130037005a
:1075100085017200830173008381730005003a00c6
:1075200004a8be0006a8be00100020000b00370013
:107530000201e9000402420085824a0006034b0072
:1075400087834b000748a300f9ff32000740a000e3
:1075500004a8be0006a8be002000200080009800fd
:107560009200980000000600680447000294be00e4
:107570000094be00fc0447008694be008494be00c4
:1075800009007800d1ff070008007800cfff07004e
:1075900099007800814f70000b003b000800be008e
:1075a0002c0007004f00b10003003700f3ff270055
:1075b000f2ff2f006110b9004f06be004f05be005c
:1075c0004f04be000080fa0000000600889fbe0045
:1075d0008a9fbe008c9fbe000404b8000506b80058
:1075e0008904460060854e000606b8000a0546007c
:1075f000e0854e000706b8008b054600040eb80073
:10760000890446000a854e00e0854d00050eb8004d
:107610000a0546008b854e00060eb8008b05460015
:107620000416b8000a0546008b854e000516b80002
:107630008b054600041eb8008b0546000800be00fe
:107640000a01be004f06be004f05be004f04be003b
:1076500000000600e48240001078a300070032001a
:10766000640240001178a3003400be001401be0083
:10767000040032000330a700000006003500be0001
:0c7680001501be000330a0000000060051
:020000040000fa
:10768c0025750000000d00000a0000004c69000088
:10769c00676800007473000020720000616d0000c8
:1076ac00706900006e670000206400006f770000b6
:1076bc006e0d00000a00000025300000325800005a
:1076cc00004c000065760000656c00006c690000e1
:1076dc006e6700002073000074610000727400007b
:1076ec00656400000d0a00000053000054200000e7
:1076fc0032330000004c000065760000656c000021
:10770c006c6900006e670000206300006f6d000064
:10771c00706c000065740000650d00000a0000002c
:10772c00416e0000746900002d630000726500005a
:10773c00657000002073000074610000727400001a
:10774c00656400000d0a0000005300005420000086
:10775c0032340000004100006e740000692d0000fe
:10776c00637200006565000070200000696e000007
:10777c007465000072720000757000007465000082
:10778c00640d00000a000000416e000074690000e6
:10779c002d6300007265000065700000206300001e
:1077ac006f6d0000706c000065740000650d0000ca
:1077bc000a0000004141000020550000500000006c
:1077cc005550000020630000616c00006c2000002c
:1077dc00726500007175000065730000746500002f
:1077ec00640d00000a00000041410000204400002c
:1077fc004e000000444e000020630000616c00004d
:10780c006c2000007265000071750000657300004b
:10781c0074650000640d00000a0000004141000086
:10782c002058000058000000416c00006c20000043
:10783c00636100006c6c0000732000006361000049
:10784c006e630000656c00006c650000640d000048
:10785c000a000000445200000053000046000000e3
:10786c005361000066650000206d00006f6400002d
:10787c0065200000616300007469000076610000ff
:10788c0074650000640d00000a0000005343000002
:10789c000053000061660000652000006d6f000061
:1078ac006465000020630000616e000063650000e9
:1078bc006c6c0000656400000d0a000000520000b2
:1078cc004553000045540000004f000054000000d8
:1078dc00444d000000460000570000007365000096
:1078ec0072690000616c0000005200004230000020
:1078fc003000000072610000696e0000626f0000d1
:10790c00772000006c690000676800007473000049
:10791c00206f00006666000020000000524200004c
:10792c003031000000720000616900006e620000de
:10793c006f770000206c000069670000687400001d
:10794c00732000006f6e0000004c000052200000fd
:10795c000052000061770000207200006564000096
:10796c00206900006e700000757400003a20000061
:10797c00004c00005220000025320000780000006e
:10798c007265000064500000574d00002075000027
:10799c007064000061740000656400000d0a000052
:1079ac00004900006e760000616c00006964000004
:1079bc0020720000656400002068000065780000fb
:1079cc0020760000616c0000756500000d0a000057
:1079dc00004c000047200000004c00004720000035
:1079ec002532000078000000477200006565000039
:1079fc006e200000505700004d20000075700000f4
:107a0c006461000074650000640d00000a00000051
:107a1c00496e0000766100006c6900006420000073
:107a2c0067720000656500006e200000686500004c
:107a3c0078200000766100006c750000650d000078
:107a4c000a0000004c420000200000004c420000e4
:107a5c002025000032780000006200006c750000e8
:107a6c0065200000505700004d200000757000008c
:107a7c006461000074650000640d00000a000000e1
:107a8c00496e0000766100006c6900006420000003
:107a9c00626c0000756500002068000065780000cd
:107aac0020760000616c0000756500000d0a000076
:107abc00004c000057200000004c00005720000034
:107acc00253200007800000077680000697400001f
:107adc0065200000505700004d200000757000001c
:107aec006461000074650000640d00000a00000071
:107afc00496e0000766100006c6900006420000093
:107b0c00776800006974000065200000686500005b
:107b1c0078200000766100006c750000650d000097
:107b2c000a0000004c540000200000004c540000df
:107b3c0020250000640000004c690000676800000c
:107b4c00746900006e67000020740000696d00000d
:107b5c006572000020750000706400006174000004
:107b6c00656400003a20000000440000532000002f
:107b7c000044000053200000253200007800000073
:107b8c00646f00006f7200002073000070650000cd
:107b9c0065640000207500007064000061740000d2
:107bac00656400000d0a0000004900006e760000bc
:107bbc00616c000069640000206400006f6f0000bd
:107bcc0072200000737000006565000064200000e6
:107bdc006865000078200000766100006c7500007c
:107bec00650d00000a0000004c4f0000434b0000e4
:107bfc00535400004154000055530000004c000049
:107c0c004f4300004b3a0000205500004e4c000042
:107c1c004f4300004b4500004420000028000000aa
:107c2c0020740000696300006b7300002072000078
:107c3c00656d0000616900006e6900006e670000f0
:107c4c00290d00000a0000004c4f0000434b0000bf
:107c5c003a2000004c4f0000434b0000454400000c
:107c6c000d0a0000005300004156000045000000c2
:107c7c004445000046410000554c000054530000a0
:107c8c000046000061630000746f00007279000010
:107c9c002064000065660000617500006c740000d3
:107cac007320000072650000737400006f72000096
:107cbc00656400000d0a0000004300004f4e0000f8
:107ccc0046490000470000002d2d00002d2000002b
:107cdc00434f00004e46000049470000202d000095
:107cec002d2d00000d0a0000004400006f6f0000f5
:107cfc0072530000706400003a0000004143000021
:107d0c00546900006d650000723a000000410000eb
:107d1c00434500006e3a00002020000020000000c7
:107d2c0041480000546900006d650000723a000083
:107d3c0000410000484500006e3a00002020000081
:107d4c00200000004148000044690000723a000025
:107d5c0020200000004f0000543a000020200000ba
:107d6c002020000020000000546f0000704f000025
:107d7c00523a000020200000004200006f74000006
:107d8c004f5200003a200000200000004c69000017
:107d9c0067680000745400003a20000000440000a2
:107dac0069720000747900003a2000002000000085
:107dbc002d2d00002d200000454e00004420000019
:107dcc002d2d00002d0d00000a000000436800005e
:107ddc00300d00000a00000043680000310d000067
:107dec000a00000043680000320d00000a00000089
:107dfc0043680000330d00000a000000426f0000d1
:107e0c006f740000206c000069670000687400004b
:107e1c00207400006573000074200000646f000083
:107e2c006e6500000d0a0000005500004152000074
:107e3c00542000005265000061640000790d0000c0
:107e4c000a0000005379000073740000656d000097
:107e5c002072000065610000647900000d0a0000ca
:107e6c000053000054200000323100000053000089
:107e7c005420000031460000005300005420000044
:107e8c00323700000053000054200000313600004f
:107e9c000053000054200000303700000d0a000091
:107eac000053000054200000303800000053000044
:107ebc005420000030390000005300005420000012
:107ecc0030410000005300005420000030420000fc
:107edc00004c000054720000696700003a0000007a
:107eec00545200004156000020000000444f000096
:107efc004f520000200000004c4f0000434b00008c
:107f0c00200000005550000020000000444e0000ee
:107f1c002000000053540000203200003800000004
:107f2c00535400002032000039000000535400006c
:107f3c0020320000410000005354000020320000a9
:107f4c004200000055700000206f000076650000b4
:107f5c0072720000756e00002073000074610000e6
:107f6c0072740000656400000d0a000000550000ea
:107f7c00702000006f7600006572000072750000c2
:107f8c006e200000636f00006d7000006c650000d7
:107f9c00746500000d0a0000004400006f770000bb
:107fac006e2000006f760000657200007275000094
:107fbc006e20000073740000617200007465000094
:107fcc00640d00000a000000446f0000776e000092
:107fdc00206f00007665000072720000756e000064
:107fec00206300006f6d0000706c00006574000071
:107ffc00650d00000a000000535400002031000001
:10800c00370d00000a0000004f760000657200007a
:10801c007472000061760000656c00002072000034
:10802c0065730000657400000d0a0000000000007c
:10803c00436f00006e66000069670000207300004b
:10804c006176000065640000207400006f20000061
:10805c00666c000061730000680d00000a000000ef
:10806c004e6f000020730000617600006564000014
:10807c00206300006f6e000066690000672000003e
:10808c003f20000075730000696e0000672000003f
:10809c006465000066610000756c0000747300007c
:1080ac000d0a0000004300006f6e000066690000be
:1080bc00672000006c6f00006164000065640000c4
:1080cc0020660000726f00006d200000666c0000de
:0c80dc0061730000680d00000a00000045
:020000040000fa
:1080e8000000fa004023a9000080fa000000060002
:1080f8000400fa00100798001e0090008000eb00b2
:10810800e200200003002000820f5000838f5800f7
:108118003d003e00006001000e00370010003700ef
:108128001200370014003700160037001800370017
:108138001a0037001c0037001e00370020003700e7
:1081480022003700240037002600370028003700b7
:108158002a00370001188000010f78002b00370033
:1081680011188000010f78002800370021188000be
:10817800010f78002500370031188000010f7800c2
:108188002200370041188000010f78001f003700d7
:1081980051188000010f78001c003700611880001a
:1081a800010f78001900370071188000010f78005e
:1081b8001600370081188000010f7800130037007f
:1081c80091188000010f780010003700a118800076
:1081d800010f78000d003700b1188000010f7800fa
:1081e8000a003700c1188000010f78000700370027
:1081f800d1188000010f780004003700e1188000d2
:10820800010f780001003700000000001e00780010
:108218000080fa00000006001600fa00200f9800ff
:10822800ae089000811f780060b42b00801f780092
:108238000e0078003ae80700e48757000e0078003f
:10824800020007000080fa00000006000200fa00a1
:10825800000f78000b0037000000000011118000ab
:1082680000202000008060000000e000fbff3a00d2
:108278001e007800104078000000fb0020118800e4
:108288001e0fe8001e007800104078000004e0008f
:10829800f1ff3a000080fa00000006000200fa0030
:1082a800004f78000000000011118000002020001d
:1082b800008060000000e000fbff3a001e00fb00a9
:1082c800201188000080fa00000006000400fa006f
:1082d800004f780011479800224798000602a8002e
:1082e8000000000030108000610060000000e00025
:1082f800fcff3a001e80fb000000400010108800c0
:108308000000000041108000000024000080600090
:108318000000e000fbff3a001e4090000080fb00d8
:1083280010108800000000004110800000002400a8
:10833800008060000000e000fbff3a002e40900043
:108348000080fb0010108800000000004110800031
:1083580000002400008060000000e000fbff3a00fd
:108368000642a80000000000301080006400600091
:108378000000e000fcff3a000080fa000000060060
:108388000400fa002047980031479800e6130700d8
:108398002e40900000404000fe1307003e40900031
:1083a800fc1307002e4090000080fb0000004000f6
:1083b800004078000004a000f61307000040eb001e
:1083c80008140700004f7800e01307001e407800eb
:1083d8000080fa00000006000000fa0002c1b300a5
:1083e8008040eb0000c4b300b8ff070032c0b30000
:1083f800e1cfb30000c4b300b4ff07000041eb00b5
:108408008040eb0000c4b300b0ff070042c0b300d7
:1084180011c0b30000c4b300acff07000080fa002d
:10842800000006000800fa0020479800210798007d
:10843800320798002e4090004200dd00664f400051
:108448003e0090000000e0001a003a002e40900024
:108458000080fb0070ff070090b42b007bff070033
:108468000041eb009e40780000c4b30097ff07006e
:108478001e40e8000041eb008040780000c4b300d3
:1084880092ff07001ec0e8000041eb008040780022
:1084980000c4b3008dff07009e40780063c0400011
:1084a80002c1b3008040780000c4b30087ff070012
:1084b8001e0037002e009000004078000041780030
:1084c8009e40780000c4b30080ff07002e00900093
:1084d8004800de00804078001e40e8000141780036
:1084e8008040780000c4b30078ff07003e00900089
:1084f800804078001ec0e800014178008040780084
:1085080000c4b30071ff07003e0090004800de0081
:10851800804078001e4178006340410001417800a6
:108528008040780000c4b30068ff07000080fa00ac
:10853800000006000200fa000000eb00000f7800bf
:10854800240037001e0178008000eb000040eb009b
:10855800b4ff070000c4290001002000c816070066
:108568001e0178008000eb0010c0b300adff0700cb
:1085780000c4290001002000c11607001e01780070
:108588008000eb0020c0b300a6ff070000c429004c
:1085980001002000ba1607001e0178008000eb00d9
:1085a80030c0b3009fff070000c42900010020006d
:1085b800b3160700f0ff20009e007800808f50005f
:1085c800020036000000eb00000f78009e007800e3
:1085d800708f4000000021009e007800808f5000be
:1085e800d8ff36000080fa00000006000600fa00f6
:1085f800000f780011079800220798001e017800e4
:108608008000eb000040eb0086ff07001e01900091
:108618008000eb0010c0b30082ff07002e0190001d
:108628008000eb0020c0b3007eff07000080fa0046
:10863800000006000a00fa00881f78006000b800f1
:10864800008fbe0001003700000000001e00be00c1
:10865800d9e507000200200003f8230002e2070022
:1086680002002e00f34f2400c3e30700b2e1070025
:108678002007980062aa2000630024001e00be00a4
:10868800f9e10700cce507000200200003f8230009
:10869800f5e1070002002e00f34f2400b6e30700bf
:1086a800a5e107003007980062aa200063082400ab
:1086b8001e00be00ece10700bfe507000200200035
:1086c80003f82300e8e1070002002e00f34f24001e
:1086d800a9e3070098e10700400798004e019000c1
:1086e800be0090002e009000c0ff070000c42900c3
:1086f8000100200062160700a2702d0033c223007b
:108708001e00be00d8e10700008fbe0018c0b300ed
:1087180092ff2000930c24001e00be0084e1070095
:108728000000e00001003c000044eb000804e00009
:10873800c5ff320092ff2000930c24001e00be00eb
:10874800c0e10700008fbe00c0ff37000200fa003a
:10875800004f7800c309070080c7b300dc09070091
:108768000040eb00da0907001e407800d80907002e
:10877800c5090700800020000100200040160700fe
:108788000080fa00000006000200fa00004f78009e
:10879800b409070080c7b300cd09070000c4b300bf
:1087a800cb0907001e407800c9090700b609070071
:1087b8000032200001002000311607000080fa0076
:1087c800000006000000fa0000a821006100200057
:1087d8002b16070080c3b300dcff070090c3b3006b
:1087e800daff070000a82100610020002416070016
:1087f80040c1b300d5ff0700f0c7b300d3ff07009f
:10880800f0c5b300d1ff070000482800e1012000af
:108818001b160700c0c6b300ccff07000088230062
:10882800110020001616070080c3b300c7ff070019
:10883800008823001100200011160700d0c0b300e3
:10884800c2ff070000882300110020000c16070053
:1088580010c0b300bdff07000088230011002000ee
:108868000716070060c0b300b8ff070000c429005e
:10887800010020000216070000c4b300b3ff070080
:1088880000482800e1012000fd1507000080fa00db
:10889800000006000200fa00000f7800040037000c
:1088a8001e007800104078001e0fe800b6ff070091
:1088b8001e007800104078000004e000f8ff3a003d
:1088c8000080fa00000006000000fa0004fe07001d
:1088d8000080fa00000006000000fa000040800056
:1088e8000000e00002003a00ece2a9000e003700a8
:1088f800104080000000e800104088001040800010
:10890800e20f500002003c00ece2a8000100370032
:10891800ece2a9001140800030062000808f500052
:10892800010034000228ef000080fa000000060071
:108938000000fa001116800000202000008060006e
:108948000000e0000b003a0011168000000420002f
:10895800008060000000e000060032001016800071
:10896800610060000000e0000200320010002000fa
:1089780011003700111680000004200000806000fc
:108988000000e0000b003a001116800000202000d3
:10899800008060000000e000060032001016800031
:1089a800620060000000e0000200320010002000b9
:1089b800010037000000eb000080fa00000006000c
:1089c8000000fa00304680000000e00005003a0090
:1089d8001000200030468800c828ef001000200052
:1089e800104688000080fa00000006000000fa0027
:1089f800ad1307001000200020468800100020005a
:108a0800e043880010002000804888001000200003
:108a1800d048880010002000f04388001000200093
:108a2800e048880010002000b048880010002000ae
:108a3800904588001000200080438800004880008e
:108a48000000e80000488800a04680000000e80018
:108a5800a046880010178000610060000000e00058
:108a680004003200004780000000e800004788004a
:108a780001003700e028ef00304480000000e800e3
:108a880030448800d04980000000e800d0498800c0
:108a9800d149800030062000808f5000010034004a
:108aa8003a29ef008cff0700404280000000e000f8
:108ab8000b003200504280000000e0000800340043
:108ac800504280000000e900504288005042800077
:108ad8000000e00002003a001b0d07004828ef00e4
:108ae8000080fa00000006000000fa0012130700d8
:108af800100020000049880010002000604788000e
:108b08000080fa00000006000000fa001e140700aa
:108b18000080fa00000006000800fa00804080008b
:108b2800e10f50000f003200e10f5000050039003e
:108b3800e20f500022003200e30f50003c003200e8
:108b4800530037001228ef00c04080000000e0000a
:108b5800480032001828ef001000200080408800ec
:108b68004b003700004a8000000040008000780079
:108b78009040800000804000904088009140800034
:108b8800e00f2000808f500006003400f00f200016
:108b98009040880020002000804088001428ef00c2
:108ba8001628ef00c04080000000e00033003200cb
:108bb8001828ef001428ef001628ef0034003700bb
:108bc800f00f200090408800a0408000b140800055
:108bd80061004000e0804800a0408800b140880063
:108be800c04080000000e000030032001828ef00b9
:108bf8001428ef001628ef00a2408000b340800040
:108c0800e04a8000f14a8000800f5100818f5900ae
:108c18001c00390030002000804088001428ef0034
:108c28001628ef00c0b42b0088fd07001800370095
:108c3800c04080000000e000040032001828ef0067
:108c4800100020008040880011003700914080000b
:108c5800004a8000008050009040880090408000ca
:108c68000000e00009003c001228ef001028ef0087
:108c78000700370000000000050037000000000072
:108c8800030037000000000001003700000000006a
:108c9800904080006101b900c0418000d14180004e
:108ca800009ab90004027800028bb90086027800a5
:108cb800050242000010b80001024200840078005a
:108cc800f20f2000030020004ee00700000f78009c
:108cd800904080006101b900e0418000f1418000ce
:108ce800009ab90004027800028bb9008602780065
:108cf800050242000010b80001024200840078001a
:108d0800f20f2000030020003ee007001007980043
:108d1800904080006101b90000428000114280004b
:108d2800009ab90004027800028bb9008602780024
:108d3800050242000010b8000102420084007800d9
:108d4800f20f2000030020002ee007002007980003
:108d5800904080006101b9002042800031428000cb
:108d6800009ab90004027800028bb90086027800e4
:108d7800050242000010b800010242008400780099
:108d8800f20f2000030020001ee0070030079800c3
:108d98001e0078004400dd00000178008000eb0030
:108da80020c0b3009ffd07001e0090004400dd00b6
:108db800000178008000eb0010c0b30099fd0700a7
:108dc8002e0090004400dd00000178008000eb00d8
:108dd8000040eb0093fd07003e0090004400dd00da
:108de800000178008000eb0030c0b3008dfd070063
:108df8000080fa00000006000000fa000147800029
:108e0800e0498000808f50000300350010002000ea
:108e1800f0468800e028ef00f0468000e10f50009f
:108e280003003a00ed02a900ec02a8000200370096
:108e3800ed02a800ec02a900d11680000000220073
:108e4800008060000000e00002003200de28ef0031
:108e5800e028ef000080fa00000006000000fa0099
:108e680001488000804c8000808f5000030035004e
:108e78000029ef00c482a800d442a8000080fa00ac
:108e8800000006000000fa001000200040428800a0
:108e980020032000504288000080fa0000000600ed
:108ea8000a00fa0040079800ce009000811f780061
:108eb80020b62b00801f78000e00780018e5070008
:108ec800e48757000e007800e0fc07000080fa00f5
:108ed800000006000000fa0020408000e10f50006a
:108ee8001e003200e10f500003003900e20f50006d
:108ef8002c003200390037001116800000002800cd
:108f0800008060000000e0002d003200100020000a
:108f1800904388001000200020408800c402a80068
:108f2800c422a90070b62b00c8fc0700b1b72b00fb
:108f3800f0b4200019e507000000e000220032002c
:108f480062002000b1b72b00f0b420000ce5070048
:108f5800100020006048880020003700c402a800e4
:108f68001116800000042000008060000000e0006e
:108f780005003a00111680000000280000806000fb
:108f88000000e00012003a00c402a9007228ef00b5
:108f9800200020002040880010b82b00abfc070000
:108fa8000e003700111680000000280000806000c5
:108fb8000000e00008003a000428ef00070037002e
:108fc8000000000005003700000000000300370023
:108fd8000000000001003700000000000080fa00d7
:108fe800000006000200fa0050418000e10f500026
:108ff8000e00320060418000e10f50000b0032008b
:1090080010168000610060000000e00007003a00d0
:1090180010168000620060000000e00003003a00c3
:1090280090438000e10f500002003a001000200039
:10903800010037000000eb00000f7800304080008e
:10904800e10f500021003200e10f50000300390009
:10905800e20f500038003200470037001116800038
:1090680000002400008060000000e00039003200a9
:109078001e0078000000e00038003a0010002000d0
:10908800404088001000200030408800c422a8001a
:10909800c402a90060b92b006cfc0700b1ba2b0010
:1090a800f0b42000bde407000000e0002d0032000d
:1090b80062002000b1ba2b00f0b42000b0e4070031
:1090c80010002000604888002b003700c422a80048
:1090d8001e0078000000e00006003200c422a9004b
:1090e8000828ef000628ef0010bb2b0057fc0700ec
:1090f8002100370011168000000420000080600065
:109108000000e00005003a0011168000000024006d
:10911800008060000000e00014003a00c422a900aa
:109128000828ef002000200030408800a0bc2b0059
:1091380046fc0700100037001116800000002400cc
:10914800008060000000e0000a003a000628ef00f6
:109158000900370000000000070037000000000089
:109168000500370000000000030037000000000081
:1091780001003700000000000080fa00000006002f
:109188002200fa000017980000c4290001002000fe
:10919800bb13070001be2b000e109000eee5070080
:1091a8000000e00008003200100020005041880054
:1091b8002c28ef00c422a800c402a90060be2b001e
:1091c80022fc070001023700a1bf2b000e109000ff
:1091d800e1e507000000e000080032001000200070
:1091e800604188002a28ef00c402a800c422a90010
:1091f80000c02b0015fc0700f401370041c12b000b
:109208000e109000d4e507000000e00007003200cf
:109218002a28ef002c28ef00c422a900c402a900c4
:10922800a0c12b0009fc0700e801370001c32b008f
:109238000e10900059e407000000e00009003a0011
:109248002a28ef002c28ef00c422a900c402a90094
:109258001000200020458800a0c12b00fbfb070060
:10926800da01370031c32b000e1090004be40700e1
:109278000000e00006003a001000200000408800ce
:109288000228ef0060c32b00f0fb0700cf01370076
:10929800c1c42b000e10900040e407000000e0005d
:1092a80006003a000028ef000228ef00ece2a900cf
:1092b800f0c42b00e5fb0700c401370051c62b00a2
:1092c8000e10900035e407000000e000bf013200f6
:1092d800b1c62b000e10900030e407000000e0003b
:1092e80005003a00e0498000cbfb070090b42b0052
:1092f800d6fb0700b5013700e1c62b000e10900021
:1093080026e407000000e00005003a00f04980006c
:10931800c1fb070090b42b00ccfb0700ab01370062
:1093280011c72b000e1090001ce407000000e0009d
:1093380005003a00e0ae2000c4fb070090b42b0003
:10934800c2fb0700a101370041c72b000e10900097
:1093580012e407000000e00005003a00e0ae20003b
:10936800bafb070090b42b00b8fb07009701370041
:10937800b1c72b000e10900008e407000000e000c1
:1093880008003a00504080000000e00005003a0064
:10939800100020005040880000c82b00abfb0700dd
:1093a8008a01370041c92b000e109000fbe307002b
:1093b8000000e00007003a0050408000e10f500034
:1093c80004003a000a28ef0090c92b009ffb070011
:1093d8007e01370032002000b1ca2b000e10900029
:1093e800f9e307000000e00026003a000e109000a4
:1093f8006300400022002000800078000e00780002
:1094080006e407000040eb0020479800f0ca2b0054
:109418008efb07000e1090008cfb070090b42b0009
:109428008afb070064004700801f7800f0cb2b0000
:10943800801f78000e109000c6e30700e4875700ed
:10944800e10f50000c003a002e009000cf80de00a3
:10945800c0418800d141880060cc2b007bfb07000d
:10946800c0418000d1418000000078006afb0700fd
:1094780084fe07005501370070cd2b0073fb0700f1
:109488005201370032002000f1ce2b000e10900060
:10949800cde307000000e0001f003a000e10900026
:1094a800e30040006600470022002000dbe30700dd
:1094b8000040eb00004f98006a004700801f7800ca
:1094c80030cf2b00801f78000e109000a1e307001a
:1094d800e4875700e10f50000c003a005e0090004e
:1094e800cf80de00e0418800f1418800a0cf2b004a
:1094f80056fb0700e0418000f14180000000780041
:1095080045fb07005ffe070030013700e0d02b0065
:109518004efb07002d0137003200200081d22b00be
:109528000e109000a8e307000000e0001f003a00ba
:109538000e109000e30040006c004700220020005d
:10954800b6e307000040eb00604f9800700047004a
:10955800801f7800c0d22b00801f78000e1090006a
:109568007ce30700e4875700e10f50000c003a0045
:109578000e089000cf80de0000428800114288006b
:1095880030d32b0031fb07000042800011428000dd
:109598000000780020fb07003afe07000b013700a7
:1095a80060d42b0029fb0700080137003200200097
:1095b800f1d52b000e10900083e307000000e000b7
:1095c8001f003a000e109000e300400072004700b0
:1095d8002200200091e307000040eb00405798006c
:1095e80076004700801f780030d62b00801f780057
:1095f8000e10900057e30700e4875700e10f500072
:109608000c003a003e089000cf80de00204288001f
:1096180031428800a0d62b000cfb070020428000b6
:109628003142800000007800fbfa070015fe0700b1
:10963800e6003700e0d72b0004fb0700e300370003
:109648003200200081d92b000e1090005ee3070045
:109658000000e00017003a0078004700801f7800fb
:10966800c0d92b00801f78000e10900039e3070046
:10967800e4875700e10f5000d4003a004e089000ec
:10968800cf80de00e04a8800f14a880020da2b000b
:10969800eefa0700e04a8000f14a800000007800f6
:1096a800ddfa070090b42b00e8fa0700f5fd070083
:1096b800c600370032002000b1db2b000e109000ee
:1096c80041e307000000e0001f003a000e10900080
:1096d800e30040007a004700220020004fe3070023
:1096e8000040eb00405f98007e004700801f780034
:1096f800f0db2b00801f78000e10900015e30700a8
:10970800e4875700e10f50000c003a007e089000f3
:10971800cf80de00104a8800214a880060dc2b00d8
:10972800cafa0700104a8000214a80000000780029
:10973800b9fa0700d3fd0700a4003700b0dd2b00fd
:10974800c2fa0700a1003700a1df2b000e1090001d
:1097580012e307000000e0000e003a0030468000e7
:109768000000e0000800320050e02b00b7fa0700c4
:10977800404680007e001000a7fa070060e12b0039
:10978800b2fa070091003700a0e22b00affa0700f9
:109798008e00370091e32b000e109000ffe20700c7
:1097a8000000e00004003a00e70907004828ef003d
:1097b8004a28ef0085003700e1e32b000e109000e7
:1097c800f6e207000000e00007003a00c70a0700b9
:1097d800dd0907004828ef004a28ef0070e42b0055
:1097e8009afa07007900370031e62b000e10900036
:1097f800eae207000000e00074003a00a0e62b004f
:1098080092fa0700b0ca2b0090fa0700c041800006
:10981800d141800000007800a1fd070090b42b0022
:109828008afa0700f0ce2b0088fa0700e041800092
:10983800f14180000000780099fd070090b42b00ea
:1098480082fa070080d22b0080fa070000428000cd
:10985800114280000000780091fd070090b42b00b1
:109868007afa0700f0d52b0078fa0700204280002a
:10987800314280000000780089fd070090b42b0079
:1098880072fa0700b0e72b0070fa0700104a800050
:10989800214a8000000078005ffa070090b42b008e
:1098a8006afa070040e82b0068fa0700304a80008f
:1098b800414a80000000780057fa070090b42b0056
:1098c80062fa0700d0e82b0060fa0700504a8000cf
:1098d80051fa070090b42b005cfa070060e92b00ee
:1098e8005afa0700604a8000714a80000000780038
:1098f80049fa070090b42b0054fa0700f0e92b004e
:1099080052fa0700a041800043fa070090b42b00e8
:109918004efa070080ea2b004cfa0700b04180009d
:109928003dfa070090b42b0048fa070010eb2b0013
:1099380046fa0700804a8000914a800000007800bb
:1099480035fa070090b42b0040fa0700a0eb2b0073
:109958003efa0700a04a8000b14a80000000780063
:109968002dfa070090b42b0038fa070030ec2b00d2
:1099780036fa0700c04a8000d14a8000000078000b
:1099880025fa070090b42b0030fa0700c0ec2b0032
:109998002efa0700e04a8000f14a800000007800b3
:1099a8001dfa070090b42b0028fa070050ed2b0091
:1099b80026fa07004042800017fa070090b42b00ef
:1099c80022fa0700e0ed2b0020fa07000080fa00d9
:1099d800000006000000fa001116800000022000b6
:1099e800008060000000e00003003a00804580002d
:1099f800e10f500002003a0010002000010037007b
:109a08000000eb000080fa00000006002600fa00c3
:109a1800881f78006205070000a821006100200067
:109a280097110700b81007007307070000a8210066
:109a38006100200092110700a10f0700440f0700e2
:109a4800e70e0700fa0f0700d40f0700770f07008b
:109a58001a0f07002d100700a1f9070080462400ff
:109a68000e0f0700cde2a800ecc2a900eb0c07001e
:109a7800060d07000000eb001e0d07000010200077
:109a8800160d070000482800e10120007c1107009e
:109a980051fa070000502300c10020007811070088
:109aa800c0ee2b00e9f90700f2ff20008000eb0070
:109ab8000040eb005bfa070000202100a10720000e
:109ac8006f1107000001eb008000eb000040eb0085
:109ad80054fa070020ef2b00dcf90700f2ff200002
:109ae8008000eb0010c0b3004efa070000202100f0
:109af800a1072000621107000001eb008000eb00c5
:109b080010c0b30047fa070080ef2b00cff9070019
:109b1800f2ff20008000eb0020c0b30041fa0700ec
:109b280000202100a1072000551107000001eb00cb
:109b38008000eb0020c0b3003afa0700e0ef2b00ea
:109b4800c2f90700f2ff20008000eb0030c0b3002c
:109b580034fa070000202100a1072000481107005f
:109b68000001eb008000eb0030c0b3002dfa0700c5
:109b780040f02b00b5f90700c402a900c422a900cf
:109b8800c482a800d442a800d482a900dd22a8007b
:109b9800dcc2a900cde2a800e4e2a800e4c2a80063
:109ba800ec02a800ec22a800ec42a800ec62a80095
:109bb800ec82a900eca2a900ecc2a900ece2a90081
:109bc800ed02a800ed82a800f4e2a800f5c2a90001
:109bd800f5e2a90000482800e1012000281107004b
:109be800103a8000000178000260a10060042000a3
:109bf800710520002374200080497800814978008d
:109c0800824978001136800000fc2f000080600037
:109c18003000b300103688002135800000fc2f008a
:109c2800008060003000b30020358800103a8000c2
:109c3800000178000260a000600420007105200087
:109c4800237420008049780081497800824978008f
:109c5800b0f12b007df907002809070080f22b00de
:109c68007af907000000eb00a20c07000080eb0067
:109c7800000f7800104a8000214a80000000780018
:109c88003045880001003700000000000060fe0039
:109c9800730707000004e0002300320045070700af
:109ca800004f98000e489000ea4f50000300320021
:109cb8000e489000ed4f50000d003a000fc8bf004d
:109cc8000080fb0061b820000041eb008270780042
:109cd80060b820005df9070090b42b005bf907001d
:109ce80060b8200026fd07000f68ef000e0037005f
:109cf800f180200091407800e0c3b30080cf50008d
:109d080008003e000fc8bf008080fb0062b820003a
:109d18008e49900003f178000040e8000fe8b70092
:109d2800010037000f68ef001116800000042000c2
:109d3800008060000000e00019003a001116800061
:109d480000202000008060000000e00014003200c5
:109d58000000eb00100798001e0078000000e000eb
:109d68000300320016fb0700100020008045880021
:109d780071f32b00f0b4200088e107000000e00038
:109d8800550032006200200071f32b00f0b420006f
:109d98007be1070010002000604888004e00370073
:109da8001116800000202000008060000000e00004
:109db80019003a001116800000042000008060009d
:109dc8000000e00014003200100020001007980086
:109dd8001e007800e10f500003003200f8fa070077
:109de8001000200080458800d1f32b00f0b420003b
:109df8006ae107000000e00037003200620020003e
:109e0800d1f32b00f0b420005de107001000200022
:109e180060488800300037001116800000202000bc
:109e2800008060000000e00014003200111680007d
:109e380000042000008060000000e0000f003200f5
:109e48002000200010079800b028ef0031f42b0004
:109e5800f0b4200051e107000000e0001e003200cd
:109e68006200200031f42b00f0b4200044e1070028
:109e78001000200060488800170037001116800085
:109e880000202000008060000000e00012003a007e
:109e98001116800000042000008060000000e0002f
:109ea8000d003a00300020001007980091f42b00b4
:109eb800f0b4200039e107000000e000060032009d
:109ec8006200200091f42b00f0b420002ce1070080
:109ed8001000200060488800fefb070041fc0700d6
:109ee800101680004500de00614060000080fb0025
:109ef800500798005e009000e10f500007003a00fc
:109f0800604980000000e00004003a0010002000d2
:109f180020458800f0f42b00ccf80700de00900004
:109f2800614988001116800000042000008060004c
:109f38000000e0000500320011168000002020001b
:109f4800008060000000e000e8003a0070428000f5
:109f5800e20f500078003200e20f500005003e008a
:109f68000000e00008003200e10f50002a00320033
:109f7800e8003700e30f500093003200e40f500070
:109f8800d6003200e3003700804580000000e00082
:109f980008003a005116800000002200008060008e
:109fa8000000e0001b003a00204580000000e000af
:109fb8001800320082fa0700cde2a900ecc2a9001d
:109fc8001000200070428800a828ef00aa28ef009f
:109fd800ac28ef000000eb00c60b0700b028ef002c
:109fe800f5c2a800f5e2a90071f52b0030b42000f5
:109ff800eae007000000e0000600320062002000ee
:10a0080071f52b0030b42000dde0070010002000bf
:10a0180040488800b4003700f04380000000e000aa
:10a02800190032007e28ef00604580000000e8003b
:10a038006045880061458000c04b8000808f5000db
:10a04800110035004145800030458000808f500068
:10a058000a003d0041458000d04b80000080400050
:10a06800404588004145800030458000808f500081
:10a07800020034003045800040458800404580009b
:10a088009c0b0700ac28ef0051168000000021004f
:10a09800008060000000e00026003a004245800091
:10a0a800220798000d0037002e0090000000e00005
:10a0b80002003d000000eb00200798002e009000f1
:10a0c8008c0b070000c4290001002000ec0f0700da
:10a0d8002e0090004006b100200798002e00900046
:10a0e8000000e000f0ff3d00ecc2a8000000eb001b
:10a0f800800b07002000200070428800b028ef0085
:10a10800a428ef00d1f52b0030b42000a3e007000d
:10a118000000e0000600320062002000d1f52b00ac
:10a1280030b4200096e00700100020004048880066
:10a13800f5c2a9006c003700504a80000000e0001a
:10a1480003003200c04580000000e00006003a002d
:10a15800104580000000e00003003a002045800020
:10a168000000e00017003200cde2a900ecc2a80010
:10a178003000200070428800a828ef00aa28ef00cd
:10a18800ac28ef000000eb005a0b0700f5c2a9004d
:10a19800f5e2a800b828ef0031f62b0030b4200013
:10a1a8007ee007000000e0000600320062002000a8
:10a1b80031f62b0030b4200071e0070010002000b9
:10a1c8004048880048003700f04380000000e00065
:10a1d800190032007e28ef00604580000000e8008a
:10a1e8006045880061458000c04b8000808f50002a
:10a1f800110035004145800030458000808f5000b7
:10a208000a003d0041458000d04b8000008040009e
:10a21800404588004145800030458000808f5000cf
:10a2280002003400304580004045880040458000e9
:10a23800300b0700ac28ef00511680000000220008
:10a24800008060000000e00023003a0043458000e1
:10a25800330798000d0037003e0090000000e00032
:10a2680002003d000000eb00300798003e0090001f
:10a27800200b070000c4290001002000800f070000
:10a288003e0090004006b100300798003e00900064
:10a298000000e000f0ff3d000000eb00150b070098
:10a2a800a428ef00400020007042880091f62b009f
:10a2b80030b4200039e007000000e000060032005a
:10a2c8006200200091f62b0030b420002ce007003b
:10a2d8001000200040488800030037004e28ef0097
:10a2e800b028ef00000000000a003700cde2a80007
:10a2f8000000eb00ff0a07009e28ef009628ef00f9
:10a308007428ef004e28ef00b028ef00b428ef00c3
:10a31800b628ef009e009000010f7800111680000b
:10a3280000042000008060000000e00006003a0001
:10a3380090168000700060000000e00002003a0003
:10a3480010002000010037000000eb00e10f500072
:10a358000e003200111680000020200000806000ee
:10a368000000e00006003a009016800070006000cf
:10a378000000e00002003a00100020000100370051
:10a388000000eb00e10f500012003a00704280001c
:10a39800e40f500003003200704280000000e0002b
:10a3a80010003a0062f907000000e00007003200e0
:10a3b800704680000000e0000c003a001000200009
:10a3c800704688007ef9070009003700ce28ef00a4
:10a3d80007003700cc28ef00ca28ef00ce28ef008e
:10a3e80003003700000000000100370000000000f3
:10a3f800304680000000e0000e0032002046800059
:10a408000000e0000b003200c428ef004046800046
:10a418000000e80040468800414680001003200004
:10a42800808f500003003400c628ef00c228ef00d8
:10a43800c828ef00304680000000e000020032002b
:10a44800ec82a80001003700ec82a90011168000f8
:10a4580000042000008060000000e00007003200d7
:10a468001116800000202000008060000000e0003d
:10a478000200320010002000010037000000eb004d
:10a48800600798006e019000720798007042800083
:10a49800e10f50000600320070428000e20f5000c9
:10a4a8000300320070428000e30f500002003a00bf
:10a4b80010002000010037000000eb00000f98009a
:10a4c800304680000000a20000f0a7000000ea006b
:10a4d8000000e9004f00de00100f98005041800096
:10a4e8000000a20000f0a7000000ea000000e90058
:10a4f8004f00de00200f9800604180000000a2009d
:10a5080000f0a7000000ea000000e9004f00de00ac
:10a51800300f9800204580000000a20000f0a7003e
:10a528000000ea000000e9004f00de00400f98003c
:10a538007e0090000000e0000300320070498000b7
:10a548000000e0001e0032000e0890000000e0004d
:10a5580003003200804980000000e000180032004b
:10a568001e0890000000e0000300320090498000bf
:10a578000000e000120032004e0890000000e000e9
:10a5880003003200a04980000000e0000c00320007
:10a598002e0890000000e00003003200b04980005f
:10a5a8000000e000060032003e0890000000e000d5
:10a5b80025003200c04980000000e00022003a0077
:10a5c80010002000c0408800f0f62b001ff707009d
:10a5d8007e0090000000e0000200320060f72b00cf
:10a5e8001af707000e0890000000e00003003a0088
:10a5f8004e0890000000e00002003200c0f72b0077
:10a6080012f707001e0890000000e0000200320068
:10a6180020f82b000df707002e0890000000e0003e
:10a628000200320080f82b0008f707003e0890006f
:10a638000000e00002003200c0f82b0003f707001a
:10a6480090b42b0001f70700fe01900073498800c1
:10a658008e089000814988001e0990009249880060
:10a66800ae099000b3498800be089000c14988002f
:10a678004e099000a2498800e04880000000e000f0
:10a68800020032001c29ef0023f907007042800005
:10a69800e20f500015003a00504a80000000e00028
:10a6a80012003200e04380000000e0001300320096
:10a6b8007c28ef00d04580000000e800d0458800e5
:10a6c800d04580006101b900304a8000414a8000cd
:10a6d800800f5100818f59000700390010002000b9
:10a6e800c0458800ba28ef0004003700ba28ef00f8
:10a6f800b828ef00010037000000000060002000cb
:10a708007bf60700c0428800c0428000cf80de0090
:10a71800a4d9070002002000e333240096db0700d9
:10a7280002002f00f3572400b4da0700500f9800f6
:10a73800610f9800004b8000114b8000d2cc2c0098
:10a74800c3e42300bfd9070018c0b3005e09900016
:10a75800ee09900076d907000000e00001003c00f7
:10a768000044eb000804e0000e003a00004b8000b3
:10a77800114b8000d2cc2c00c3e42300bad90700c7
:10a7880018c0b3005e099000ee09900066d9070072
:10a798000000e000010035000044eb000804e00080
:10a7a800040032005e099000ee099000024b880018
:10a7b800134b8800600020004df607008042880097
:10a7c800d116800000002400008060000000e00036
:10a7d80001003a000229ef00d11680000000240091
:10a7e800008060000000e00002003200100020003d
:10a7f8001048880010168000610060000000e0002a
:10a8080004003a0010168000620060000000e000ba
:10a818000200320010002000010037000000eb00a9
:10a82800700f980020438000e10f50000d003200a7
:10a83800e10f500003003900e20f5000150032000c
:10a848002c0037006828ef00f4e2a8007e0890008a
:10a858000000e000220032001000200020438800a1
:10a86800240037006828ef00f4e2a8007e08900072
:10a878000000e0001c003a0020002000204388006f
:10a888006628ef001000200040438800f4e2a90089
:10a89800180037001000200040438800f4e2a900a7
:10a8a80080488000e10f500004003a001029ef00b2
:10a8b800304380000000e8003043880031438000c6
:10a8c800404b8000808f5000090035006428ef005d
:10a8d8006628ef006828ef00f4e2a80005003700ba
:10a8e80000000000030037000000000001003700ee
:10a8f80000000000404380000000e0000200320039
:10a90800ec42a80001003700ec42a900dd22a800b3
:10a91800d442a800c482a800004080000000e000e3
:10a9280007003a0010178000620060000000e00095
:10a9380002003200ece2a80001003700ece2a900b6
:10a94800d0168000d0168000511780000000220029
:10a95800008060000000e000150032001116800041
:10a9680000042000008060000000e00010003200b9
:10a978001116800000202000008060000000e00028
:10a988000b00320001f92b0050b5200083de0700d0
:10a998000000e000060032006200200001f92b00f0
:10a9a80050b5200076de07001000200070488800af
:10a9b8005117800000002200008060000000e000c5
:10a9c8001200320011168000000420000080600090
:10a9d8000000e0000d003a00ec22a900e4e2a80023
:10a9e80061f92b0050b520006cde07000000e00084
:10a9f800060032006200200061f92b0050b52000eb
:10aa08005fde0700100020007048880051178000a2
:10aa180000002200008060000000e0001700320003
:10aa28001116800000202000008060000000e00077
:10aa380012003a0090168000680060000000e000f4
:10aa48000e003a0010002000d0478800e4c2a80099
:10aa5800c1f92b0050b5200050de07000000e000cf
:10aa68000600320062002000c1f92b0050b520001a
:10aa780043de07001000200070488800511780004e
:10aa880000002200008060000000e0000f003a0093
:10aa9800fa28ef00fc28ef00e4c2a900e4e2a900cc
:10aaa80021fa2b0050b520003cde07000000e00032
:10aab800060032006200200021fa2b0050b5200069
:10aac8002fde070010002000704888001016800054
:10aad8004600de00614060000080fb00001798001f
:10aae800a04c8000e10f50000c003a000e109000be
:10aaf8000000e00009003a00304780000000e00054
:10ab080006003a001000200030478800e828ef00cf
:10ab1800ee28ef0080fa2b00ccf5070030478000c4
:10ab2800e10f500017003a00c422a800c402a9008f
:10ab380060478000e10f500016003a00ec28ef0053
:10ab4800404780000000e80040478800a04a800095
:10ab5800b14a80008000780040478000808f500014
:10ab68000c003c00c422a900100020007047880097
:10ab7800e828ef00e628ef00d0fb2b00b3f507002c
:10ab880004003700404080000000e00001003a0067
:10ab9800c422a9000e109000e10f500001003a00f5
:10aba800ee28ef008e119000a34c8800101680004c
:10abb8004900de00614060000080fb00101798002b
:10abc800b04c8000e10f50000c003a001e109000bd
:10abd8000000e00009003a00904780000000e00013
:10abe80006003a001000200090478800f428ef0083
:10abf800f828ef0030fd2b0094f5070090478000ff
:10ac0800e10f500017003a00c402a800c422a900ae
:10ac180000498000e10f500016003a002029ef009b
:10ac2800a04780000000e800a0478800c04a8000d4
:10ac3800d14a800080007800a0478000808f5000b3
:10ac48000c003c00c402a90010002000c047880086
:10ac5800f428ef00f228ef00a0fe2b007bf5070098
:10ac680004003700904380000000e00001003a0033
:10ac7800c402a9001e109000e10f500001003a0024
:10ac8800f828ef009e109000b14c8800000b0700d8
:10ac98000000e0000100340054f70700a00a070094
:10aca8000000e000010034008ff707001017800053
:10acb8006100600000f0a7000000ea000000ea0060
:10acc8004f00de00201798002e1090000000e000d2
:10acd8000e003200f04680000000e0000b003a0051
:10ace80001478000e0498000808f50000b0035004c
:10acf80010002000f0468800e028ef0020002c001b
:10ad080052f507005ff80700040037002e10900086
:10ad18000000e00001003a00e028ef00d1168000b2
:10ad280000002200008060000000e00008003200ff
:10ad3800f04680000000e00003003200a0002c0074
:10ad480042f507004ff80700de28ef00e028ef0083
:10ad5800f0468000e10f500003003a00ed02a80021
:10ad6800ec02a90002003700ed02a900ec02a800dd
:10ad780090168000680060000000e00003003200c8
:10ad8800d482a800e4e2a90002003700d482a90016
:10ad9800e4e2a80040488000e10f500005003a00b6
:10ada80030b4200029f5070090b42b0027f50700e0
:10adb8000829ef0050488000e10f500005003a00d4
:10adc80090b4200021f5070090b42b001ff5070070
:10add8000a29ef0060488000e10f500005003a00a2
:10ade800f0b4200019f5070090b42b0017f5070000
:10adf8000c29ef0070488000e10f5000a2fb3a00d8
:10ae080050b5200011f5070090b42b000ff507008e
:08ae18000e29ef009dfb37003d
:020000040000fa
:10ae20000400fa00008fbe0017e2a9001e00be0059
:10ae300000004000818048000001be00009020001a
:10ae4000d1032000f1d70700000078000000e900de
:10ae5000a010880017e2a80000a8210061002000cf
:10ae6000890c07000080fa00000006000000fa00cc
:10ae70001602a80000000000b01080006100600011
:10ae80000000e000fcff3a000080fa00000006002d
:10ae90000000fa001642a80000000000b010800078
:10aea000640060000000e000fcff3a000080fa004f
:10aeb000000006000000fa001622a80000000000b2
:10aec000b0108000620060000000e000fcff3a006b
:10aed0000080fa00000006000200fa00004f78002f
:10aee0001e80fb009010880000000000c110800050
:10aef00000002400008060000000e000fbff3a003a
:10af0000c1108000000028000080600000f0a70051
:10af10000000ea000000e9004f00de000040780079
:10af20000080fa00000006000400fa0020479800a4
:10af30001662a80000000000c010800062006000df
:10af40000000e000fcff320000108000004f78009d
:10af50002e4090000004e000020032000040eb00b0
:10af60000100370010c0b3000080fb0061006000ea
:10af70004500dd00b11080000150a100010070000b
:10af8000b01088001682a80000000000b0108000f9
:10af9000700060000000e000fcff3a001e407800f6
:08afa0000080fa000000060029
:020000040000fa
:10afa8000000fa002f0907000c0c07009e0b070091
:10afb800110207009e0a070098070700e409070026
:10afc80095ff0700c50807004f0b07008409070015
:10afd800f8060700f20a0700390a07000080fa009d
:04afe800000006005f
:020000040000fa
:10b000000000000000000000000000000000000040
:10b010000000000000000000000000000000000030
:10b020000000000000000000000000000000000020
:10b030000000000000000000000000000000000010
:10b040000000000000000000000000000000000000
:10b0500000000000000000000000000000000000f0
:10b0600000000000000000000000000000000000e0
:10b0700000000000000000000000000000000000d0
:10b0800000000000000000000000000000000000c0
:10b0900000000000000000000000000000000000b0
:10b0a00000000000000000000000000000000000a0
:10b0b0000000000000000000000000000000000090
:10b0c0000000000000000000000000000000000080
:10b0d0000000000000000000000000000000000070
:10b0e0000000000000000000000000000000000060
:10b0f0000000000000000000000000000000000050
:10b10000000000000000000000000000000000003f
:10b11000000000000000000000000000000000002f
:10b12000000000000000000000000000000000001f
:10b13000000000000000000000000000000000000f
:10b1400000000000000000000000000000000000ff
:10b1500000000000000000000000000000000000ef
:10b1600000000000000000000000000000000000df
:10b1700000000000000000000000000000000000cf
:10b1800000000000000000000000000000000000bf
:10b1900000000000000000000000000000000000af
:10b1a000000000000000000000000000000000009f
:10b1b000000000000000000000000000000000008f
:10b1c000000000000000000000000000000000007f
:10b1d000000000000000000000000000000000006f
:10b1e000000000000000000000000000000000005f
:10b1f000000000000000000000000000000000004f
:10b20000000000000000000000000000000000003e
:10b21000000000000000000000000000000000002e
:10b22000000000000000000000000000000000001e
:10b23000000000000000000000000000000000000e
:10b2400000000000000000000000000000000000fe
:10b2500000000000000000000000000000000000ee
:10b2600000000000000000000000000000000000de
:10b2700000000000000000000000000000000000ce
:10b2800000000000000000000000000000000000be
:10b2900000000000000000000000000000000000ae
:10b2a000000000000000000000000000000000009e
:10b2b000000000000000000000000000000000008e
:10b2c000000000000000000000000000000000007e
:10b2d000000000000000000000000000000000006e
:10b2e000000000000000000000000000000000005e
:10b2f000000000000000000000000000000000004e
:10b30000000000000000000000000000000000003d
:10b31000000000000000000000000000000000002d
:10b32000000000000000000000000000000000001d
:10b33000000000000000000000000000000000000d
:10b3400000000000000000000000000000000000fd
:10b3500000000000000000000000000000000000ed
:10b3600000000000000000000000000000000000dd
:10b3700000000000000000000000000000000000cd
:10b3800000000000000000000000000000000000bd
:10b3900000000000000000000000000000000000ad
:10b3a000000000000000000000000000000000009d
:10b3b000000000000000000000000000000000008d
:10b3c000000000000000000000000000000000007d
:10b3d000000000000000000000000000000000006d
:10b3e000000000000000000000000000000000005d
:10b3f000000000000000000000000000000000004d
:10b40000000000000000000000000000000000003c
:10b41000000000000000000000000000000000002c
:10b42000000000000000000000000000000000001c
:10b43000000000000000000000000000000000000c
:10b4400000000000000000000000000000000000fc
:10b4500000000000000000000000000000000000ec
:10b4600000000000000000000000000000000000dc
:10b4700000000000000000000000000000000000cc
:10b4800000000000000000000000000000000000bc
:10b4900000000000000000000000000000000000ac
:10b4a000000000000000000000000000000000009c
:10b4b000000000000000000000000000000000008c
:10b4c000000000000000000000000000000000007c
:10b4d000000000000000000000000000000000006c
:10b4e000000000000000000000000000000000005c
:10b4f000000000000000000000000000000000004c
:10b50000000000000000000000000000000000003b
:10b51000000000000000000000000000000000002b
:10b52000000000000000000000000000000000001b
:10b53000000000000000000000000000000000000b
:10b5400000000000000000000000000000000000fb
:10b5500000000000000000000000000000000000eb
:10b5600000000000000000000000000000000000db
:10b5700000000000000000000000000000000000cb
:10b5800000000000000000000000000000000000bb
:10b5900000000000000000000000000000000000ab
:10b5a000000000000000000000000000000000009b
:10b5b000000000000000000000000000000000008b
:10b5c000000000000000000000000000000000007b
:10b5d000000000000000000000000000000000006b
:10b5e000000000000000000000000000000000005b
:10b5f000000000000000000000000000000000004b
:10b60000000000000000000000000000000000003a
:10b61000000000000000000000000000000000002a
:10b62000000000000000000000000000000000001a
:10b63000000000000000000000000000000000000a
:10b6400000000000000000000000000000000000fa
:10b6500000000000000000000000000000000000ea
:10b6600000000000000000000000000000000000da
:10b6700000000000000000000000000000000000ca
:10b6800000000000000000000000000000000000ba
:10b6900000000000000000000000000000000000aa
:10b6a000000000000000000000000000000000009a
:10b6b000000000000000000000000000000000008a
:10b6c000000000000000000000000000000000007a
:10b6d000000000000000000000000000000000006a
:10b6e000000000000000000000000000000000005a
:10b6f000000000000000000000000000000000004a
:10b700000000000000000000000000000000000039
:10b710000000000000000000000000000000000029
:10b720000000000000000000000000000000000019
:10b730000000000000000000000000000000000009
:10b7400000000000000000000000000000000000f9
:10b7500000000000000000000000000000000000e9
:10b7600000000000000000000000000000000000d9
:10b7700000000000000000000000000000000000c9
:10b7800000000000000000000000000000000000b9
:10b7900000000000000000000000000000000000a9
:10b7a0000000000000000000000000000000000099
:10b7b0000000000000000000000000000000000089
:10b7c0000000000000000000000000000000000079
:10b7d0000000000000000000000000000000000069
:10b7e0000000000000000000000000000000000059
:10b7f0000000000000000000000000000000000049
:020000040000fa
:10b800000000fa009580a9009560a9008000200042
:10b81000001188002222ef009001200040118800d2
:10b82000c0c72000f04c8800c0c72000e04c880052
:10b8300050c82000d04c880050c82000c04c880060
:10b84000a069ef0000c425000700070000c925001b
:10b850002d0007009560a80021e2a8002342a8005f
:10b860000080fa00000006000200fa00000f7800d5
:10b870001e007800104d88000080fa0000000600cd
:10b880000000fa00f14c8000e04c8000808f5000f6
:10b8900002003a009580a900190037008580a900b0
:10b8a00010003700f04c8000904078008180fb0051
:10b8b000211188000000e800f04c8800f14c800065
:10b8c00050c82000808f500002003a00c0c72000fe
:10b8d000f04c8800f14c8000e04c8000808f5000dc
:10b8e000060032001111800000202000008060005e
:10b8f0000000e000ebff3200010037000000000014
:10b900000080fa00000006000200fa00000f780034
:10b910001e007800204d88000080fa00000006001c
:10b920000000fa001e003700c04c8000311180007a
:10b930008140780001487800c14c8000d0c82000c8
:10b94000808f500009003200c04c80008000e80069
:10b95000d04c8000808f500004003200c04c80002a
:10b960000000e800c04c88000d003700c14c80008a
:10b97000d0c82000808f500007003a00d14c8000d2
:10b9800050c82000808f50000300320050c82000b3
:10b99000c04c88000200370010c0b300a0e9b70017
:10b9a00010118000610060000000e000deff3a003e
:10b9b0008560a9000080fa00000006000200fa007d
:10b9c0000040eb00004f780000000000d14c8000e8
:10b9d000c04c8000808f5000fcff3200d04c8000b3
:10b9e000104f7800d04c80000000e800d04c880058
:10b9f000d14c8000e0c82000808f500002003a0047
:10ba000050c82000d04c88001e4078000080fa000a
:10ba1000000006000200fa00004f7800000000005d
:10ba20001c0007000004a2000004e000fcff3a0034
:10ba3000e04c80001e487800e04c80000000e800e8
:10ba4000e04c8800e14c800050c82000808f5000fe
:10ba500002003a00c0c72000e04c88009580a80092
:10ba60000080fa00000006000000fa00d14c8000bf
:10ba7000c04c80000080680000f0a7000000ea00d1
:10ba80000000ea004f00de00004078000080fa006d
:10ba9000000006000400fa00f14c80001107980035
:10baa000e14c80001e009000808f500006003100a5
:10bab0009e009000e04c8000008050000000e900f3
:10bac000000f7800050037009e009000e04c8000d9
:10bad0000080500068004000000f78001e007800d1
:10bae00000f0a7000000ea000000ea004f00de00be
:10baf000004078000080fa00000006000000fa0014
:10bb0000e14c8000f04c8000808f500009003a002a
:10bb100011118000001020000080600000f0a700dc
:10bb20000000ea000000ea004f00de00004078005c
:10bb3000010037000040eb000080fa000000060022
:10bb40000400fa00c14c800011079800d04c80001e
:10bb50009e009000808f5000060031009e009000f3
:10bb6000d04c80000080500069004000000f780039
:10bb7000030037009e009000d04c8000008f5000e2
:10bb8000f00f20009e007800808f500002003600e9
:10bb900000c0eb00020037001e0078000040780073
:10bba0000080fa00000006000000fa00e4ff070031
:10bbb0000080fa00000006000400fa00f14c80004a
:10bbc00011079800e14c80001e009000808f50000b
:10bbd000060031009e009000e04c80000080500084
:10bbe0000000e900000f7800050037009e0090007b
:10bbf000e04c80000080500068004000000f78009a
:10bc0000f00f20009e007800808f50000200360068
:10bc100000c0eb00020037001e00780000407800f2
:10bc20000080fa00000006000000fa00e2ff0700b2
:10bc30000080fa00000006000000fa00afff0700d5
:10bc40000080fa00000006000800fa0020079800b3
:10bc500031079800baff07000080fb00000f780052
:10bc60003e0090009e0f500002003100be00900088
:10bc7000010f78000000eb00100798000900370062
:10bc80004eff0700ae009000804878002e00900024
:10bc90000000e800200798001e0090000000e80067
:10bca000100798001e0090009e0f5000f4ff39000e
:10bcb0001e0078000080fa00000006000800fa006c
:10bcc0002007980031079800bbff07000080fb00a9
:10bcd000000f78003e0090009e0f500002003100df
:10bce000be009000010f78000000eb0010079800e4
:10bcf000090037002e00900010407800ae00900040
:10bd00008100e8002107980042ff07001e00900014
:10bd10000000e800100798001e0090009e0f5000e1
:10bd2000f4ff39001e0078000080fa0000000600d1
:10bd30000400fa000000eb00000f780080ff07000d
:10bd4000204798009cff0700304798002e40900045
:10bd50000080fb000000e00003003200e90f50000b
:10bd600003003200040037001e20a000040037004a
:10bd70001e00a000020037001e10a00000000000fe
:10bd80003e4090000080fb000000e0000300320015
:10bd9000e90f500003003200040037001e30a000fd
:10bda000020037001e40a000000000001e007800c6
:10bdb0000080fa00000006000400fa001007980056
:10bdc000d14c80001e009000008f40000200370020
:10bdd0009e007800698f5000e0c820009e00780027
:10bde000808f5000faff3e001e007800104078005f
:10bdf0000080fa00000006000000fa0050ff070073
:10be00000080fb000000e9004f00de0000407800e9
:10be10000080fa00000006000000fa0066ff07003c
:10be20000080fb000000e9004f00de0000407800c9
:10be30000080fa00000006000000fa0010118000e7
:10be40000080fa00000006000400fa00008fbe0027
:10be500020042400003b88001e00be004008de00d5
:10be600000007800a00288001e0078008000eb002f
:10be70000108bb000500fc0050052000303b880095
:10be8000a00a2000303b880061e7a8000000fc0009
:10be900000000000013b80000000280000806000de
:10bea0000000e000fbff3a000080fa0000000600fe
:10beb0000600fa00008fbe00220798003000240020
:10bec000003b88001e00be004008de000000780035
:10bed000a00288001e007800ae0090000108bb00a0
:10bee0001e0078008000eb000188bb000500fc000c
:10bef00050052000303b8800a00a2000303b88001d
:10bf000061e7a8000000fc0000000000013b800089
:10bf100000002800008060000000e000fbff3a0005
:10bf20000080fa00000006000400fa00008fbe0046
:10bf30001e00be004008de0000007800a00288005d
:10bf40001e0078001000ba000080fa000000060011
:10bf50000000fa000040250011002000baff070091
:10bf6000f2ee2b000040250011002000d0ff07005a
:10bf7000c0418000d14180000000780000017800bd
:10bf80002040250011002000c9ff0700e04180008b
:10bf9000f141800000007800000178004040250059
:10bfa00011002000c2ff0700004280001142800003
:10bfb000000078000001780060402500110020009a
:10bfc000bbff070020428000314280000000780063
:10bfd000000178008040250011002000b4ff070018
:10bfe000104a8000214a800000007800000178009b
:10bff000a040250011002000adff0700304a80005e
:10c00000414a80000000780000017800c04025000f
:10c0100011002000a6ff0700504a800000017800b0
:10c02000e040250011002000a1ff0700604a8000c9
:10c03000714a80000000780000017800004125006e
:10c04000110020009aff0700a04180000001780045
:10c05000204125001100200095ff0700b04180001d
:10c0600000017800404125001100200090ff0700ea
:10c07000804a8000914a800000007800000178002a
:10c08000604125001100200089ff0700a04a8000c0
:10c09000b14a80000000780000017800804125004e
:10c0a0001100200082ff0700c04a8000d14a8000b2
:10c0b0000000780000017800a04125001100200058
:10c0c0007bff0700e04a8000f14a80000000780012
:10c0d00000017800c04125001100200074ff070016
:10c0e000f046800000017800e041250011002000aa
:10c0f0006fff0700e0012c0056f007000080fa00f7
:10c10000000006000400fa00004025001100200095
:10c1100085ff0700000f7800f0ee2b009e007800ee
:10c12000808f5000050032007200070060032c0071
:10c1300048f007000040eb006c003700204025006d
:10c140001100200078ff07008000eb00c04188004c
:10c15000d1418800404025001100200072ff0700f7
:10c160008000eb00e0418800f1418800604025003c
:10c17000110020006cff07008000eb0000428800e7
:10c1800011428800804025001100200066ff070052
:10c190008000eb002042880031428800a04025004a
:10c1a0001100200060ff07008000eb00104a8800ab
:10c1b000214a8800c0402500110020005aff0700d6
:10c1c0008000eb00304a8800414a8800e0402500aa
:10c1d0001100200054ff0700504a8800004125004c
:10c1e0001100200050ff07008000eb00604a88002b
:10c1f000714a880020412500110020004aff0700f5
:10c20000a0418800404125001100200046ff0700a2
:10c21000b0418800604125001100200042ff070066
:10c220008000eb00804a8800914a88008041250008
:10c23000110020003cff07008000eb00a04a8800ae
:10c24000b14a8800a04125001100200036ff0700f8
:10c250008000eb00c04a8800d14a8800c041250018
:10c260001100200030ff07008000eb00e04a88004a
:10c27000f14a8800e0412500110020002aff070054
:10c28000100798001e0090000000a20000f0a70018
:10c290000000ea000000e9004f00de00f0468800e0
:10c2a000804a8000914a800000007800e0498800c0
:10c2b000604a8000714a800000007800f0498800e0
:10c2c000804a8000914a800000007800e0498800a0
:10c2d000604a8000714a800000007800f0498800c0
:10c2e00090052c00dbef070010c0b3000080fa00bf
:10c2f000000006000000fa00f00720000100200006
:10c30000c0418800d1418800f007200001002000d2
:10c31000e0418800f1418800f00720000100200082
:10c320000042880011428800f00720000100200030
:10c330002042880031428800f007200001002000e0
:10c34000104a8800214a8800c01220000100200005
:10c35000304a8800414a88004a29ef00c012200074
:10c3600001002000604a8800714a88003428ef00ec
:10c370003628ef00a005200001002000804a880038
:10c38000914a8800f000200001002000a04a8800a7
:10c39000b14a8800c003200001002000c04a880084
:10c3a000d14a880080bb200001002000e04a8800bc
:0cc3b000f14a88000080fa00000006003e
:020000040000fa
:10c3bc008e0c00000400000082000000ffffff0054
:10c3cc00ff0000003e0c0000200000008000000078
:10c3dc00aa0900000200000082000000ffff00001c
:10c3ec00a60900000400000080000000960c00006c
:10c3fc000200000080000000ac09000002000000f8
:10c40c0080000000ae090000020000008000000067
:10c41c00b00900000200000080000000b20900001a
:10c42c000200000080000000b409000002000000bf
:10c43c0080000000980c000002000000800000004a
:10c44c00b609000002000000800000009a0c0000f9
:10c45c000200000080000000b8090000020000008b
:10c46c00800000007c0c0000120000008000000026
:10c47c00980900000e000000800000009c0c0000d9
:10c48c000200000080000000ba0900000200000059
:10c49c0080000000c80a0000b60000008200000006
:10c4ac003030300030303000303030003049430014
:10c4bc006c6173007300000031322f00322f320098
:10c4cc00360000000000000000000000000000002a
:10c4dc0000004500433137005f30300031345f00dd
:10c4ec003035370000000000000000000030300044
:10c4fc0030303000303030003030300030303000f0
:10c50c0030303000303030003030300030305700b8
:10c51c0065737300657820004c69660074206300b5
:10c52c006f204c007464000000626c00616e6b0044
:10c53c0000000000000000000000000000000000ef
:10c54c0000000000535420003030000053542000f1
:10c55c003030000053542000303000005354200081
:10c56c003030000052454300454956004544000018
:10c57c0000000000000000000000000000000000af
:10c58c00000000000000000000000000000000009f
:10c59c00000000007e0b000048000000800000003e
:10c5ac00000800003c010000800000003c09000075
:10c5bc005c000000820000005a002c000103000007
:10c5cc007f0000000064000000000100002c01004e
:10c5dc0000005a00000000000500000000050000eb
:10c5ec000000b8000b0000000000dc00410000005f
:10c5fc00dc411e000014000001000100006400007a
:10c60c002800960000ff000002000400002c01002e
:10c61c00f401010000b80b000100d000070100007c
:10c62c0019000100000400000a001e0000010000b7
:10c63c0001000000bc0900000200000080000000a6
:10c64c005e0c00001e00000082000000286e6900d5
:10c65c006c29000025006800076c09004c836a00f7
:10c66c009074a0007ac000008068880000846c0080
:10c67c00820081009e0c000002000000800000007f
:10c68c00be0900000a010000820000000001020047
:10c69c000407030006050000ffffff00ffffff007b
:10c6ac00ffffff00ffffff00ffffff00ffffff008a
:10c6bc00ffffff00ffffff00ffffff00ffffff007a
:10c6cc00ffffff00ffffff00ffffff00ffffff006a
:10c6dc00ffffff00ffffff00ff000100020304004b
:10c6ec00050607000809ff00ffffff00ffffff0022
:10c6fc000a0b0c000d0e0f00101112001314150074
:10c70c0016171800191a1b001c1d1e001f202100d3
:10c71c002223ff00ffffff00ffff0a000b0c0d00a0
:10c72c000e0f100011121300141516001718190013
:10c73c001a1b1c001d1e1f002021220023ffff00be
:10c74c00ffffff00ffffff00ffffff00ffffff00e9
:10c75c00ffffff00ffffff00ffffff00ffffff00d9
:10c76c00ffffff00ffffff00ffffff00ffffff00c9
:10c77c00ffffff00ffffff00ffffff00ffffff00b9
:10c78c00ffffff00ffffff00ffffff00ffffff00a9
:10c79c00ffffff00ffffff00ffffff00ffffff0099
:10c7ac00ffffff00ffffff00ffffff00ffffff0089
:10c7bc00ffffff00ffffff00ffffff00ffffff0079
:10c7cc00ffffff00ffffff00ffffff00ffffff0069
:10c7dc00ffffff00ffffff00ffffff00ffffff0059
:10c7ec00ffffff00ffffff00ffffff00ffff000048
:10c7fc00c60b00003c00000082000000010003009a
:10c80c000000000000000000000000000000a80074
:10c81c003200000000000000001e3200ac330000ab
:10c82c0000000000000000000000000000000000fc
:10c83c0000000000000000000000000000000000ec
:10c84c00000000000000000000000000a00c000030
:10c85c000200000080000000020c00003c00000000
:10c86c008200000001000300000000000000000036
:10c87c00000000000000a8003200000000000000d2
:10c88c00001e3200ac33000000000000000000006d
:10c89c00000000000000000000000000000000008c
:10c8ac00000000000000000000000000000000007c
:10c8bc0000000000920c000004000000800000004a
:10c8cc00a20c000002000000820000000100000029
:10c8dc00a40c00000200000080000000000000001a
:020000040000fa
:10c8ec000000fa00ffff37000000fa00ffff3700de
:10c8fc001600fa00881f78006000b8006011b800bc
:10c90c003007980041079800520798006307980079
:10c91c006000b8006011b80070079800010f980013
:10c92c00120f9800230f980004802500051020009a
:10c93c000400be0063020700008fbe0050052000fb
:10c94c00a10a2000ce0107001e00be00f101070065
:10c95c00404798004e4090000004a2000004e00004
:10c96c0001003200deff07003023220011012000fd
:10c97c0030079800410798006056250041042000bc
:10c98c0050079800610798003e009000ce00900080
:10c99c000001be001e00be00f101070040479800d8
:10c9ac004e4090000084fb005e009000ee00900072
:10c9bc0022002000030020003e024100ae8249000c
:10c9cc000001be000400be00e50107000080fb0072
:10c9dc000000640000f0a7000000ea000000ea007c
:10c9ec004f00de00404798004e4090000004a2002b
:10c9fc000004e00001003200b9ff0700a5010700a8
:10ca0c001e00be00b701070070079800010f9800c8
:10ca1c0022002000030020003e004100ae804900af
:10ca2c00b0010700100f9800210f98003e019000f4
:10ca3c00ce0190007e0090008e089000800f510077
:10ca4c00818f590007003a005e019000ee019000c2
:10ca5c001e089000ae089000800f5100818f590085
:10ca6c0001003200a0ff07004f0478000080fa009c
:10ca7c00000006000e00fa000080250001102000c6
:10ca8c00100207002007980031079800500520007d
:10ca9c00a10a20007a0107002e009000be00900031
:10caac009c010700004f98000e4890000004a20063
:10cabc000004e0000100320089ff07006000b800ac
:10cacc00008fbe00110037002e009000be009000b9
:10cadc003e014000ae8148000200be001e01be00b7
:10caec009f010700004f98000e4890000004a20020
:10cafc000004e0000100320079ff07002200200052
:10cb0c00030020001e0f41005e974900f03f2000fb
:10cb1c00010020001e01be00800f5100818f5900c2
:10cb2c00e9ff36005b0107006000b800008fbe0013
:10cb3c00120037002e009000be0090003e01400015
:10cb4c00ae8148000200be00660107005007980045
:10cb5c00610798005e009000ee009000be0f500040
:10cb6c00ae8f5800010032005fff0700220020004a
:10cb7c00030020001e0f41005e974900f03f20008b
:10cb8c00010020001e01be00800f5100818f590052
:10cb9c00e8ff36000080fa00000006000000fa00f2
:10cbac0053ff0700b3ff07000080fa0000000600e7
:10cbbc000000fa0060c02100d00c8800f0012000b9
:10cbcc00e00c880000002800f00c88000005200014
:10cbdc00000d8800d00c8000004078006740600099
:10cbec000080fb00904d88000080fa0000000600d9
:10cbfc000000fa000080fa00000006000000fa00b5
:10cc0c002104800000042000008060000000e0008f
:10cc1c0002003200f6ff070084c0a9000080fa0071
:10cc2c00000006000000fa00904d800000407800e3
:10cc3c00674060000080fb0067006000d20c800041
:10cc4c0081ff2f008100610001007000d00c880072
:10cc5c000080fa00000006000000fa00d10c8000f1
:10cc6c0080ff2f0000806000d00c88000080fa004c
:10cc7c00000006000200fa00000f78009e00780009
:10cc8c00f10c88000080fa00000006000200fa0097
:10cc9c00000f78009e007800010d88000080fa00db
:10ccac00000006000000fa00200480004600de00b0
:10ccbc00614060000080fb0000f0a7000000ea006b
:10cccc000000ea004f00de00004078000080fa000f
:10ccdc00000006000400fa00100798001e009000e7
:10ccec00e10f50000f003200e10f5000030039003b
:10ccfc00e20f5000150032001e003700d00c8000ef
:10cd0c004400de00614060000080fb0000f0a700e2
:10cd1c000000ea000000ea004f00de00004f78003f
:10cd2c0014003700d00c80004500de00614060002c
:10cd3c000080fb0000f0a7000000ea000000ea0001
:10cd4c004f00de00004f78000a003700d00c800046
:10cd5c004600de00614060000080fb0000f0a70090
:10cd6c000000ea000000ea004f00de00004f7800ef
:10cd7c00000000001e4078000080fa000000060051
:10cd8c000200fa00000f78001e007800e10f50003e
:10cd9c0007003200e10f500003003900e20f500091
:10cdac0005003200060037009a81a9000400370004
:10cdbc009aa1a900020037009ac1a9000000000046
:10cdcc000080fa00000006000000fa009cc1a800d8
:10cddc000080fa00000006000000fa00e00c800061
:10cdec004600de00614060000080fb0000f0a70000
:10cdfc000000ea000000ea004f00de00004078006e
:10ce0c000080fa00000006000000fa009cc1a90096
:10ce1c000080fa00000006000000fa00e0c02100cb
:10ce2c00800c8800f0012000900c88000008200085
:10ce3c00a00c8800f00f2000b00c8800800c800043
:10ce4c0000407800674060000080fb00704d880057
:10ce5c000080fa00000006000000fa000080fa00d2
:10ce6c00000006000000fa0020048000640060004e
:10ce7c000000e00002003200f7ff07008440a90028
:10ce8c000080fa00000006000000fa00704d8000df
:10ce9c0000407800674060000080fb006700600085
:10ceac00820c800081ff2f00810061000100700066
:10cebc00800c88000080fa00000006000000fa00d8
:10cecc00810c800080ff2f0000806000800c8800a7
:10cedc000080fa00000006000200fa00000f780043
:10ceec009e007800a10c88000080fa00000006006b
:10cefc000200fa00000f78009e007800b10c880048
:10cf0c000080fa00000006000000fa0020048000f7
:10cf1c004200de00614060000080fb0000f0a700d2
:10cf2c000000ea000000ea004f00de00004078003c
:10cf3c000080fa00000006000400fa0010079800b8
:10cf4c001e009000e10f50000f003200e10f500066
:10cf5c0003003900e20f5000150032001e003700ac
:10cf6c00800c80004400de00614060000080fb000b
:10cf7c0000f0a7000000ea000000ea004f00de000d
:10cf8c00004f780014003700800c80004500de0054
:10cf9c00614060000080fb0000f0a7000000ea0088
:10cfac000000ea004f00de00004f78000a00370056
:10cfbc00800c80004600de00614060000080fb00b9
:10cfcc0000f0a7000000ea000000ea004f00de00bd
:10cfdc00004f7800000000001e4078000080fa002e
:10cfec00000006000200fa00000f78001e00780016
:10cffc00e10f500007003200e10f50000300390030
:10d00c00e20f500005003200060037009081a900a5
:10d01c000400370090a1a9000200370090c1a900bc
:10d02c00000000000080fa00000006000000fa007a
:10d03c0092c1a8000080fa00000006000000fa006f
:10d04c00900c80004600de00614060000080fb0018
:10d05c0000f0a7000000ea000000ea004f00de002c
:10d06c00004078000080fa00000006000000fa0082
:0cd07c0092c1a9000080fa00000006002c
:020000040000fa
:10d088000000fe00e2c820000019780001097800bd
:10d09800000006000000fe000000eb008000eb002e
:10d0a800f8ff07006627ef00000006000000fe00fa
:10d0b800801f7800811f7800e1c820000600fc006e
:10d0c80031007800303b880011007800303b880040
:10d0d80061e7a8000000000000000000cf00780011
:10d0e8004f00780000000600a2028000a10288001c
:10d0f8009080ba001000ba00a20288000000060062
:10d10800a2028000a10288001000ba00a2028800d2
:10d11800000006000000fe0061e7af00feff3700d8
:10d12800f23f2000000161000c003a0022042400b4
:10d13800023b8800a2028000a10288000008bb0010
:10d148005c6802000000000061e7af00feff3700e6
:10d15800a20288001000200061a7af000000200094
:10d168000000060061e7af00feff37000000a700df
:10d178000d003700a4028000a102880031002400bd
:10d18800013b88000208bb000388bb005c68020002
:10d198000000000061e7af00feff3700a40288002e
:10d1a8001000200061a7af0000002000000006006a
:10d1b80061e7af00feff37000000a7000e00370050
:10d1c80033002400033b8800a3028000a1028800ea
:10d1d8000208bb00f20f20000288bb005c68020056
:10d1e8000000000061e7af00feff3700a3028800df
:10d1f8001000200061a7af0000002000000006001a
:10d2080061e7af00feff3700f3072000808161006f
:10d2180010003a0013002400033b8800a30280009a
:10d22800a1028800040420003208bb003298bb0029
:10d238001400b100fcff3a005c6802000000000026
:10d2480061e7af00feff3700a3028800100020004e
:10d2580061a7af00000020000000060061e7af00f2
:10d26800feff3700f30720008081610011003a00bb
:10d2780013002400033b8800a3028000a102880059
:10d2880004042000f10f20003208bb000198bb0005
:10d298001400b100fcff3a005c68020000000000c6
:10d2a80061e7af00feff3700a302880010002000ee
:10d2b80061a7af000000200000000600f23f200038
:10d2c800000061000000060002c02f00000061009d
:0cd2d800f2ff2f00810061000000060042
:020000040000fa
:10d2e4000400fa00008fbe0007e2a9001e00be0081
:10d2f40000004000818048000001be000090200032
:10d30400d1032000c0ce0700000078000000e9002f
:10d314002010880007e2a80000fa20000100200085
:10d32400580307000080fa00000006000000fa001d
:10d334000602a800000000003010800061006000b8
:10d344000000e000fcff3a000080fa000000060044
:10d354000000fa000642a80000000000301080001f
:10d36400640060000000e000fcff3a000080fa0066
:10d37400000006000000fa000622a80000000000d9
:10d3840030108000620060000000e000fcff3a0002
:10d394000080fa00000006000200fa00004f780046
:10d3a4001e80fb0010108800000000004110800067
:10d3b40000002400008060000000e000fbff3a0051
:10d3c40041108000000028000080600000f0a700e9
:10d3d4000000ea000000e9004f00de000040780091
:10d3e4000080fa00000006000400fa0020479800bc
:10d3f4000662a80000000000401080006200600087
:10d404000000e000fcff320000108000004f7800b4
:10d414002e4090000004e000020032000040eb00c7
:10d424000100370010c0b3000080fb006100600001
:10d434004500dd00311080000150a10001007000a2
:10d44400301088000682a800000000003010800020
:10d45400700060000000e000fcff3a001e4078000d
:10d464000080fa00000006000000fa00800320009b
:10d4740020168800cc22ef0000002200a0168800ad
:10d48400a0d62000e0168800e422ef00ec22ef0092
:10d49400c0202000a0178800f06e2c000016880021
:10d4a400f0ff270040168800a000210080168800a5
:10d4b40070cb2f00c0168800f033200000178800be
:10d4c400e822ef0030102300801788005620ef0078
:10d4d4005820ef005a20ef005c20ef005e20ef00a0
:10d4e4006020ef006e20ef007020ef007220ef004c
:10d4f4007420ef007620ef007820ef00c622ef00c2
:10d50400ce22ef00d622ef00de22ef00e622ef006b
:10d51400ee22ef00f622ef00e024ef00c03f2000ef
:10d5240010278800e424ef0000c020003027880082
:10d534000020200040278800ec24ef00113a8000ee
:10d54400f00b2000008160006004200071052000c1
:10d55400237420008049780081497800824978004a
:10d564002135800000fc2f00008060003001b300f2
:10d5740020358800a1368000f00f2c0080806000e8
:10d584000030210001007000a036880011368000b0
:10d5940000fc2f00008060002001b30010368800da
:10d5a400d1368000f00f2c00808060000030200015
:10d5b40001007000d0368800103a80000001780025
:10d5c4000260a00060042000710520002374200084
:10d5d4008049780081497800824978000080fa0007
:10d5e400000006000000fa000a21ef00b009200044
:10d5f400700888000003280090088800604d8000af
:10d604000000e00002003a00c0b426002400070035
:10d614008500a9009500a80060c920008040eb00a7
:10d62400014878000080fa00000006000200fa00b9
:10d63400000f78009e0078007108880060c92000ff
:10d644008040eb00014878000080fa0000000600ea
:10d654000000fa00700880000080fa000000060054
:10d664000200fa00000f78009e007800510888003c
:10d6740060c920008040eb00014878000080fa0077
:10d68400000006000000fa00500880000080fa0044
:10d69400000006000000fa000080fa000000060006
:10d6a4000200fa00000f78009500a9009e0078009f
:10d6b400614d88009500a8000080fa000000060073
:10d6c4000000fa0060c920008040eb0001487800a7
:10d6d4009500a80013e1a8000080fa0000000600ed
:10d6e4000000fa0013e1a9009500a9000080fa00e7
:10d6f400000006000200fa0060c92000104f780004
:10d704001e4078000004e0000300320060c92000dd
:10d714008040eb00014878001e4078000080fa0049
:10d72400000006000000fa0070c9200010407800d4
:10d734000080fb000080fa00000006000000fa00f0
:10d7440070c920008040eb00014878000080fa0096
:10d75400000006000000fa000621ef009086210078
:10d76400600888000002280080088800b04d80000e
:10d774000000e00002003a0040c026002400070038
:10d7840084e0a90094e0a80080c920008040eb0058
:10d79400014878000080fa00000006000200fa0048
:10d7a400000f78009e0078006108880080c920007e
:10d7b4008040eb00014878000080fa000000060079
:10d7c4000000fa00600880000080fa0000000600f3
:10d7d4000200fa00000f78009e00780031088800eb
:10d7e40080c920008040eb00014878000080fa00e6
:10d7f400000006000000fa00300880000080fa00f3
:10d80400000006000000fa000080fa000000060094
:10d814000200fa00000f780094e0a9009e0078004e
:10d82400b14d880094e0a8000080fa0000000600d2
:10d834000000fa0080c920008040eb000148780015
:10d8440094e0a80011e1a8000080fa00000006009e
:10d854000000fa0011e1a90094e0a9000080fa0098
:10d86400000006000200fa0080c92000104f780072
:10d874001e4078000004e0000300320080c920004c
:10d884008040eb00014878001e4078000080fa00d8
:10d89400000006000000fa0090c920001040780043
:10d8a4000080fb000080fa00000006000000fa007f
:10d8b40090c920008040eb00014878000080fa0005
:10d8c400000006000000fa000021ef00f07c2000b8
:10d8d400100888000000280020088800c04d80003f
:10d8e4000000e00002003a00c0cb2600240007003c
:10d8f4008460a9009460a800a0c920008040eb00c7
:10d90400014878000080fa00000006000200fa00d6
:10d91400000f78009e00780011088800a0c920003c
:10d924008040eb00014878000080fa000000060007
:10d934000000fa00100880000080fa0000000600d1
:10d944000200fa00000f78009e00780001088800a9
:10d95400a0c920008040eb00014878000080fa0054
:10d96400000006000000fa00000880000080fa00b1
:10d97400000006000000fa000080fa000000060023
:10d984000200fa00000f78009460a9009e0078005d
:10d99400c14d88009460a8000080fa0000000600d1
:10d9a4000000fa00a0c920008040eb000148780084
:10d9b4009460a80005e1a8000080fa0000000600b9
:10d9c4000000fa0005e1a9009460a9000080fa00b3
:10d9d400000006000200fa00a0c92000104f7800e1
:10d9e4001e4078000004e00003003200a0c92000bb
:10d9f4008040eb00014878001e4078000080fa0067
:10da0400000006000000fa00b0c9200010407800b1
:10da14000080fb000080fa00000006000000fa000d
:10da2400b0c920008040eb00014878000080fa0073
:10da3400000006000000fa001421ef0080d023004b
:10da4400d008880000032800f0088800d04d80002a
:10da54000000e00002003a0040d72600240007003e
:10da64008760a9009760a800c0c920008040eb002f
:10da7400014878000080fa00000006000200fa0065
:10da8400000f78009e007800d1088800c0c92000eb
:10da94008040eb00014878000080fa000000060096
:10daa4000000fa00d00880000080fa0000000600a0
:10dab4000200fa00000f78009e007800a108880098
:10dac400c0c920008040eb00014878000080fa00c3
:10dad400000006000000fa00a00880000080fa00a0
:10dae400000006000000fa000080fa0000000600b2
:10daf4000200fa00000f78009760a9009e007800e9
:10db0400d14d88009760a8000080fa00000006004c
:10db14000000fa00c0c920008040eb0001487800f2
:10db24009760a8001fe1a8000080fa00000006002a
:10db34000000fa001fe1a9009760a9000080fa0024
:10db4400000006000200fa00c0c92000104f78004f
:10db54001e4078000004e00003003200c0c9200029
:10db64008040eb00014878001e4078000080fa00f5
:10db7400000006000000fa00d0c920001040780020
:10db84000080fb000080fa00000006000000fa009c
:10db9400d0c920008040eb00014878000080fa00e2
:10dba400000006000000fa0030402000000a88004f
:10dbb400c0002000100a8800000a8000004078009d
:10dbc400674060000080fb00a04d88000080fa00e0
:10dbd400000006000000fa000080fa0000000600c1
:10dbe4000000fa0020048000620060000000e000f1
:10dbf40002003200f7ff07008420a9000080fa0029
:10dc0400000006000000fa00a04d800000407800eb
:10dc1400674060000080fb0067006000020a80002b
:10dc240081ff2f008100610001007000000a88005c
:10dc34000080fa00000006000000fa00010a8000db
:10dc440080ff2f0000806000000a88000080fa0036
:10dc5400000006000000fa00200a80000080fa009c
:10dc6400000006000000fa0042c1a8000080fa008b
:10dc7400000006000000fa00100a80004600de00e2
:10dc8400614060000080fb0000f0a7000000ea0093
:10dc94000000ea004f00de00004078000080fa0037
:10dca400000006000000fa0042c1a9000080fa004a
:10dcb400000006000000fa00000a80004400de00b4
:10dcc400614060000080fb0000f0a7000000ea0053
:10dcd4000000ea004f00de00004078000080fa00f7
:10dce400000006000000fa00000a800068006000de
:10dcf40000f0a7000000ea000000e9004f00de0089
:10dd0400004078000080fa00000006000000fa00dd
:10dd140040002800001a880080432000101a880060
:10dd240010002000201a88004823ef0000f227008a
:10dd3400701a8800403f2000801a88005223ef00a8
:10dd44005423ef005623ef005823ef006023ef0025
:10dd54006223ef006423ef00de24ef00a0eb260033
:10dd64000600070095a0a8000080fa000000060045
:10dd74000000fa000080fa00000006000200fa0029
:10dd8400000f78001e007800804d88000080fa00a3
:10dd9400000006000000fa004023a8000080fa00fa
:10dda400000006000000fa004023a9000080fa00e9
:10ddb400000006000800fa0030079800101a8000de
:10ddc4004200de007f4060000080fb0020079800d6
:10ddd40000302000100798000000eb00000f7800ce
:10dde4000b0037001e00780000004000be009000c9
:10ddf400008040009e0090009100780001087800a7
:10de04001e0090000080e800100798001e0fe80034
:10de14009e0078002e009000808f5000f1ff3600a5
:10de24001e0078000080fa00000006000000fa00de
:10de340051058000f0f82f00008060000050a00021
:10de44005005880021068000f0f82f000080600053
:10de54000040a000200688005105800080ff2f00ac
:10de6400008060000000a00050058800410580008b
:10de7400f0ff28000080600000c0a000400588007a
:10de840061058000f0f82f0080806000000520000c
:10de940001007000600588006105800080ff2f008c
:10dea400008060005000b30060058800e105800038
:10deb400f08f2f000080600000a0a000e005880023
:10dec400e1058000f0f82f00008060000060a000f1
:10ded400e005880081058000f0ff28008080600054
:10dee40000002300010070008005880041058000c7
:10def40080ff2f00008060003000b30040058800e0
:10df040031058000f0ff28008080600000002300bd
:10df1400010070003005880021058000f0ff280012
:10df24000080600000d0a000200588000080fa0076
:10df3400000006000200fa00000f7800030037001a
:10df440000fa2000010020004e0007001e007800a7
:10df540000f0a7000000ea000000ea004f00de0025
:10df6400004078001e0fe9000004e000f4ff3a00ce
:10df74000080fa00000006000200fa00000f78009a
:10df84000500370000082000010020003d000700c4
:10df940001fe2f001e8f40001e007800ff0f50006e
:10dfa400f8ff3e000300370040002000010020007d
:10dfb400340007001e00780000f0a7000000ea000b
:10dfc4000000ea004f00de00004078001e0fe90068
:10dfd4000004e000f4ff3a000080fa0000000600ac
:10dfe4000000fa0000002300203a88004827ef00d0
:10dff4004e27ef007027ef007227ef007427ef0021
:10e004007627ef007a27ef007c27ef0072002000cc
:10e0140080072000a1092000337420008049780083
:10e0240081497800824978000001eb0060042000f7
:10e03400710520002374200080497800814978000c
:0ce04400824978000080fa00000006000d
:020000040000fa
:10e050000200fa00000f78009e007800514d880001
:10e060000000fe000080fa00000006000000fa0038
:10e07000e0c320008007780060c520000001880010
:08e080000080fa000000060018
:020000040000fa
:10e08800f03fb1000180b10006003500ee03090041
:10e0980000000000403fb1000180b100fbff3d00df
:10e0a8001000b000203fb0000200350000800900d9
:08e0b80000000000000006005a
:020000040000fa
:10e0c000809fbe00ec80570031007800304d880002
:10e0d00011007800a8e9b7004f00be00000006005c
:020000040000fa
:020000040002f8
:04aff000ffff00005f
:020000040000fa
:020000040002f8
:04aff400fffe00005c
:020000040000fa
:020000040002f8
:04aff8009f7f000037
:020000040000fa
:020000040002f8
:04affc00803f000092
:00000001FF
