:020000040000fa
:080000000002040000000000f2
:020000040000fa
:0400080038050000b7
:020000040000fa
:04000c004c030000a1
:020000040000fa
:040010008e0300005b
:020000040000fa
:040014006c03000079
:020000040000fa
:04001800ae03000033
:020000040000fa
:04001c0038050000a3
:020000040000fa
:04002000380500009f
:020000040000fa
:04002400380500009b
:020000040000fa
:040028003805000097
:020000040000fa
:04002c003805000093
:020000040000fa
:04003000380500008f
:020000040000fa
:040034007a0400004a
:020000040000fa
:040038003805000087
:020000040000fa
:04003c003805000083
:020000040000fa
:04004000380500007f
:020000040000fa
:040044004404000070
:020000040000fa
:04004800ce030000e3
:020000040000fa
:04004c003805000073
:020000040000fa
:04005000380500006f
:020000040000fa
:04005400ce040000d6
:020000040000fa
:04005800b0040000f0
:020000040000fa
:04005c000404000098
:020000040000fa
:04006000380500005f
:020000040000fa
:04006400380500005b
:020000040000fa
:040068003805000057
:020000040000fa
:04006c003805000053
:020000040000fa
:04007000380500004f
:020000040000fa
:04007400380500004b
:020000040000fa
:040078003805000047
:020000040000fa
:04007c003805000043
:020000040000fa
:04008000380500003f
:020000040000fa
:04008400380500003b
:020000040000fa
:040088003805000037
:020000040000fa
:04008c003805000033
:020000040000fa
:04009000380500002f
:020000040000fa
:040094000205000061
:020000040000fa
:040098003805000027
:020000040000fa
:04009c003805000023
:020000040000fa
:0400a000380500001f
:020000040000fa
:0400a400380500001b
:020000040000fa
:0400a8003805000017
:020000040000fa
:0400ac003805000013
:020000040000fa
:0400b000380500000f
:020000040000fa
:0400b400380500000b
:020000040000fa
:0400b8003805000007
:020000040000fa
:0400bc003805000003
:020000040000fa
:0400c00038050000ff
:020000040000fa
:0400c40038050000fb
:020000040000fa
:0400c80038050000f7
:020000040000fa
:0400cc0038050000f3
:020000040000fa
:0400d00038050000ef
:020000040000fa
:0400d40038050000eb
:020000040000fa
:0400d80038050000e7
:020000040000fa
:0400dc0038050000e3
:020000040000fa
:0400e00038050000df
:020000040000fa
:0400e40038050000db
:020000040000fa
:0400e80038050000d7
:020000040000fa
:0400ec0038050000d3
:020000040000fa
:0400f00038050000cf
:020000040000fa
:0400f40038050000cb
:020000040000fa
:0400f80038050000c7
:020000040000fa
:0400fc0038050000c3
:020000040000fa
:0401000038050000be
:020000040000fa
:0401040038050000ba
:020000040000fa
:0401080038050000b6
:020000040000fa
:04010c0038050000b2
:020000040000fa
:0401100038050000ae
:020000040000fa
:0401140038050000aa
:020000040000fa
:0401180038050000a6
:020000040000fa
:04011c0038050000a2
:020000040000fa
:04012000380500009e
:020000040000fa
:04012400380500009a
:020000040000fa
:040128003805000096
:020000040000fa
:04012c00ec040000df
:020000040000fa
:04013000380500008e
:020000040000fa
:04013400380500008a
:020000040000fa
:040138003805000086
:020000040000fa
:04013c003805000082
:020000040000fa
:04014000380500007e
:020000040000fa
:04014400380500007a
:020000040000fa
:040148003805000076
:020000040000fa
:04014c003805000072
:020000040000fa
:04015000380500006e
:020000040000fa
:04015400380500006a
:020000040000fa
:040158003805000066
:020000040000fa
:04015c003805000062
:020000040000fa
:04016000380500005e
:020000040000fa
:04016400380500005a
:020000040000fa
:040168003805000056
:020000040000fa
:04016c003805000052
:020000040000fa
:04017000380500004e
:020000040000fa
:04017400380500004a
:020000040000fa
:040178003805000046
:020000040000fa
:04017c003805000042
:020000040000fa
:04018000380500003e
:020000040000fa
:04018400380500003a
:020000040000fa
:040188003805000036
:020000040000fa
:04018c003805000032
:020000040000fa
:04019000380500002e
:020000040000fa
:04019400380500002a
:020000040000fa
:040198003805000026
:020000040000fa
:04019c003805000022
:020000040000fa
:0401a000380500001e
:020000040000fa
:0401a400380500001a
:020000040000fa
:0401a8003805000016
:020000040000fa
:0401ac003805000012
:020000040000fa
:0401b000380500000e
:020000040000fa
:0401b400380500000a
:020000040000fa
:0401b8003805000006
:020000040000fa
:0401bc003805000002
:020000040000fa
:0401c00038050000fe
:020000040000fa
:0401c40038050000fa
:020000040000fa
:0401c80038050000f6
:020000040000fa
:0401cc0038050000f2
:020000040000fa
:0401d00038050000ee
:020000040000fa
:0401d40038050000ea
:020000040000fa
:0401d80038050000e6
:020000040000fa
:0401dc0038050000e2
:020000040000fa
:0401e00038050000de
:020000040000fa
:0401e40038050000da
:020000040000fa
:0401e80038050000d6
:020000040000fa
:0401ec0038050000d2
:020000040000fa
:0401f00038050000ce
:020000040000fa
:0401f40038050000ca
:020000040000fa
:0401f80038050000c6
:020000040000fa
:0401fc0038050000c2
:020000040000fa
:0402080038050000b5
:020000040000fa
:04020c004c0300009f
:020000040000fa
:040210008e03000059
:020000040000fa
:040214006c03000077
:020000040000fa
:04021800ae03000031
:020000040000fa
:04021c0038050000a1
:020000040000fa
:04022000380500009d
:020000040000fa
:040224003805000099
:020000040000fa
:040228003805000095
:020000040000fa
:04022c003805000091
:020000040000fa
:04023000380500008d
:020000040000fa
:040234007a04000048
:020000040000fa
:040238003805000085
:020000040000fa
:04023c003805000081
:020000040000fa
:04024000380500007d
:020000040000fa
:04024400440400006e
:020000040000fa
:04024800ce030000e1
:020000040000fa
:04024c003805000071
:020000040000fa
:04025000380500006d
:020000040000fa
:04025400ce040000d4
:020000040000fa
:04025800b0040000ee
:020000040000fa
:04025c000404000096
:020000040000fa
:04026000380500005d
:020000040000fa
:040264003805000059
:020000040000fa
:040268003805000055
:020000040000fa
:04026c003805000051
:020000040000fa
:04027000380500004d
:020000040000fa
:040274003805000049
:020000040000fa
:040278003805000045
:020000040000fa
:04027c003805000041
:020000040000fa
:04028000380500003d
:020000040000fa
:040284003805000039
:020000040000fa
:040288003805000035
:020000040000fa
:04028c003805000031
:020000040000fa
:04029000380500002d
:020000040000fa
:04029400020500005f
:020000040000fa
:040298003805000025
:020000040000fa
:04029c003805000021
:020000040000fa
:0402a000380500001d
:020000040000fa
:0402a4003805000019
:020000040000fa
:0402a8003805000015
:020000040000fa
:0402ac003805000011
:020000040000fa
:0402b000380500000d
:020000040000fa
:0402b4003805000009
:020000040000fa
:0402b8003805000005
:020000040000fa
:0402bc003805000001
:020000040000fa
:0402c00038050000fd
:020000040000fa
:0402c40038050000f9
:020000040000fa
:0402c80038050000f5
:020000040000fa
:0402cc0038050000f1
:020000040000fa
:0402d00038050000ed
:020000040000fa
:0402d40038050000e9
:020000040000fa
:0402d80038050000e5
:020000040000fa
:0402dc0038050000e1
:020000040000fa
:0402e00038050000dd
:020000040000fa
:0402e40038050000d9
:020000040000fa
:0402e80038050000d5
:020000040000fa
:0402ec0038050000d1
:020000040000fa
:0402f00038050000cd
:020000040000fa
:0402f40038050000c9
:020000040000fa
:0402f80038050000c5
:020000040000fa
:0402fc0038050000c1
:020000040000fa
:0403000038050000bc
:020000040000fa
:0403040038050000b8
:020000040000fa
:0403080038050000b4
:020000040000fa
:04030c0038050000b0
:020000040000fa
:0403100038050000ac
:020000040000fa
:0403140038050000a8
:020000040000fa
:0403180038050000a4
:020000040000fa
:04031c0038050000a0
:020000040000fa
:04032000380500009c
:020000040000fa
:040324003805000098
:020000040000fa
:040328003805000094
:020000040000fa
:04032c00ec040000dd
:020000040000fa
:04033000380500008c
:020000040000fa
:040334003805000088
:020000040000fa
:040338003805000084
:020000040000fa
:04033c003805000080
:020000040000fa
:04034000380500007c
:020000040000fa
:040344003805000078
:020000040000fa
:040348003805000074
:020000040000fa
:04034c003805000070
:020000040000fa
:04035000380500006c
:020000040000fa
:040354003805000068
:020000040000fa
:040358003805000064
:020000040000fa
:04035c003805000060
:020000040000fa
:04036000380500005c
:020000040000fa
:040364003805000058
:020000040000fa
:040368003805000054
:020000040000fa
:04036c003805000050
:020000040000fa
:04037000380500004c
:020000040000fa
:040374003805000048
:020000040000fa
:040378003805000044
:020000040000fa
:04037c003805000040
:020000040000fa
:04038000380500003c
:020000040000fa
:040384003805000038
:020000040000fa
:040388003805000034
:020000040000fa
:04038c003805000030
:020000040000fa
:04039000380500002c
:020000040000fa
:040394003805000028
:020000040000fa
:040398003805000024
:020000040000fa
:04039c003805000020
:020000040000fa
:0403a000380500001c
:020000040000fa
:0403a4003805000018
:020000040000fa
:0403a8003805000014
:020000040000fa
:0403ac003805000010
:020000040000fa
:0403b000380500000c
:020000040000fa
:0403b4003805000008
:020000040000fa
:0403b8003805000004
:020000040000fa
:0403bc003805000000
:020000040000fa
:0403c00038050000fc
:020000040000fa
:0403c40038050000f8
:020000040000fa
:0403c80038050000f4
:020000040000fa
:0403cc0038050000f0
:020000040000fa
:0403d00038050000ec
:020000040000fa
:0403d40038050000e8
:020000040000fa
:0403d80038050000e4
:020000040000fa
:0403dc0038050000e0
:020000040000fa
:0403e00038050000dc
:020000040000fa
:0403e40038050000d8
:020000040000fa
:0403e80038050000d4
:020000040000fa
:0403ec0038050000d0
:020000040000fa
:0403f00038050000cc
:020000040000fa
:0403f40038050000c8
:020000040000fa
:0403f80038050000c4
:020000040000fa
:0403fc0038050000c0
:020000040000fa
:100400006fc620000e7f22000e0188000000000051
:10041000000020000000e000020032000001200087
:100420002002880014000700440207000000e000da
:1004300003003a004072250001002000020037004e
:100440000000200001002000810f70000100320038
:1004500014000700000020000000e000020032004d
:100460000000020000000000ee4402000000000056
:100470000040da000000fe004440a900e0522000e5
:100480000000e000030032000020200090018800fe
:100490004440a800000006008a1f78008b1f7800e7
:1004a00000000600a1028800800478000000eb0034
:1004b0001f003700e284440054a0b4009905ba003c
:1004c000e284440054a0b4009906ba00e2844400d7
:1004d00054a0b4000006eb00476fde00fd07b20039
:1004e000ae018800636ce10003003a00eaff0700f8
:1004f0000000eb000e003700606ce10008003a00dd
:10050000004deb000a05e800020039003420ec0041
:100510000af0a0008b05e900f9ff3e000400370057
:100520006168e100010032000086eb000b0007006b
:1005300019c7ba001905ba000e04e00003003a001a
:100540000a00e000dbff3a0000000600fe07b200f0
:10055000ae0288008a047800f5ff37000cd0a300b3
:10056000e20f4d001c00390089027800354dba00b9
:100570000a05e800020039003420ec000af0a0006f
:100580008b05e9000f003200254dba000a05e8008e
:10059000020039003420ec000af0a0008b05e900cd
:1005a000080032000c00e0000600320015cdba0051
:1005b0000a05e800020039003420ec000af0a0002f
:1005c0008b05e9008984e80054a0b4000b00e0002a
:1005d000e2ff3a00000006009902ba00055d7800cb
:1005e0008b05e900f7ff3200c82ade00055d7800c0
:1005f0008b05e900f3ff32000c00e000f1ff320050
:1006000019ddba00eeff370018600400000000009a
:100610008663040000000000d060040000000000b9
:100620008861040000000000405404000000000045
:10063000905404000000000040620400000000002c
:100640005c440400000000006e4404000000000050
:10065000e443040000000000e21504000000000074
:10066000b62e0400000000009430040000000000da
:10067000402f040000000000b02f04000000000024
:1006800044300400000000000000040000000000ee
:10069000b62e0400000000003600f800809fbe0067
:1006a000829fbe00849fbe00869fbe000000fa00ad
:1006b0008020a9000000eb00cb3007000080fa008a
:1006c0004f03be004f02be004f01be004f00be00f0
:1006d0003600f900004006003600f800809fbe009a
:1006e000829fbe00849fbe00869fbe000000fa006d
:1006f000c43007008040a90010002000ba30070075
:100700000080fa004f03be004f02be004f01be0042
:100710004f00be003600f900004006003600f80029
:10072000809fbe00829fbe00849fbe00869fbe0049
:100730000000fa008060a90020002000aa30070015
:100740000080fa004f03be004f02be004f01be0002
:100750004f00be003600f900004006003600f800e9
:10076000809fbe00829fbe00849fbe00869fbe0009
:100770000000fa008080a900300020009a300700b5
:100780000080fa004f03be004f02be004f01be00c2
:100790004f00be003600f900004006003600f800a9
:1007a000809fbe00829fbe00849fbe00869fbe00c9
:1007b0000000fa00704b80000000e00002003200f0
:1007c000704b80000000010070c5200010407800d0
:1007d0008040e80070c520000148780060c5200016
:1007e00011c0b300014878008500a9000080fa001c
:1007f0004f03be004f02be004f01be004f00be00bf
:100800003600f900004006003600f800809fbe0068
:10081000829fbe00849fbe00869fbe003200f8000b
:100820003400f80010002000a00188000020200003
:10083000900188000000fa002104800000002200de
:10084000008060000000e00006003200904b800055
:100850000000e00002003200904b80000000010028
:1008600085a0a9000080fa003400f9003200f900e8
:100870004f03be004f02be004f01be004f00be003e
:100880003600f900004006003600f800809fbe00e8
:10089000829fbe00849fbe00869fbe000000fa00bb
:1008a000c04b80000000e00002003200c04b80001e
:1008b0000000010090c52000104078008040e80052
:1008c00090c520000148780080c5200011c0b30009
:1008d0000148780084e0a9000080fa004f03be00c0
:1008e0004f02be004f01be004f00be003600f900af
:1008f000004006003600f800809fbe00829fbe00c8
:10090000849fbe00869fbe000000fa00d04b80008e
:100910000000e00002003200d04b80000000010027
:10092000b0c52000104078008040e800b0c520002d
:1009300001487800a0c5200011c0b300014878002c
:100940008460a9000080fa004f03be004f02be0081
:100950004f01be004f00be003600f9000040060007
:100960003600f800809fbe00829fbe00849fbe00bc
:10097000869fbe000000fa00204b800000000100ae
:100980000080fa004f03be004f02be004f01be00c0
:100990004f00be003600f900004006003600f800a7
:1009a000809fbe00829fbe00849fbe00869fbe00c7
:1009b0000000fa00304b8000000001000080fa00c7
:1009c0004f03be004f02be004f01be004f00be00ed
:1009d0003600f90000400600801f78000000fa0091
:1009e00010118000620060000000e0000100320091
:1009f0002222a9008c20a9000080fa004f00780074
:100a0000004006003600f800809fbe00829fbe00b6
:100a1000849fbe00869fbe000000fa00e04b80006d
:100a20000000e00002003200e04b80000000010006
:100a3000d0c52000104078008040e800d0c52000dc
:100a400001487800c0c5200011c0b30001487800fb
:100a50008760a9000080fa004f03be004f02be006d
:100a60004f01be004f00be003600f90000400600f6
:100a70000040da000000fe000a00fa000000e0007a
:100a800037003a0013638000e18f51000300320009
:100a9000e28f51000e003a000900370000222000ca
:100aa0000000e00001003a000040da002002e2000d
:100ab0000b0035002822ef0021e2a80008003700d3
:100ac000002320000000e00001003a000040da00ae
:100ad0003002e200020035003822ef0031e2a800c7
:100ae000020078001a003700040a2000e18f51004c
:100af0000b003a00030037000402e90002003a004c
:100b000003003700040a20002202ab00faff320083
:100b100014118000050037000402e90002003200d1
:100b20003202ab00fcff32009411800061026200cf
:100b300009003200e18f510002003a0034118000b8
:100b400001003700b4118000845878000000e900eb
:100b50000000e000e4ff3a00000051000800370008
:100b600023002000b3bf9f00c0bf9f00d1bf9f00e4
:100b7000e2bf9f006a805700d51607006fb8970044
:100b80000080fa00000006000a00fa0011002000b0
:100b9000b1bf9f00c0bf9f006a805700ce160700fc
:100ba0004fb897000080fa00000006000a00fa0023
:100bb000e20f500034003e0010638000e10f50004f
:100bc00003003200e20f500011003a000c00370021
:100bd000032220000300e00001003a000040da0098
:100be0002002e200020035002822ef0021e2a800e6
:100bf0002342ab000d003a002342a8000b0037004f
:100c0000032320000300e00001003a000040da0066
:100c10003002e200020035003822ef0031e2a80085
:100c20003342ab0001003a003342a8008201780051
:100c30000b0037003102fb00e10f500004003a00c6
:100c40002322ab00feff3a00241188000300370086
:100c50003322ab00feff3a00a41188008301e900b3
:100c60000300e000f3ff3a00e10f500003003a00f8
:100c70002302ab00feff32000b0037003302ab0053
:100c8000feff32000800370033002000b3bf9f0092
:100c9000c0bf9f00d1bf9f00e2bf9f006a80570086
:100ca0008f1607006fb99700020078000080fa00e5
:100cb00000000600889fbe0080047800206380004a
:100cc0000000e00005003a000000eb000e00070005
:100cd0000084eb000000e00008003500286380007d
:100ce0000900e0000500320009004400060007008a
:100cf0000000e00001003d000084eb0008007800e7
:100d00004f04be0000000600800078000100e000f3
:100d100003003a0000002000206388000000050066
:100d20000080eb0002002000828f500002003e0095
:100d3000216388000000eb000000060000000500b1
:100d4000140020009a033700f4ff2f0098033700a7
:100d50000001be001c0007000470a70003f0a10002
:100d600003f8a30013003a006509b1001000320037
:100d7000090035006928e100020035000100280063
:100d80000000050000004000818048008502e90065
:100d9000fcff3a0000000600f88f42000500350015
:100da0008100d1000080d3008502e800fcff3a00fa
:100db000000006008000eb00000005004f89de0007
:100dc0008201780095033700c70ade00f107b20000
:100dd000f50fb20008003200e1cf420002003200fd
:100de0000170a00024000500810f70000100320096
:100df0000408050044000500810f700002003a005d
:100e0000140005008502e9000000400081c0480090
:100e1000fcff3b000170a000240005006022b80028
:100e2000060220000000d0008180d2000482d2009f
:100e30008582d2000000a0000202520083825a0084
:100e4000030031000202420083824a000000a10038
:100e50000603e900f3ff3a000000060007f8270048
:100e6000078361000638e10004003a00f70720001c
:100e7000878361008703710001003a0003f0a2003c
:100e8000889fbe008a9fbe008c9fbe00470ade007e
:100e90000480a100c71ade000580a1000700280019
:100ea0000785600087856100f70f20000720e100bb
:100eb0009e0032000728e1009c0032000106780005
:100ec0000400e000b4003200f707200087806000d3
:100ed0000170a0000500e000c0003200f70720000c
:100ee000878161000370a000050652000f003a00e0
:100ef0000b50e1000b0032000308e10002003a0051
:100f00000200e1007e003200020450008384580099
:100f1000040031000001fd008101fd008402fd009c
:100f20008a05fd006044b800210037000520e1007b
:100f300005003d000001fd008101fd008402fd006f
:100f40008a05fd00050652007a60e10005003500c3
:100f50000170a1004722dd00848070008a8070004b
:100f6000630037006044b800ef02660007ff2f00ff
:100f7000070666000500e00006003400f08312005a
:100f80008714dd000511de00071bdd00060171007e
:100f90008519de007060e100050035000904780065
:100fa00082047800030178008001eb00700656008f
:100fb0000b50e10003003a0002004000838048002b
:100fc0000400370060041400e0841c000200580094
:100fd000838058000188a300060032008100d10000
:100fe0000080d3008984d3000884d3000402e80081
:100ff000270037000178a30025003a000100e00037
:10100000030032008186cf00698656000a0037004f
:101010008c0020000000e00004003a000900780085
:10102000880478000004eb00700252008086cf0034
:101030000d0646000c06e9007060e1000600350070
:101040008000780009007800880478000004eb0034
:1010500070065600700252000c00e0000c003400d4
:101060008c08dd00f00316000703de0086807000a8
:101070000c00dd00074bde00060070008c4cdd002c
:101080000743de00868474000c44dd000c0252002d
:101090006120e100200035006101600007002800a8
:1010a00087816400f7ff27008783640007037400cb
:1010b0000300e000060032008203730004003200e7
:1010c0000000e800e08048000188a3000e003a001c
:1010d000f70f20000720e1004a003d000170a10049
:1010e0004722dd00810072008a8070000000be008f
:1010f0004f06be004f05be004f04be0000000600b4
:101100006000b800faff37008100d1000080d300f2
:101110000402e800eeff3700040178008901740042
:10112000a10107008a807000f1ff3700f701070076
:10113000070278000001fd008101fd00f3010700b6
:1011400087027800850372000778a300040032004c
:101150000001fd008101fd0006020700e4ff3700e9
:10116000850362000768a300080032000b50e1000d
:1011700003003200f0ff2f00f1ff2700dcff3700f3
:101180000001fd008101fd00d9ff37000468a300c4
:10119000d7ff3200faff3700f8ff2700888360008e
:1011a0000b003a000000e00009003a0083036400ed
:1011b00082837300020032000200be00ccff3700c1
:1011c0000b50e100ceff3a000200be00c8ff37001e
:1011d00014002000810064003eff3700f8ff270064
:1011e0008883610004003a000200e00002003a0037
:1011f0008c007800beff37001500200083016400da
:1012000039ff370001f82700000020008100750039
:10121000b7ff3700889fbe008a9fbe008c9fbe002c
:101220001b0020000202be000586680006002800a0
:10123000060666004709de00f20fb20082003200a7
:101240000243e80080003200c729de00f30fb2003d
:101250007d0032000343e8007b003200f107b2005a
:101260000170a000f507b2000570a000c708dd00fe
:101270004903de00868070004700dd00c72add00dc
:101280004923de00868272004722dd0003055100fb
:101290000403500085835800030031000000400023
:1012a000818048000a05e9008c1f78008a9fbe00f3
:1012b00004005000858058000402420085824a00e4
:1012c00000004000818048000005eb000004be00e3
:1012d0006033b8000406be000d48e100560031003e
:1012e000110009004dccd8000c01b8000d02b80067
:1012f0008481410060824a008283530003045c00c1
:1013000084845c0060055d000a00e00025003a006e
:10131000800578000d40e100490031008800780028
:1013200007007800110009004d88d8000c01b800b2
:101330000d02b8008481410060824a006003110000
:1013400083835b0004045c00e0845c000900e0002f
:1013500021003a004f01be000300e0002b003200e4
:10136000e3016000070673008c8171000100320008
:10137000640070004200de004e5edd000c00700074
:10138000c258de0001e0a00083010700cf01780011
:10139000818071004f06be004f05be004f04be00a5
:1013a000000006008c8343000d044c00e0844c00d8
:1013b00060054d000000e9000a00e000d4ff3200a3
:1013c0008c8343000d044c00e0844c0060054d000c
:1013d0000000e900ceff37000c0343008d834b0073
:1013e00060044c00e0844c000000e9000900e000cb
:1013f000d8ff32000c0343008d834b0060044c0087
:10140000e0844c000000e900d2ff37004200de001b
:101410004e5edd000c007000c258de0001e0a0004e
:10142000cf0178000300e000daff32006000100016
:10143000e0801800d7ff3700f0ff2f00aaff370029
:10144000f0ff2f00b9ff37000404be002f01070092
:10145000870678000004fd008104fd002b010700d1
:10146000078366000678a300030032000960a70026
:101470000800be002c0037000d78a30002003200e7
:101480000800be00280037000778a30026003a00b5
:1014900001f0a10009f0a1000668a30003003200da
:1014a000f1ff2700f0ff2f00baff37000d68a300ff
:1014b000030032000800be008c807000b5ff3700ca
:1014c0000768a30007003a000648a30003003200a3
:1014d000f1ff2700f0ff2f00aeff37000d48a300fb
:1014e000030032006000b8008c807000a9ff370054
:1014f0000748a3000400320001f827000000200084
:101500008c807000a3ff3700760107000004fd0007
:101510008104fd0002057800720107000802be0088
:101520008a01780059ff37000160a00012022000f4
:10153000f24b880097ff37000100e00012003200f4
:101540000500e00010003200889fbe008a9fbe00a8
:101550008c9fbe000006eb0001f8a30003003200e0
:1015600060001000e08018000cf0a00005f8a30057
:101570000300320060021200e0821a000cf0a200a8
:101580008005eb0041ff37006000b8000200050055
:10159000038368000700280007036300470ade0092
:1015a0000480a100c71ade000580a100f70f20000b
:1015b0000720e100420032000728e100400032002d
:1015c000889fbe008a9fbe008c1f7800f107b20082
:1015d000f307b2000400e000640032000170a000d4
:1015e0000500e000680032000370a000850542009d
:1015f000eb07b1000204b8000302b8008484440081
:1016000060854a00020ab800848444000a854a00c2
:10161000030ab80004054500040033000804d000a4
:101620008984d2000a85d2008b05e9006158e10067
:101630003d00350002102000090161000308200070
:1016400089816100f70720008783640008867300a2
:10165000c84cde00c853dd00878474004855de00a6
:101660000300e0000600320082037600040032002e
:101670008904e80060054d000a88a3000c003a00c8
:10168000f70f20000758e10044003d000a70a10058
:10169000c75ddd000a8575008a00730009007800c7
:1016a0004f0678004f05be004f04be000000060044
:1016b0000a05d1008984d3008b05e800f0ff3700cc
:1016c000881f780006047800900007000702780061
:1016d0000001fd008101fd008c00070087027800f9
:1016e000850372000778a300050032000001fd00a9
:1016f0008101fd009f0007004f04780000000600f4
:10170000850372000748a30003003200f0ff2f009a
:10171000f1ff2700f8ff37000000200001f8270044
:1017200088807000f4ff3700880178004848dd00a9
:10173000808171004848de00c850dd000100700063
:10174000c850de00060478000b0178001600070080
:1017500088807000d2ff37000500e00005003200ed
:10176000170020003a0007009dff3700810370003a
:10177000f9ff3a00860078004f0678004f05be005a
:101780004f04be000000050083037100f9ff320022
:10179000270020002e00070094ff370001f82700e3
:1017a00086807000f4ff37000100e0002600320060
:1017b000610111007810e10023003c006022b800b4
:1017c0007010e1000400350080027800010078000c
:1017d0008000eb00700151000200e00009003400bd
:1017e00070031100062add00822ade008603dd0078
:1017f000878272000200de00860bdd0007007000a9
:101800008208de0084817100f4ff270004826200f8
:1018100084817100040028008482620061026000fb
:1018200005f0a600000006000482710007003200e7
:101830000000e800e0804800000006000002be0052
:101840006000b800efff37006000b800000006003d
:10185000889fbe000004eb006138e10016003a00ea
:101860000100e00008003a00c800de004800dd008a
:10187000880020000100e00003003a00c800de00fc
:101880004800dd00680444008184cf00e9845400ee
:10189000060034008908dd00f08314008703de00b1
:1018a000878070000900dd00090444006102140013
:1018b0004f04be00000006000300e00008003a00ec
:1018c000c811de004811dd00880020000300e000a0
:1018d00003003a00c811de004811dd00680444002e
:1018e0008384cf00e9845400060034008919dd00a8
:1018f000f08314008713de00878171000911dd0079
:1019000009044400e1021400e9ff37002700200029
:1019100001f0a70017002000470bde00f60fb20011
:10192000040032000643e8000a0032004702b30018
:101930000000060001037800f607b20006037000fd
:1019400002003a000703b300000006008702b3005c
:101950000000060001037800f607b20006037000dd
:10196000020032000770a000000006000760a0001f
:10197000000006000478a300040032000578a300ec
:10198000030032000168a30001003a000200be001b
:101990000160a000000006008101700027003200f5
:1019a0008002eb0001f8a300030032006000100089
:1019b000e080180015002000f40720000202420019
:1019c00020003400f7032000870360000604200095
:1019d0000003630002082000000161004700de00f0
:1019e000c909dd0000807100c708de000600e000c4
:1019f0000800320087037100060032001000b000ba
:101a00000180b0000188a30002003200c108de009e
:101a10000402e800f107b200f30f20000320e10008
:101a200003003d004722dd008100720029003700dd
:101a300001f827000000eb00260037006000b80026
:101a400000000600680212007f20e100020034005e
:101a50006000b8001f0037006011b8007020e1007e
:101a60000400350080017800010078008000eb0060
:101a7000700252000400e00009003400f00312007c
:101a80000719dd008419de000703dd00868171007f
:101a90000400de00070bdd00060070008408de0095
:101aa000f7ff270083836300870371000600280087
:101ab00003036300070032000700e00003003a0060
:101ac0006101600002817300020032001000b0006a
:101ad0000180b0000500a6000000060001f0a00093
:101ae000000006004f0ade004709de00f107b200e1
:101af000f20fb2000b003200f207b1000170a0003b
:101b0000c708dd00c901de00838070004700dd00ea
:101b10000400a6000000060060001000e08018002d
:101b200000000600810f700001003a00000006006e
:101b30008182cf000500e00010003e008082cf00cf
:101b4000ee8242007028e1000400390007003e00e8
:101b5000800078000000eb000e0037007083120058
:101b60008600de000500dd000a00370070835200a9
:101b70008600dd000000eb0006003700e282520024
:101b80008508dd00708312000603de008680700089
:101b90000500dd007507b0000501ea000400a6009d
:101ba0000000060060001000e08018000000060041
:101bb000889fbe008a9fbe00841f78007c000700bb
:101bc0004f00780011003300f0ff2f00838f6c006e
:101bd00006003b00040565000a00a7000800370066
:101be00009f0a6001000200008003700820f540002
:101bf000838f5c00030039001000200001003e00cc
:101c00000000200009f0a7000000ea004f05be0018
:101c10004f04be000000e00000000600881f7800ae
:101c2000030478000300e00007003d00600010009e
:101c3000e080180060011900e081190002003b00fb
:101c400001f02d00030037000400070008f0a70092
:101c500001f0a0004f04780000000600889fbe003d
:101c60008a9fbe000082700004027100048271002d
:101c7000260032000004be000200be006011b80061
:101c80006b092000950220000182cf000a00390074
:101c90000541b1000082cf00070039000541b100c5
:101ca0000982cf00040039000541b1000882cf004d
:101cb000010039000541b100054252001200320016
:101cc0000a003b0082817100610164008100d10043
:101cd0000080d3008984d3000884d3008b05e800fa
:101ce0000442e800f7ff3a00070037000804440008
:101cf00089844c0000004800818048008b05e90081
:101d00000442e900f9ff3a00030007004f05be0056
:101d10004f04be00000006008100200061805500d5
:101d20000b003d000b00200061fe2f000100e100d0
:101d30001d00340082817100610164008904d100ba
:101d40000884d3000000e800faff3a007100200088
:101d500061006400030070000200600009003200ae
:101d600061044400e0844c000988a50005003200ad
:101d70008b05e8006808e10002003a008904d10000
:101d80000884d300f20f20000258e10005003d0056
:101d9000c75ddd00f907b200898075000800780092
:101da000000006000bf827008b00780000000500fb
:101db0000004be0004fc07000003be000405be00d2
:101dc0000200be0000fc0700844f75000000060002
:101dd0000800fa00889fbe000004be000001be009b
:101de0008300780001f0a10008007800a4fd200025
:101df00095f42300840f5000858f580018003e0092
:101e0000f2ff2f00f3972300820f5000838f5800ba
:101e100011003e00f2ff2f00f3072000820f500058
:101e2000838f580005003e00020020000338200088
:101e30000800be00d6fd07000400370002002000a5
:101e400003b827000800be000dfc0700c0bf9f00bc
:101e5000d1bf9f00710037000800be006800370046
:101e60004f49de0003002000143d2500b507240083
:101e7000840f5000858f58001f003e0034be2c0098
:101e800065012400840f5000858f58000e003e002d
:101e90000200e00005003200b2fd200093fc2300a8
:101ea0000800be00f6fb070059003700b2fd200015
:101eb00093fc23000800be00e8fb07005b0007005e
:101ec0000004be00550037000200e00005003200ab
:101ed000b2fd2000930424000800be00e8fb0700c8
:101ee00046003700b2fd2000930424000800be0025
:101ef000dafb070041003700541d2300250e2400a3
:101f0000840f5000858f58001d003e00f4dd2e0028
:101f1000f50a2400840f5000858f58000c003e0005
:101f20000200e0000500320042be2c0063092400dc
:101f30000800be00d2fb0700e0ff370042be2c00c5
:101f4000630924000800be00c4fb0700300037000e
:101f50000200e00005003200b2fd2000930c2400d6
:101f60000800be00c6fb070025003700b2fd2000b8
:101f7000930c24000800be00b8fb070020003700c7
:101f8000f2ff2f00f3f72700820f5000838f5800d5
:101f9000040036000801be000800be00affb0700c9
:101fa000c7ff37006c8157000800be004d000700d6
:101fb0006011b80063016000e10f5100e08f59002b
:101fc00009003200e20f5100e08f59000900320091
:101fd000e00f5100e08f59000b003a002fb8970036
:101fe000bfb89700060037002fb89700bfb897001a
:101ff000b2ff37002fb89700bfb8970001f0a200da
:1020000091000700aeff37002fb89700bfb89700c8
:10201000060007000004be0009f0a2000800be0090
:102020004f04be000080fa0000000600889fbe003a
:102030008a9fbe008c9fbe000001be0054fd0700b9
:102040000004be000001be0051fd07000005be00f7
:102050000200200003f02b000800be004cfd07002a
:102060000200200003f8230085fb07000006be00e5
:10207000f2a92a00a3d223000a00be0044fd0700f3
:102080000001be000c00be007dfb07000006be0084
:102090000801be000a00be003dfd07000005be00ad
:1020a00072a12900c37c23000800be0038fd070090
:1020b000f243200063ab230068fb07000001be0071
:1020c0000a00be0032fd07000001be000c00be0089
:1020d0006bfb07004f06be004f05be004f04be005d
:1020e000000006000800fa00889fbe008a9fbe001c
:1020f0008c9fbe000005be00020478000001be00f7
:102100008300780001f0a1000a007800a2fd200001
:1021100093dc2400820f5000838f58001d003e0086
:1021200032982f0023f223000a00be0018fd07009a
:102130000200200003b4240051fb0700020020002d
:1021400003b4240045fb07000006be00ae110700e3
:1021500080047800a2fd200093fc23000c00be0048
:102160000bfd07000001be000a00be003bfb07009c
:102170000005be00325a2800832823000c00be0050
:1021800003fd07000001be000a00be0033fb07008c
:1021900026003700f2ff2f00f3f72700820f5000d0
:1021a000838f5800060036000a01be000a00be00f8
:1021b0002afb0700008cbe008004eb001c003700e7
:1021c0000a00be00500007000005be0032982f0034
:1021d00023f22300eefc07000200200003f023009e
:1021e00027fb07005f1107000203be000002be00cc
:1021f000e4b79f00f5b79f0086bf9f0097bf9f0081
:1022000086fe070032982f0023f2230001fc07000e
:102210000001be000a00be0010fb07006000b8000d
:102220002004980031049800efb49700008cbe00a1
:10223000090078004f06be004f05be004f04be00e7
:102240000080fa0000000600889fbe008a9fbe0042
:102250008c9fbe000005be000001be00ccfc070044
:102260000004be000a01be00c9fc07000006be0053
:102270004288280083c023000800be00c4fc070079
:10228000b2aa2a00a3e22300f4fa07000001be006c
:102290000c00be00befc07000001be000a00be002c
:1022a000f7fa07000005be000801be000800be00e6
:1022b000b7fc07000001be000c00be00b4fc070024
:1022c0000006be00c2c32600636323000800be00f0
:1022d000affc0700f27c200003952300dffa070023
:1022e0000001be000c00be00a9fc07000001be00fa
:1022f0000a00be00e2fa07004f06be004f05be000e
:102300004f04be00000006006022b8006033b80031
:102310000002be00f0ff2f00f1ff2f00f2ff2f00a0
:10232000f3ff270000006200818062000201630069
:1023300083816300000006000000fa0068815700f6
:10234000cfb897001b0207000080fa0000000600cb
:102350003f000700970007004801070070010700d1
:10236000c90007007a020700250237000000fa00c2
:1023700068815700cfb89700130207000080fa0069
:10238000000006009c04070053050700ed05070048
:1023900003060700a6053700800178000200370019
:1023a000b15978000201e9000200e000fcff3a00a8
:1023b00000000600810178000002780030417800ba
:1023c000b14f510002003a000204e000f9ff3a0068
:1023d0009480fb001380fb0000805000000006008a
:1023e0008001eb000200e0001000320000027800e3
:1023f00001037800b44178000304e00008003200d3
:10240000b14278000504e00005003200820340007c
:10241000848f53000200320085cf5100f4ff320058
:102420008381fb001680fb0080815100030078004f
:1024300000000600881f780000047800080078007b
:10244000270a0700080078004f0478000000060003
:10245000ec874700889fbe008a9fbe008c9fbe000d
:102460008e1f78000006780001047800180790009d
:102470002805900098067800cdb79f00b805900019
:102480003202be002203be000400be000601be00f0
:102490004f18de006011b8008000eb00d0b79f003d
:1024a000e1b79f00f2b79f0083bf9f0080047800d0
:1024b0000900e000060032006000b8006011b800ba
:1024c0000402500085825800060359008783590092
:1024d0000e00e000020035000d10a100cdb79f00f6
:1024e0000900e00005003a004fb097000028a30063
:1024f00002003a000038a300020032008a00e9001e
:10250000010037008a007800f8815700a2002000ff
:1025100008007800860007000900e00003003a0088
:10252000cfb097000128a300080032000000e900a6
:1025300000814500b1c2b3000900e0000100320093
:10254000d1c2b30001497800050037000138a3006b
:10255000030032000000e90001c2b3008175780079
:10256000480190000201e90000015100808045000f
:102570004fb297008a0178000c0078003f020700f4
:102580009c0090000188a300040032009800900095
:10259000810f500001003d00010078004f077800d6
:1025a0004f06be004f05be004f04be00cf00b10075
:1025b000000006000200fa00889fbe008a9fbe004d
:1025c000800578000104780002007800180190006e
:1025d0002805900098007800b1bf9f00b8049000d3
:1025e0000200e000020035000110a100b1bf9f0011
:1025f000ea815700820020008a0078003002be0085
:102600002003be0008007800490007003fb997008a
:10261000f0006100030032000000e90001c3b300d4
:10262000817478003fb99700e80061000300320030
:102630000000e90001c2b3008174780048019000f5
:102640000201e90000015100808044003fba970078
:102650008a0178000b007800080207009b009000b8
:102660000188a3000400320098009000810f500000
:1026700001003d00010078004f05be004f04be0080
:102680000080fa0000000600ea874700889fbe002d
:102690008a9fbe008e1f7800000478000300780037
:1026a0007287570084e2260055c72600049fbe00ab
:1026b000c3962200030f78006c875700004feb0091
:1026c00011059000a1049000910578000200e0003f
:1026d00002003200020778000100370072875700bd
:1026e0000000e00002003a000e007800b109070087
:1026f0000a00e000030035008a0f50000100360098
:102700000a0078000b027800890178000001780047
:102710008e00780008007800d80107004f07780085
:102720004f05be004f04be00af00b1000000060020
:10273000f4874700889fbe008a9fbe008c9fbe0022
:102740008e1f78000605be000404be0081bf9f00f6
:1027500082b79f00f3b79f00b0009000e1b79f00e1
:102760001301780092b79f009006900040009000ff
:102770000000e900000678000d00e00001003d00c7
:102780001d0020008040eb00efb1970081717800c0
:102790001e0020001f0037000c06e9000fb0970054
:1027a000cf80de006109b900a0b79f00b1b79f00dc
:1027b000c2b79f00d3b79f000203be000002be0055
:1027c0000800be000a01be000111070000077800e2
:1027d0000e4078000043b000efb0970080707e009c
:1027e0008d06e9000fb997000201e90082bf9f0042
:1027f0002fb29700bfb297004fb39700dfb3970097
:102800000800be000a01be00ea1007000205be0073
:102810000004be000c00e0000d003400e00f540086
:10282000e08f5c00e00f5d00e08f5d00daff3a00b2
:102830000d00e000d8ff3c008fb997000300e000d6
:10284000030034001fb097000018a300d2ff3a0025
:102850000e00e00002003a00ffb097001140a10016
:102860000c0078004f0778004f06be004f05be00f1
:102870004f04be004f01b100000006000200fa0044
:10288000889fbe008a9fbe00000578000104780082
:102890000200780018019000a804900098007800c9
:1028a000b1bf9f00b80590000200e00002003500b3
:1028b0000110a100b1bf9f00ea815700a2002000d3
:1028c000890078003002be002003be0008007800b6
:1028d00097ff0700480190000201e9000001510044
:1028e000808045003fba9700890178000a0078008f
:1028f000620107009a0090000188a30004003200e2
:1029000098009000810f500001003d000100780008
:102910004f05be004f04be000080fa000000060014
:10292000fa874700889fbe008a9fbe008c9fbe002a
:102930008e1f7800800478000104780082057800fa
:10294000180190002805900018077800b800900042
:102950000200e000020035000e10a1000100370067
:102960001200200070006700e0b79f0009003200ed
:102970003b02be002b03be00e00f5200e08f5a0066
:10298000e00f5b00e08f5b00020032008a86e90006
:10299000010037008a067800e8026700f5b79f005b
:1029a000010032008d06e9003b02be002b03be0091
:1029b000e4af9f00f5af9f0086b79f0097b79f00d9
:1029c000480690000c06e9000040eb0080707e0095
:1029d000efb297007fb297008903780081047800f6
:1029e000d8af9f00020478008bbf9f008a05780053
:1029f000034578002a0037000c06e9006fab97000a
:102a00006f006300e90f500002003c000003b000bb
:102a1000010037007005b0000a03fb001604b10086
:102a2000f90f53000c003e00000378000650a00090
:102a30001606b100f90f530007003e00b4b79f001f
:102a4000a5b79f00c7b79f0034090700cfb3970011
:102a5000afb297003fb2970080747e000804e9008f
:102a60008d06e9006fa89700ffa897000fb19700a7
:102a70009fb19700460020008301d1000281d3005e
:102a80008180d3000080d3000603e900faff3a00fa
:102a9000e0af9f00f1af9f0082b79f0093b79f0008
:102aa000e10f56000f0034006fa89700ffa89700b1
:102ab0000fb197009fb19700e00f5000e08f5800d2
:102ac000e00f5900e08f5900cbff3a000800e0000a
:102ad000c9ff3c000d00e000020034000e18a30006
:102ae000c5ff3a0089007800f4b79f00870478009a
:102af0005fac97008a4178000b0578008fbd970086
:102b00000500e000100032003b02be002b03be00b7
:102b1000e4af9f00f5af9f0086b79f0097b79f0077
:102b2000e00f5200e08f5a00e00f5b00e08f5b0087
:102b3000050032000c06e90083707e000c06e900f7
:102b400000c3b30080707e00ffb297000500e00074
:102b5000030032000c06e90000c2b30080707e0062
:102b6000480190000201e9000c0151008c804000f6
:102b70000e0278008a01780009007800bf00070083
:102b8000990090000188a300040032009800900092
:102b9000810f500001003d00010078004f077800d0
:102ba0004f06be004f05be004f04be00af01b1008e
:102bb000000006008201780001017800f1ff270083
:102bc000eb083700960637003c00fa008f017800ca
:102bd000c303b1001d0009008019eb00c0a79f00ce
:102be00080b79f00205e2100b0b79f0040fc2f00ff
:102bf0000f004000d00807000080fa000000060027
:102c000084082000848f50001d0032000d003c001d
:102c100014082000848f50002700320002003c007e
:102c2000040820000400370024082000848f50008e
:102c30003400320044082000848f500043003a00e2
:102c400036003700040a2000848f5000270032002d
:102c500004003c0004092000848f50003b003a002f
:102c600028003700020c2000828f50002f00320015
:102c7000020f2000828f500034003a002b003700f2
:102c80009380e9000200e00005003200810978002d
:102c90001102fb00cfa2de00612bb9002800370033
:102ca00081097800114278000482fb008002eb0069
:102cb0006033b8002200370013027800e4005200ad
:102cc0000200e00005003200810978001102be0018
:102cd0004fabde00860378001900370081097800c9
:102ce0001102be006033b800150037009380e90080
:102cf0008109780011027800cfa2de00612bb900b3
:102d00000f00370093027800e880520081097800b4
:102d10003102be002103be00090037009380e900a4
:102d20000200e00002003200f1ff37009380e9006a
:102d300081097800110278008002eb006033b8004e
:102d40000498be000690be001000050000000500bb
:102d500044082000848f50002500320008003c0009
:102d600014082000848f5000140032002408200032
:102d7000848f500024003200040820000c0037002b
:102d800004092000848f50001f00320004003c0022
:102d900084082000848f500024003a000e00370081
:102da000040a2000848f500011003200040c20001f
:102db000848f50001d003a000d0037009380e90019
:102dc000810978009100780001087800cf91de0039
:102dd0008288be00140037009380e90081097800e2
:102de0009100780001087800824878000e003700d2
:102df0009380e9008109780091007800010878004b
:102e000082087800080037009380e9008109780083
:102e100091007800010878006112b900612bb900b7
:102e20008498be008690be001000050000000500da
:102e3000889fbe000004780048009000820478005b
:102e4000808f54000100360080047800090178006a
:102e50005800900050fd0700580090000900400005
:102e600050049800c80090008984500049049800dc
:102e70000048eb004f04be0000000600f287470048
:102e8000889fbe008a9fbe008c9fbe008e1f780068
:102e9000800478000105780002047800830578003a
:102ea0006107620002003a008b0f540008003900ed
:102eb000080178008a00780009007800ad0b07004f
:102ec0008b0f540002003900880578001e0037007f
:102ed000088655000c017800f00f560001003600fe
:102ee00002012000010220007e8057005b060700df
:102ef0008c0678000500370002012000fe80570094
:102f0000090078009b0b0700f0865600ef8f5600f3
:102f1000f9ff3e004461de0000ff2f000091b90080
:102f200002014600fe80570009007800910b07005f
:102f30000e00e00004003a00080178008a007800e2
:102f4000090078008b0b07000b0078004f07780012
:102f50004f06be004f05be004f04be002f01b1005a
:102f6000000006000000050000000500000005004c
:102f7000000178000040eb008080fb008180400071
:102f800063c2200063c278000404e00003003a003a
:102f900070c2200060c07800000006009201780036
:102fa000934f520004003a0070c2200060c07800c5
:102fb0000309e800010037000040e800ea4f500034
:102fc000edff360000000600f6874700889fbe0030
:102fd0008a9fbe008c9fbe008e1f7800000578007f
:102fe0000104780083057800040678000000eb00f7
:102ff000c0b79f008080eb00d1b79f00e0b79f0073
:10300000f2b79f000008200080bf9f009800780062
:10301000010078008004eb00010037008904e8001b
:10302000304178000204e0000300320053c2b300d4
:10303000834f5100f9ff3a000900e000040032001c
:10304000090178000a0078004a0b0700188c440038
:103050001807780050c2b3009e4f10003f013a009d
:103060000e07e8000e0c780010003700cfb0970074
:103070000100a0000b003700cfb097000110a000a6
:1030800008003700cfb097000120a00005003700ee
:10309000cfb097000130a00002003700cfb09700fa
:1030a0000140a000c1b79f00000ce80018007800a4
:1030b00090407800b2c2b30082cf5000f1ff3200de
:1030c00007003c0002c2b30082cf5000f0ff320084
:1030d00032c2b30082cf500007003a00efff370042
:1030e000d2c2b30082cf5000e0ff320002c3b3006f
:1030f00082cf5000e0ff3200a2c2b30082cf500066
:103100000d003a00000ce8001c80e900000e780079
:1031100010007800e0b79f000000e0000f003d00c5
:10312000cfb097000100a200c1b79f000000ea00e5
:10313000e0b79f000900370065050700e0b79f0072
:1031400001003700000ce800180078009000fb0038
:103150000103b100e98f5000faff36004fb097002d
:103160000008a300020032000010a100c0b79f00b9
:1031700018007800e1c2b30090cf100016003a00aa
:103180008000eb00d1b79f000000e800000c780041
:10319000a1c2b30090cf100006003a00000ce80076
:1031a0001c80e900000e780010007800d0b79f0066
:1031b0000900370046050700d0b79f00010037001f
:1031c000000ce800180078009000fb000103b1003b
:1031d000e98f5000faff36000800780064ff07000e
:1031e00080467800180078001000fb0044070700b4
:1031f00091062000810f50003800320012003c0080
:1032000041062000810f5000340032000a003c00cb
:1032100011062000810f50002000320031062000ee
:10322000810f5000a000320051022000810f500099
:10323000bc003a00b400370071062000810f500036
:10324000b8003c008800370001072000810f5000c3
:103250005c00320007003c00e1062000810f5000b6
:103260007a003200f1062000810f5000ad003a00d4
:103270003900370051072000810f5000270032002d
:1032800081072000810f50004200320031072000ea
:10329000810f5000a3003a008f0037008d80fb00a3
:1032a0000c01780000fe2f000f00400055070700ba
:1032b0000000e000a800320018007800000ce800d0
:1032c0009041780002fe2f000f014100f880570066
:1032d0000a00780024ff07000e0037008d80fb00f5
:1032e0008c0178001200200000fe2f000f0040002b
:1032f00043fe07000000e00097003200180ce800d1
:1033000002fe2f000f014100f88057000a007800ec
:103310004ffc070080844400900037008d80fb0044
:103320008c0178000001eb0000fe2f000f00400030
:1033300033fe07000000e00087003200180ce800b0
:1033400002fe2f000f014100f88057000a007800ac
:103350004afd0700efff37008d80fb008c017800ed
:103360000001eb0000fe2f000f00400024fe0700cc
:103370000000e00078003200180ce80002fe2f0088
:103380000f014100f88057000a00780089fc07000f
:10339000e0ff37008d80fb008c0178000001eb001e
:1033a00000fe2f000f00400015fe07000000e000a7
:1033b0006900320018007800000ce80090417800a5
:1033c0001c0037008c0178000001eb00010f200089
:1033d00000fe2f000f00400009fe07000000e00083
:1033e0005d003200180ce8000fb097009fb0970006
:1033f0002fb19700bfb19700e00f5000e08f580049
:10340000e00f5900e08f590009003a00cfb597004e
:103410006fb49700e0c12000660607000b02780039
:103420008801780000017800e1c1200047003700e2
:1034300083c7b30002fe2f000f014100f880570040
:103440000a00780036fd0700b2ff37000b81440008
:103450008d80fb008c01780000fe2f000f004000e3
:103460003bfe07003c0037008d80fb000c0178001c
:1034700000fe2f000f004000e20607000000e00001
:103480003500320018007800000ce8009041780008
:1034900002fe2f000f014100f88057000a0078005b
:1034a000b1fe07009bff370000c8b30080cf560075
:1034b00029003a00180ce8001c80e900000e780092
:1034c00010407800e0df9f0013002000e2fd2f0095
:1034d0000f0141000800370000c8b30080cf56003c
:1034e0001d003a00180ce8001c80e900000e78006e
:1034f0008001eb0010017800f88057000a00780086
:1035000061fc070083ff370000c8b30080cf56007e
:1035100011003a00180ce8004fb29700efb1970085
:10352000080037000e0c78000000eb00c0b79f00c9
:10353000e0b79f000080eb00d0b79f000002eb00d7
:10354000840178001200200041c220000a007800a7
:103550004afe07006fff3700180ce80009007800ea
:103560004f0778004f06be004f05be004f04be0057
:103570006f01b100000006008200fa00889fbe00c3
:103580008a1f78000005780082047800c13f9f0000
:103590000004eb0010003700090278008801780071
:1035a000a2f72f000f01410081f72f008f8040000c
:1035b0000a00780084fe070008004000880f5000d1
:1035c00004003d00b0042000f06288000084eb009d
:1035d00004003700000478004f3897001004e00022
:1035e000edff3a00080078004f0578004f04be0058
:1035f0000080fa00000006000200fa00889fbe006a
:103600008104780082007800030178003104900082
:10361000f3060700e10f40000b003200a20020007b
:10362000e68057000800780027060700809cbe004f
:103630008294be0010002000dfb89700810f540074
:1036400001003a00e0ff2f004f04be000080fa00a6
:1036500000000600ea874700889fbe008a9fbe00e0
:103660008c9fbe008e1f7800000478000105780052
:1036700083bf9f00a205900042009000e0b79f002a
:10368000b2049000830078001106780008007800ea
:10369000bb0107008fb897008c0840000b00e000ca
:1036a00004003a006fb097000000e900f0b79f00f7
:1036b00001003700fbb79f00ad0020000007eb00c2
:1036c0001b00370078089000b8109000810f500060
:1036d00003003100b085fb00700c98000800370033
:1036e00008007800e604070080057800e18f4500b7
:1036f00003003a000c00e0005c003c006f00370063
:103700000c00e0000c003a00b0022000808f550051
:1037100003003200d0022000808f550006003a00de
:103720008b4c78008fb897009108e8001e002000ad
:103730000e067800460037008e0f560029003a002a
:103740000c07e800ea8f560004003a00000320004e
:10375000808f550022003a001f003700e88f560086
:103760001f003a008b0078000150a0008007200065
:10377000808f50001a003a00f8089000381090002e
:10378000808f5000030031003180fb00710c9800e5
:103790000200370008007800b9040700b810900054
:1037a0000100e00003003200f80890008100e90009
:1037b000710c9800ec0307000000e00013003200d9
:1037c0008b747e000fb897001008e8000e06780092
:1037d0000d0120001e0037008d0020000100370081
:1037e0000007eb0000fd2f000b004000e90f500028
:1037f0000d003600f08f560004003a000b007800f0
:10380000d90307000000e0000d003a0038109000d6
:103810000000e00015003200780890000000e90088
:10382000700c980011003700e88f560004003a0031
:1038300070032000808f550001003400ad0020008f
:103840008b747e000c06e8008fb897009108e800a2
:103850007fb09700800f560004003d00efb0970046
:103860000100e900800f560096ff35000040eb0094
:1038700080747e00ea8f560005003a000d01780042
:10388000f6805700090078008f0507000400370014
:103890000d017800f68057000900780086050700c2
:1038a000009dbe000295be001b0020005fb0970087
:1038b000808f540001003a00ebff2f000b007800ce
:1038c0004f0778004f06be004f05be004f04be00f4
:1038d000af00b10000000600e6874700889fbe00e9
:1038e0008a9fbe008c9fbe008e1f78000004780067
:1038f000010578000306780022079000420090003e
:1039000080bf9f00b20490009c05780008007800fa
:103910001b0107000b0e40000e00e00002003a0001
:103920008fb897000107e900890678008005eb0051
:103930001c003700f808900038109000808f50006d
:10394000030031003180fb00710c98000700370044
:10395000080078004a040700e10f400003003a0025
:103960000b00e00015003c002100370001fd2f0096
:1039700080804000e78f500007003600381090002c
:103980000000e0000d003200780890000000e9001f
:10399000700c980009003700805e78008b05e80005
:1039a0001c0ee8008e8f550004003d008fb8970074
:1039b0000100e900808f5500deff35000040eb007c
:1039c00080f47d0082002000f2805700090078001a
:1039d00039050700009dbe000295be0010002000c2
:1039e000ffb09700818f540001003a00e0ff2f00e4
:1039f0004f0778004f06be004f05be004f04be00c3
:103a00006f00b10000000600800078001000200068
:103a100002022000828f500004003200e980500032
:103a2000e48f5000010036000000eb0000000600ab
:103a3000889fbe008a9fbe008c9fbe008e1f7800ac
:103a40000004be000205be00840678000a00e00003
:103a5000040032001b06780008007800c800070048
:103a60008c0d4000290790008004eb0021003700f6
:103a700078089000b8109000810f500003003100ca
:103a80003086fb00700c98000800370008007800b2
:103a9000fb03070000067800e10f460003003a0030
:103aa0000900e00017003a00200037000a00e0009b
:103ab0000b0032000c007800d3ff07000000e0008c
:103ac00007003200381090000000e0000d003200c6
:103ad000780890000000e900700c98000900370099
:103ae0000d00e000010032008cf67c008904e80043
:103af0009b0de8000e00e000ddff32008e8f5400c9
:103b0000dbff35000d00e000040032000a00e00099
:103b1000020032000040eb0080f67c0009f0a700b4
:103b20008904ea000906ea004f66de000c0078000e
:103b30004f0778004f06be004f05be004f04be0081
:103b4000000006000200fa00889fbe008104780091
:103b5000820078000301780031049000a00507007e
:103b6000e10f40000b003200a2002000e680570069
:103b700008007800d0040700809cbe008294be003c
:103b800010002000dfb89700810f540001003a00b8
:103b9000e0ff2f004f04be000080fa000000060086
:103ba000e8874700889fbe008a9fbe008c9fbe00aa
:103bb0008e1f7800000478000105780083067800e5
:103bc000a205900042009000f0b79f00b204900060
:103bd0001d06780008007800690007008c0e400080
:103be0000b00e00004003a00ffb097008100e900fc
:103bf00081bf9f00010037008bbf9f00090778003d
:103c00000006eb003900370078089000b8109000eb
:103c1000810f500003003100b085fb00700c98004c
:103c20000800370008007800950307008005780039
:103c3000e18f450003003a000c00e00032003c0038
:103c40003e0037000b007800c70207000000e000cc
:103c500023003a00e10f56001a003a000b007800ea
:103c6000a704070081072000810f500015003a00cb
:103c700000c3b300994f100012003a00f8089000fa
:103c800038109000808f5000030031003180fb001d
:103c9000710c9800020037000800780078030700d4
:103ca000b81090000100e00003003200f808900016
:103cb0008100e900710c9800ab0207000000e000f1
:103cc00007003a00381090000000e0000e003200bb
:103cd000780890000000e900700c98000a00370096
:103ce0000b5f78000c06e8009d0ee8000fb8970007
:103cf000800f560004003d00ffb097000100e9006e
:103d0000800f5600c0ff35000040eb0080747e003d
:103d100002012000f48057000900780066040700c3
:103d2000009dbe000295be001b0020006fb09700f2
:103d3000808f540001003a00ebff2f000b00780049
:103d40004f0778004f06be004f05be004f04be006f
:103d50008f00b100000006008000780010002000f5
:103d600002022000828f500004003200e9805000df
:103d7000e48f5000010036000000eb000000060058
:103d8000889fbe00000478008004eb000b00370021
:103d9000f1ff07000000e00007003a003810900033
:103da0000000e00010003200780890000000e900f8
:103db000700c98000c0037008904e800f8089000a7
:103dc00038109000808f5000030031003180fb00dc
:103dd000710c9800eeff37000800780028030700f8
:103de000e10f4000eaff3a00090078004f04be00ee
:103df00000000600889fbe008a1f78000004be00f5
:103e0000190078001000fb00d3ff07000005eb004d
:103e10000000e0000900320008007800d8ff070029
:103e2000000578001900e800800c78001000fb0005
:103e3000c9ff07000000e000faff3a000a0078001e
:103e40004f0578004f04be00000006001801fa007c
:103e5000889fbe008a9fbe008c9fbe000005780030
:103e600001047800830578000406780068004700a4
:103e7000040009000018eb007207980000082000f9
:103e8000000f9800880078000a007800d9ff07002a
:103e900080067800190037007a089000ba10900068
:103ea000810f500003003100b084fb00700d9800ba
:103eb000050037000a007800f1020700800478004e
:103ec000e18f440007003200180078001000fb006a
:103ed000808f5400030032003a109000e9ff2f0059
:103ee000110137009b0de800180ce80088007800ed
:103ef0000a007800bfff070080864600180078009f
:103f0000904078000104e0000300320052c2b30088
:103f100082cf5000e0ff3a009b8d460051c2b300b3
:103f200090cf10008f013a000000e800000c7800ec
:103f30008000eb006107980081067800a1c2b30001
:103f400090cf100002003a00000ce8001d00200095
:103f500018007800de010700600798006102b900d0
:103f6000612bb9000a007800a002070001003700a9
:103f7000000ce800180078009000fb000103b1007d
:103f8000e98f5000faff360008007800f8fb0700c0
:103f900040579a00180078001000fb00d803070073
:103fa00091062000810f50003a00320015003c00bd
:103fb00031062000810f5000a20032000a003c00b0
:103fc000b1052000810f5000dd00320011062000f5
:103fd000810f50008900320051022000810f5000f3
:103fe0005f013a00bb00370041062000810f5000fe
:103ff0001900320071062000810f500058013c006a
:104000007e00370001072000810f50005b00320066
:1040100007003c00e1062000810f500067003200dd
:10402000f1062000810f50004d013a0033003700a7
:1040300051072000810f50002a0032008107200024
:10404000810f50003e00320031072000810f5000e8
:1040500043013a008e0037008b0178006801470069
:104060008e0078000a00780063fd07008004780065
:104070000900e0003e013500180ce8008004eb0068
:104080000d00e0003a013a004e5192008280fb00a0
:104090000e0037008b017800680147008e00780021
:1040a0000a0078006bfd0700800478000900e0003a
:1040b0002f013500180ce8008004eb000d00e00033
:1040c0002b013a004e5092008080fb008c0178005a
:1040d000120020000e007800080407008004780019
:1040e000230137008b017800680147008e007800bb
:1040f0000a00780093fe0700160037008b01780055
:10410000680147008e0078000a007800f2fd070081
:10411000800478000900e00015013500180ce80063
:104120008004eb000d00e00011013a004e509200b7
:104130008080fb008c01780009017800e5ff3700e2
:104140008b017800680147008e0078000a00780033
:1041500093fe0700800478000900e00004013500a8
:10416000180ce8008004eb000d00e00000013a00ac
:104170004e5192008280fb00eeff37008b017800e9
:10418000680147008e0078000a00780084fe07006e
:10419000800478000900e000f5003500180ce80004
:1041a0008004eb000d00e000f1003a008c01780083
:1041b00009017800010f2000c6ff3700180ce80045
:1041c0001b007800cf80de006109b900009fbe00af
:1041d0000297be008004eb000d00e000e4003a000e
:1041e0004e5092008080fb008c017800090178001d
:1041f0000e007800c1030700dd0037008b01780056
:10420000680147008e0078000a007800de00070091
:10421000800478000900e000d5003500180ce800a3
:104220008004eb000d00e000d1003a004e519200f6
:104230008280fb000c0178000e00780090030700dc
:10424000a6ff370000c8b300ce50920080cf5000c8
:10425000c3003a006e0090000000e00002003a0047
:104260001000200060079800180ce8000002eb0026
:104270000d00e00003003a001c80e900000e780009
:10428000100278008b0178000001eb000d00370070
:1042900000c8b3004e519200804f5100b0003a0068
:1042a000180ce8000002eb000d00e00003003a00eb
:1042b0001c80e900000e7800100278008b01780065
:1042c00012002000e80047000a007800d8fd07002f
:1042d00082ff370000c8b300ce50920080cf50005c
:1042e0009f003a00180ce800fa0890003a1090007d
:1042f000808f5000030031003180fb00710d980069
:10430000020037000a007800dd010700510220009a
:10431000810f500002003a009b0de8009300370027
:104320003a1090008004eb000000e00090003200a2
:104330007a0890000000e900700d98008c003700aa
:1043400000c8b3004e519200804f510084003a00e3
:104350000002eb000d00e00003003a001c80e900c1
:10436000000e7800100278001800e800000c7800b9
:104370008004eb00e1c5b30090cf100002003a00ca
:10438000000ce800190020001210200089007800bd
:1043900072004700340f9900300107000040eb0025
:1043a000205798001800780090407800d2c2b300df
:1043b0003e0a910082cf500005003a00000ce80050
:1043c00010c0b3000940500000c798002800370013
:1043d000d2c5b30082cf500025003a00000ce8009f
:1043e00010c0b3000940500000f7980020003700cb
:1043f0000004e00023003200d3c2b300834f50001a
:1044000014003a0018009000104078000004e0000a
:1044100010003200814f50000e0032000201e8000f
:10442000020c780078b897001000fb00f2004700fb
:10443000008040000200370011c0b30009e85000be
:10444000f2014700830150009200fb00818f510070
:10445000f9ff3500180078009000fb00810047004c
:1044600012c0b30009415100b2509800000ce8009e
:104470001801780012407800d1c5b300814f500078
:10448000dbff3a000400e0001800320084067800e8
:104490000006eb0003003700895e78000c06e80098
:1044a0009b0de8007a089000ba109000810f500030
:1044b00003003100b084fb00700d98000500370048
:1044c0000a007800340f99006d010700800478001d
:1044d0003e0a910009004700305090000004e000bf
:1044e000edff3a00120037009b0de8007a089000bb
:1044f000ba109000810f500003003100b084fb001f
:10450000700d9800050037000a007800340f9900fc
:104510005b010700800478003e0a91000900470013
:10452000305090000004e000efff3a000006eb007e
:104530003a1090000000e000030032007a0890007a
:104540000000e900700d98000c00e000040032004b
:104550000400e000020032000040eb0000727e0028
:10456000180ce800e18f4400010032008004eb00e9
:10457000090078004f06be004f05be004f04be0084
:104580000080fa00000006000000050000000500a1
:104590008400fa00889fbe008a1f7800000578001a
:1045a00082047800b13f9f000000eb00c03f9f00f5
:1045b000000478000d0037000902780083f72f000f
:1045c0008f814100a2f72f000f01410061f72f00fa
:1045d0008f8040000a0078001cfe070080017800f0
:1045e0000300e00004003500030444003f38970056
:1045f0001004e000f0ff3a00e18f410003003a00b0
:104600000800e00001003a00030478000800780088
:104610004f0578004f04be000080fa00000006003d
:10462000889fbe008a9fbe008c9fbe0080057800d8
:104630008106780002067800eb0c9000081020003c
:104640000c044400080178008000eb0009007800a9
:10465000520007000000e000010032000904500091
:10466000080578008c0f5400010036000c05780016
:104670000a017800890078000d00780046f70700ed
:104680000a804400f00d98000884440088159800c2
:10469000e80d98000a0078004f06be004f05be00e6
:1046a0004f04be00000006008000780010002000cb
:1046b00002022000828f500004003200e980500086
:1046c000e48f5000010036000000eb0000000600ff
:1046d000889fbe008a1f7800000578000a047800d1
:1046e000984478000805e8000900fb00eeff070089
:1046f0000000e000f9ff3a00b0c2b30080cf5400e0
:1047000005003200d0c2b3008000eb0080cf54001f
:1047100005003a00020037008000eb00010037007e
:10472000110020000804e8000000eb00030037003f
:104730006a02b900020052000003b0003801fb0019
:1047400003fd2f0082814100e98f5100f8ff360000
:104750000100e00001003a000000ea004f05780087
:104760004f04be00000006008000780002fd2f000c
:104770000101410010002000e90f51000500360042
:104780000150a0001106b100e58f50000100360075
:104790000000eb0000000600f3ff37008180fb0003
:1047a000010037000201e900800178000008a30041
:1047b000060032000200e000230032003082fb00dd
:1047c000810f5200f7ff3a00030037000000eb00b2
:1047d0000200e0001e0032001380fb00810f500039
:1047e0001c00320014102000048ab90084027800f2
:1047f000010037000281e90003007800e10f510059
:104800000a00360033826a00f6ef2f0004034300eb
:104810000482ea000402630006082800060262001f
:10482000f4ff3200010037000201e9008001780046
:104830000200e000050032003082fb00810f5200d0
:10484000f9ff3a0003003700000005000000eb000c
:10485000000006000300780000000600889fbe00ec
:104860008a9fbe00800478000200e0005b003200f6
:1048700001407800814c780082814400f1f99f006a
:10488000e20f51005500360091449800a144980071
:10489000e1f99f00d1f99f00e60f51004f0036006b
:1048a000b1449800c1f99f00e80f51004b00360059
:1048b0000905ea00630565000a8444000a05510001
:1048c000c1ff2f00010565000080fb008000eb00a8
:1048d000121020001310200017080700008cbe00e3
:1048e0000a01440060b99f0071b99f00e80f5500ac
:1048f0003a003600200498003104980040049800e3
:104900005104980020b99f0031b99f0040b99f0021
:1049100051b99f00f80f5500300036006004980030
:1049200071049800000c9800110c9800200c98005d
:10493000310c9800400c9800510c980020b19f0059
:1049400031b19f0040b19f0051b19f0060b19f0005
:1049500071b19f0000b99f0011b99f00640164000c
:104960007801410002044400020555006011b800be
:104970000203be000002be000403be006022b800b5
:104980000000720081807200020173008381730055
:1049900010003700009cbe000294be004004980046
:1049a000510498006204980073049800000c980069
:1049b000110c9800220c9800330c9800400c9800c1
:1049c000510c9800620c9800730c98000a02b10018
:1049d0000802b000ff0f5500eeff3e00090078000e
:1049e0004f05be004f04be0000000600889fbe00b9
:1049f0008a9fbe00441098005510980066109800d9
:104a000077109800f00890002004900001045400f2
:104a1000cfc4de00614db90008189800191898003d
:104a20002a1898003b189800e00f5200e08f5a00b7
:104a3000e00f5b00e08f5b000c0032000014900080
:104a400001045400cfc4de00614db9000440e10010
:104a500005c8e10006d0e10007d8e10003003400fa
:104a6000048240003410980002003700801090004b
:104a7000311098004f05be004f04be000000060034
:104a80002800fa00889fbe008a1f78000004780082
:104a9000f80890002800900000805000081a90004c
:104aa000981a9000281b9000b81b9000cf80de0061
:104ab000040240008582480006834800878348003e
:104ac00048109000d810900068119000f8119000e4
:104ad000e00f5000e08f5800e00f5900e08f5900c0
:104ae000050032000020e10001a8e10002b0e10071
:104af00003b8e1000d003d0008007800d4b79f0026
:104b0000e5b79f00f6b79f0087bf9f000702070029
:104b1000800478005fb29700efb297007fb39700f0
:104b20008fbb97000900e00016003d007808900058
:104b3000a8009000808050004f89de000482400071
:104b4000850249000603490087034900041c9800b8
:104b5000151c9800261c9800371c980030149800eb
:104b6000f0ff2f00f1ff2f000001be00401498005d
:104b70005114980062149800731498008084eb001c
:104b80005200370061004200e0804a0060014b00a3
:104b9000e0814b0090bf9f00a1bf9f00b2bf9f006c
:104ba000c3bf9f0048129000d81290006813900075
:104bb000f813900094b79f00a5b79f00b6b79f0069
:104bc000c7b79f00e00f5200e08f5a00e00f5b0074
:104bd000e08f5b0028003200780d900008119000f3
:104be0000a0151006112b900612bb900d4af9f00d6
:104bf000e5af9f00f6af9f0087b79f001fb09700fb
:104c0000afb097003fb19700cfb197001fba9700a0
:104c1000afba97003fbb9700cfbb9700040050008e
:104c200085805800060159008781590090af9f0088
:104c3000a1af9f00b2af9f00c3af9f005faa9700d4
:104c4000efaa97007fab97008fb397000020e10099
:104c500001a8e10002b0e10003b8e1000600340061
:104c60009fb297001fbb970006815200820045004b
:104c70003114980002003700881390003714980010
:104c800028019000f8089000810151001fba970098
:104c9000afba97003fbb9700cfbb97004f98de009d
:104ca000048241008502480006034800870348004b
:104cb000041c9800151c9800261c9800371c9800ae
:104cc000828f500001003e00f9f89f000900780033
:104cd0004f0578004f04be000080fa000000060077
:104ce000881f7800810178000002780080826800c7
:104cf0000508a30002003200210037000201e9008c
:104d000003007800040478000308a30007003200c1
:104d10000200e00021003200b3407800015a780020
:104d20000104e000f5ff3a00020037000200e00055
:104d30001a0032001004e00003003a0017003700a8
:104d4000031c78000281e90080007800e10f510027
:104d500008003600b0017800f5ef2f008382420092
:104d60000382ea000482620005082800050262004e
:104d7000f3ff320008007800010037000201e9006b
:104d8000000478000200e00004003200b141780025
:104d9000035878000304e000f8ff3a008000eb00bd
:104da00008007800adfe0700080078004f04780086
:104db0000000060080007800040037003104e000a5
:104dc00002003a00000051000000060001017800d6
:104dd0000108a300f9ff3a00810178003101780051
:104de000f4ef2f00020242000281ea000201620099
:104df0000408280004016100f7ff320083007800f6
:104e0000010178003104e000fdff3a00000051008c
:104e1000000006004400fa00889fbe008a1f780048
:104e20000004be000205780094bf9f00a5bf9f004c
:104e3000b6bf9f00c7bf9f000000eb00c09f9f0050
:104e4000a8af9f00d89f9f000080eb00b0af9f00ed
:104e50006022b8006033b80060fb2f000f004000f4
:104e6000e2fe07001fba9700afba97003fbb97005a
:104e7000cfbb9700120020008a00780060fb2f0053
:104e80000f004000480107000900e0000600320062
:104e90003fb29700afaa970004824200df9a9700c2
:104ea00005025200840c44004f0578004f04be00f8
:104eb0000080fa0000000600f4ff2f00f5ff2f002d
:104ec0000403be00d3ff37006022b80006002000b4
:104ed00007002800cfff3700f4ff2f00f5ff2f0059
:104ee0006033b800cbff3700040020000500280025
:104ef0006033b800c7ff3700f3ff3700eeff37001d
:104f0000f1fb2f0080804000f98f500001003e002f
:104f10000050a00000000600f9ff3700f1f92f0053
:104f200080804000f98f500001003e00f005b20083
:104f300000000600f9ff37000200fa00881f780021
:104f400000047800e2bf9f006481570008007800e9
:104f50008ffd0700980090000148a3000100320077
:104f60000080eb004f0478000080fa00000006008b
:104f7000f28747008e1f7800020278000301780054
:104f80000000e00002003200000778000100370056
:104f9000728757008002eb000100e0000100320040
:104fa0008102e90070805700060009000018eb003c
:104fb0000080eb0080bf9f002310200093bf9f0064
:104fc000aebf9f00b1bf9f00c5bf9f000100e000c2
:104fd00003003d00b1042000f162880006003700a4
:104fe000004feb00eebf9f00debf9f008400780003
:104ff000708057003c0307004f0778002f01b10075
:1050000000000600881f78000004780000082000d7
:10501000808f50001700350010082000808f50004e
:105020000b00340030082000808f500011003a003f
:105030009200780068805000000978003002be00bd
:105040002003be00049cbe000694be00070037008b
:105050009202780064805200000978001000be00bf
:10506000a1050700009cbe000294be0010002000b5
:10507000010037000000eb004f047800000006003c
:10508000881f780013082000838f50000f00320023
:1050900033082000838f50000400320003082000f2
:1050a000838f500012003a00080037009280e90018
:1050b00001097800910078003002be002003be0094
:1050c0008498be008690be00070037009280e900f9
:1050d00001097800110478005001be004000be00b4
:1050e000ea050700008cbe00100020000100370018
:1050f0000000eb004f047800000006008408200048
:10510000848f50001d0032000d003c001408200068
:10511000848f50001e00320002003c000408200072
:105120000400370024082000848f50001e00320045
:1051300044082000848f500028003a0022003700e5
:10514000040a2000848f50001f00320004003c003d
:1051500004092000848f500020003a00120037001c
:10516000020c2000828f500017003200020f200036
:10517000828f500019003a00130037009380e90035
:10518000810978009100780090487800120037007b
:105190009380e9008109780091007800b0187800c8
:1051a000a01078000c0037009380e9008109780096
:1051b000910078003002be002003be008498be003b
:1051c0008690be00040037009380e90081097800d2
:1051d000910078009008780010000500000005009c
:1051e000889fbe008a9fbe008c9fbe00000478008e
:1051f0000205780021069000c1069000b1059000dc
:105200009a04780008007800ddfa0700090d4000d4
:105210000c00e00001003a000d06e9008004eb00fc
:1052200028003700f808900038109000808f500058
:10523000030031003180fb00710c9800070037003b
:10524000080078000efe0700e10f400003003a005e
:105250000900e00020003c00220037000900e000c7
:105260000a003a00b1022000810f50000300320012
:10527000d1022000810f500004003a00804d7800d8
:105280001a0de800190020000e00370001fd2f0064
:1052900080804000e98f50000700360038109000f1
:1052a0000000e0000c003200780890000000e900e7
:1052b000700c98000800370080f57c008904e80035
:1052c0001a0de8008c8f540003003d000d00e9002a
:1052d000808f5400d3ff35000040eb0080f57c0048
:1052e0000000eb004f06be004f05be004f04be009d
:1052f00000000600c06090000141e900814071009b
:105300004160980010019000e40061000400320048
:105310000240a000120098000080eb000000060090
:105320000110980071089800000005000200fa00c2
:10533000889fbe000004780008007800be030700c4
:105340008084eb000000e00009003a009811900012
:1053500012002000e68057000800780003000100da
:10536000e10f500002003a002ff897008084fb0004
:10537000090078004f04be000080fa00000006001b
:10538000800078001000200002022000828f500070
:1053900004003200e9805000e48f50000100360024
:1053a0000000eb00000006006f02b000889fbe0006
:1053b0008a9fbe008c9fbe008e1f7800000678007a
:1053c0000107780082047800d4af9f00e5af9f000a
:1053d000f6af9f0087b79f0040022000800f570064
:1053e0007d003e00e10f57007b0032007c089000fa
:1053f000bc109000810f500003003100b086fb000c
:10540000700e9800030037000c0078009cfd070028
:10541000800678000d007800d9ff07000000e0004a
:10542000f2ff3a00b0022000808f560005003200e3
:105430008002eb0085af9f00d0022000808f5600d5
:1054400010003a00dd82b2000df0a7008d06ea00e0
:105450008d06e900cfeede008daf9f007c08900046
:10546000bc109000810f500003003100b086fb009b
:10547000700e9800030037000c00780080fd0700d4
:10548000800678000e00e00002003200f00f5700a6
:1054900042003a0000032000808f56003c003a0092
:1054a0007c089000bc109000810f50000300310078
:1054b000b086fb00700e9800030037000c007800e7
:1054c0006ffd0700800678008d0078000150a00075
:1054d00080072000808f50002a003a007c0890004e
:1054e000bc109000810f500003003100b086fb001b
:1054f000700e9800030037000c00780060fd070074
:1055000080067800a09820006d4078000e012000f1
:10551000ef4f50008d0036003c1090000000e0007e
:1055200003003200fc0890008100e900710e980031
:105530000900e0000c0032006022b8006033b800bf
:10554000d4af9f00e5af9f00f6af9f0087b79f00e5
:105550000000e000a10132007c0890000000e9009a
:10556000700e98009d0137006022b8006033b800cb
:105570000c0078001dfd07006000b8006011b80045
:10558000920137000e00e0009e0132001700370044
:105590000e00e00001003a00ae002000a0982000bc
:1055a0006d4078000080fb008e0f50000f00390026
:1055b0003c1090000000e000030032007c089000e6
:1055c0000000e900700e98006022b8006033b80057
:1055d0000c00780005fd070060012000f0628800e3
:1055e0006022b8006033b80071013700ea0f57003d
:1055f00056003a000004eb000d0078000d00370063
:105600006a44b9000800400008fd2f00000444006f
:10561000fc0890003c109000808f50000300310087
:105620003180fb00710e9800020037000c007800fa
:1056300013fd070001fd2f0080804000e98f50001e
:1056400003003e0081992100810f5400ecff3600d9
:10565000800678008004eb006055b8001200370027
:105660001faa9700afaa97003fab9700cfab970058
:105670000004420081844a0002054b0083854b00f0
:105680007c089000bc109000810f50000300310096
:10569000b086fb00700e9800030037000c00780005
:1056a000f7fc07008006780005fd2f008582460084
:1056b00095af9f00e98f520009013e0090992900a3
:1056c0009199290092992900939921000040e100c5
:1056d00001c8e10002d0e10003d8e100db003e0098
:1056e000a4002000050020006033b8000800be00c0
:1056f0000a01be00980507001faa97008002eb0070
:105700006033b80094af9f00a5af9f00b6af9f0075
:10571000c7af9f000482ea008582ea000683ea00a0
:105720008783ea00d4b79f00e5b79f00f6b79f00d4
:1057300087bf9f000400e1000588e1000690e100ba
:105740000798e100c6ff3600c00037000e00e900f0
:105750000e006000030032000004eb000d00780032
:10576000650037007770b9004500de006700600013
:1057700001982000e14078008100fb000004eb006c
:105780000d007800810478000b0037000944dd002b
:1057900001047400fc0890003c109000808f5000c1
:1057a000030031003180fb00710e980002003700c9
:1057b0000c007800b2fc0700a1982000e0c078003f
:1057c0008180fb008e8f500003003100f27f2000ab
:1057d000820f5400edff36008006780089007800c3
:1057e0008004eb006055b800f4ff2f00f5ff2f0098
:1057f0000403be00010078000000e900050033004a
:105800008703d1000683d3008582d3000482d300ae
:10581000f9ff37000d00780081067800200037007e
:105820000d0178000201e900050033000804d000f2
:105830008984d2000a85d2008b85d200f9ff370017
:105840000180fb008000eb006011b80008047000cc
:10585000898470000a0571008b857100fc08900036
:105860003c109000808f5000030031003180fb001d
:10587000710e98000a0037000c00780094b79f0062
:10588000a5b79f00b6b79f00c7b79f007cfc070075
:10589000cfb397003fb39700afb297001fb2970006
:1058a000a1982000e0c078000181fb008e0f51001c
:1058b000600031000440e10005c8e10006d0e100cd
:1058c00007d8e100d6ff36005a0037000ec4b900f1
:1058d00008844000fc0890003c109000808f50002d
:1058e000030031003180fb00710e98000200370088
:1058f0000c00780062fc0700a1982000e0c078004e
:105900008180fb008e8f500003003100b2712000b7
:10591000820f5400edff3600800678008004eb0013
:105920006055b80098af9f00a9af9f00baaf9f0025
:10593000cbaf9f00120037000002440081824c0070
:1059400002034d0083834d0094af9f00a5af9f00dd
:10595000b6af9f00c7af9f007c089000bc109000be
:10596000810f500003003100b086fb00700e9800dc
:10597000030037000c00780041fc07008006780027
:10598000a09820006d407800e0cf9f008042780012
:105990000580fb008e0f5000280031006174b800b4
:1059a0006055b8000802be000a03be00f0ff2f00d9
:1059b000f1ff2f000001be007e0407001faa970020
:1059c000afaa97003fab9700cfab97000020e10054
:1059d00001a8e10002b0e10003b8e10017003e00b9
:1059e0000802be000a03be001fa89700afa89700d8
:1059f0003fa99700cfa99700d7040700efca9700e7
:105a00000584fb008004eb006055b8000882ea00c2
:105a10008982ea000a83ea008b83ea000400e1003d
:105a20000588e1000690e1000798e100c2ff36001a
:105a30000200370080067800040037001fac970092
:105a4000afac97003fad9700cfad9700a098200076
:105a50006d4078000080fb008e0f50002000310068
:105a60000d00780009003700fc0890003c10900001
:105a7000808f5000030031003180fb00710e9800d0
:105a8000020037000c007800fdfb0700a198200001
:105a900060c078000080fb008e0f5000f2ff3900dc
:105aa00020022000f06288005fab97000608a30088
:105ab000070032005fac9700efac97007fad970016
:105ac0008fb597008003eb0087af9f00040037007d
:105ad0005fac9700efac97007fad97008fb5970054
:105ae0003c1090000000e000030032007c089000b1
:105af0000000e900700e98005fa89700efa89700db
:105b00007fa997008fb197000040e10001c8e10034
:105b100002d0e10003d8e1001c0039000008a30016
:105b20000e003a008fa897000100e0000b003a0039
:105b300020022000f06288005faa9700efaa970079
:105b40007fab97008fb3970061025200e0825a004a
:105b500060035b00e0835b00150037005fa89700df
:105b6000efa897007fa997008fb197000040e10050
:105b700001c8e10002d0e10003d8e10003003600d3
:105b800020022000f0628800140037008fa89700e0
:105b9000e18f40000b003a006000b8006011b800cf
:105ba00008025000898258000a0359008b8359006b
:105bb000d4af9f00e5af9f00f6af9f0087b79f006f
:105bc000060037000800be000a01be00d0af9f00eb
:105bd000e1af9f00f2af9f0083b79f005fa89700df
:105be000efa897007fa997008fb197004f07780023
:105bf0004f06be004f05be004f04be006f02b1004d
:105c0000000006008e002000d0fe3700881f7800bc
:105c100040442000ad010700000478000800e000c7
:105c200013003200c20320008000eb00080078005f
:105c30000afb070060eb2200300c980040092300ab
:105c4000400c980000f422007004980000fb220031
:105c50001014980000c0eb00205c98004004200065
:105c60000800400020049800004020003004980004
:105c7000080078004f04780000000600889fbe00ee
:105c80008a9fbe00100290008002eb000418a3005f
:105c900003003a0080129000700990008282520046
:105ca000d0019000600190000284510008844200fd
:105cb000cfc4de00614db9008898be008a90be0056
:105cc0000000eb000468a300040032001000200074
:105cd000828f510001003e000000eb004f05be0026
:105ce0004f04be00000006000200fa00881f780082
:105cf00000047800e2bf9f0064815700080078002c
:105d00001df60700980090000148a3000100320032
:105d10000080eb004f0478000080fa0000000600cd
:105d2000889fbe000004780048009000820478003c
:105d3000808f54000100360080047800090178004b
:105d40005800900094f107005800900009004000ae
:105d500050049800c80090008984500049049800bd
:105d60000048eb004f04be00000006001000780061
:105d70008eeb3700900190000388a30001003200f1
:105d8000e7ff37000348a30001003a0005020700bf
:105d90000000060001017800920090000158a30065
:105da00003003a0082007800910107000f003700dd
:105db0008080fb00a25990008301fb00838f50007c
:105dc00007003200d2019000220a9000848f510017
:105dd0000300310080597800530198000400370017
:105de0008000780002007800f4010700800078004d
:105df00001007800000006000000060060b82000e6
:105e000000000600889fbe000004be000000eb00fa
:105e10000800e00018003200180090000058a300ad
:105e20000d003200d800900068009000808f500074
:105e300009003600b80990000001eb0082007800ec
:105e40000800780003000100d80090000080eb00fb
:105e50000100e000080032000000eb00200c980078
:105e600060049800500498000900e000020032002d
:105e70001800780044eb07004f04be000000060045
:105e8000889fbe000004be000000eb000800e00098
:105e900025003200180090000058a30011003200c5
:105ea000d800900068009000808f500009003600f4
:105eb000b80990000001eb0082007800080078002b
:105ec00003000100d80090000080eb000100e0001a
:105ed000150032000000eb00200c980060049800d0
:105ee00050049800780a900008109000800f52002b
:105ef000060031000002520011002000cfa2de0097
:105f0000612bb90018007800330107000000eb0096
:105f100000149800700c98000900e00002003200a4
:105f20001800780018eb07004f04be0000000600c0
:105f30000000060000000500fdff07000063800070
:105f40008000eb0063010700006380008000eb002d
:105f500060010700006380008000eb005d013700f6
:105f60000800fa00889fbe008a1f780000047800ad
:105f7000010578008204780038009000a8009000a5
:105f80009abf9f000001780002f0a7000201ea001a
:105f90000201ea004f11de0002815400a2bf9f00ff
:105fa000b1bf9f00c0bf9f0022002000ee805700bd
:105fb00018007800260107000000e00006003c0001
:105fc000f80060000130a20018019000828070008b
:105fd00011049800110037002fb99700820f50006c
:105fe0000e003600a8009000710c980002005000ce
:105ff0000080400000149800380090000000e0008d
:10600000070032000905450001007800b040780023
:1060100071fd9f00700c980001003700800478002b
:10602000090078004f0578004f04be000080fa0098
:1060300000000600881f780000047800180078002f
:10604000e50007000203be000002be00f0ff2f00c3
:10605000f1ff2f000001be00e00f5200e08f5a0058
:10606000e00f5b00e08f5b0005003500180090003a
:106070000030a100100498006000b8006011b80062
:106080004f047800000006000800fa00889fbe0058
:106090008a1f78000004be00180090000058a3007a
:1060a0001b003200d800900068009000808f5000e4
:1060b00013003600b80990000001eb008200780060
:1060c0000800780094bf9f00a5bf9f00b6bf9f0047
:1060d000c7bf9f000300010058059000f0ff2f008c
:1060e000f1ff2f000001be001fba9700afba970062
:1060f0003fbb9700cfbb97000a00e00006003200cc
:106100000000eb00200c98006004980050049800f8
:106110000800be00c7ff07004f0578004f04be000f
:106120000080fa00000006000800fa00889fbe0008
:106130008a1f78000004be00e18f540008003a0076
:10614000881090007808900000805000cf80de001a
:106150000002520081825a0001035b0081835b00d0
:10616000180090000058a3001b003200d8009000d7
:1061700068009000808f500013003600b80990002e
:106180000001eb00820078000800780094bf9f00b7
:10619000a5bf9f00b6bf9f00c7bf9f0003000100bf
:1061a00058059000f0ff2f00f1ff2f000001be0006
:1061b0001fba9700afba97003fbb9700cfbb9700bd
:1061c0000a00e000150032000000eb00200c9800ef
:1061d00060049800500498000800be0095ff070076
:1061e0000203be000002be00f0ff2f00f1ff2f00ef
:1061f0000001be00e00f5200e08f5a00e00f5b008c
:10620000e08f5b00050035000000eb0000149800f3
:10621000700c98006000b8006011b8004f0578005d
:106220004f04be000080fa000000060000000600d7
:1062300020bc200000000600881f780000047800c1
:10624000486090008040e90000c070004064980001
:10625000d800900068009000808f50000500360044
:10626000b80990000001eb00820078000800780077
:10627000030001000000eb00200c9800600498006f
:1062800050049800980090000118a3000300320009
:106290000140a00011049800080037002801900078
:1062a000380090000000410000149800700c980025
:1062b0000000eb000138a300010032000080eb0079
:1062c0004f047800000006001bff37000200fa00b0
:1062d000889fbe000000e00001003a00100020008e
:1062e0000004e8000800a100a06280000000e800af
:1062f0000000a100a0628800000020000000e00073
:106300000f003200e10f540006003600e20f440097
:1063100005003a00c0002000f06288000000eb0099
:106320002a003700280020000800780034e7070022
:10633000290020000000e00024003a00010037009e
:106340008004eb00a0628000916280000080500019
:10635000800f54001300360008804400d0bf9f0017
:1063600066805700cc000700800078000000eb003a
:106370000100e000150032000100e8000000a1006b
:1063800091628000810f500001003200a0628800fd
:10639000dfb89700010040000000e8000000a10005
:1063a00090628800a16280000900e00003003200d2
:1063b000010078000818780001003700010078001b
:1063c0000884440088804000a16288004f04be0019
:1063d0000080fa0000000600a0fd2f00f1ff2f0052
:1063e000320007004f89de008201780000000600bd
:1063f0000200fa0081017800e0ff9f009300900006
:106400000188a30005003200d30090008058780076
:106410000080fb00d10198000a0037001200200024
:106420008f80e900030078005e000700800078009c
:106430000080eb000100e00002003200eff897005e
:106440000180fb000080fa000000060051fe3700ca
:10645000889fbe008a9fbe008c1f780000067800cf
:1064600082057800010478008004eb0009057800bb
:106470000700370018019000980078000c007800a1
:106480007de90700808444000a05e80064044400b4
:106490008b0f5500f7ff3500090078004f06780094
:1064a0004f05be004f04be000000060002002f0092
:1064b000f3ff2f00820f5000838f58000400360036
:1064c0000000ea00f06288000080eb008080eb00b2
:1064d000000006008001eb000000e0000500320033
:1064e000700190000200e000020032000200010092
:1064f0008001780003007800000006006000b8000a
:106500006011b80000000600881f7800c00120005c
:106510006eff0700000478000800e0000a00320067
:10652000c20120008000eb0008007800cbf80700d3
:1065300060eb2200300c980040042300400c9800cf
:1065400000c0eb00205c9800080078004f04780041
:1065500000000600adfd3700400990000240010038
:10656000d00190006001900002825100cfa2de00b5
:10657000612bb9008498be008690be009000900008
:106580000000eb000168a3000400320010002000ae
:10659000828f510001003e000000eb000000060069
:1065a000b6fd3700b00990000300e00001003200a2
:1065b00003400100100078007ce937000200fa0077
:1065c000881f780000047800c1ff9f002808900011
:1065d0000000e00006003a000800780020000700f4
:1065e000800078000080eb000100e00018003a0015
:1065f000d800900028089000808f500009003100da
:106600004ff997000280fb00a85990008301fb001e
:10661000830f500003003200825878005104980024
:106620000b003700b809900012002000e4805700ea
:106630000800780003000100800078000080eb0073
:10664000e18f500002003a00cff897000180fb0074
:106650004f0478000080fa000000060000000500ea
:10666000881f7800000478000800780021fb0700ec
:106670000000e00006003a00a800900061049800c5
:10668000510498003801900082804000210c98004d
:106690004f04780000000600900078000000eb0036
:1066a0000100e000050035000100780081e90700e5
:1066b000e10f400001003a000000eb00000006007e
:1066c00000000600feff0700fdff0700fcff37008b
:1066d00000c0da000000060000c0da00000006007a
:1066e00000c0da000000060081037800b6e9070068
:1066f0000001be006000b8000478a30013003a0057
:106700006220e10015003e000d0039008301d10038
:106710000281d3008180d3008301d1000281d300a4
:106720008180d3008301d1000281d3008180d30016
:106730000538b000c42add00f300b2008381720086
:1067400007f0a70003f0a0000000060083ff270069
:10675000020020006110b900f9ff370003ff270095
:10676000f7ff37000003be0097e907006011b8008b
:106770000470a70007f0a1006509b1001b003200fa
:1067800012003500860220000628e10008003500ce
:10679000f3ff2700f2ff2f006110b9000700e000af
:1067a00018003b00030028006000b800020005004c
:1067b00000004000818048000201490083814900b7
:1067c0008502e900faff3a0008003700f88f42001e
:1067d00002003c008000eb00000005008100d100b9
:1067e0000080d3008502e800fcff3a000700e000cb
:1067f00004003b0060001000e080180060011900f8
:10680000e0811900000006000001be006ee90700eb
:106810000470a70003f0a1006509b1001600320062
:106820000d0035006828e10006003500f0ff2f005c
:10683000f1ff27000300e00013003b0001002800e7
:106840000000050000004000818048008502e9004a
:10685000fcff3a0008003700f88f420002003c00bd
:106860008000eb00000005008100d1000080d30013
:106870008502e800fcff3a000300e00002003b0054
:1068800060001000e0801800000006001400fa000c
:10689000889fbe008a9fbe008c9fbe000005be0080
:1068a0000206be00680047000c90be000a90be00c1
:1068b000520107006400e1001a00320016003e0099
:1068c0006100e1001a0032006e049000fe049000a6
:1068d0000e0b90009e0b90006011b8009e0590007a
:1068e0000b38b100d5012000828171006101640084
:1068f0008703d1000683d3008984d3000884d300a2
:106900008502e900f8ff3a0003ed07000df0a7004b
:1069100001f0a0007401370001fc270000002000f6
:10692000faff370001f8270000002000f7ff3700ca
:106930006000b800f5ff3700020ab900001bb9007b
:106940000200b80081004200810043000000060000
:10695000889fbe008a9fbe0030044200b0844a0077
:1069600030054b0090854b006000b1000898be00d8
:106970000a90be000440e10005c8e10006d0e10035
:1069800007d8e10002003100680040001008e8006c
:106990004f05be004f04be0000000600889fbe00e9
:1069a0008a9fbe003004be002005be0004185400bb
:1069b00005985c0006185d0007985d001100200036
:1069c0000440e10005c8e10006d0e10007d8e1007d
:1069d000010039008000eb00108810004f05be0058
:1069e0004f04be00000006001200fa00889fbe009f
:1069f0008a9fbe008c9fbe00e0b79f00f1b79f004a
:106a000082bf9f0093bf9f000605be000404be0026
:106a10000000eb00d0b79f00c0b79f00b0b79f0049
:106a2000a0b79f0090b79f00000678005fb1970065
:106a3000cfb09700820141003fb097000200e00014
:106a400004003d00370007007e805700c0ff0700ac
:106a500003003700330007007e805700cfff070098
:106a6000dfb697000d00e0000c0035006fb2970014
:106a7000ffb297000fbb97009fbb9700100020004c
:106a8000010020006011b8000002720081827200d3
:106a900002037300838373001b0007000c06e800e9
:106aa00001042000810f5600e0ff3a000d00e000d5
:106ab00004003d000802be000a03be007e805700ad
:106ac000a3ff07005fa897000000e00005003a0060
:106ad0001fb29700afb297003fb39700cfb39700b4
:106ae000090007006fb09700ffb097000fb997003b
:106af0009fb997004f06be004f05be004f04be0071
:106b00000080fa00000006000100070000000600f7
:106b1000a4b79f00b5b79f00c6b79f00d7b79f0027
:106b2000000006004f09de0082817100b3b79f00ac
:106b30004f01de008180400082807000a1b79f007d
:106b40008fb097004f09de00000040000200700087
:106b500090b79f007fa897004f01de008180400022
:106b60008280700081b79f000d0007004f3ade0061
:106b70000000400004007000f0af9f000800070014
:106b80000402420085824a0006034b0087834b00c3
:106b9000dfff07000802be000a03be000000060077
:106ba0002fb29700bfb297004fb39700dfb39700a3
:106bb00000000600881f780018002000881f780059
:106bc00089ff07008f87e9004f0478000000060066
:106bd000801feb0084ff07008f87e900000006009c
:106be000889fbe008a9fbe00e00f5000e08f5800d3
:106bf000e00f5900e08f59000c003d006044b800e0
:106c00006055b8000000540081805c0002015d0006
:106c100083815d00180020001500070008003d007a
:106c2000180007000004eb00050037000004eb002b
:106c30000f00070002003d001200070018002000ae
:106c4000dcff07000800e000060032006022b80008
:106c50006033b8000000520081805a0002015b00de
:106c600083815b004f05be004f04be00000006009c
:106c7000e00f5200e08f5a00e00f5b00e08f5b00f6
:106c8000000006006044b8006055b80004025400db
:106c900085825c0006035d0087835d0000000600be
:106ca000889fbe008a9fbe008c1f7800e00f5000b6
:106cb000e08f5800e00f5900e08f59000d003d00b3
:106cc0006044b8006055b8000000540081805c004a
:106cd00002015d0083815d001c0020000820e100ae
:106ce00009a8e1000ab0e1000bb8e1000d003d0089
:106cf000080037000006eb00e00f5200e08f5a005a
:106d0000e00f5b00e08f5b0006003d006044b800d0
:106d10006055b8000402540085825c0006035d00e3
:106d200087835d00aaff07000c00e0000600320028
:106d30006022b8006033b8000000520081805a0021
:106d400002015b0083815b004f0678004f05be00a7
:106d50004f04be0000000600889fbe008a9fbe0050
:106d60008c1f78000006eb00e00f5000e08f580009
:106d7000e00f5900e08f590007003d006044b80063
:106d80006055b8000000540081805c0002015d0085
:106d900083815d001c002000e00f5200e08f5a004c
:106da000e00f5b00e08f5b0007003d006044b8002f
:106db0006055b8000402540085825c0006035d0043
:106dc00087835d000c00a2004c0007000c00e0006f
:106dd000060032006022b8006033b80000005200a4
:106de00081805a0002015b0083815b004f067800be
:106df0004f05be004f04be00000006008000780072
:106e00005002be005003be004439de00f700b2005d
:106e1000f37f200003016100090032000218e10045
:106e200016003a00850172008301730083817300ac
:106e30000008200015003a00400020001300370031
:106e400085017200830173008381730005003a009d
:106e500004a8be0006a8be00100020000b003700ea
:106e60000201e9000402420085824a0006034b0049
:106e700087834b000748a300f9ff32000740a000ba
:106e800004a8be0006a8be002000200080009800d4
:106e90009200980000000600680447000294be00bb
:106ea0000094be00fc0447008694be008494be009b
:106eb00009007800d1ff070008007800cfff070025
:106ec00099007800814f70000b003b000800be0065
:106ed0002c0007004f00b10003003700f3ff27002c
:106ee000f2ff2f006110b9004f06be004f05be0033
:106ef0004f04be000080fa0000000600889fbe001c
:106f00008a9fbe008c9fbe000404b8000506b8002e
:106f10008904460060854e000606b8000a05460052
:106f2000e0854e000706b8008b054600040eb80049
:106f3000890446000a854e00e0854d00050eb80024
:106f40000a0546008b854e00060eb8008b054600ec
:106f50000416b8000a0546008b854e000516b800d9
:106f60008b054600041eb8008b0546000800be00d5
:106f70000a01be004f06be004f05be004f04be0012
:106f800000000600e48240001078a30007003200f1
:106f9000640240001178a3003400be001401be005a
:106fa000040032000330a700000006003500be00d8
:0c6fb0001501be000330a0000000060028
:020000040000fa
:106fbc0025750000005400004f50000000520000e6
:106fcc004553000045540000004f000054000000e1
:106fdc000d0a0000004400004d0000004657000060
:106fec000073000065720000696100006c00000015
:106ffc005242000030300000007200006169000055
:10700c006e6200006f770000206c00006967000062
:10701c0068740000732000006f660000662000009a
:10702c00005200004230000031000000726100008c
:10703c00696e0000626f0000772000006c69000030
:10704c006768000074730000206f00006e00000081
:10705c004c5200002000000052610000772000001c
:10706c007265000064200000696e000070750000fd
:10707c00743a0000200000004c5200002025000053
:10708c003278000000720000656400005057000068
:10709c004d200000757000006461000074650000f4
:1070ac00640d00000a000000496e000076610000cb
:1070bc006c69000064200000726500006420000010
:1070cc006865000078200000766100006c75000097
:1070dc00650d00000a0000004c4700002000000075
:1070ec004c470000202500003278000000470000cb
:1070fc0072650000656e000020500000574d0000c6
:10710c00207500007064000061740000656400006c
:10711c000d0a0000004900006e760000616c000052
:10712c00696400002067000072650000656e000055
:10713c00206800006578000020760000616c00007b
:10714c00756500000d0a0000004c00004220000094
:10715c00004c0000422000002532000078000000a6
:10716c00626c00007565000020500000574d000057
:10717c0020750000706400006174000065640000fc
:10718c000d0a0000004900006e760000616c0000e2
:10719c0069640000206200006c750000652000002e
:1071ac006865000078200000766100006c750000b6
:1071bc00650d00000a0000004c5700002000000084
:1071cc004c570000202500003278000000770000aa
:1071dc00686900007465000020500000574d0000e5
:1071ec00207500007064000061740000656400008c
:1071fc000d0a0000004900006e760000616c000072
:10720c006964000020770000686900007465000064
:10721c00206800006578000020760000616c00009a
:10722c00756500000d0a00000044000053200000aa
:10723c0000440000532000002532000078000000bc
:10724c00646f00006f720000207300007065000016
:10725c00656400002075000070640000617400001b
:10726c00656400000d0a0000004900006e76000005
:10727c00616c000069640000206400006f6f000006
:10728c00722000007370000065650000642000002f
:10729c006865000078200000766100006c750000c5
:1072ac00650d00000a00000055410000525400001a
:1072bc002052000065610000647900000d0a000096
:1072cc00007200006564000020680000617300001b
:1072dc0020630000686100006e67000065640000b8
:1072ec000d0a00000067000072650000656e00006a
:1072fc0020680000617300002063000068610000da
:10730c006e670000656400000d0a0000006200005a
:10731c006c7500006520000068610000732000009f
:10732c0063680000616e000067650000640d00007a
:10733c000a000000776800006974000065200000f6
:10734c00686100007320000063680000616e00003b
:10735c0067650000640d00000a0000004172000027
:10736c007269000076650000642000006174000002
:10737c00207400006f700000206600006c6f00002d
:10738c006f720000202d0000207700006169000062
:10739c00746900006e67000020310000207300004b
:1073ac00656300006f6e0000640d00000a000000b1
:1073bc0053540000203200003100000041720000e4
:1073cc0072690000766500006420000061740000a2
:1073dc00206200006f740000746f00006d200000cc
:1073ec00666c00006f6f0000722000002d20000002
:1073fc007761000069740000696e0000672000006e
:10740c003120000073650000636f00006e640000a3
:10741c000d0a00000053000054200000314600000b
:10742c0000530000542000003237000000530000cd
:10743c005420000031360000003100002d73000094
:10744c00656300006f6e000064200000646500003e
:10745c006c61000079200000636f00006d7000000b
:10746c006c65000074650000202d00002064000095
:10747c006f6f0000722000006f700000656e0000de
:10748c00696e0000672000007265000071750000d5
:10749c006573000074650000640d00000a000000b4
:1074ac00444f00004f5200003a200000537400007b
:1074bc0061720000746900006e670000206f0000ac
:1074cc00706500006e6900006e670000207300009c
:1074dc0065710000756500006e630000650d0000ad
:1074ec000a0000005354000020300000380d00004a
:1074fc000a0000004f500000454e0000494e0000ad
:10750c00472000002d200000505700004d3a00008d
:10751c00200000002028000000250000290d00009c
:10752c000a000000524100004d5000003a200000bb
:10753c005265000061630000686500006420000073
:10754c003530000025200000505700004d20000071
:10755c007461000072670000657400000d0a000081
:10756c00004400004f4f0000523a0000204600003b
:10757c00756c00006c790000206f000070650000d5
:10758c006e2c000020730000746f000070700000ff
:10759c00696e0000672000006d6f0000746f0000c2
:1075ac00720d00000a00000053540000203000004f
:1075bc00390d00000a000000444f00004f5200003b
:1075cc003a200000537400006172000074690000de
:1075dc006e670000206300006c6f00007369000090
:1075ec006e67000020730000657100007565000077
:1075fc006e630000650d00000a000000524100009f
:10760c004d5000003a20000030250000202d0000d5
:10761c003e200000353000002520000050570000af
:10762c004d2000006f7600006572000020320000d3
:10763c0020730000656300006f6e0000647300002f
:10764c000d0a0000005300005420000030410000df
:10765c000d0a0000004300004c4f0000534900008d
:10766c004e470000202d000020500000574d000018
:10767c003a200000004400004f4f0000523a000036
:10768c0020460000756c00006c790000206300003f
:10769c006c6f000073650000642c00002073000008
:1076ac00746f000070700000696e000067200000ad
:1076bc006d6f0000746f0000720d00000a00000076
:1076cc005354000020300000420d00000a0000005e
:1076dc0041750000746f00002d6300006c6f00009a
:1076ec007365000020740000696d00006572000075
:1076fc00206500007870000069720000656400006d
:10770c000d0a000000540000726100007665000054
:10771c006c2000007374000061720000746500003e
:10772c00640d00000a000000547200006176000035
:10773c00656c000020730000746f00007070000016
:10774c0065640000202d0000203300007320000031
:10775c00646500006c610000792000007374000007
:10776c006172000074650000640d00000a000000e6
:10777c00446500006c610000793a000020000000b4
:10778c00730d00000a000000337300002064000039
:10779c00656c000061790000206300006f6d0000d3
:1077ac00706c000065740000652000002d20000046
:1077bc007472000061760000656c000020610000ae
:1077cc006c6c00006f770000656400000d0a00000f
:1077dc000053000054200000323300000d0a00005a
:1077ec00004c000065760000656c00006c690000c0
:1077fc006e6700003a2000005374000061720000b4
:10780c0074650000642000006c6f00007765000058
:10781c00726900006e6700000d0a0000004c000049
:10782c0065760000656c00006c6900006e670000f6
:10783c003a2000000020000074690000636b000017
:10784c0073200000280000002e00000073290000a7
:10785c000d0a0000004c000065760000656c00000d
:10786c006c6900006e6700003a200000436f000056
:10787c006d7000006c65000074650000202d000028
:10788c0020550000702000006c6900006d6900003c
:10789c0074200000726500006163000068650000e0
:1078ac00640d00000a000000535400002032000058
:1078bc00310d00000a00000053540000203100007c
:1078cc00360d00000a00000045520000524f000027
:1078dc00523a0000204c000065760000656c0000f8
:1078ec006c6900006e67000020740000696d000078
:1078fc00656f000075740000202d000020550000fd
:10790c00702000006c6900006d690000742000009c
:10791c007377000069740000636800002066000043
:10792c00617500006c7400000d0a0000004c000032
:10793c0065760000656c00006c6900006e670000e5
:10794c003a200000526500006164000079200000bc
:10795c00666f0000722000006e65000078740000f5
:10796c00206f0000706500007261000074690000f7
:10797c006f6e00000d0a0000004c000065760000e0
:10798c00656c00006c6900006e6700003a20000016
:10799c0045720000726f000072200000636c0000e2
:1079ac006561000072650000640d00000a000000b3
:1079bc0045520000524f0000523a0000204c00008b
:1079cc0065760000656c00006c6900006e67000055
:1079dc0020610000626f000072740000656400009a
:1079ec00202d00002053000061660000657400002b
:1079fc0079200000696e000074650000726c000054
:0c7a0c006f6300006b0d00000a0000001a
:020000040000fa
:107a18000000fa004023a9000080fa0000000600d8
:107a28000400fa00100798001e0090008000eb0088
:107a3800e200200003002000820f5000838f5800ce
:107a48003d003e00006001000e00370010003700c6
:107a580012003700140037001600370018003700ee
:107a68001a0037001c0037001e00370020003700be
:107a7800220037002400370026003700280037008e
:107a88002a00370001188000010f78002b0037000a
:107a980011188000010f7800280037002118800095
:107aa800010f78002500370031188000010f780099
:107ab8002200370041188000010f78001f003700ae
:107ac80051188000010f78001c00370061188000f1
:107ad800010f78001900370071188000010f780035
:107ae8001600370081188000010f78001300370056
:107af80091188000010f780010003700a11880004d
:107b0800010f78000d003700b1188000010f7800d0
:107b18000a003700c1188000010f780007003700fd
:107b2800d1188000010f780004003700e1188000a8
:107b3800010f780001003700000000001e007800e7
:107b48000080fa00000006000a00fa0020079800ea
:107b580031079800420798004e0090000000e800a6
:107b6800104078000000fb00c800dd004e009000c7
:107b7800104078000000fb00810070002e0090008b
:107b88000108bb002e0090008000eb000188bb00bc
:107b98004e00900063004000104078000000fb0099
:107ba800c800dd004e0090000080e800104078001a
:107bb8000000fb00810070002e0090000080e800ab
:107bc8000108bb002e0090000080e8008000eb0058
:107bd8000188bb004e00900065004000104078000e
:107be8000000fb00c800dd004e009000640040006b
:107bf800104078000000fb00810070002e0090000b
:107c0800640040000108bb002e00900064004000a2
:107c18008000eb000188bb0010002400003b8800b6
:107c28002e019000be019000028fbe000500fc00ee
:107c380050052000303b8800a00a2000303b880017
:107c480061e7a8000000fc0000000000013b800084
:107c580000002800008060000000e000fbff3a0000
:107c68000080fa00000006000800fa0020079800cb
:107c7800310798002e009000100fba002e009000d7
:107c88001080ba00204798002e4090000080fb002a
:107c98008000eb00c001dd00020020001e0078001b
:107ca8008000eb0000007100818071000080fa0004
:107cb800000006000a00fa00300798004107980003
:107cc8000000eb00000f78001d0037001e00780050
:107cd800000040006101b9003e009000ce00900015
:107ce8000200400083804800dfff0700100798006b
:107cf800210798001e007800000040009e009000b8
:107d08000141780001b42000827078001e007800dc
:107d1800000040000001e8001e009000ae00900046
:107d2800c809dd004800de0000807100c808de00d8
:107d38008040780000b42000017079001e0fe80030
:107d48001e007800e20f5000e0ff34000080fa00c7
:107d5800000006001600fa00200f9800ae089000f8
:107d6800811f7800e07d2b00801f78000e007800ce
:107d78006fe90700e48757000e007800020007004b
:107d88000080fa00000006000200fa00000f7800e8
:107d98000b003700000000001111800000202000b7
:107da800008060000000e000fbff3a001e00780041
:107db800104078000000fb00201188001e0fe8002a
:107dc8001e007800104078000004e000f1ff3a003f
:107dd8000080fa00000006002000fa00700f9800ea
:107de80000482800e10120000b1307007e089000de
:107df800117e2b006de907000000e0000001320051
:107e08007e089000517e2b0068e907000000e00022
:107e1800fb0032007e089000b17e2b0063e907006a
:107e28000000e00005003a0020488000c9ff070074
:107e3800e07e2b00d4ff0700f10037007e08900099
:107e4800117f2b0059e907000000e00005003a0007
:107e580030488000bfff0700e07e2b00caff070004
:107e6800e70037007e089000417f2b004fe90700ac
:107e78000000e00005003a00e0aa2000c2ff070069
:107e8800e07e2b00c0ff0700dd0037007e08900071
:107e9800717f2b0045e907000000e00005003a006b
:107ea800e0aa2000b8ff0700e07e2b00b6ff07001d
:107eb800d30037007e089000e17f2b003be90700e4
:107ec8000000e00008003a00004080000000e000e8
:107ed80005003a00100020000040880030802b0088
:107ee800a9ff0700c60037007e08900071812b00ab
:107ef8002ee907000000e00007003a00004080007b
:107f0800e10f500004003a000028ef00c0812b0068
:107f18009dff0700ba0037007e089000320020005d
:107f2800e1822b002ce907000000e00025003a0060
:107f38007e08900066004000220020008000780043
:107f48000e00780039e907000040eb002047980050
:107f580020832b008cff07007e0890008aff070013
:107f6800e07e2b0088ff07007e089000e4004700b1
:107f7800811f780021842b00811f7800f9e8070011
:107f8800e4875700e10f50000b003a002e009000e4
:107f9800cf80de00104188002141880090842b00aa
:107fa80079ff07001041800021418000000078001f
:107fb80068ff070092003700a0852b0072ff0700ba
:107fc8008f0037007e0890003200200021872b00a8
:107fd80001e907000000e0001e003a007e0890005a
:107fe800e600400066004700220020000fe9070075
:107ff8000040eb00004f98007e089000ea00470020
:10800800811f780061872b00811f7800d5e8070061
:10801800e4875700e10f50000b003a005e00900023
:10802800cf80de003041880041418800d0872b0096
:1080380055ff070030418000414180000000780072
:1080480044ff07006e00370010892b004eff070021
:108058006b0037007e08900032002000b18a2b00a8
:10806800dde807000000e0001e003a007e089000ee
:10807800e60040006c00470022002000ebe8070003
:108088000040eb00604f98007e089000f000470029
:10809800811f7800f18a2b00811f7800b1e8070062
:1080a800e4875700e10f50000b003a000e089000db
:1080b800cf80de005041880061418800608b2b0032
:1080c80031ff0700504180006141800000007800c6
:1080d80020ff07004a003700908c2b002aff07007a
:1080e800470037007e08900032002000218e2b00c8
:1080f800b9e807000000e0001e003a007e08900082
:10810800e60040007200470022002000c7e8070090
:108118000040eb00405798007e089000f6004700aa
:10812800811f7800618e2b00811f78008de8070081
:10813800e4875700e10f50000b003a003e0890001a
:10814800cf80de007041880081418800d08e2b00ee
:108158000dff070070418000814180000000780019
:10816800fcfe07002600370010902b0006ff0700d2
:10817800230037007e08900032002000b1912b00c8
:1081880095e807000000e0001d003a007e08900016
:10819800e60040007800470022002000a3e807001e
:1081a8000040eb00205f98007e089000fc0047002c
:1081b800811f7800f1912b00811f780069e8070082
:1081c800e4875700e10f50000b003a006e0890005a
:1081d800cf80de00404888005148880060922b001c
:1081e800e9fe070040488000514880000000780000
:1081f800d8fe070002003700b0932b00e2fe07000c
:108208000080fa00000006000200fa00004f780023
:108218000000000011118000002020000080600094
:108228000000e000fbff3a001e00fb002011880060
:108238000080fa00000006000400fa00004f7800f1
:1082480011479800224798000602a8000000000085
:1082580030108000610060000000e000fcff3a0080
:108268001e80fb0000004000101088000000000085
:108278004110800000002400008060000000e00041
:10828800fbff3a001e4090000080fb0010108800a1
:108298000000000041108000000024000080600001
:1082a8000000e000fbff3a002e4090000080fb0039
:1082b8001010880000000000411080000000240019
:1082c800008060000000e000fbff3a000642a800c2
:1082d8000000000030108000640060000000e00032
:1082e800fcff3a000080fa00000006000400fa00d3
:1082f8002047980031479800710e07002e409000e3
:1083080000404000890e07003e409000870e07009d
:108318002e4090000080fb000000400000407800e4
:108328000004a000810e07000040eb00930e070038
:10833800004f78006b0e07001e4078000080fa009e
:10834800000006000000fa0002c1b30031c0b3000b
:1083580000c4b300b8ff070032c0b300e1cfb300d8
:1083680000c4b300b4ff07000041eb008040eb00fd
:1083780000c4b300b0ff070042c0b30011c0b3008f
:1083880000c4b300acff07000080fa00000006003c
:108398000800fa0020479800210798003207980043
:1083a8002e4090004200dd00664f40002e009000f5
:1083b80000407800004178009e40780000c4b30077
:1083c8009dff07002e0090004800de0080407800e6
:1083d8001e40e800014178008040780000c4b300e6
:1083e80095ff07003e009000804078001ec0e8001e
:1083f800014178008040780000c4b3008eff070078
:108408003e0090004800de00804078001e41780061
:1084180063404100014178008040780000c4b30007
:1084280085ff07000080fa00000006000200fa003d
:108438000000eb00000f7800240037001e017800d0
:108448008000eb000040eb00d1ff070000c42900ca
:1084580001002000701107001e0178008000eb0069
:1084680010c0b300caff070000c4290001002000a3
:10847800691107001e0178008000eb0020c0b300de
:10848800c3ff070000c42900010020006211070093
:108498001e0178008000eb0030c0b300bcff07006d
:1084a80000c42900010020005b110700f0ff200034
:1084b8009e007800808f5000020036000000eb001c
:1084c800000f78009e007800708f400000002100a7
:1084d8009e007800808f5000d8ff36000080fa0098
:1084e800000006000600fa00000f78001107980047
:1084f800220798001e0178008000eb000040eb0086
:10850800a3ff07001e0190008000eb0010c0b3001d
:108518009fff07002e0190008000eb0020c0b300f1
:108528009bff07000080fa00000006000a00fa001e
:10853800881f78006000b800008fbe000100370077
:10854800000000001e00be001fe607000200200019
:1085580003f8230048e2070002002e00f34f24002e
:1085680009e40700f8e107002007980062aa200044
:10857800630024001e00be003fe2070012e6070069
:108588000200200003f823003be2070002002e004f
:10859800f34f2400fce30700ebe1070030079800e5
:1085a80062aa2000630824001e00be0032e2070011
:1085b80005e607000200200003f823002ee207006a
:1085c80002002e00f34f2400efe30700dee107006e
:1085d800400798004e019000be0090002e009000c9
:1085e800c0ff070000c42900010020000a1107008d
:1085f800a2702d0033c223001e00be001ee2070039
:10860800008fbe0018c0b30092ff2000930c240016
:108618001e00be00cae107000000e00001003c00a7
:108628000044eb000804e000c5ff320092ff200080
:10863800930c24001e00be0006e20700008fbe0057
:10864800c0ff37000200fa00004f78003a0d07001b
:1086580080c7b300530d07000040eb00510d070021
:108668001e4078004f0d07003c0d070080002000d9
:1086780001002000e81007000080fa000000060052
:108688000200fa00004f78002b0d070080c7b300e6
:10869800440d070000c4b300420d07001e407800d7
:1086a800400d07002d0d07000032200001002000ba
:1086b800d91007000080fa00000006000000fa0048
:1086c80000a8210061002000d310070080c3b30078
:1086d800dcff070090c3b300daff070000a8210001
:1086e80061002000cc10070040c1b300d5ff07008f
:1086f800f0c7b300d3ff0700f0c5b300d1ff0700f0
:1087080000482800e1012000c3100700c0c6b300dc
:10871800ccff07000088230011002000be100700ce
:1087280080c3b300c7ff07000088230011002000a2
:10873800b9100700d0c0b300c2ff070000882300ab
:1087480011002000b410070010c0b300bdff0700df
:108758000088230011002000af10070060c0b3009c
:10876800b8ff070000c4290001002000aa10070074
:1087780000c4b300b3ff070000482800e10120004f
:10878800a51007000080fa00000006000200fa00a9
:10879800000f7800040037001e00780010407800b1
:1087a8001e0fe800b6ff07001e0078001040780092
:1087b8000004e000f8ff3a000080fa00000006001c
:1087c8000000fa0092fc07000080fa000000060092
:1087d8000000fa009a0e0700100020009047880059
:1087e80010002000a047880010002000c047880023
:1087f8001000200030468800100020002045880026
:10880800100020001043880010002000204388003a
:108818001000200070478800100020009044880055
:1088280010002000b0428800d04680000000e80018
:10883800d0468800704580000000e8007045880038
:10884800d04580000000e800d045880060438000e3
:108858000000e800604388000080fa00000006007d
:108868000000fa001a0e07001000200020438800bc
:1088780010002000404788000080fa000000060031
:108888000200fa00260f070010002000000f7800f1
:108898001000200040478800c04524000000010067
:1088a800e0462400000001000080fa0000000600f5
:1088b8000000fa0071458000404a8000808f500017
:1088c800020035004629ef00ae28ef000080fa00cc
:1088d800000006000000fa00d14580002048800012
:1088e800808f50000300350010002000c04588002c
:1088f800ba28ef00c0458000e10f500003003a009d
:10890800ed02a900ec02a80002003700ed02a80061
:10891800ec02a900d116800000002200008060004f
:108928000000e00002003200b828ef00ba28ef008b
:108938000080fa00000006000000fa00d14680001e
:10894800b04a8000808f500012003500da28ef000e
:10895800c482a800d442a800dd22a800d442a800fe
:10896800c482a800a01780004e00de0061406000ad
:108978000004a200614060000080fb00610060000c
:108988004e00dd00a117800001e0a1000100700089
:10899800a01788000080fa00000006000000fa0016
:1089a8001116800000022000008060000000e00036
:1089b80003003a0080448000e10f500002003a00b2
:1089c80010002000010037000000eb000080fa00d2
:1089d800000006001400fa00881f78006d050700e3
:1089e8001d0e0700c00d0700630d0700760e070077
:1089f800500e0700f30d0700960d0700a90e07009b
:108a08007d070700260f070001fc0700403e2400f1
:108a1800880d0700050b0700200b07004000200009
:108a2800380b070000102000300b0700006a2800f0
:108a3800110020008f0c070000482800e1012000e9
:108a4800f50f07003ffe0700c482a800d442a80023
:108a5800d482a900dcc2a900dd22a800dd62a8003a
:108a6800e402a900e4a2a900e4e2a900e4c2a90082
:108a7800ec22a800ec02a800ec42a900ec62a900d4
:108a8800ec82a800eca2a900ecc2a900ece2a900c3
:108a9800ed02a900ed82a800f4e2a800f5c2a90041
:108aa800f5e2a900103a8000000178000260a100f8
:108ab800600420007105200023742000804978009c
:108ac80081497800824978001136800000fc2f0027
:108ad800008060003000b300103688002135800027
:108ae80000fc2f00008060003000b30020358800b3
:108af800103a8000000178000260a00060042000a5
:108b0800710520002374200080497800814978008d
:108b180082497800a0952b009bfc0700a00020004c
:108b2800f80a07000000eb00000f780060178000cb
:108b38004300de00614060000004a2006140600064
:108b48000080fb00610060004300dd0061178000c9
:108b58000130a1000100700060178800e4a2a9009c
:108b680000d4200031002000ab0f0700ece2a80081
:108b78003240800043408000104180002141800045
:108b8800800f5100818f59000e0032001041800083
:108b980021418000304088004140880070962b00b9
:108ba80079fc0700304080004140800000007800d8
:108bb8004400dd00000178008000eb0020c0b30015
:108bc800f3fd070072408000834080003041800040
:108bd80041418000800f5100818f59000e00320002
:108be8003041800041418000704088008140880009
:108bf80090972b0064fc0700704080008140800043
:108c0800000078004400dd00000178008000eb00df
:108c180010c0b300defd07005240800063408000b2
:108c28005041800061418000800f5100818f5900c0
:108c38000e003200504180006141800050408800a1
:108c480061408800d0982b004ffc070050408000fe
:108c580061408000000078004400dd0000017800d9
:108c68008000eb000040eb00c9fd07009240800047
:108c7800a34080007041800081418000800f510036
:108c8800818f59000e0032007041800081418000c0
:108c980090408800a1408800009a2b003afc070009
:108ca80090408000a1408000000078004400dd0072
:108cb800000178008000eb0030c0b300b4fd07006d
:108cc800670707000004e0002300320039070700a7
:108cd800004f98000e489000ea4f50000300320001
:108ce8000e489000ed4f50000d003a0005c8bf0037
:108cf8000080fb0061b420000041eb008270780026
:108d080060b4200020fc0700e07e2b001efc07005a
:108d180060b4200030fc07000568ef000e00370043
:108d28005180200091407800e0c3b30080cf50000c
:108d380008003e0005c8bf008080fb0062b4200028
:108d48008e49900003f178000040e80005e8b7007c
:108d5800010037000568ef001116800000042000ac
:108d6800008060000000e0001b003a00111680003f
:108d780000202000008060000000e00016003200a3
:108d88000000eb00100798001e0078000000e000cb
:108d9800050032009428ef0010002000b04488003d
:108da800409b2b00f8fb0700e19d2b00f0b0200052
:108db8007ee507000000e00050003200620020005d
:108dc800e19d2b00f0b0200071e5070010002000a5
:108dd8003047880049003700111680000020200025
:108de800008060000000e0001b003a0011168000bf
:108df80000042000008060000000e000160032003f
:108e080010002000100798001e007800e10f5000a5
:108e1800050032009428ef0010002000b0448800bc
:108e2800409e2b00d8fb070011a12b00f0b02000ba
:108e38005ee507000000e00030003200620020001c
:108e480011a12b00f0b0200051e507001000200010
:108e580030478800290037001116800000202000c4
:108e6800008060000000e00015003200111680004c
:108e780000042000008060000000e00010003200c4
:108e880020002000100798009628ef009428ef0093
:108e980071a12b00f0b0200044e507000000e000bd
:108ea800160032006200200071a12b00f0b02000f3
:108eb80037e5070010002000304788000f00370012
:108ec80030002000100798009628ef009428ef0043
:108ed800d1a12b00f0b0200034e507000000e0002d
:108ee8000600320062002000d1a12b00f0b0200063
:108ef80027e507001000200030478800b0448000b4
:108f08000000e00010003200104380000000e00084
:108f18000d0032006228ef00a04480000000e80045
:108f2800a0448800a0448000e90f500006003400e7
:108f380010002000804488009628ef009428ef0055
:108f480030a22b0090fb07001116800000042000bf
:108f5800008060000000e00005003200111680006b
:108f680000202000008060000000e000f6003a00c9
:108f7800a0418000e20f50007c003200e20f500058
:108f880005003e000000e00008003200e10f50003c
:108f980021003200f7003700e30f50009200320042
:108fa800e40f5000e4003200f20037005116800050
:108fb80000002200008060000000e00015003a0078
:108fc80076fe07000000e00003003a0080448000bd
:108fd8000000e0000f00320060a52b006afb0700cc
:108fe800e4a2a900ecc2a90010002000a04188005a
:108ff8008828ef008a28ef008c28ef004044800082
:10900800c00907009028ef0080a72b005efb07002f
:10901800ec62a900cb003700204380000000e0008c
:109028002f0032006428ef00604480000000e80050
:109038006044880061448000f0498000808f5000bf
:109048002700350041448000e0498000808f5000af
:1090580020003c0041448000004a8000008040001d
:109068004044880041448000e0498000808f5000df
:1090780002003500e04980004044880040448000f8
:10908800a009070041448000400620000088b9007c
:1090980080007800f0ff200000017800110009002e
:1090a8008200d8005007980000a82b0036fb070064
:1090b8004044800027fb070000a92b0032fb070073
:1090c8005e00900023fb070030a92b002efb070051
:1090d8000200370080a92b002bfb07008c28ef002b
:1090e8005116800000002100008060000000e000b0
:1090f8001d003a0070ab2b0023fb0700434480009f
:10910800230798000d0037002e0090000000e000b3
:1091180002003d000000eb00200798002e009000a0
:109128007809070000c42900010020003a0e070052
:109138002e0090004006b100200798002e009000f5
:109148000000e000f0ff3d00ecc2a8000000eb00ca
:109158006c09070020002000a04188009028ef003b
:10916800a0ad2b0008fb0700760037000bfe0700b8
:109178000000e000050032005116800000002100c8
:10918800008060000000e00006003200e04080003f
:109198000000e00013003200c04480000000e0003e
:1091a8001000320020ae2b00f7fa0700e4a2a90055
:1091b800ecc2a80030002000a04188008828ef00f9
:1091c8008a28ef008c28ef00404480004d090700f2
:1091d80040b02b00ecfa07009828ef0090b22b0063
:1091e800e9fa070057003700204380000000e0003c
:1091f8002f0032006428ef00604480000000e8007f
:109208006044880061448000f0498000808f5000ed
:109218002700350041448000e0498000808f5000dd
:1092280020003d0041448000004a8000008040004a
:109238004044880041448000e0498000808f50000d
:1092480002003400e0498000404488004044800027
:109258002c09070041448000400620000088b9001e
:1092680080007800f0ff200000017800110009005c
:109278008200d8006007980010b32b00c2fa0700dc
:1092880040448000b3fa070000a92b00befa07008b
:109298006e009000affa070030a92b00bafa070059
:1092a8000200370080a92b00b7fa07008c28ef00ce
:1092b8005116800000002200008060000000e000dd
:1092c8001c003a0010b42b00affa0700434480009a
:1092d800330798000d0037003e0090000000e000c2
:1092e80002003d000000eb00300798003e009000af
:1092f8000409070000c4290001002000c60d07006a
:109308003e0090004006b100300798003e009000f3
:109318000000e000f0ff3d000000eb00f908070046
:1093280040002000a041880060b62b0096fa070094
:10933800ec62a800030037003428ef009028ef0003
:10934800000000000b003700e4a2a900a0002000e4
:10935800ec0807008428ef007c28ef005a28ef006b
:109368003428ef009028ef009428ef009628ef00ab
:10937800ec62a9009e009000010f7800a0418000d7
:10938800e20f500017003a00e04080000000e000c3
:1093980014003200104380000000e0001500320085
:1093a8006228ef00d04480000000e800d044880024
:1093b800d04480006101b900604880007148800095
:1093c800800f5100818f59000900390010002000da
:1093d800c04488009a28ef00e0b62b006afa07001c
:1093e800040037009a28ef009828ef0001003700a2
:1093f8000000000010478000e10f500003003a0011
:1094080030b0200060fa0700e228ef002047800013
:10941800e10f500003003a0090b020005afa07000c
:10942800e428ef0030478000e10f500003003a00c5
:10943800f0b0200054fa0700e628ef0040002000b2
:1094480077f90700b1aa2a000100b8004208de0037
:109458008002b000b04388003000200070f9070097
:109468004300de007e0040002048880020002000e5
:109478006bf90700a04a88001000200068f907006f
:10948800b1aa2a000100b8004208de006a00b9004b
:109498000000780001192000808040009088280092
:1094a8000008b8004308de0030488800600020004b
:1094b8005bf90700f0418800f0418000cf80de00b2
:1094c8003cde070002002000e33324002ee0070002
:1094d80002002f00f35724004cdf070070079800a4
:1094e800010f98002049800031498000d2cc2c001f
:1094f800c3e4230057de070018c0b3007e019000c4
:109508008e0990000ede07000000e00001003c001c
:109518000044eb000804e0000e003a0020498000f7
:1095280031498000d2cc2c00c3e4230052de07006e
:1095380018c0b3007e0190008e099000fedd070080
:109548000000e000010035000044eb000804e000e2
:10955800040032007e0190008e09900022498800a4
:1095680033498800600020002df90700b0418800c9
:10957800d116800000002400008060000000e00098
:1095880001003a00dc28ef00d1168000000024001a
:10959800008060000000e00002003200100020009f
:1095a800e046880030b02000e10f500012003a0079
:1095b800304580000000e0000f003a0011168000de
:1095c80000042000008060000000e0000500320078
:1095d8001116800000202000008060000000e000dc
:1095e80005003a001000200030458800a828ef0048
:1095f8001000200010458800304580000000e00081
:109608000d003200204580000000e0000a00320012
:10961800404580000000e80040458800a428ef008d
:1096280040458000fd0f500003003400a628ef00dd
:10963800a228ef00a828ef0030458000e10f500075
:1096480002003a00ec82a80001003700ec82a90071
:1096580010178000610060000000e00005003a007b
:109668001117800000102000008060000000e0005a
:109678000200320010002000010037000000eb005b
:10968800100f980050428000e10f50000f00320088
:10969800e10f500003003900e20f500019003200ba
:1096a800450037004e28ef00f4e2a8001e0890009d
:1096b8000000e0003b00320010002000504288000b
:1096c80090b82b00b0f907003b0037004e28ef0098
:1096d800f4e2a8001e0890000000e00033003a0001
:1096e80020002000504288004c28ef001000200085
:1096f80070428800f4e2a900a0b92b00a2f9070083
:109708002d0037001000200070428800f4e2a90004
:1097180040478000e10f500017003a00e828ef00aa
:10972800604280000000e8006042880061428000da
:109738003000200080017800110009008300d80063
:109748008000fd000000e0000b003a00e0bb2b00a9
:109758008df9070062428000706626000090b9000b
:10976800c288de004f90de000080500079f90700c3
:1097780060bc2b0084f907006142800060498000ca
:10978800808f50000b0035004a28ef004c28ef006e
:109798004e28ef00f4e2a800a0bc2b007af90700dd
:1097a800050037000000000003003700000000003b
:1097b8000100370000000000704280000000e00057
:1097c80002003200ec42a80001003700ec42a90078
:1097d80080428000e10f50001a003200e10f500073
:1097e80005003900e20f50006c003200e30f500012
:1097f80076003200920037005828ef0011168000da
:1098080000002800008060000000e00085003200b1
:1098180010002000804288005228ef005428ef00f2
:1098280010002000c0428800ec02a800ec22a8002a
:10983800f0be2b0054f9070070bf2b0052f9070047
:109848007f00370010002000c0428800ec02a8000a
:10985800ec22a800b0428000e10f50002f003a002f
:109868005628ef00904280000000e80090428800ef
:10987800914280005000200000017800110009008a
:109888008200d8008000fd000000e00023003a00bc
:1098980050c12b003cf90700904280002df90700c9
:1098a80010c22b0038f907009142800040062000c2
:1098b8000088b90080007800803e20008001780090
:1098c800110009008300d80022f90700a0c22b006c
:1098d8002df9070091428000400620000088b90059
:1098e80080007800803e2000000178001100090007
:1098f8008200d8008000fd0000017800b0472100f8
:109908000090b900c388de004f90de000080500050
:1099180010f90700c0c22b001bf9070011168000c0
:1099280000042000008060000000e00009003a0008
:1099380020002000804288005228ef00ec02a90095
:10994800ec22a90010c32b000ff90700a0c52b00bb
:109958000df907009142800070498000808f500007
:1099680032003500300020008042880010002000be
:10997800a0428800ec02a900ec22a90020c62b0016
:1099880001f90700a0c62b00fff80700ed02a900a7
:1099980010002000f0468800290037005828ef0002
:1099a800ec02a90011168000000028000080600069
:1099b8000000e0001f003a005028ef005228ef0096
:1099c800d0c92b00f0f807001d0037005828ef0019
:1099d800ec02a900ec22a900ed02a900d116800032
:1099e80000002200008060000000e00005003a004e
:1099f8001116800000002800008060000000e000d0
:109a08000e003a005028ef005428ef00de28ef003f
:109a18005228ef00ed02a80030cc2b00daf807003e
:109a280007003700000000000500370000000000b4
:109a380003003700000000000100370000000000ac
:109a480080428000e10f500011003a00511680005a
:109a580000002200008060000000e00003003a00df
:109a6800e0468000e10f500009003200300020007d
:109a78008042880010002000a04288005828ef008b
:109a8800ec02a900ec22a900e0cd2b00bef80700eb
:109a9800dd22a800d442a8001017800062006000f0
:109aa8000000e00001003200ece2a800101780007e
:109ab800620060000000e00001003a00ece2a9004a
:109ac800d0168000d01680005117800000002200b8
:109ad800008060000000e0000c00320011168000d9
:109ae80000042000008060000000e0000700320051
:109af8001116800000202000008060000000e000b7
:109b080002003200ec22a800ec42a80051178000a5
:109b180000002200008060000000e0000700320022
:109b28001116800000042000008060000000e000a2
:109b380002003a00ec22a900ec42a800511780006c
:109b480000002200008060000000e0000c003200ed
:109b58001116800000202000008060000000e00056
:109b680007003a0090168000680060000000e000de
:109b780003003a0010002000a0468800e4c2a800b4
:109b88005117800000002200008060000000e00003
:109b980004003a00d428ef00d628ef00e4c2a90058
:109ba800e4e2a800404680000000e00007003a0018
:109bb8001116800000042000008060000000e00012
:109bc80002003a001000200000468800004680008d
:109bd800e10f50000f003a0030468000e10f5000be
:109be8000c003a00104680000000e800104688008b
:109bf800c628ef0011468000804a8000808f500000
:109c0800040035001000200040468800c228ef00fc
:109c1800c028ef00904680000000e00007003a00ee
:109c28001116800000202000008060000000e00085
:109c380002003a001000200060468800604680005c
:109c4800e10f50000f003a00c0478000e10f5000bc
:109c58000c003a00704680000000e800704688005a
:109c6800f828ef0071468000a04a8000808f5000dd
:109c780004003500ce28ef00cc28ef0010002000ab
:109c88009046880068090700e10f500001003a007b
:109c9800cffa070008090700e10f500001003a0059
:109ca800effa0700d145800020488000808f5000df
:109cb8000300350010002000c0458800ba28ef00d6
:109cc800c0458000e10f500002003a00ed02a900f3
:109cd800ec02a800c04580000000e00002003a0045
:109ce800ed02a800ec02a900d116800000002200b5
:109cf800008060000000e00002003200b828ef0099
:109d0800ba28ef0090168000680060000000e000ac
:109d180003003200d482a800e4e2a90083fb3700e4
:0c9d2800d482a900e4e2a80080fb370010
:020000040000fa
:109d34000000fa0060c02100d00c8800f00120006f
:109d4400e00c880000002800f00c880000052000ca
:109d5400000d8800d00c800000407800674060004f
:109d64000080fb00a04b88000080fa000000060081
:109d74000000fa000080fa00000006000000fa006b
:109d84002104800000042000008060000000e00046
:109d940002003200f6ff070084c0a9000080fa0028
:109da400000006000000fa00a04b8000004078008c
:109db400674060000080fb0067006000d20c8000f8
:109dc40081ff2f008100610001007000d00c880029
:109dd4000080fa00000006000000fa00d10c8000a8
:109de40080ff2f0000806000d00c88000080fa0003
:109df400000006000200fa00000f78009e007800c0
:109e0400f10c88000080fa00000006000200fa004d
:109e1400000f78009e007800010d88000080fa0091
:109e2400000006000000fa00200480004600de0066
:109e3400614060000080fb0000f0a7000000ea0021
:109e44000000ea004f00de00004078000080fa00c5
:109e5400000006000400fa00100798001e0090009d
:109e6400e10f50000f003200e10f500003003900f1
:109e7400e20f5000150032001e003700d00c8000a5
:109e84004400de00614060000080fb0000f0a70099
:109e94000000ea000000ea004f00de00004f7800f6
:109ea40014003700d00c80004500de0061406000e3
:109eb4000080fb0000f0a7000000ea000000ea00b8
:109ec4004f00de00004f78000a003700d00c8000fd
:109ed4004600de00614060000080fb0000f0a70047
:109ee4000000ea000000ea004f00de00004f7800a6
:109ef400000000001e4078000080fa000000060008
:109f04000200fa00000f78001e007800e10f5000f4
:109f140007003200e10f500003003900e20f500047
:109f240005003200060037009a81a90004003700ba
:109f34009aa1a900020037009ac1a90000000000fc
:109f44000080fa00000006000000fa009cc1a8008e
:109f54000080fa00000006000000fa00e00c800017
:109f64004600de00614060000080fb0000f0a700b6
:109f74000000ea000000ea004f00de000040780024
:109f84000080fa00000006000000fa009cc1a9004d
:089f94000080fa000000060045
:020000040000fa
:109f9c000000fa0098070700750a0700070a070077
:109fac0014020700a0050700060907004d0807006a
:109fbc00cd0607002e070700b8090700ed070700bc
:109fcc0059ff07005b090700a20807000080fa0090
:049fdc00000006007b
:020000040000fa
:109fe000809fbe00ec80570031007800404b880015
:109ff000110078006ae9b7004f00be0000000600bb
:020000040000fa
:10a000000000000000000000000000000000000050
:10a010000000000000000000000000000000000040
:10a020000000000000000000000000000000000030
:10a030000000000000000000000000000000000020
:10a040000000000000000000000000000000000010
:10a050000000000000000000000000000000000000
:10a0600000000000000000000000000000000000f0
:10a0700000000000000000000000000000000000e0
:10a0800000000000000000000000000000000000d0
:10a0900000000000000000000000000000000000c0
:10a0a00000000000000000000000000000000000b0
:10a0b00000000000000000000000000000000000a0
:10a0c0000000000000000000000000000000000090
:10a0d0000000000000000000000000000000000080
:10a0e0000000000000000000000000000000000070
:10a0f0000000000000000000000000000000000060
:10a10000000000000000000000000000000000004f
:10a11000000000000000000000000000000000003f
:10a12000000000000000000000000000000000002f
:10a13000000000000000000000000000000000001f
:10a14000000000000000000000000000000000000f
:10a1500000000000000000000000000000000000ff
:10a1600000000000000000000000000000000000ef
:10a1700000000000000000000000000000000000df
:10a1800000000000000000000000000000000000cf
:10a1900000000000000000000000000000000000bf
:10a1a00000000000000000000000000000000000af
:10a1b000000000000000000000000000000000009f
:10a1c000000000000000000000000000000000008f
:10a1d000000000000000000000000000000000007f
:10a1e000000000000000000000000000000000006f
:10a1f000000000000000000000000000000000005f
:10a20000000000000000000000000000000000004e
:10a21000000000000000000000000000000000003e
:10a22000000000000000000000000000000000002e
:10a23000000000000000000000000000000000001e
:10a24000000000000000000000000000000000000e
:10a2500000000000000000000000000000000000fe
:10a2600000000000000000000000000000000000ee
:10a2700000000000000000000000000000000000de
:10a2800000000000000000000000000000000000ce
:10a2900000000000000000000000000000000000be
:10a2a00000000000000000000000000000000000ae
:10a2b000000000000000000000000000000000009e
:10a2c000000000000000000000000000000000008e
:10a2d000000000000000000000000000000000007e
:10a2e000000000000000000000000000000000006e
:10a2f000000000000000000000000000000000005e
:10a30000000000000000000000000000000000004d
:10a31000000000000000000000000000000000003d
:10a32000000000000000000000000000000000002d
:10a33000000000000000000000000000000000001d
:10a34000000000000000000000000000000000000d
:10a3500000000000000000000000000000000000fd
:10a3600000000000000000000000000000000000ed
:10a3700000000000000000000000000000000000dd
:10a3800000000000000000000000000000000000cd
:10a3900000000000000000000000000000000000bd
:10a3a00000000000000000000000000000000000ad
:10a3b000000000000000000000000000000000009d
:10a3c000000000000000000000000000000000008d
:10a3d000000000000000000000000000000000007d
:10a3e000000000000000000000000000000000006d
:10a3f000000000000000000000000000000000005d
:10a40000000000000000000000000000000000004c
:10a41000000000000000000000000000000000003c
:10a42000000000000000000000000000000000002c
:10a43000000000000000000000000000000000001c
:10a44000000000000000000000000000000000000c
:10a4500000000000000000000000000000000000fc
:10a4600000000000000000000000000000000000ec
:10a4700000000000000000000000000000000000dc
:10a4800000000000000000000000000000000000cc
:10a4900000000000000000000000000000000000bc
:10a4a00000000000000000000000000000000000ac
:10a4b000000000000000000000000000000000009c
:10a4c000000000000000000000000000000000008c
:10a4d000000000000000000000000000000000007c
:10a4e000000000000000000000000000000000006c
:10a4f000000000000000000000000000000000005c
:10a50000000000000000000000000000000000004b
:10a51000000000000000000000000000000000003b
:10a52000000000000000000000000000000000002b
:10a53000000000000000000000000000000000001b
:10a54000000000000000000000000000000000000b
:10a5500000000000000000000000000000000000fb
:10a5600000000000000000000000000000000000eb
:10a5700000000000000000000000000000000000db
:10a5800000000000000000000000000000000000cb
:10a5900000000000000000000000000000000000bb
:10a5a00000000000000000000000000000000000ab
:10a5b000000000000000000000000000000000009b
:10a5c000000000000000000000000000000000008b
:10a5d000000000000000000000000000000000007b
:10a5e000000000000000000000000000000000006b
:10a5f000000000000000000000000000000000005b
:10a60000000000000000000000000000000000004a
:10a61000000000000000000000000000000000003a
:10a62000000000000000000000000000000000002a
:10a63000000000000000000000000000000000001a
:10a64000000000000000000000000000000000000a
:10a6500000000000000000000000000000000000fa
:10a6600000000000000000000000000000000000ea
:10a6700000000000000000000000000000000000da
:10a6800000000000000000000000000000000000ca
:10a6900000000000000000000000000000000000ba
:10a6a00000000000000000000000000000000000aa
:10a6b000000000000000000000000000000000009a
:10a6c000000000000000000000000000000000008a
:10a6d000000000000000000000000000000000007a
:10a6e000000000000000000000000000000000006a
:10a6f000000000000000000000000000000000005a
:10a700000000000000000000000000000000000049
:10a710000000000000000000000000000000000039
:10a720000000000000000000000000000000000029
:10a730000000000000000000000000000000000019
:10a740000000000000000000000000000000000009
:10a7500000000000000000000000000000000000f9
:10a7600000000000000000000000000000000000e9
:10a7700000000000000000000000000000000000d9
:10a7800000000000000000000000000000000000c9
:10a7900000000000000000000000000000000000b9
:10a7a00000000000000000000000000000000000a9
:10a7b0000000000000000000000000000000000099
:10a7c0000000000000000000000000000000000089
:10a7d0000000000000000000000000000000000079
:10a7e0000000000000000000000000000000000069
:10a7f0000000000000000000000000000000000059
:020000040000fa
:10a800000000fa009580a9009560a9008000200052
:10a81000001188002222ef007006200040118800fd
:10a82000c0c32000004b8800c0c32000f04a88004d
:10a8300050c42000e04a880050c42000d04a88005c
:10a840006269ef0000442500070007000049250069
:10a850002d0007009560a80021e2a8002342a8006f
:10a860000080fa00000006000200fa00000f7800e5
:10a870001e007800204b88000080fa0000000600cf
:10a880000000fa00014b8000f04a8000808f5000e9
:10a8900002003a009580a900190037008580a900c0
:10a8a00010003700004b8000904078008180fb0052
:10a8b000211188000000e800004b8800014b800057
:10a8c00050c42000808f500002003a00c0c3200016
:10a8d000004b8800014b8000f04a8000808f5000c0
:10a8e000060032001111800000202000008060006e
:10a8f0000000e000ebff3200010037000000000024
:10a900000080fa00000006000200fa00000f780044
:10a910001e007800304b88000080fa00000006001e
:10a920000000fa001e003700d04a8000311180007c
:10a930008140780001487800d14a8000d0c42000ce
:10a94000808f500009003200d04a80008000e8006b
:10a95000e04a8000808f500004003200d04a80001e
:10a960000000e800d04a88000d003700d14a80007e
:10a97000d0c42000808f500007003a00e14a8000d8
:10a9800050c42000808f50000300320050c42000cb
:10a99000d04a88000200370010c0b30062e9b70057
:10a9a00010118000610060000000e000deff3a004e
:10a9b0008560a9000080fa00000006000200fa008d
:10a9c0000040eb00004f780000000000e14a8000ea
:10a9d000d04a8000808f5000fcff3200e04a8000a7
:10a9e000104f7800e04a80000000e800e04a88004c
:10a9f000e14a8000e0c42000808f500002003a004d
:10aa000050c42000e04a88001e4078000080fa0010
:10aa1000000006000200fa00004f7800000000006d
:10aa20001c0007000004a2000004e000fcff3a0044
:10aa3000f04a80001e487800f04a80000000e800dc
:10aa4000f04a8800f14a800050c42000808f5000f6
:10aa500002003a00c0c32000f04a88009580a80098
:10aa60000080fa00000006000000fa00e14a8000c1
:10aa7000d04a80000080680000f0a7000000ea00d3
:10aa80000000ea004f00de00004078000080fa007d
:10aa9000000006000400fa00014b80001107980036
:10aaa000f14a80001e009000808f500006003100a7
:10aab0009e009000f04a8000008050000000e900f5
:10aac000000f7800050037009e009000f04a8000db
:10aad0000080500068004000000f78001e007800e1
:10aae00000f0a7000000ea000000ea004f00de00ce
:10aaf000004078000080fa00000006000000fa0024
:10ab0000f14a8000004b8000808f500009003a001d
:10ab100011118000001020000080600000f0a700ec
:10ab20000000ea000000ea004f00de00004078006c
:10ab3000010037000040eb000080fa000000060032
:10ab40000400fa00d14a800011079800e04a800012
:10ab50009e009000808f5000060031009e00900003
:10ab6000e04a80000080500069004000000f78003b
:10ab7000030037009e009000e04a8000008f5000e4
:10ab8000f00f20009e007800808f500002003600f9
:10ab900000c0eb00020037001e0078000040780083
:10aba0000080fa00000006000000fa00e4ff070041
:10abb0000080fa00000006000400fa00014b80004b
:10abc00011079800f14a80001e009000808f50000d
:10abd000060031009e009000f04a80000080500086
:10abe0000000e900000f7800050037009e0090008b
:10abf000f04a80000080500068004000000f78009c
:10ac0000f00f20009e007800808f50000200360078
:10ac100000c0eb00020037001e0078000040780002
:10ac20000080fa00000006000000fa00e2ff0700c2
:10ac30000080fa00000006000000fa00afff0700e5
:10ac40000080fa00000006000800fa0020079800c3
:10ac500031079800baff07000080fb00000f780062
:10ac60003e0090009e0f500002003100be00900098
:10ac7000010f78000000eb00100798000900370072
:10ac80004eff0700ae009000804878002e00900034
:10ac90000000e800200798001e0090000000e80077
:10aca000100798001e0090009e0f5000f4ff39001e
:10acb0001e0078000080fa00000006000800fa007c
:10acc0002007980031079800bbff07000080fb00b9
:10acd000000f78003e0090009e0f500002003100ef
:10ace000be009000010f78000000eb0010079800f4
:10acf000090037002e00900010407800ae00900050
:10ad00008100e8002107980042ff07001e00900024
:10ad10000000e800100798001e0090009e0f5000f1
:10ad2000f4ff39001e0078000080fa0000000600e1
:10ad30000400fa000000eb00000f780080ff07001d
:10ad4000204798009cff0700304798002e40900055
:10ad50000080fb000000e00003003200e90f50001b
:10ad600003003200040037001e20a000040037005a
:10ad70001e00a000020037001e10a000000000000e
:10ad80003e4090000080fb000000e0000300320025
:10ad9000e90f500003003200040037001e30a0000d
:10ada000020037001e40a000000000001e007800d6
:10adb0000080fa00000006000400fa001007980066
:10adc000e14a80001e009000008f40000200370022
:10add0009e007800698f5000e0c420009e0078003b
:10ade000808f5000faff3e001e007800104078006f
:10adf0000080fa00000006000000fa0050ff070083
:10ae00000080fb000000e9004f00de0000407800f9
:10ae10000080fa00000006000000fa0066ff07004c
:10ae20000080fb000000e9004f00de0000407800d9
:10ae30000080fa00000006000000fa0010118000f7
:08ae40000080fa00000006008a
:020000040000fa
:10ae48004e0c00000400000082000000ffffff001d
:10ae5800ff000000fe0b0000200000008000000042
:10ae68006c0900000200000082000000ffff0000e3
:10ae7800680900000400000080000000560c000073
:10ae880002000000800000006e09000002000000bf
:10ae9800800000007009000002000000800000002f
:10aea8007209000002000000800000007409000020
:10aeb8000200000080000000760900000200000087
:10aec80080000000580c0000020000008000000014
:10aed8007809000002000000800000005a0c000001
:10aee80002000000800000007a0900000200000053
:10aef800800000003c0c00001200000080000000f0
:10af08005a0900000e000000800000005c0c0000e0
:10af180002000000800000007c0900000200000020
:10af2800800000008a0a0000ae00000082000000d5
:10af38003030300030303000000075006e6b6e002d
:10af48006f776e0000312f00312f31003938300013
:10af580000000000000000000000000000000000e9
:10af680045433100375f3000303134005f30310005
:10af780032000000000000000000300030303000d7
:10af88003030300030303000303030003030300079
:10af980030303000303030003030300057657300ca
:10afa80073657800204c690066742000636f200088
:10afb8004c746400000062006c616e006b0000005d
:10afc8000000000000000000000000000000000079
:10afd800005354002030300000535400203030001b
:10afe80000535400203030000052450043454900ca
:10aff800564544000000000000000000000000006a
:10b008000000000000000000000000000000000038
:10b018000000000000000000380b00004e00000097
:10b0280080000000040900005600000082000000b3
:10b038005a002c00017f000000002c0001000000d5
:10b048002c010000005a000000000f000000000062
:10b058000f000000002c01000000000000dc41008f
:10b068000000dc00410300001400010000010000a2
:10b078006400280000960000ff007f000002000026
:10b0880002002c00010a00000100b8000b010000ba
:10b09800d00701000019000001003200000a00007a
:10b0a8001e000000000800000401000080000000ed
:10b0b8007e09000002000000800000001e0c000055
:10b0c8001e00000082000000286e69006c29000044
:10b0d80025006800076c09004c836a009074a00082
:10b0e8007ac000008068880000846c0082008100bb
:10b0f8005e0c0000020000008000000080090000d3
:10b108000a01000082000000000102000407030099
:10b1180006050000ffffff00ffffff00ffffff0025
:10b12800ffffff00ffffff00ffffff00ffffff0023
:10b13800ffffff00ffffff00ffffff00ffffff0013
:10b14800ffffff00ffffff00ffffff00ffffff0003
:10b15800ffffff00ff0001000203040005060700cf
:10b168000809ff00ffffff00ffffff000a0b0c00ac
:10b178000d0e0f00101112001314150016171800e9
:10b18800191a1b001c1d1e001f2021002223ff006e
:10b19800ffffff00ffff0a000b0c0d000e0f100051
:10b1a8001112130014151600171819001a1b1c0089
:10b1b8001d1e1f002021220023ffff00ffffff00ac
:10b1c800ffffff00ffffff00ffffff00ffffff0083
:10b1d800ffffff00ffffff00ffffff00ffffff0073
:10b1e800ffffff00ffffff00ffffff00ffffff0063
:10b1f800ffffff00ffffff00ffffff00ffffff0053
:10b20800ffffff00ffffff00ffffff00ffffff0042
:10b21800ffffff00ffffff00ffffff00ffffff0032
:10b22800ffffff00ffffff00ffffff00ffffff0022
:10b23800ffffff00ffffff00ffffff00ffffff0012
:10b24800ffffff00ffffff00ffffff00ffffff0002
:10b25800ffffff00ffffff00ffffff00ffffff00f2
:10b26800ffffff00ffffff00ffff0000860b00004d
:10b278003c00000082000000010003000000000004
:10b288000000000000000000000040002f00000047
:10b298000000000000b62e0044300000000000004e
:10b2a8000000000000000000000000000000000096
:10b2b8000000000000000000000000000000000086
:10b2c8000000000000000000600c00000200000008
:10b2d80080000000c20b00003c000000820000005b
:10b2e8000100030000000000000000000000000052
:10b2f800000040002f0000000000000000b62e00f3
:10b3080044300000000000000000000000000000c1
:10b318000000000000000000000000000000000025
:10b328000000000000000000000000000000000015
:10b33800520c00000400000080000000620c0000b5
:10b34800020000008200000001000000640c000000
:0cb3580002000000800000000000000067
:020000040000fa
:10b364000000fa00ffff37000000fa00ffff37007b
:10b374001600fa00881f78006000b8006011b80059
:10b384003007980041079800520798006307980017
:10b394006000b8006011b80070079800010f9800b1
:10b3a400120f9800230f98000400250005102000b8
:10b3b4000400be00c9010700008fbe005005200034
:10b3c400a10a2000340107001e00be005701070037
:10b3d400404798004e4090000004a2000004e000a2
:10b3e40001003200deff070030232200110120009b
:10b3f400300798004107980060562500410420005a
:10b4040050079800610798003e009000ce0090001d
:10b414000001be001e00be0057010700404798000f
:10b424004e4090000084fb005e009000ee0090000f
:10b4340022002000030020003e024100ae824900a9
:10b444000001be000400be004b0107000080fb00a9
:10b454000000640000f0a7000000ea000000ea0019
:10b464004f00de00404798004e4090000004a200c8
:10b474000004e00001003200b9ff07000b010700df
:10b484001e00be001d01070070079800010f980000
:10b4940022002000030020003e004100ae8049004d
:10b4a40016010700100f9800210f98003e0190002c
:10b4b400ce0190007e0090008e089000800f510015
:10b4c400818f590007003a005e019000ee01900060
:10b4d4001e089000ae089000800f5100818f590023
:10b4e40001003200a0ff07004f0478000080fa003a
:10b4f400000006000e00fa000000250001102000e4
:10b5040076010700200798003107980050052000b5
:10b51400a10a2000e00007002e009000be00900069
:10b5240002010700004f98000e4890000004a2009a
:10b534000004e0000100320089ff07006000b80049
:10b54400008fbe00110037002e009000be00900056
:10b554003e014000ae8148000200be001e01be0054
:10b5640005010700004f98000e4890000004a20057
:10b574000004e0000100320079ff070022002000ef
:10b58400030020001e0f41005e974900f03f200099
:10b59400010020001e01be00800f5100818f590060
:10b5a400e9ff3600c10007006000b800008fbe004c
:10b5b400120037002e009000be0090003e014000b3
:10b5c400ae8148000200be00cc000700500798007e
:10b5d400610798005e009000ee009000be0f5000de
:10b5e400ae8f5800010032005fff070022002000e8
:10b5f400030020001e0f41005e974900f03f200029
:10b60400010020001e01be00800f5100818f5900ef
:10b61400e8ff36000080fa00000006000000fa008f
:10b6240053ff0700b3ff07000080fa000000060084
:020000040000fa
:10b634000000fa00e0c02100800c8800f001200026
:10b64400900c880000082000a00c8800f00f200057
:10b65400b00c8800800c80000040780067406000d7
:10b664000080fb00804b88000080fa000000060088
:10b674000000fa000080fa00000006000000fa0052
:10b6840020048000640060000000e000020032003a
:10b69400f7ff07008440a9000080fa0000000600bc
:10b6a4000000fa00804b8000004078006740600092
:10b6b4000080fb0067006000820c800081ff2f0087
:10b6c4008100610001007000800c88000080fa0095
:10b6d400000006000000fa00810c800080ff2f00ab
:10b6e40000806000800c88000080fa0000000600e2
:10b6f4000200fa00000f78009e007800a10c880078
:10b704000080fa00000006000200fa00000f780032
:10b714009e007800b10c88000080fa00000006004a
:10b724000000fa00200480004200de006140600056
:10b734000080fb0000f0a7000000ea000000ea001f
:10b744004f00de00004078000080fa000000060090
:10b754000400fa00100798001e009000e10f50004a
:10b764000f003200e10f500003003900e20f5000d7
:10b77400150032001e003700800c80004400de00fb
:10b78400614060000080fb0000f0a7000000ea00b8
:10b794000000ea004f00de00004f7800140037007c
:10b7a400800c80004500de00614060000080fb00ea
:10b7b40000f0a7000000ea000000ea004f00de00ed
:10b7c400004f78000a003700800c80004600de003d
:10b7d400614060000080fb0000f0a7000000ea0068
:10b7e4000000ea004f00de00004f78000000000077
:10b7f4001e4078000080fa00000006000200fa00f3
:10b80400000f78001e007800e10f5000070032009e
:10b81400e10f500003003900e20f50000500320030
:10b82400060037009081a9000400370090a1a90008
:10b834000200370090c1a900000000000080fa0057
:10b84400000006000000fa0092c1a8000080fa007f
:10b85400000006000000fa00900c80004600de00a4
:10b86400614060000080fb0000f0a7000000ea00d7
:10b874000000ea004f00de00004078000080fa007b
:10b88400000006000000fa0092c1a9000080fa003e
:04b8940000000600aa
:020000040000fa
:10b898000000fe00e2c420000019780001097800c9
:10b8a800000006000000fe000000eb008000eb0036
:10b8b800f8ff07006627ef00000006000000fe0002
:10b8c800801f7800811f7800e1c420000600fc007a
:10b8d80031007800303b880011007800303b880048
:10b8e80061e7a8000000000000000000cf00780019
:10b8f8004f00780000000600a2028000a102880024
:10b908009080ba001000ba00a20288000000060069
:10b91800a2028000a10288001000ba00a2028800da
:10b92800000006000000fe0061e7af00feff3700e0
:10b93800f23f2000000161000c003a0022042400bc
:10b94800023b8800a2028000a10288000008bb0018
:10b95800645c02000000000061e7af00feff3700f2
:10b96800a20288001000200061a7af00000020009c
:10b978000000060061e7af00feff37000000a700e7
:10b988000d003700a4028000a102880031002400c5
:10b99800013b88000208bb000388bb00645c02000e
:10b9a8000000000061e7af00feff3700a402880036
:10b9b8001000200061a7af00000020000000060072
:10b9c80061e7af00feff37000000a7000e00370058
:10b9d80033002400033b8800a3028000a1028800f2
:10b9e8000208bb00f20f20000288bb00645c020062
:10b9f8000000000061e7af00feff3700a3028800e7
:10ba08001000200061a7af00000020000000060021
:10ba180061e7af00feff3700f30720008081610077
:10ba280010003a0013002400033b8800a3028000a2
:10ba3800a1028800040420003208bb003298bb0031
:10ba48001400b100fcff3a00645c02000000000032
:10ba580061e7af00feff3700a30288001000200056
:10ba680061a7af00000020000000060061e7af00fa
:10ba7800feff3700f30720008081610011003a00c3
:10ba880013002400033b8800a3028000a102880061
:10ba980004042000f10f20003208bb000198bb000d
:10baa8001400b100fcff3a00645c020000000000d2
:10bab80061e7af00feff3700a302880010002000f6
:10bac80061a7af000000200000000600f23f200040
:10bad800000061000000060002c02f0000006100a5
:0cbae800f2ff2f0081006100000006004a
:020000040000fa
:10baf4000400fa00008fbe0017e2a9001e00be0079
:10bb040000004000818048000001be000090200039
:10bb1400d1032000c0d40700000078000000e90031
:10bb2400a010880017e2a80000a8210061002000ee
:10bb3400ba0307000080fa00000006000000fa00c3
:10bb44001602a80000000000b01080006100600030
:10bb54000000e000fcff3a000080fa00000006004c
:10bb64000000fa001642a80000000000b010800097
:10bb7400640060000000e000fcff3a000080fa006e
:10bb8400000006000000fa001622a80000000000d1
:10bb9400b0108000620060000000e000fcff3a008a
:10bba4000080fa00000006000200fa00004f78004e
:10bbb4001e80fb009010880000000000c11080006f
:10bbc40000002400008060000000e000fbff3a0059
:10bbd400c1108000000028000080600000f0a70071
:10bbe4000000ea000000e9004f00de000040780099
:10bbf4000080fa00000006000400fa0020479800c4
:10bc04001662a80000000000c010800062006000fe
:10bc14000000e000fcff320000108000004f7800bc
:10bc24002e4090000004e000020032000040eb00cf
:10bc34000100370010c0b3000080fb006100600009
:10bc44004500dd00b11080000150a100010070002a
:10bc5400b01088001682a80000000000b010800018
:10bc6400700060000000e000fcff3a001e40780015
:10bc74000080fa00000006000400fa00008fbe00f5
:10bc840007e2a9001e00be000000400081804800b9
:10bc94000001be0000902000d10320005ed4070004
:10bca400000078000000e9002010880007e2a800e6
:10bcb40000fa200001002000580307000080fa0069
:10bcc400000006000000fa000602a80000000000c0
:10bcd40030108000610060000000e000fcff3a00ca
:10bce4000080fa00000006000000fa000642a800e6
:10bcf4000000000030108000640060000000e000dc
:10bd0400fcff3a000080fa00000006000000fa0080
:10bd14000622a800000000003010800062006000cd
:10bd24000000e000fcff3a000080fa00000006007a
:10bd34000200fa00004f78001e80fb0010108800fb
:10bd4400000000004110800000002400008060001a
:10bd54000000e000fbff3a004110800000002800d2
:10bd64000080600000f0a7000000ea000000e90085
:10bd74004f00de00004078000080fa00000006005a
:10bd84000400fa00204798000662a80000000000a2
:10bd940040108000620060000000e000fcff320000
:10bda40000108000004f78002e4090000004e00056
:10bdb400020032000040eb000100370010c0b30065
:10bdc4000080fb00610060004500dd003110800050
:10bdd4000150a10001007000301088000682a80004
:10bde4000000000030108000700060000000e000df
:10bdf400fcff3a001e4078000080fa0000000600b4
:10be04000000fa008003200020168800cc22ef00f6
:10be140000002200a0168800a0d62000e0168800aa
:10be2400e422ef00ec22ef00c0202000a0178800dd
:10be3400f06e2c00001688000080eb00401688008d
:10be4400a00021008016880070cb2f00c016880047
:10be5400f031200000178800e822ef0030102300a2
:10be6400801788005620ef005820ef005a20ef007a
:10be74005c20ef005e20ef006020ef006e20ef00fa
:10be84007020ef007220ef007420ef007620ef00a6
:10be94007820ef00c622ef00ce22ef00d622ef007a
:10bea400de22ef00e622ef00ee22ef00f622ef00a2
:10beb400e024ef00c03f200010278800e424ef00b6
:10bec40000c0200030278800002020004027880080
:10bed400ec24ef00113a8000f00b20000081600098
:10bee400600420007105200023742000804978003c
:10bef4008149780082497800d1368000f00f2c0007
:10bf0400808060000030200001007000d03688007e
:10bf14002135800000fc2f00008060003001b30058
:10bf2400203588001136800000fc2f00008060005e
:10bf34002001b30010368800a1368000f00f2c00d9
:10bf4400808060000030210001007000a03688006d
:10bf5400103a8000000178000260a0006004200014
:10bf640071052000237420008049780081497800fd
:10bf7400824978000080fa00000006000000fa0000
:10bf84000a21ef00c0302000700888000003280058
:10bf940090088800704b80000000e00002003a0026
:10bfa40080012600240007008500a9009500a80050
:10bfb40060c520008040eb00014878000080fa0052
:10bfc400000006000200fa00000f78009e007800ce
:10bfd4007108880060c520008040eb0001487800ab
:10bfe4000080fa00000006000000fa0070088000db
:10bff4000080fa00000006000200fa00000f78003a
:10c004009e0078005108880060c520008040eb0045
:10c01400014878000080fa00000006000000fa00e1
:10c02400500880000080fa00000006000000fa00ba
:10c034000080fa00000006000200fa00000f7800f9
:10c044009500a9009e007800714b88009500a80017
:10c054000080fa00000006000000fa0060c520001d
:10c064008040eb00014878009500a80013e1a80087
:10c074000080fa00000006000000fa0013e1a900a5
:10c084009500a9000080fa00000006000200fa00f2
:10c0940060c52000104f78001e4078000004e000c6
:10c0a4000300320060c520008040eb0001487800a6
:10c0b4001e4078000080fa00000006000000fa002c
:10c0c40070c52000104078000080fb000080fa005a
:10c0d400000006000000fa0070c520008040eb005c
:10c0e400014878000080fa00000006000000fa0011
:10c0f4000621ef00908621006008880000022800d5
:10c1040080088800c04b80000000e00002003a0074
:10c11400000d26002400070084e0a90094e0a80094
:10c1240080c520008040eb00014878000080fa00c0
:10c13400000006000200fa00000f78009e0078005c
:10c144006108880080c520008040eb000148780029
:10c154000080fa00000006000000fa006008800079
:10c164000080fa00000006000200fa00000f7800c8
:10c174009e0078003108880080c520008040eb00d4
:10c18400014878000080fa00000006000000fa0070
:10c19400300880000080fa00000006000000fa0069
:10c1a4000080fa00000006000200fa00000f780088
:10c1b40094e0a9009e007800c14b880094e0a80098
:10c1c4000080fa00000006000000fa0080c520008c
:10c1d4008040eb000148780094e0a80011e1a80039
:10c1e4000080fa00000006000000fa0011e1a90036
:10c1f40094e0a9000080fa00000006000200fa00a2
:10c2040080c52000104f78001e4078000004e00034
:10c214000300320080c520008040eb000148780014
:10c224001e4078000080fa00000006000000fa00ba
:10c2340090c52000104078000080fb000080fa00c8
:10c24400000006000000fa0090c520008040eb00ca
:10c25400014878000080fa00000006000000fa009f
:10c264000021ef00f07c2000100888000000280066
:10c2740020088800d04b80000000e00002003a0053
:10c2840080182600240007008460a9009460a80098
:10c29400a0c520008040eb00014878000080fa002f
:10c2a400000006000200fa00000f78009e007800eb
:10c2b40011088800a0c520008040eb0001487800e8
:10c2c4000080fa00000006000000fa001008800058
:10c2d4000080fa00000006000200fa00000f780057
:10c2e4009e00780001088800a0c520008040eb0073
:10c2f400014878000080fa00000006000000fa00ff
:10c30400000880000080fa00000006000000fa0027
:10c314000080fa00000006000200fa00000f780016
:10c324009460a9009e007800d14b88009460a80016
:10c334000080fa00000006000000fa00a0c52000fa
:10c344008040eb00014878009460a80005e1a80053
:10c354000080fa00000006000000fa0005e1a900d0
:10c364009460a9000080fa00000006000200fa00b0
:10c37400a0c52000104f78001e4078000004e000a3
:10c3840003003200a0c520008040eb000148780083
:10c394001e4078000080fa00000006000000fa0049
:10c3a400b0c52000104078000080fb000080fa0037
:10c3b400000006000000fa00b0c520008040eb0039
:10c3c400014878000080fa00000006000000fa002e
:10c3d4001421ef0080d02300d00888000003280037
:10c3e400f0088800e04b80000000e00002003a0002
:10c3f40000242600240007008760a9009760a80095
:10c40400c0c520008040eb00014878000080fa009d
:10c41400000006000200fa00000f78009e00780079
:10c42400d1088800c0c520008040eb000148780096
:10c434000080fa00000006000000fa00d008800026
:10c444000080fa00000006000200fa00000f7800e5
:10c454009e007800a1088800c0c520008040eb0041
:10c46400014878000080fa00000006000000fa008d
:10c47400a00880000080fa00000006000000fa0016
:10c484000080fa00000006000200fa00000f7800a5
:10c494009760a9009e007800e14b88009760a8008f
:10c4a4000080fa00000006000000fa00c0c5200069
:10c4b4008040eb00014878009760a8001fe1a800c5
:10c4c4000080fa00000006000000fa001fe1a90045
:10c4d4009760a9000080fa00000006000200fa003c
:10c4e400c0c52000104f78001e4078000004e00012
:10c4f40003003200c0c520008040eb0001487800f2
:10c504001e4078000080fa00000006000000fa00d7
:10c51400d0c52000104078000080fb000080fa00a5
:10c52400000006000000fa00d0c520008040eb00a7
:10c53400014878000080fa00000006000000fa00bc
:10c5440030402000000a8800c0002000100a880043
:10c55400000a800000407800674060000080fb0013
:10c56400b04b88000080fa00000006000000fa00ca
:10c574000080fa00000006000000fa002004800099
:10c58400620060000000e00002003200f7ff0700d4
:10c594008420a9000080fa00000006000000fa00d0
:10c5a400b04b800000407800674060000080fb00d2
:10c5b40067006000020a800081ff2f008100610093
:10c5c40001007000000a88000080fa0000000600e4
:10c5d4000000fa00010a800080ff2f000080600044
:10c5e400000a88000080fa00000006000000fa003b
:10c5f400200a80000080fa00000006000000fa0013
:10c6040042c1a8000080fa00000006000000fa0001
:10c61400100a80004600de00614060000080fb00dc
:10c6240000f0a7000000ea000000ea004f00de006e
:10c63400004078000080fa00000006000000fa00c4
:10c6440042c1a9000080fa00000006000000fa00c0
:10c65400000a80004400de00614060000080fb00ae
:10c6640000f0a7000000ea000000ea004f00de002e
:10c67400004078000080fa00000006000000fa0084
:10c68400000a80006800600000f0a7000000ea00d3
:10c694000000e9004f00de00004078000080fa004e
:10c6a400000006000000fa0040002800001a88007c
:10c6b40080432000101a880010002000201a8800ef
:10c6c4004823ef0000f22700701a8800403f200042
:10c6d400801a88005223ef005423ef005623ef0002
:10c6e4005823ef006023ef006223ef006423ef0080
:10c6f400de24ef00603826000600070095a0a8009d
:10c704000080fa00000006000000fa000080fa0031
:10c71400000006000200fa00000f78001e007800f6
:10c72400904b88000080fa00000006000000fa0028
:10c734004023a8000080fa00000006000000fa0070
:10c744004023a9000080fa00000006000800fa0057
:10c7540030079800101a80004200de007f4060001d
:10c764000080fb002007980000302000100798008c
:10c774000000eb00000f78000b0037001e0078006b
:10c7840000004000be009000008040009e00900029
:10c7940091007800010878001e0090000080e800f5
:10c7a400100798001e0fe8009e0078002e009000ed
:10c7b400808f5000f1ff36001e0078000080fa00e0
:10c7c400000006000000fa0051058000f0f82f0078
:10c7d400008060000050a000500588002106800001
:10c7e400f0f82f00008060000040a00020068800c0
:10c7f4005105800080ff2f00008060000000a00031
:10c804005005880041058000f0ff2800008060008a
:10c8140000c0a0004005880061058000f0f82f00ea
:10c824008080600000052000010070006005880021
:10c834006105800080ff2f00008060005000b3007d
:10c8440060058800e1058000f08f2f000080600003
:10c8540000a0a000e0058800e1058000f0f82f00aa
:10c86400008060000060a000e00588008105800071
:10c87400f0ff2800808060000000230001007000a9
:10c88400800588004105800080ff2f000080600043
:10c894003000b3004005880031058000f0ff280017
:10c8a40080806000000023000100700030058800d3
:10c8b40021058000f0ff28000080600000d0a00067
:10c8c400200588000080fa00000006000200fa003b
:10c8d400000f78000300370000fa20000100200058
:10c8e4004e0007001e00780000f0a7000000ea00d8
:10c8f4000000ea004f00de00004078001e0fe9004f
:10c904000004e000f4ff3a000080fa000000060092
:10c914000200fa00000f780005003700000820002c
:10c92400010020003d00070001fe2f001e8f400083
:10c934001e007800ff0f5000f8ff3e000300370090
:10c944004000200001002000340007001e00780091
:10c9540000f0a7000000ea000000ea004f00de003b
:10c96400004078001e0fe9000004e000f4ff3a00e4
:10c974000080fa00000006000000fa000000230016
:10c98400203a88004827ef004e27ef007027ef0079
:10c994007227ef007427ef007627ef007a27ef0065
:10c9a4007c27ef007200200080072000a1092000ee
:10c9b40033742000804978008149780082497800e6
:10c9c4000001eb00600420007105200023742000a6
:10c9d4008049780081497800824978000080fa0013
:04c9e4000000060049
:020000040000fa
:10c9e8000200fa00000f78009e007800614b880072
:10c9f8000000fe000080fa00000006000000fa00b7
:10ca0800e0bf20008007780060c120000001880096
:08ca18000080fa000000060096
:020000040000fa
:10ca2000f03fb1000180b10006003500ee030900bf
:10ca300000000000403fb1000180b100fbff3d005d
:10ca40001000b000203fb000020035000080090057
:08ca50000000000000000600d8
:020000040000fa
:020000040002f8
:04aff000ffff00005f
:020000040000fa
:020000040002f8
:04aff400fffe00005c
:020000040000fa
:020000040002f8
:04aff8009f7f000037
:020000040000fa
:020000040002f8
:04affc00803f000092
:00000001FF
