:020000040000fa
:080000000002040000000000f2
:020000040000fa
:0400080038050000b7
:020000040000fa
:04000c004c030000a1
:020000040000fa
:040010008e0300005b
:020000040000fa
:040014006c03000079
:020000040000fa
:04001800ae03000033
:020000040000fa
:04001c0038050000a3
:020000040000fa
:04002000380500009f
:020000040000fa
:04002400380500009b
:020000040000fa
:040028003805000097
:020000040000fa
:04002c003805000093
:020000040000fa
:04003000380500008f
:020000040000fa
:040034007a0400004a
:020000040000fa
:040038003805000087
:020000040000fa
:04003c003805000083
:020000040000fa
:04004000380500007f
:020000040000fa
:040044004404000070
:020000040000fa
:04004800ce030000e3
:020000040000fa
:04004c003805000073
:020000040000fa
:04005000380500006f
:020000040000fa
:04005400ce040000d6
:020000040000fa
:04005800b0040000f0
:020000040000fa
:04005c000404000098
:020000040000fa
:04006000380500005f
:020000040000fa
:04006400380500005b
:020000040000fa
:040068003805000057
:020000040000fa
:04006c003805000053
:020000040000fa
:04007000380500004f
:020000040000fa
:04007400380500004b
:020000040000fa
:040078003805000047
:020000040000fa
:04007c003805000043
:020000040000fa
:04008000380500003f
:020000040000fa
:04008400380500003b
:020000040000fa
:040088003805000037
:020000040000fa
:04008c003805000033
:020000040000fa
:04009000380500002f
:020000040000fa
:040094000205000061
:020000040000fa
:040098003805000027
:020000040000fa
:04009c003805000023
:020000040000fa
:0400a000380500001f
:020000040000fa
:0400a400380500001b
:020000040000fa
:0400a8003805000017
:020000040000fa
:0400ac003805000013
:020000040000fa
:0400b000380500000f
:020000040000fa
:0400b400380500000b
:020000040000fa
:0400b8003805000007
:020000040000fa
:0400bc003805000003
:020000040000fa
:0400c00038050000ff
:020000040000fa
:0400c40038050000fb
:020000040000fa
:0400c80038050000f7
:020000040000fa
:0400cc0038050000f3
:020000040000fa
:0400d00038050000ef
:020000040000fa
:0400d40038050000eb
:020000040000fa
:0400d80038050000e7
:020000040000fa
:0400dc0038050000e3
:020000040000fa
:0400e00038050000df
:020000040000fa
:0400e40038050000db
:020000040000fa
:0400e80038050000d7
:020000040000fa
:0400ec0038050000d3
:020000040000fa
:0400f00038050000cf
:020000040000fa
:0400f40038050000cb
:020000040000fa
:0400f80038050000c7
:020000040000fa
:0400fc0038050000c3
:020000040000fa
:0401000038050000be
:020000040000fa
:0401040038050000ba
:020000040000fa
:0401080038050000b6
:020000040000fa
:04010c0038050000b2
:020000040000fa
:0401100038050000ae
:020000040000fa
:0401140038050000aa
:020000040000fa
:0401180038050000a6
:020000040000fa
:04011c0038050000a2
:020000040000fa
:04012000380500009e
:020000040000fa
:04012400380500009a
:020000040000fa
:040128003805000096
:020000040000fa
:04012c00ec040000df
:020000040000fa
:04013000380500008e
:020000040000fa
:04013400380500008a
:020000040000fa
:040138003805000086
:020000040000fa
:04013c003805000082
:020000040000fa
:04014000380500007e
:020000040000fa
:04014400380500007a
:020000040000fa
:040148003805000076
:020000040000fa
:04014c003805000072
:020000040000fa
:04015000380500006e
:020000040000fa
:04015400380500006a
:020000040000fa
:040158003805000066
:020000040000fa
:04015c003805000062
:020000040000fa
:04016000380500005e
:020000040000fa
:04016400380500005a
:020000040000fa
:040168003805000056
:020000040000fa
:04016c003805000052
:020000040000fa
:04017000380500004e
:020000040000fa
:04017400380500004a
:020000040000fa
:040178003805000046
:020000040000fa
:04017c003805000042
:020000040000fa
:04018000380500003e
:020000040000fa
:04018400380500003a
:020000040000fa
:040188003805000036
:020000040000fa
:04018c003805000032
:020000040000fa
:04019000380500002e
:020000040000fa
:04019400380500002a
:020000040000fa
:040198003805000026
:020000040000fa
:04019c003805000022
:020000040000fa
:0401a000380500001e
:020000040000fa
:0401a400380500001a
:020000040000fa
:0401a8003805000016
:020000040000fa
:0401ac003805000012
:020000040000fa
:0401b000380500000e
:020000040000fa
:0401b400380500000a
:020000040000fa
:0401b8003805000006
:020000040000fa
:0401bc003805000002
:020000040000fa
:0401c00038050000fe
:020000040000fa
:0401c40038050000fa
:020000040000fa
:0401c80038050000f6
:020000040000fa
:0401cc0038050000f2
:020000040000fa
:0401d00038050000ee
:020000040000fa
:0401d40038050000ea
:020000040000fa
:0401d80038050000e6
:020000040000fa
:0401dc0038050000e2
:020000040000fa
:0401e00038050000de
:020000040000fa
:0401e40038050000da
:020000040000fa
:0401e80038050000d6
:020000040000fa
:0401ec0038050000d2
:020000040000fa
:0401f00038050000ce
:020000040000fa
:0401f40038050000ca
:020000040000fa
:0401f80038050000c6
:020000040000fa
:0401fc0038050000c2
:020000040000fa
:0402080038050000b5
:020000040000fa
:04020c004c0300009f
:020000040000fa
:040210008e03000059
:020000040000fa
:040214006c03000077
:020000040000fa
:04021800ae03000031
:020000040000fa
:04021c0038050000a1
:020000040000fa
:04022000380500009d
:020000040000fa
:040224003805000099
:020000040000fa
:040228003805000095
:020000040000fa
:04022c003805000091
:020000040000fa
:04023000380500008d
:020000040000fa
:040234007a04000048
:020000040000fa
:040238003805000085
:020000040000fa
:04023c003805000081
:020000040000fa
:04024000380500007d
:020000040000fa
:04024400440400006e
:020000040000fa
:04024800ce030000e1
:020000040000fa
:04024c003805000071
:020000040000fa
:04025000380500006d
:020000040000fa
:04025400ce040000d4
:020000040000fa
:04025800b0040000ee
:020000040000fa
:04025c000404000096
:020000040000fa
:04026000380500005d
:020000040000fa
:040264003805000059
:020000040000fa
:040268003805000055
:020000040000fa
:04026c003805000051
:020000040000fa
:04027000380500004d
:020000040000fa
:040274003805000049
:020000040000fa
:040278003805000045
:020000040000fa
:04027c003805000041
:020000040000fa
:04028000380500003d
:020000040000fa
:040284003805000039
:020000040000fa
:040288003805000035
:020000040000fa
:04028c003805000031
:020000040000fa
:04029000380500002d
:020000040000fa
:04029400020500005f
:020000040000fa
:040298003805000025
:020000040000fa
:04029c003805000021
:020000040000fa
:0402a000380500001d
:020000040000fa
:0402a4003805000019
:020000040000fa
:0402a8003805000015
:020000040000fa
:0402ac003805000011
:020000040000fa
:0402b000380500000d
:020000040000fa
:0402b4003805000009
:020000040000fa
:0402b8003805000005
:020000040000fa
:0402bc003805000001
:020000040000fa
:0402c00038050000fd
:020000040000fa
:0402c40038050000f9
:020000040000fa
:0402c80038050000f5
:020000040000fa
:0402cc0038050000f1
:020000040000fa
:0402d00038050000ed
:020000040000fa
:0402d40038050000e9
:020000040000fa
:0402d80038050000e5
:020000040000fa
:0402dc0038050000e1
:020000040000fa
:0402e00038050000dd
:020000040000fa
:0402e40038050000d9
:020000040000fa
:0402e80038050000d5
:020000040000fa
:0402ec0038050000d1
:020000040000fa
:0402f00038050000cd
:020000040000fa
:0402f40038050000c9
:020000040000fa
:0402f80038050000c5
:020000040000fa
:0402fc0038050000c1
:020000040000fa
:0403000038050000bc
:020000040000fa
:0403040038050000b8
:020000040000fa
:0403080038050000b4
:020000040000fa
:04030c0038050000b0
:020000040000fa
:0403100038050000ac
:020000040000fa
:0403140038050000a8
:020000040000fa
:0403180038050000a4
:020000040000fa
:04031c0038050000a0
:020000040000fa
:04032000380500009c
:020000040000fa
:040324003805000098
:020000040000fa
:040328003805000094
:020000040000fa
:04032c00ec040000dd
:020000040000fa
:04033000380500008c
:020000040000fa
:040334003805000088
:020000040000fa
:040338003805000084
:020000040000fa
:04033c003805000080
:020000040000fa
:04034000380500007c
:020000040000fa
:040344003805000078
:020000040000fa
:040348003805000074
:020000040000fa
:04034c003805000070
:020000040000fa
:04035000380500006c
:020000040000fa
:040354003805000068
:020000040000fa
:040358003805000064
:020000040000fa
:04035c003805000060
:020000040000fa
:04036000380500005c
:020000040000fa
:040364003805000058
:020000040000fa
:040368003805000054
:020000040000fa
:04036c003805000050
:020000040000fa
:04037000380500004c
:020000040000fa
:040374003805000048
:020000040000fa
:040378003805000044
:020000040000fa
:04037c003805000040
:020000040000fa
:04038000380500003c
:020000040000fa
:040384003805000038
:020000040000fa
:040388003805000034
:020000040000fa
:04038c003805000030
:020000040000fa
:04039000380500002c
:020000040000fa
:040394003805000028
:020000040000fa
:040398003805000024
:020000040000fa
:04039c003805000020
:020000040000fa
:0403a000380500001c
:020000040000fa
:0403a4003805000018
:020000040000fa
:0403a8003805000014
:020000040000fa
:0403ac003805000010
:020000040000fa
:0403b000380500000c
:020000040000fa
:0403b4003805000008
:020000040000fa
:0403b8003805000004
:020000040000fa
:0403bc003805000000
:020000040000fa
:0403c00038050000fc
:020000040000fa
:0403c40038050000f8
:020000040000fa
:0403c80038050000f4
:020000040000fa
:0403cc0038050000f0
:020000040000fa
:0403d00038050000ec
:020000040000fa
:0403d40038050000e8
:020000040000fa
:0403d80038050000e4
:020000040000fa
:0403dc0038050000e0
:020000040000fa
:0403e00038050000dc
:020000040000fa
:0403e40038050000d8
:020000040000fa
:0403e80038050000d4
:020000040000fa
:0403ec0038050000d0
:020000040000fa
:0403f00038050000cc
:020000040000fa
:0403f40038050000c8
:020000040000fa
:0403f80038050000c4
:020000040000fa
:0403fc0038050000c0
:020000040000fa
:100400002fc520000e7f22000e0188000000000092
:10041000000020000000e000020032000001200087
:100420002002880014000700440207000000e000da
:1004300003003a004032250001002000020037008e
:100440000000200001002000810f70000100320038
:1004500014000700000020000000e000020032004d
:1004600000000200000000006443020000000000e1
:100470000040da000000fe004440a900803a20005d
:100480000000e000030032000020200090018800fe
:100490004440a800000006008a1f78008b1f7800e7
:1004a00000000600a1028800800478000000eb0034
:1004b0001f003700e284440054a0b4009905ba003c
:1004c000e284440054a0b4009906ba00e2844400d7
:1004d00054a0b4000006eb00476fde00fd07b20039
:1004e000ae018800636ce10003003a00eaff0700f8
:1004f0000000eb000e003700606ce10008003a00dd
:10050000004deb000a05e800020039003420ec0041
:100510000af0a0008b05e900f9ff3e000400370057
:100520006168e100010032000086eb000b0007006b
:1005300019c7ba001905ba000e04e00003003a001a
:100540000a00e000dbff3a0000000600fe07b200f0
:10055000ae0288008a047800f5ff37000cd0a300b3
:10056000e20f4d001c00390089027800354dba00b9
:100570000a05e800020039003420ec000af0a0006f
:100580008b05e9000f003200254dba000a05e8008e
:10059000020039003420ec000af0a0008b05e900cd
:1005a000080032000c00e0000600320015cdba0051
:1005b0000a05e800020039003420ec000af0a0002f
:1005c0008b05e9008984e80054a0b4000b00e0002a
:1005d000e2ff3a00000006009902ba00055d7800cb
:1005e0008b05e900f7ff3200c82ade00055d7800c0
:1005f0008b05e900f3ff32000c00e000f1ff320050
:1006000019ddba00eeff37004a5d0400000000006b
:10061000b860040000000000025e0400000000005a
:10062000ba5e04000000000040500400000000001a
:100630009050040000000000725f04000000000001
:10064000d242040000000000e44204000000000068
:100650005e42040000000000e215040000000000fb
:10066000b62e0400000000009430040000000000da
:10067000402f040000000000b02f04000000000024
:1006800044300400000000000000040000000000ee
:10069000b62e0400000000003600f800809fbe0067
:1006a000829fbe00849fbe00869fbe000000fa00ad
:1006b0008020a9000000eb00422407000080fa001f
:1006c0004f03be004f02be004f01be004f00be00f0
:1006d0003600f900004006003600f800809fbe009a
:1006e000829fbe00849fbe00869fbe000000fa006d
:1006f0003b2407008040a90010002000312407009f
:100700000080fa004f03be004f02be004f01be0042
:100710004f00be003600f900004006003600f80029
:10072000809fbe00829fbe00849fbe00869fbe0049
:100730000000fa008060a9002000200021240700aa
:100740000080fa004f03be004f02be004f01be0002
:100750004f00be003600f900004006003600f800e9
:10076000809fbe00829fbe00849fbe00869fbe0009
:100770000000fa008080a90030002000112407004a
:100780000080fa004f03be004f02be004f01be00c2
:100790004f00be003600f900004006003600f800a9
:1007a000809fbe00829fbe00849fbe00869fbe00c9
:1007b0000000fa00d04a80000000e0000200320091
:1007c000d04a80000000010030c4200010407800b2
:1007d0008040e80030c420000148780020c4200098
:1007e00011c0b300014878008500a9000080fa001c
:1007f0004f03be004f02be004f01be004f00be00bf
:100800003600f900004006003600f800809fbe0068
:10081000829fbe00849fbe00869fbe003200f8000b
:100820003400f80010002000a00188000020200003
:10083000900188000000fa002104800000002200de
:10084000008060000000e00006003200f04a8000f6
:100850000000e00002003200f04a800000000100c9
:1008600085a0a9000080fa003400f9003200f900e8
:100870004f03be004f02be004f01be004f00be003e
:100880003600f900004006003600f800809fbe00e8
:10089000829fbe00849fbe00869fbe000000fa00bb
:1008a000204b80000000e00002003200204b80005e
:1008b0000000010050c42000104078008040e80093
:1008c00050c420000148780040c4200011c0b3008b
:1008d0000148780084e0a9000080fa004f03be00c0
:1008e0004f02be004f01be004f00be003600f900af
:1008f000004006003600f800809fbe00829fbe00c8
:10090000849fbe00869fbe000000fa00304b80002e
:100910000000e00002003200304b800000000100c7
:1009200070c42000104078008040e80070c42000af
:100930000148780060c4200011c0b300014878006d
:100940008460a9000080fa004f03be004f02be0081
:100950004f01be004f00be003600f9000040060007
:100960003600f800809fbe00829fbe00849fbe00bc
:10097000869fbe000000fa00804a8000000001004f
:100980000080fa004f03be004f02be004f01be00c0
:100990004f00be003600f900004006003600f800a7
:1009a000809fbe00829fbe00849fbe00869fbe00c7
:1009b0000000fa00904a8000000001000080fa0068
:1009c0004f03be004f02be004f01be004f00be00ed
:1009d0003600f90000400600801f78000000fa0091
:1009e00010118000620060000000e0000100320091
:1009f0002222a9008c20a9000080fa004f00780074
:100a0000004006003600f800809fbe00829fbe00b6
:100a1000849fbe00869fbe000000fa00404b80000d
:100a20000000e00002003200404b800000000100a6
:100a300090c42000104078008040e80090c420005e
:100a40000148780080c4200011c0b300014878003c
:100a50008760a9000080fa004f03be004f02be006d
:100a60004f01be004f00be003600f90000400600f6
:100a70000040da000000fe000a00fa000000e0007a
:100a800037003a0073628000e18f510003003200aa
:100a9000e28f51000e003a000900370000222000ca
:100aa0000000e00001003a000040da002002e2000d
:100ab0000b0035002822ef0021e2a80008003700d3
:100ac000002320000000e00001003a000040da00ae
:100ad0003002e200020035003822ef0031e2a800c7
:100ae000020078001a003700040a2000e18f51004c
:100af0000b003a00030037000402e90002003a004c
:100b000003003700040a20002202ab00faff320083
:100b100014118000050037000402e90002003200d1
:100b20003202ab00fcff32009411800061026200cf
:100b300009003200e18f510002003a0034118000b8
:100b400001003700b4118000845878000000e900eb
:100b50000000e000e4ff3a00000051000800370008
:100b600023002000b3bf9f00c0bf9f00d1bf9f00e4
:100b7000e2bf9f006a805700d51607006fb8970044
:100b80000080fa00000006000a00fa0011002000b0
:100b9000b1bf9f00c0bf9f006a805700ce160700fc
:100ba0004fb897000080fa00000006000a00fa0023
:100bb000e20f500034003e0070628000e10f5000f0
:100bc00003003200e20f500011003a000c00370021
:100bd000032220000300e00001003a000040da0098
:100be0002002e200020035002822ef0021e2a800e6
:100bf0002342ab000d003a002342a8000b0037004f
:100c0000032320000300e00001003a000040da0066
:100c10003002e200020035003822ef0031e2a80085
:100c20003342ab0001003a003342a8008201780051
:100c30000b0037003102fb00e10f500004003a00c6
:100c40002322ab00feff3a00241188000300370086
:100c50003322ab00feff3a00a41188008301e900b3
:100c60000300e000f3ff3a00e10f500003003a00f8
:100c70002302ab00feff32000b0037003302ab0053
:100c8000feff32000800370033002000b3bf9f0092
:100c9000c0bf9f00d1bf9f00e2bf9f006a80570086
:100ca0008f1607006fb99700020078000080fa00e5
:100cb00000000600889fbe008004780080628000eb
:100cc0000000e00005003a000000eb000e00070005
:100cd0000084eb000000e00008003500886280001e
:100ce0000900e0000500320009004400060007008a
:100cf0000000e00001003d000084eb0008007800e7
:100d00004f04be0000000600800078000100e000f3
:100d100003003a0000002000806288000000050007
:100d20000080eb0002002000828f500002003e0095
:100d3000816288000000eb00000006000000050052
:100d4000140020009a033700f4ff2f0098033700a7
:100d50000001be001c0007000470a70003f0a10002
:100d600003f8a30013003a006509b1001000320037
:100d7000090035006928e100020035000100280063
:100d80000000050000004000818048008502e90065
:100d9000fcff3a0000000600f88f42000500350015
:100da0008100d1000080d3008502e800fcff3a00fa
:100db000000006008000eb00000005004f89de0007
:100dc0008201780095033700c70ade00f107b20000
:100dd000f50fb20008003200e1cf420002003200fd
:100de0000170a00024000500810f70000100320096
:100df0000408050044000500810f700002003a005d
:100e0000140005008502e9000000400081c0480090
:100e1000fcff3b000170a000240005006022b80028
:100e2000060220000000d0008180d2000482d2009f
:100e30008582d2000000a0000202520083825a0084
:100e4000030031000202420083824a000000a10038
:100e50000603e900f3ff3a000000060007f8270048
:100e6000078361000638e10004003a00f70720001c
:100e7000878361008703710001003a0003f0a2003c
:100e8000889fbe008a9fbe008c9fbe00470ade007e
:100e90000480a100c71ade000580a1000700280019
:100ea0000785600087856100f70f20000720e100bb
:100eb0009e0032000728e1009c0032000106780005
:100ec0000400e000b4003200f707200087806000d3
:100ed0000170a0000500e000c0003200f70720000c
:100ee000878161000370a000050652000f003a00e0
:100ef0000b50e1000b0032000308e10002003a0051
:100f00000200e1007e003200020450008384580099
:100f1000040031000001fd008101fd008402fd009c
:100f20008a05fd006044b800210037000520e1007b
:100f300005003d000001fd008101fd008402fd006f
:100f40008a05fd00050652007a60e10005003500c3
:100f50000170a1004722dd00848070008a8070004b
:100f6000630037006044b800ef02660007ff2f00ff
:100f7000070666000500e00006003400f08312005a
:100f80008714dd000511de00071bdd00060171007e
:100f90008519de007060e100050035000904780065
:100fa00082047800030178008001eb00700656008f
:100fb0000b50e10003003a0002004000838048002b
:100fc0000400370060041400e0841c000200580094
:100fd000838058000188a300060032008100d10000
:100fe0000080d3008984d3000884d3000402e80081
:100ff000270037000178a30025003a000100e00037
:10100000030032008186cf00698656000a0037004f
:101010008c0020000000e00004003a000900780085
:10102000880478000004eb00700252008086cf0034
:101030000d0646000c06e9007060e1000600350070
:101040008000780009007800880478000004eb0034
:1010500070065600700252000c00e0000c003400d4
:101060008c08dd00f00316000703de0086807000a8
:101070000c00dd00074bde00060070008c4cdd002c
:101080000743de00868474000c44dd000c0252002d
:101090006120e100200035006101600007002800a8
:1010a00087816400f7ff27008783640007037400cb
:1010b0000300e000060032008203730004003200e7
:1010c0000000e800e08048000188a3000e003a001c
:1010d000f70f20000720e1004a003d000170a10049
:1010e0004722dd00810072008a8070000000be008f
:1010f0004f06be004f05be004f04be0000000600b4
:101100006000b800faff37008100d1000080d300f2
:101110000402e800eeff3700040178008901740042
:10112000a10107008a807000f1ff3700f701070076
:10113000070278000001fd008101fd00f3010700b6
:1011400087027800850372000778a300040032004c
:101150000001fd008101fd0006020700e4ff3700e9
:10116000850362000768a300080032000b50e1000d
:1011700003003200f0ff2f00f1ff2700dcff3700f3
:101180000001fd008101fd00d9ff37000468a300c4
:10119000d7ff3200faff3700f8ff2700888360008e
:1011a0000b003a000000e00009003a0083036400ed
:1011b00082837300020032000200be00ccff3700c1
:1011c0000b50e100ceff3a000200be00c8ff37001e
:1011d00014002000810064003eff3700f8ff270064
:1011e0008883610004003a000200e00002003a0037
:1011f0008c007800beff37001500200083016400da
:1012000039ff370001f82700000020008100750039
:10121000b7ff3700889fbe008a9fbe008c9fbe002c
:101220001b0020000202be000586680006002800a0
:10123000060666004709de00f20fb20082003200a7
:101240000243e80080003200c729de00f30fb2003d
:101250007d0032000343e8007b003200f107b2005a
:101260000170a000f507b2000570a000c708dd00fe
:101270004903de00868070004700dd00c72add00dc
:101280004923de00868272004722dd0003055100fb
:101290000403500085835800030031000000400023
:1012a000818048000a05e9008c1f78008a9fbe00f3
:1012b00004005000858058000402420085824a00e4
:1012c00000004000818048000005eb000004be00e3
:1012d0006033b8000406be000d48e100560031003e
:1012e000110009004dccd8000c01b8000d02b80067
:1012f0008481410060824a008283530003045c00c1
:1013000084845c0060055d000a00e00025003a006e
:10131000800578000d40e100490031008800780028
:1013200007007800110009004d88d8000c01b800b2
:101330000d02b8008481410060824a006003110000
:1013400083835b0004045c00e0845c000900e0002f
:1013500021003a004f01be000300e0002b003200e4
:10136000e3016000070673008c8171000100320008
:10137000640070004200de004e5edd000c00700074
:10138000c258de0001e0a00083010700cf01780011
:10139000818071004f06be004f05be004f04be00a5
:1013a000000006008c8343000d044c00e0844c00d8
:1013b00060054d000000e9000a00e000d4ff3200a3
:1013c0008c8343000d044c00e0844c0060054d000c
:1013d0000000e900ceff37000c0343008d834b0073
:1013e00060044c00e0844c000000e9000900e000cb
:1013f000d8ff32000c0343008d834b0060044c0087
:10140000e0844c000000e900d2ff37004200de001b
:101410004e5edd000c007000c258de0001e0a0004e
:10142000cf0178000300e000daff32006000100016
:10143000e0801800d7ff3700f0ff2f00aaff370029
:10144000f0ff2f00b9ff37000404be002f01070092
:10145000870678000004fd008104fd002b010700d1
:10146000078366000678a300030032000960a70026
:101470000800be002c0037000d78a30002003200e7
:101480000800be00280037000778a30026003a00b5
:1014900001f0a10009f0a1000668a30003003200da
:1014a000f1ff2700f0ff2f00baff37000d68a300ff
:1014b000030032000800be008c807000b5ff3700ca
:1014c0000768a30007003a000648a30003003200a3
:1014d000f1ff2700f0ff2f00aeff37000d48a300fb
:1014e000030032006000b8008c807000a9ff370054
:1014f0000748a3000400320001f827000000200084
:101500008c807000a3ff3700760107000004fd0007
:101510008104fd0002057800720107000802be0088
:101520008a01780059ff37000160a00012022000f4
:10153000524b880097ff37000100e0001200320094
:101540000500e00010003200889fbe008a9fbe00a8
:101550008c9fbe000006eb0001f8a30003003200e0
:1015600060001000e08018000cf0a00005f8a30057
:101570000300320060021200e0821a000cf0a200a8
:101580008005eb0041ff37006000b8000200050055
:10159000038368000700280007036300470ade0092
:1015a0000480a100c71ade000580a100f70f20000b
:1015b0000720e100420032000728e100400032002d
:1015c000889fbe008a9fbe008c1f7800f107b20082
:1015d000f307b2000400e000640032000170a000d4
:1015e0000500e000680032000370a000850542009d
:1015f000eb07b1000204b8000302b8008484440081
:1016000060854a00020ab800848444000a854a00c2
:10161000030ab80004054500040033000804d000a4
:101620008984d2000a85d2008b05e9006158e10067
:101630003d00350002102000090161000308200070
:1016400089816100f70720008783640008867300a2
:10165000c84cde00c853dd00878474004855de00a6
:101660000300e0000600320082037600040032002e
:101670008904e80060054d000a88a3000c003a00c8
:10168000f70f20000758e10044003d000a70a10058
:10169000c75ddd000a8575008a00730009007800c7
:1016a0004f0678004f05be004f04be000000060044
:1016b0000a05d1008984d3008b05e800f0ff3700cc
:1016c000881f780006047800900007000702780061
:1016d0000001fd008101fd008c00070087027800f9
:1016e000850372000778a300050032000001fd00a9
:1016f0008101fd009f0007004f04780000000600f4
:10170000850372000748a30003003200f0ff2f009a
:10171000f1ff2700f8ff37000000200001f8270044
:1017200088807000f4ff3700880178004848dd00a9
:10173000808171004848de00c850dd000100700063
:10174000c850de00060478000b0178001600070080
:1017500088807000d2ff37000500e00005003200ed
:10176000170020003a0007009dff3700810370003a
:10177000f9ff3a00860078004f0678004f05be005a
:101780004f04be000000050083037100f9ff320022
:10179000270020002e00070094ff370001f82700e3
:1017a00086807000f4ff37000100e0002600320060
:1017b000610111007810e10023003c006022b800b4
:1017c0007010e1000400350080027800010078000c
:1017d0008000eb00700151000200e00009003400bd
:1017e00070031100062add00822ade008603dd0078
:1017f000878272000200de00860bdd0007007000a9
:101800008208de0084817100f4ff270004826200f8
:1018100084817100040028008482620061026000fb
:1018200005f0a600000006000482710007003200e7
:101830000000e800e0804800000006000002be0052
:101840006000b800efff37006000b800000006003d
:10185000889fbe000004eb006138e10016003a00ea
:101860000100e00008003a00c800de004800dd008a
:10187000880020000100e00003003a00c800de00fc
:101880004800dd00680444008184cf00e9845400ee
:10189000060034008908dd00f08314008703de00b1
:1018a000878070000900dd00090444006102140013
:1018b0004f04be00000006000300e00008003a00ec
:1018c000c811de004811dd00880020000300e000a0
:1018d00003003a00c811de004811dd00680444002e
:1018e0008384cf00e9845400060034008919dd00a8
:1018f000f08314008713de00878171000911dd0079
:1019000009044400e1021400e9ff37002700200029
:1019100001f0a70017002000470bde00f60fb20011
:10192000040032000643e8000a0032004702b30018
:101930000000060001037800f607b20006037000fd
:1019400002003a000703b300000006008702b3005c
:101950000000060001037800f607b20006037000dd
:10196000020032000770a000000006000760a0001f
:10197000000006000478a300040032000578a300ec
:10198000030032000168a30001003a000200be001b
:101990000160a000000006008101700027003200f5
:1019a0008002eb0001f8a300030032006000100089
:1019b000e080180015002000f40720000202420019
:1019c00020003400f7032000870360000604200095
:1019d0000003630002082000000161004700de00f0
:1019e000c909dd0000807100c708de000600e000c4
:1019f0000800320087037100060032001000b000ba
:101a00000180b0000188a30002003200c108de009e
:101a10000402e800f107b200f30f20000320e10008
:101a200003003d004722dd008100720029003700dd
:101a300001f827000000eb00260037006000b80026
:101a400000000600680212007f20e100020034005e
:101a50006000b8001f0037006011b8007020e1007e
:101a60000400350080017800010078008000eb0060
:101a7000700252000400e00009003400f00312007c
:101a80000719dd008419de000703dd00868171007f
:101a90000400de00070bdd00060070008408de0095
:101aa000f7ff270083836300870371000600280087
:101ab00003036300070032000700e00003003a0060
:101ac0006101600002817300020032001000b0006a
:101ad0000180b0000500a6000000060001f0a00093
:101ae000000006004f0ade004709de00f107b200e1
:101af000f20fb2000b003200f207b1000170a0003b
:101b0000c708dd00c901de00838070004700dd00ea
:101b10000400a6000000060060001000e08018002d
:101b200000000600810f700001003a00000006006e
:101b30008182cf000500e00010003e008082cf00cf
:101b4000ee8242007028e1000400390007003e00e8
:101b5000800078000000eb000e0037007083120058
:101b60008600de000500dd000a00370070835200a9
:101b70008600dd000000eb0006003700e282520024
:101b80008508dd00708312000603de008680700089
:101b90000500dd007507b0000501ea000400a6009d
:101ba0000000060060001000e08018000000060041
:101bb000889fbe008a9fbe00841f78007c000700bb
:101bc0004f00780011003300f0ff2f00838f6c006e
:101bd00006003b00040565000a00a7000800370066
:101be00009f0a6001000200008003700820f540002
:101bf000838f5c00030039001000200001003e00cc
:101c00000000200009f0a7000000ea004f05be0018
:101c10004f04be000000e00000000600881f7800ae
:101c2000030478000300e00007003d00600010009e
:101c3000e080180060011900e081190002003b00fb
:101c400001f02d00030037000400070008f0a70092
:101c500001f0a0004f04780000000600889fbe003d
:101c60008a9fbe000082700004027100048271002d
:101c7000260032000004be000200be006011b80061
:101c80006b092000950220000182cf000a00390074
:101c90000541b1000082cf00070039000541b100c5
:101ca0000982cf00040039000541b1000882cf004d
:101cb000010039000541b100054252001200320016
:101cc0000a003b0082817100610164008100d10043
:101cd0000080d3008984d3000884d3008b05e800fa
:101ce0000442e800f7ff3a00070037000804440008
:101cf00089844c0000004800818048008b05e90081
:101d00000442e900f9ff3a00030007004f05be0056
:101d10004f04be00000006008100200061805500d5
:101d20000b003d000b00200061fe2f000100e100d0
:101d30001d00340082817100610164008904d100ba
:101d40000884d3000000e800faff3a007100200088
:101d500061006400030070000200600009003200ae
:101d600061044400e0844c000988a50005003200ad
:101d70008b05e8006808e10002003a008904d10000
:101d80000884d300f20f20000258e10005003d0056
:101d9000c75ddd00f907b200898075000800780092
:101da000000006000bf827008b00780000000500fb
:101db0000004be0004fc07000003be000405be00d2
:101dc0000200be0000fc0700844f75000000060002
:101dd0000800fa00889fbe000004be000001be009b
:101de0008300780001f0a10008007800a4fd200025
:101df00095f42300840f5000858f580018003e0092
:101e0000f2ff2f00f3972300820f5000838f5800ba
:101e100011003e00f2ff2f00f3072000820f500058
:101e2000838f580005003e00020020000338200088
:101e30000800be00d6fd07000400370002002000a5
:101e400003b827000800be000dfc0700c0bf9f00bc
:101e5000d1bf9f00710037000800be006800370046
:101e60004f49de0003002000143d2500b507240083
:101e7000840f5000858f58001f003e0034be2c0098
:101e800065012400840f5000858f58000e003e002d
:101e90000200e00005003200b2fd200093fc2300a8
:101ea0000800be00f6fb070059003700b2fd200015
:101eb00093fc23000800be00e8fb07005b0007005e
:101ec0000004be00550037000200e00005003200ab
:101ed000b2fd2000930424000800be00e8fb0700c8
:101ee00046003700b2fd2000930424000800be0025
:101ef000dafb070041003700541d2300250e2400a3
:101f0000840f5000858f58001d003e00f4dd2e0028
:101f1000f50a2400840f5000858f58000c003e0005
:101f20000200e0000500320042be2c0063092400dc
:101f30000800be00d2fb0700e0ff370042be2c00c5
:101f4000630924000800be00c4fb0700300037000e
:101f50000200e00005003200b2fd2000930c2400d6
:101f60000800be00c6fb070025003700b2fd2000b8
:101f7000930c24000800be00b8fb070020003700c7
:101f8000f2ff2f00f3f72700820f5000838f5800d5
:101f9000040036000801be000800be00affb0700c9
:101fa000c7ff37006c8157000800be004d000700d6
:101fb0006011b80063016000e10f5100e08f59002b
:101fc00009003200e20f5100e08f59000900320091
:101fd000e00f5100e08f59000b003a002fb8970036
:101fe000bfb89700060037002fb89700bfb897001a
:101ff000b2ff37002fb89700bfb8970001f0a200da
:1020000091000700aeff37002fb89700bfb89700c8
:10201000060007000004be0009f0a2000800be0090
:102020004f04be000080fa0000000600889fbe003a
:102030008a9fbe008c9fbe000001be0054fd0700b9
:102040000004be000001be0051fd07000005be00f7
:102050000200200003f02b000800be004cfd07002a
:102060000200200003f8230085fb07000006be00e5
:10207000f2a92a00a3d223000a00be0044fd0700f3
:102080000001be000c00be007dfb07000006be0084
:102090000801be000a00be003dfd07000005be00ad
:1020a00072a12900c37c23000800be0038fd070090
:1020b000f243200063ab230068fb07000001be0071
:1020c0000a00be0032fd07000001be000c00be0089
:1020d0006bfb07004f06be004f05be004f04be005d
:1020e000000006000800fa00889fbe008a9fbe001c
:1020f0008c9fbe000005be00020478000001be00f7
:102100008300780001f0a1000a007800a2fd200001
:1021100093dc2400820f5000838f58001d003e0086
:1021200032982f0023f223000a00be0018fd07009a
:102130000200200003b4240051fb0700020020002d
:1021400003b4240045fb07000006be00ae110700e3
:1021500080047800a2fd200093fc23000c00be0048
:102160000bfd07000001be000a00be003bfb07009c
:102170000005be00325a2800832823000c00be0050
:1021800003fd07000001be000a00be0033fb07008c
:1021900026003700f2ff2f00f3f72700820f5000d0
:1021a000838f5800060036000a01be000a00be00f8
:1021b0002afb0700008cbe008004eb001c003700e7
:1021c0000a00be00500007000005be0032982f0034
:1021d00023f22300eefc07000200200003f023009e
:1021e00027fb07005f1107000203be000002be00cc
:1021f000e4b79f00f5b79f0086bf9f0097bf9f0081
:1022000086fe070032982f0023f2230001fc07000e
:102210000001be000a00be0010fb07006000b8000d
:102220002004980031049800efb49700008cbe00a1
:10223000090078004f06be004f05be004f04be00e7
:102240000080fa0000000600889fbe008a9fbe0042
:102250008c9fbe000005be000001be00ccfc070044
:102260000004be000a01be00c9fc07000006be0053
:102270004288280083c023000800be00c4fc070079
:10228000b2aa2a00a3e22300f4fa07000001be006c
:102290000c00be00befc07000001be000a00be002c
:1022a000f7fa07000005be000801be000800be00e6
:1022b000b7fc07000001be000c00be00b4fc070024
:1022c0000006be00c2c32600636323000800be00f0
:1022d000affc0700f27c200003952300dffa070023
:1022e0000001be000c00be00a9fc07000001be00fa
:1022f0000a00be00e2fa07004f06be004f05be000e
:102300004f04be00000006006022b8006033b80031
:102310000002be00f0ff2f00f1ff2f00f2ff2f00a0
:10232000f3ff270000006200818062000201630069
:1023300083816300000006000000fa0068815700f6
:10234000cfb897001b0207000080fa0000000600cb
:102350003f000700970007004801070070010700d1
:10236000c90007007a020700250237000000fa00c2
:1023700068815700cfb89700130207000080fa0069
:10238000000006009c04070053050700ed05070048
:1023900003060700a6053700800178000200370019
:1023a000b15978000201e9000200e000fcff3a00a8
:1023b00000000600810178000002780030417800ba
:1023c000b14f510002003a000204e000f9ff3a0068
:1023d0009480fb001380fb0000805000000006008a
:1023e0008001eb000200e0001000320000027800e3
:1023f00001037800b44178000304e00008003200d3
:10240000b14278000504e00005003200820340007c
:10241000848f53000200320085cf5100f4ff320058
:102420008381fb001680fb0080815100030078004f
:1024300000000600881f780000047800080078007b
:10244000270a0700080078004f0478000000060003
:10245000ec874700889fbe008a9fbe008c9fbe000d
:102460008e1f78000006780001047800180790009d
:102470002805900098067800cdb79f00b805900019
:102480003202be002203be000400be000601be00f0
:102490004f18de006011b8008000eb00d0b79f003d
:1024a000e1b79f00f2b79f0083bf9f0080047800d0
:1024b0000900e000060032006000b8006011b800ba
:1024c0000402500085825800060359008783590092
:1024d0000e00e000020035000d10a100cdb79f00f6
:1024e0000900e00005003a004fb097000028a30063
:1024f00002003a000038a300020032008a00e9001e
:10250000010037008a007800f8815700a2002000ff
:1025100008007800860007000900e00003003a0088
:10252000cfb097000128a300080032000000e900a6
:1025300000814500b1c2b3000900e0000100320093
:10254000d1c2b30001497800050037000138a3006b
:10255000030032000000e90001c2b3008175780079
:10256000480190000201e90000015100808045000f
:102570004fb297008a0178000c0078003f020700f4
:102580009c0090000188a300040032009800900095
:10259000810f500001003d00010078004f077800d6
:1025a0004f06be004f05be004f04be00cf00b10075
:1025b000000006000200fa00889fbe008a9fbe004d
:1025c000800578000104780002007800180190006e
:1025d0002805900098007800b1bf9f00b8049000d3
:1025e0000200e000020035000110a100b1bf9f0011
:1025f000ea815700820020008a0078003002be0085
:102600002003be0008007800490007003fb997008a
:10261000f0006100030032000000e90001c3b300d4
:10262000817478003fb99700e80061000300320030
:102630000000e90001c2b3008174780048019000f5
:102640000201e90000015100808044003fba970078
:102650008a0178000b007800080207009b009000b8
:102660000188a3000400320098009000810f500000
:1026700001003d00010078004f05be004f04be0080
:102680000080fa0000000600ea874700889fbe002d
:102690008a9fbe008e1f7800000478000300780037
:1026a0007287570084e2260055c72600049fbe00ab
:1026b000c3962200030f78006c875700004feb0091
:1026c00011059000a1049000910578000200e0003f
:1026d00002003200020778000100370072875700bd
:1026e0000000e00002003a000e007800b109070087
:1026f0000a00e000030035008a0f50000100360098
:102700000a0078000b027800890178000001780047
:102710008e00780008007800d80107004f07780085
:102720004f05be004f04be00af00b1000000060020
:10273000f4874700889fbe008a9fbe008c9fbe0022
:102740008e1f78000605be000404be0081bf9f00f6
:1027500082b79f00f3b79f00b0009000e1b79f00e1
:102760001301780092b79f009006900040009000ff
:102770000000e900000678000d00e00001003d00c7
:102780001d0020008040eb00efb1970081717800c0
:102790001e0020001f0037000c06e9000fb0970054
:1027a000cf80de006109b900a0b79f00b1b79f00dc
:1027b000c2b79f00d3b79f000203be000002be0055
:1027c0000800be000a01be000111070000077800e2
:1027d0000e4078000043b000efb0970080707e009c
:1027e0008d06e9000fb997000201e90082bf9f0042
:1027f0002fb29700bfb297004fb39700dfb3970097
:102800000800be000a01be00ea1007000205be0073
:102810000004be000c00e0000d003400e00f540086
:10282000e08f5c00e00f5d00e08f5d00daff3a00b2
:102830000d00e000d8ff3c008fb997000300e000d6
:10284000030034001fb097000018a300d2ff3a0025
:102850000e00e00002003a00ffb097001140a10016
:102860000c0078004f0778004f06be004f05be00f1
:102870004f04be004f01b100000006000200fa0044
:10288000889fbe008a9fbe00000578000104780082
:102890000200780018019000a804900098007800c9
:1028a000b1bf9f00b80590000200e00002003500b3
:1028b0000110a100b1bf9f00ea815700a2002000d3
:1028c000890078003002be002003be0008007800b6
:1028d00097ff0700480190000201e9000001510044
:1028e000808045003fba9700890178000a0078008f
:1028f000620107009a0090000188a30004003200e2
:1029000098009000810f500001003d000100780008
:102910004f05be004f04be000080fa000000060014
:10292000fa874700889fbe008a9fbe008c9fbe002a
:102930008e1f7800800478000104780082057800fa
:10294000180190002805900018077800b800900042
:102950000200e000020035000e10a1000100370067
:102960001200200070006700e0b79f0009003200ed
:102970003b02be002b03be00e00f5200e08f5a0066
:10298000e00f5b00e08f5b00020032008a86e90006
:10299000010037008a067800e8026700f5b79f005b
:1029a000010032008d06e9003b02be002b03be0091
:1029b000e4af9f00f5af9f0086b79f0097b79f00d9
:1029c000480690000c06e9000040eb0080707e0095
:1029d000efb297007fb297008903780081047800f6
:1029e000d8af9f00020478008bbf9f008a05780053
:1029f000034578002a0037000c06e9006fab97000a
:102a00006f006300e90f500002003c000003b000bb
:102a1000010037007005b0000a03fb001604b10086
:102a2000f90f53000c003e00000378000650a00090
:102a30001606b100f90f530007003e00b4b79f001f
:102a4000a5b79f00c7b79f0034090700cfb3970011
:102a5000afb297003fb2970080747e000804e9008f
:102a60008d06e9006fa89700ffa897000fb19700a7
:102a70009fb19700460020008301d1000281d3005e
:102a80008180d3000080d3000603e900faff3a00fa
:102a9000e0af9f00f1af9f0082b79f0093b79f0008
:102aa000e10f56000f0034006fa89700ffa89700b1
:102ab0000fb197009fb19700e00f5000e08f5800d2
:102ac000e00f5900e08f5900cbff3a000800e0000a
:102ad000c9ff3c000d00e000020034000e18a30006
:102ae000c5ff3a0089007800f4b79f00870478009a
:102af0005fac97008a4178000b0578008fbd970086
:102b00000500e000100032003b02be002b03be00b7
:102b1000e4af9f00f5af9f0086b79f0097b79f0077
:102b2000e00f5200e08f5a00e00f5b00e08f5b0087
:102b3000050032000c06e90083707e000c06e900f7
:102b400000c3b30080707e00ffb297000500e00074
:102b5000030032000c06e90000c2b30080707e0062
:102b6000480190000201e9000c0151008c804000f6
:102b70000e0278008a01780009007800bf00070083
:102b8000990090000188a300040032009800900092
:102b9000810f500001003d00010078004f077800d0
:102ba0004f06be004f05be004f04be00af01b1008e
:102bb000000006008201780001017800f1ff270083
:102bc000eb083700960637003c00fa008f017800ca
:102bd000c303b1001d0009008019eb00c0a79f00ce
:102be00080b79f00205e2100b0b79f0040fc2f00ff
:102bf0000f004000d00807000080fa000000060027
:102c000084082000848f50001d0032000d003c001d
:102c100014082000848f50002700320002003c007e
:102c2000040820000400370024082000848f50008e
:102c30003400320044082000848f500043003a00e2
:102c400036003700040a2000848f5000270032002d
:102c500004003c0004092000848f50003b003a002f
:102c600028003700020c2000828f50002f00320015
:102c7000020f2000828f500034003a002b003700f2
:102c80009380e9000200e00005003200810978002d
:102c90001102fb00cfa2de00612bb9002800370033
:102ca00081097800114278000482fb008002eb0069
:102cb0006033b8002200370013027800e4005200ad
:102cc0000200e00005003200810978001102be0018
:102cd0004fabde00860378001900370081097800c9
:102ce0001102be006033b800150037009380e90080
:102cf0008109780011027800cfa2de00612bb900b3
:102d00000f00370093027800e880520081097800b4
:102d10003102be002103be00090037009380e900a4
:102d20000200e00002003200f1ff37009380e9006a
:102d300081097800110278008002eb006033b8004e
:102d40000498be000690be001000050000000500bb
:102d500044082000848f50002500320008003c0009
:102d600014082000848f5000140032002408200032
:102d7000848f500024003200040820000c0037002b
:102d800004092000848f50001f00320004003c0022
:102d900084082000848f500024003a000e00370081
:102da000040a2000848f500011003200040c20001f
:102db000848f50001d003a000d0037009380e90019
:102dc000810978009100780001087800cf91de0039
:102dd0008288be00140037009380e90081097800e2
:102de0009100780001087800824878000e003700d2
:102df0009380e9008109780091007800010878004b
:102e000082087800080037009380e9008109780083
:102e100091007800010878006112b900612bb900b7
:102e20008498be008690be001000050000000500da
:102e3000889fbe000004780048009000820478005b
:102e4000808f54000100360080047800090178006a
:102e50005800900050fd0700580090000900400005
:102e600050049800c80090008984500049049800dc
:102e70000048eb004f04be0000000600f287470048
:102e8000889fbe008a9fbe008c9fbe008e1f780068
:102e9000800478000105780002047800830578003a
:102ea0006107620002003a008b0f540008003900ed
:102eb000080178008a00780009007800ad0b07004f
:102ec0008b0f540002003900880578001e0037007f
:102ed000088655000c017800f00f560001003600fe
:102ee00002012000010220007e8057005b060700df
:102ef0008c0678000500370002012000fe80570094
:102f0000090078009b0b0700f0865600ef8f5600f3
:102f1000f9ff3e004461de0000ff2f000091b90080
:102f200002014600fe80570009007800910b07005f
:102f30000e00e00004003a00080178008a007800e2
:102f4000090078008b0b07000b0078004f07780012
:102f50004f06be004f05be004f04be002f01b1005a
:102f6000000006000000050000000500000005004c
:102f7000000178000040eb008080fb008180400071
:102f800023c1200063c278000404e00003003a007b
:102f900030c1200060c07800000006009201780077
:102fa000934f520004003a0030c1200060c0780006
:102fb0000309e800010037000040e800ea4f500034
:102fc000edff360000000600f6874700889fbe0030
:102fd0008a9fbe008c9fbe008e1f7800000578007f
:102fe0000104780083057800040678000000eb00f7
:102ff000c0b79f008080eb00d1b79f00e0b79f0073
:10300000f2b79f000008200080bf9f009800780062
:10301000010078008004eb00010037008904e8001b
:10302000304178000204e0000300320053c2b300d4
:10303000834f5100f9ff3a000900e000040032001c
:10304000090178000a0078004a0b0700188c440038
:103050001807780050c2b3009e4f10003f013a009d
:103060000e07e8000e0c780010003700cfb0970074
:103070000100a0000b003700cfb097000110a000a6
:1030800008003700cfb097000120a00005003700ee
:10309000cfb097000130a00002003700cfb09700fa
:1030a0000140a000c1b79f00000ce80018007800a4
:1030b00090407800b2c2b30082cf5000f1ff3200de
:1030c00007003c0002c2b30082cf5000f0ff320084
:1030d00032c2b30082cf500007003a00efff370042
:1030e000d2c2b30082cf5000e0ff320002c3b3006f
:1030f00082cf5000e0ff3200a2c2b30082cf500066
:103100000d003a00000ce8001c80e900000e780079
:1031100010007800e0b79f000000e0000f003d00c5
:10312000cfb097000100a200c1b79f000000ea00e5
:10313000e0b79f000900370065050700e0b79f0072
:1031400001003700000ce800180078009000fb0038
:103150000103b100e98f5000faff36004fb097002d
:103160000008a300020032000010a100c0b79f00b9
:1031700018007800e1c2b30090cf100016003a00aa
:103180008000eb00d1b79f000000e800000c780041
:10319000a1c2b30090cf100006003a00000ce80076
:1031a0001c80e900000e780010007800d0b79f0066
:1031b0000900370046050700d0b79f00010037001f
:1031c000000ce800180078009000fb000103b1003b
:1031d000e98f5000faff36000800780064ff07000e
:1031e00080467800180078001000fb0044070700b4
:1031f00091062000810f50003800320012003c0080
:1032000041062000810f5000340032000a003c00cb
:1032100011062000810f50002000320031062000ee
:10322000810f5000a000320051022000810f500099
:10323000bc003a00b400370071062000810f500036
:10324000b8003c008800370001072000810f5000c3
:103250005c00320007003c00e1062000810f5000b6
:103260007a003200f1062000810f5000ad003a00d4
:103270003900370051072000810f5000270032002d
:1032800081072000810f50004200320031072000ea
:10329000810f5000a3003a008f0037008d80fb00a3
:1032a0000c01780000fe2f000f00400055070700ba
:1032b0000000e000a800320018007800000ce800d0
:1032c0009041780002fe2f000f014100f880570066
:1032d0000a00780024ff07000e0037008d80fb00f5
:1032e0008c0178001200200000fe2f000f0040002b
:1032f00043fe07000000e00097003200180ce800d1
:1033000002fe2f000f014100f88057000a007800ec
:103310004ffc070080844400900037008d80fb0044
:103320008c0178000001eb0000fe2f000f00400030
:1033300033fe07000000e00087003200180ce800b0
:1033400002fe2f000f014100f88057000a007800ac
:103350004afd0700efff37008d80fb008c017800ed
:103360000001eb0000fe2f000f00400024fe0700cc
:103370000000e00078003200180ce80002fe2f0088
:103380000f014100f88057000a00780089fc07000f
:10339000e0ff37008d80fb008c0178000001eb001e
:1033a00000fe2f000f00400015fe07000000e000a7
:1033b0006900320018007800000ce80090417800a5
:1033c0001c0037008c0178000001eb00010f200089
:1033d00000fe2f000f00400009fe07000000e00083
:1033e0005d003200180ce8000fb097009fb0970006
:1033f0002fb19700bfb19700e00f5000e08f580049
:10340000e00f5900e08f590009003a00cfb597004e
:103410006fb49700a0c02000660607000b0278007a
:103420008801780000017800a1c020004700370023
:1034300083c7b30002fe2f000f014100f880570040
:103440000a00780036fd0700b2ff37000b81440008
:103450008d80fb008c01780000fe2f000f004000e3
:103460003bfe07003c0037008d80fb000c0178001c
:1034700000fe2f000f004000e20607000000e00001
:103480003500320018007800000ce8009041780008
:1034900002fe2f000f014100f88057000a0078005b
:1034a000b1fe07009bff370000c8b30080cf560075
:1034b00029003a00180ce8001c80e900000e780092
:1034c00010407800e0df9f0013002000e2fd2f0095
:1034d0000f0141000800370000c8b30080cf56003c
:1034e0001d003a00180ce8001c80e900000e78006e
:1034f0008001eb0010017800f88057000a00780086
:1035000061fc070083ff370000c8b30080cf56007e
:1035100011003a00180ce8004fb29700efb1970085
:10352000080037000e0c78000000eb00c0b79f00c9
:10353000e0b79f000080eb00d0b79f000002eb00d7
:10354000840178001200200001c120000a007800e8
:103550004afe07006fff3700180ce80009007800ea
:103560004f0778004f06be004f05be004f04be0057
:103570006f01b100000006008200fa00889fbe00c3
:103580008a1f78000005780082047800c13f9f0000
:103590000004eb0010003700090278008801780071
:1035a000a2f72f000f01410081f72f008f8040000c
:1035b0000a00780084fe070008004000880f5000d1
:1035c00004003d00b0042000506288000084eb003d
:1035d00004003700000478004f3897001004e00022
:1035e000edff3a00080078004f0578004f04be0058
:1035f0000080fa00000006000200fa00889fbe006a
:103600008104780082007800030178003104900082
:10361000f3060700e10f40000b003200a20020007b
:10362000e68057000800780027060700809cbe004f
:103630008294be0010002000dfb89700810f540074
:1036400001003a00e0ff2f004f04be000080fa00a6
:1036500000000600ea874700889fbe008a9fbe00e0
:103660008c9fbe008e1f7800000478000105780052
:1036700083bf9f00a205900042009000e0b79f002a
:10368000b2049000830078001106780008007800ea
:10369000bb0107008fb897008c0840000b00e000ca
:1036a00004003a006fb097000000e900f0b79f00f7
:1036b00001003700fbb79f00ad0020000007eb00c2
:1036c0001b00370078089000b8109000810f500060
:1036d00003003100b085fb00700c98000800370033
:1036e00008007800e604070080057800e18f4500b7
:1036f00003003a000c00e0005c003c006f00370063
:103700000c00e0000c003a00b0022000808f550051
:1037100003003200d0022000808f550006003a00de
:103720008b4c78008fb897009108e8001e002000ad
:103730000e067800460037008e0f560029003a002a
:103740000c07e800ea8f560004003a00000320004e
:10375000808f550022003a001f003700e88f560086
:103760001f003a008b0078000150a0008007200065
:10377000808f50001a003a00f8089000381090002e
:10378000808f5000030031003180fb00710c9800e5
:103790000200370008007800b9040700b810900054
:1037a0000100e00003003200f80890008100e90009
:1037b000710c9800ec0307000000e00013003200d9
:1037c0008b747e000fb897001008e8000e06780092
:1037d0000d0120001e0037008d0020000100370081
:1037e0000007eb0000fd2f000b004000e90f500028
:1037f0000d003600f08f560004003a000b007800f0
:10380000d90307000000e0000d003a0038109000d6
:103810000000e00015003200780890000000e90088
:10382000700c980011003700e88f560004003a0031
:1038300070032000808f550001003400ad0020008f
:103840008b747e000c06e8008fb897009108e800a2
:103850007fb09700800f560004003d00efb0970046
:103860000100e900800f560096ff35000040eb0094
:1038700080747e00ea8f560005003a000d01780042
:10388000f6805700090078008f0507000400370014
:103890000d017800f68057000900780086050700c2
:1038a000009dbe000295be001b0020005fb0970087
:1038b000808f540001003a00ebff2f000b007800ce
:1038c0004f0778004f06be004f05be004f04be00f4
:1038d000af00b10000000600e6874700889fbe00e9
:1038e0008a9fbe008c9fbe008e1f78000004780067
:1038f000010578000306780022079000420090003e
:1039000080bf9f00b20490009c05780008007800fa
:103910001b0107000b0e40000e00e00002003a0001
:103920008fb897000107e900890678008005eb0051
:103930001c003700f808900038109000808f50006d
:10394000030031003180fb00710c98000700370044
:10395000080078004a040700e10f400003003a0025
:103960000b00e00015003c002100370001fd2f0096
:1039700080804000e78f500007003600381090002c
:103980000000e0000d003200780890000000e9001f
:10399000700c980009003700805e78008b05e80005
:1039a0001c0ee8008e8f550004003d008fb8970074
:1039b0000100e900808f5500deff35000040eb007c
:1039c00080f47d0082002000f2805700090078001a
:1039d00039050700009dbe000295be0010002000c2
:1039e000ffb09700818f540001003a00e0ff2f00e4
:1039f0004f0778004f06be004f05be004f04be00c3
:103a00006f00b10000000600800078001000200068
:103a100002022000828f500004003200e980500032
:103a2000e48f5000010036000000eb0000000600ab
:103a3000889fbe008a9fbe008c9fbe008e1f7800ac
:103a40000004be000205be00840678000a00e00003
:103a5000040032001b06780008007800c800070048
:103a60008c0d4000290790008004eb0021003700f6
:103a700078089000b8109000810f500003003100ca
:103a80003086fb00700c98000800370008007800b2
:103a9000fb03070000067800e10f460003003a0030
:103aa0000900e00017003a00200037000a00e0009b
:103ab0000b0032000c007800d3ff07000000e0008c
:103ac00007003200381090000000e0000d003200c6
:103ad000780890000000e900700c98000900370099
:103ae0000d00e000010032008cf67c008904e80043
:103af0009b0de8000e00e000ddff32008e8f5400c9
:103b0000dbff35000d00e000040032000a00e00099
:103b1000020032000040eb0080f67c0009f0a700b4
:103b20008904ea000906ea004f66de000c0078000e
:103b30004f0778004f06be004f05be004f04be0081
:103b4000000006000200fa00889fbe008104780091
:103b5000820078000301780031049000a00507007e
:103b6000e10f40000b003200a2002000e680570069
:103b700008007800d0040700809cbe008294be003c
:103b800010002000dfb89700810f540001003a00b8
:103b9000e0ff2f004f04be000080fa000000060086
:103ba000e8874700889fbe008a9fbe008c9fbe00aa
:103bb0008e1f7800000478000105780083067800e5
:103bc000a205900042009000f0b79f00b204900060
:103bd0001d06780008007800690007008c0e400080
:103be0000b00e00004003a00ffb097008100e900fc
:103bf00081bf9f00010037008bbf9f00090778003d
:103c00000006eb003900370078089000b8109000eb
:103c1000810f500003003100b085fb00700c98004c
:103c20000800370008007800950307008005780039
:103c3000e18f450003003a000c00e00032003c0038
:103c40003e0037000b007800c70207000000e000cc
:103c500023003a00e10f56001a003a000b007800ea
:103c6000a704070081072000810f500015003a00cb
:103c700000c3b300994f100012003a00f8089000fa
:103c800038109000808f5000030031003180fb001d
:103c9000710c9800020037000800780078030700d4
:103ca000b81090000100e00003003200f808900016
:103cb0008100e900710c9800ab0207000000e000f1
:103cc00007003a00381090000000e0000e003200bb
:103cd000780890000000e900700c98000a00370096
:103ce0000b5f78000c06e8009d0ee8000fb8970007
:103cf000800f560004003d00ffb097000100e9006e
:103d0000800f5600c0ff35000040eb0080747e003d
:103d100002012000f48057000900780066040700c3
:103d2000009dbe000295be001b0020006fb09700f2
:103d3000808f540001003a00ebff2f000b00780049
:103d40004f0778004f06be004f05be004f04be006f
:103d50008f00b100000006008000780010002000f5
:103d600002022000828f500004003200e9805000df
:103d7000e48f5000010036000000eb000000060058
:103d8000889fbe00000478008004eb000b00370021
:103d9000f1ff07000000e00007003a003810900033
:103da0000000e00010003200780890000000e900f8
:103db000700c98000c0037008904e800f8089000a7
:103dc00038109000808f5000030031003180fb00dc
:103dd000710c9800eeff37000800780028030700f8
:103de000e10f4000eaff3a00090078004f04be00ee
:103df00000000600889fbe008a1f78000004be00f5
:103e0000190078001000fb00d3ff07000005eb004d
:103e10000000e0000900320008007800d8ff070029
:103e2000000578001900e800800c78001000fb0005
:103e3000c9ff07000000e000faff3a000a0078001e
:103e40004f0578004f04be00000006001801fa007c
:103e5000889fbe008a9fbe008c9fbe000005780030
:103e600001047800830578000406780068004700a4
:103e7000040009000018eb007207980000082000f9
:103e8000000f9800880078000a007800d9ff07002a
:103e900080067800190037007a089000ba10900068
:103ea000810f500003003100b084fb00700d9800ba
:103eb000050037000a007800f1020700800478004e
:103ec000e18f440007003200180078001000fb006a
:103ed000808f5400030032003a109000e9ff2f0059
:103ee000110137009b0de800180ce80088007800ed
:103ef0000a007800bfff070080864600180078009f
:103f0000904078000104e0000300320052c2b30088
:103f100082cf5000e0ff3a009b8d460051c2b300b3
:103f200090cf10008f013a000000e800000c7800ec
:103f30008000eb006107980081067800a1c2b30001
:103f400090cf100002003a00000ce8001d00200095
:103f500018007800de010700600798006102b900d0
:103f6000612bb9000a007800a002070001003700a9
:103f7000000ce800180078009000fb000103b1007d
:103f8000e98f5000faff360008007800f8fb0700c0
:103f900040579a00180078001000fb00d803070073
:103fa00091062000810f50003a00320015003c00bd
:103fb00031062000810f5000a20032000a003c00b0
:103fc000b1052000810f5000dd00320011062000f5
:103fd000810f50008900320051022000810f5000f3
:103fe0005f013a00bb00370041062000810f5000fe
:103ff0001900320071062000810f500058013c006a
:104000007e00370001072000810f50005b00320066
:1040100007003c00e1062000810f500067003200dd
:10402000f1062000810f50004d013a0033003700a7
:1040300051072000810f50002a0032008107200024
:10404000810f50003e00320031072000810f5000e8
:1040500043013a008e0037008b0178006801470069
:104060008e0078000a00780063fd07008004780065
:104070000900e0003e013500180ce8008004eb0068
:104080000d00e0003a013a004e5192008280fb00a0
:104090000e0037008b017800680147008e00780021
:1040a0000a0078006bfd0700800478000900e0003a
:1040b0002f013500180ce8008004eb000d00e00033
:1040c0002b013a004e5092008080fb008c0178005a
:1040d000120020000e007800080407008004780019
:1040e000230137008b017800680147008e007800bb
:1040f0000a00780093fe0700160037008b01780055
:10410000680147008e0078000a007800f2fd070081
:10411000800478000900e00015013500180ce80063
:104120008004eb000d00e00011013a004e509200b7
:104130008080fb008c01780009017800e5ff3700e2
:104140008b017800680147008e0078000a00780033
:1041500093fe0700800478000900e00004013500a8
:10416000180ce8008004eb000d00e00000013a00ac
:104170004e5192008280fb00eeff37008b017800e9
:10418000680147008e0078000a00780084fe07006e
:10419000800478000900e000f5003500180ce80004
:1041a0008004eb000d00e000f1003a008c01780083
:1041b00009017800010f2000c6ff3700180ce80045
:1041c0001b007800cf80de006109b900009fbe00af
:1041d0000297be008004eb000d00e000e4003a000e
:1041e0004e5092008080fb008c017800090178001d
:1041f0000e007800c1030700dd0037008b01780056
:10420000680147008e0078000a007800de00070091
:10421000800478000900e000d5003500180ce800a3
:104220008004eb000d00e000d1003a004e519200f6
:104230008280fb000c0178000e00780090030700dc
:10424000a6ff370000c8b300ce50920080cf5000c8
:10425000c3003a006e0090000000e00002003a0047
:104260001000200060079800180ce8000002eb0026
:104270000d00e00003003a001c80e900000e780009
:10428000100278008b0178000001eb000d00370070
:1042900000c8b3004e519200804f5100b0003a0068
:1042a000180ce8000002eb000d00e00003003a00eb
:1042b0001c80e900000e7800100278008b01780065
:1042c00012002000e80047000a007800d8fd07002f
:1042d00082ff370000c8b300ce50920080cf50005c
:1042e0009f003a00180ce800fa0890003a1090007d
:1042f000808f5000030031003180fb00710d980069
:10430000020037000a007800dd010700510220009a
:10431000810f500002003a009b0de8009300370027
:104320003a1090008004eb000000e00090003200a2
:104330007a0890000000e900700d98008c003700aa
:1043400000c8b3004e519200804f510084003a00e3
:104350000002eb000d00e00003003a001c80e900c1
:10436000000e7800100278001800e800000c7800b9
:104370008004eb00e1c5b30090cf100002003a00ca
:10438000000ce800190020001210200089007800bd
:1043900072004700340f9900300107000040eb0025
:1043a000205798001800780090407800d2c2b300df
:1043b0003e0a910082cf500005003a00000ce80050
:1043c00010c0b3000940500000c798002800370013
:1043d000d2c5b30082cf500025003a00000ce8009f
:1043e00010c0b3000940500000f7980020003700cb
:1043f0000004e00023003200d3c2b300834f50001a
:1044000014003a0018009000104078000004e0000a
:1044100010003200814f50000e0032000201e8000f
:10442000020c780078b897001000fb00f2004700fb
:10443000008040000200370011c0b30009e85000be
:10444000f2014700830150009200fb00818f510070
:10445000f9ff3500180078009000fb00810047004c
:1044600012c0b30009415100b2509800000ce8009e
:104470001801780012407800d1c5b300814f500078
:10448000dbff3a000400e0001800320084067800e8
:104490000006eb0003003700895e78000c06e80098
:1044a0009b0de8007a089000ba109000810f500030
:1044b00003003100b084fb00700d98000500370048
:1044c0000a007800340f99006d010700800478001d
:1044d0003e0a910009004700305090000004e000bf
:1044e000edff3a00120037009b0de8007a089000bb
:1044f000ba109000810f500003003100b084fb001f
:10450000700d9800050037000a007800340f9900fc
:104510005b010700800478003e0a91000900470013
:10452000305090000004e000efff3a000006eb007e
:104530003a1090000000e000030032007a0890007a
:104540000000e900700d98000c00e000040032004b
:104550000400e000020032000040eb0000727e0028
:10456000180ce800e18f4400010032008004eb00e9
:10457000090078004f06be004f05be004f04be0084
:104580000080fa00000006000000050000000500a1
:104590008400fa00889fbe008a1f7800000578001a
:1045a00082047800b13f9f000000eb00c03f9f00f5
:1045b000000478000d0037000902780083f72f000f
:1045c0008f814100a2f72f000f01410061f72f00fa
:1045d0008f8040000a0078001cfe070080017800f0
:1045e0000300e00004003500030444003f38970056
:1045f0001004e000f0ff3a00e18f410003003a00b0
:104600000800e00001003a00030478000800780088
:104610004f0578004f04be000080fa00000006003d
:10462000889fbe008a9fbe008c9fbe0080057800d8
:104630008106780002067800eb0c9000081020003c
:104640000c044400080178008000eb0009007800a9
:10465000520007000000e000010032000904500091
:10466000080578008c0f5400010036000c05780016
:104670000a017800890078000d00780046f70700ed
:104680000a804400f00d98000884440088159800c2
:10469000e80d98000a0078004f06be004f05be00e6
:1046a0004f04be00000006008000780010002000cb
:1046b00002022000828f500004003200e980500086
:1046c000e48f5000010036000000eb0000000600ff
:1046d000889fbe008a1f7800000578000a047800d1
:1046e000984478000805e8000900fb00eeff070089
:1046f0000000e000f9ff3a00b0c2b30080cf5400e0
:1047000005003200d0c2b3008000eb0080cf54001f
:1047100005003a00020037008000eb00010037007e
:10472000110020000804e8000000eb00030037003f
:104730006a02b900020052000003b0003801fb0019
:1047400003fd2f0082814100e98f5100f8ff360000
:104750000100e00001003a000000ea004f05780087
:104760004f04be00000006008000780002fd2f000c
:104770000101410010002000e90f51000500360042
:104780000150a0001106b100e58f50000100360075
:104790000000eb0000000600f3ff37008180fb0003
:1047a000010037000201e900800178000008a30041
:1047b000060032000200e000230032003082fb00dd
:1047c000810f5200f7ff3a00030037000000eb00b2
:1047d0000200e0001e0032001380fb00810f500039
:1047e0001c00320014102000048ab90084027800f2
:1047f000010037000281e90003007800e10f510059
:104800000a00360033826a00f6ef2f0004034300eb
:104810000482ea000402630006082800060262001f
:10482000f4ff3200010037000201e9008001780046
:104830000200e000050032003082fb00810f5200d0
:10484000f9ff3a0003003700000005000000eb000c
:10485000000006000300780000000600889fbe00ec
:104860008a9fbe00800478000200e0005b003200f6
:1048700001407800814c780082814400f1f99f006a
:10488000e20f51005500360091449800a144980071
:10489000e1f99f00d1f99f00e60f51004f0036006b
:1048a000b1449800c1f99f00e80f51004b00360059
:1048b0000905ea00630565000a8444000a05510001
:1048c000c1ff2f00010565000080fb008000eb00a8
:1048d000121020001310200017080700008cbe00e3
:1048e0000a01440060b99f0071b99f00e80f5500ac
:1048f0003a003600200498003104980040049800e3
:104900005104980020b99f0031b99f0040b99f0021
:1049100051b99f00f80f5500300036006004980030
:1049200071049800000c9800110c9800200c98005d
:10493000310c9800400c9800510c980020b19f0059
:1049400031b19f0040b19f0051b19f0060b19f0005
:1049500071b19f0000b99f0011b99f00640164000c
:104960007801410002044400020555006011b800be
:104970000203be000002be000403be006022b800b5
:104980000000720081807200020173008381730055
:1049900010003700009cbe000294be004004980046
:1049a000510498006204980073049800000c980069
:1049b000110c9800220c9800330c9800400c9800c1
:1049c000510c9800620c9800730c98000a02b10018
:1049d0000802b000ff0f5500eeff3e00090078000e
:1049e0004f05be004f04be0000000600889fbe00b9
:1049f0008a9fbe00441098005510980066109800d9
:104a000077109800f00890002004900001045400f2
:104a1000cfc4de00614db90008189800191898003d
:104a20002a1898003b189800e00f5200e08f5a00b7
:104a3000e00f5b00e08f5b000c0032000014900080
:104a400001045400cfc4de00614db9000440e10010
:104a500005c8e10006d0e10007d8e10003003400fa
:104a6000048240003410980002003700801090004b
:104a7000311098004f05be004f04be000000060034
:104a80002800fa00889fbe008a1f78000004780082
:104a9000f80890002800900000805000081a90004c
:104aa000981a9000281b9000b81b9000cf80de0061
:104ab000040240008582480006834800878348003e
:104ac00048109000d810900068119000f8119000e4
:104ad000e00f5000e08f5800e00f5900e08f5900c0
:104ae000050032000020e10001a8e10002b0e10071
:104af00003b8e1000d003d0008007800d4b79f0026
:104b0000e5b79f00f6b79f0087bf9f000702070029
:104b1000800478005fb29700efb297007fb39700f0
:104b20008fbb97000900e00016003d007808900058
:104b3000a8009000808050004f89de000482400071
:104b4000850249000603490087034900041c9800b8
:104b5000151c9800261c9800371c980030149800eb
:104b6000f0ff2f00f1ff2f000001be00401498005d
:104b70005114980062149800731498008084eb001c
:104b80005200370061004200e0804a0060014b00a3
:104b9000e0814b0090bf9f00a1bf9f00b2bf9f006c
:104ba000c3bf9f0048129000d81290006813900075
:104bb000f813900094b79f00a5b79f00b6b79f0069
:104bc000c7b79f00e00f5200e08f5a00e00f5b0074
:104bd000e08f5b0028003200780d900008119000f3
:104be0000a0151006112b900612bb900d4af9f00d6
:104bf000e5af9f00f6af9f0087b79f001fb09700fb
:104c0000afb097003fb19700cfb197001fba9700a0
:104c1000afba97003fbb9700cfbb9700040050008e
:104c200085805800060159008781590090af9f0088
:104c3000a1af9f00b2af9f00c3af9f005faa9700d4
:104c4000efaa97007fab97008fb397000020e10099
:104c500001a8e10002b0e10003b8e1000600340061
:104c60009fb297001fbb970006815200820045004b
:104c70003114980002003700881390003714980010
:104c800028019000f8089000810151001fba970098
:104c9000afba97003fbb9700cfbb97004f98de009d
:104ca000048241008502480006034800870348004b
:104cb000041c9800151c9800261c9800371c9800ae
:104cc000828f500001003e00f9f89f000900780033
:104cd0004f0578004f04be000080fa000000060077
:104ce000881f7800810178000002780080826800c7
:104cf0000508a30002003200210037000201e9008c
:104d000003007800040478000308a30007003200c1
:104d10000200e00021003200b3407800015a780020
:104d20000104e000f5ff3a00020037000200e00055
:104d30001a0032001004e00003003a0017003700a8
:104d4000031c78000281e90080007800e10f510027
:104d500008003600b0017800f5ef2f008382420092
:104d60000382ea000482620005082800050262004e
:104d7000f3ff320008007800010037000201e9006b
:104d8000000478000200e00004003200b141780025
:104d9000035878000304e000f8ff3a008000eb00bd
:104da00008007800adfe0700080078004f04780086
:104db0000000060080007800040037003104e000a5
:104dc00002003a00000051000000060001017800d6
:104dd0000108a300f9ff3a00810178003101780051
:104de000f4ef2f00020242000281ea000201620099
:104df0000408280004016100f7ff320083007800f6
:104e0000010178003104e000fdff3a00000051008c
:104e1000000006004400fa00889fbe008a1f780048
:104e20000004be000205780094bf9f00a5bf9f004c
:104e3000b6bf9f00c7bf9f000000eb00c09f9f0050
:104e4000a8af9f00d89f9f000080eb00b0af9f00ed
:104e50006022b8006033b80060fb2f000f004000f4
:104e6000e2fe07001fba9700afba97003fbb97005a
:104e7000cfbb9700120020008a00780060fb2f0053
:104e80000f004000480107000900e0000600320062
:104e90003fb29700afaa970004824200df9a9700c2
:104ea00005025200840c44004f0578004f04be00f8
:104eb0000080fa0000000600f4ff2f00f5ff2f002d
:104ec0000403be00d3ff37006022b80006002000b4
:104ed00007002800cfff3700f4ff2f00f5ff2f0059
:104ee0006033b800cbff3700040020000500280025
:104ef0006033b800c7ff3700f3ff3700eeff37001d
:104f0000f1fb2f0080804000f98f500001003e002f
:104f10000050a00000000600f9ff3700f1f92f0053
:104f200080804000f98f500001003e00f005b20083
:104f300000000600f9ff37000200fa00881f780021
:104f400000047800e2bf9f006481570008007800e9
:104f50008ffd0700980090000148a3000100320077
:104f60000080eb004f0478000080fa00000006008b
:104f7000f28747008e1f7800020278000301780054
:104f80000000e00002003200000778000100370056
:104f9000728757008002eb000100e0000100320040
:104fa0008102e90070805700060009000018eb003c
:104fb0000080eb0080bf9f002310200093bf9f0064
:104fc000aebf9f00b1bf9f00c5bf9f000100e000c2
:104fd00003003d00b1042000516288000600370044
:104fe000004feb00eebf9f00debf9f008400780003
:104ff000708057003c0307004f0778002f01b10075
:1050000000000600881f78000004780000082000d7
:10501000808f50001700350010082000808f50004e
:105020000b00340030082000808f500011003a003f
:105030009200780068805000000978003002be00bd
:105040002003be00049cbe000694be00070037008b
:105050009202780064805200000978001000be00bf
:10506000a1050700009cbe000294be0010002000b5
:10507000010037000000eb004f047800000006003c
:10508000881f780013082000838f50000f00320023
:1050900033082000838f50000400320003082000f2
:1050a000838f500012003a00080037009280e90018
:1050b00001097800910078003002be002003be0094
:1050c0008498be008690be00070037009280e900f9
:1050d00001097800110478005001be004000be00b4
:1050e000ea050700008cbe00100020000100370018
:1050f0000000eb004f047800000006008408200048
:10510000848f50001d0032000d003c001408200068
:10511000848f50001e00320002003c000408200072
:105120000400370024082000848f50001e00320045
:1051300044082000848f500028003a0022003700e5
:10514000040a2000848f50001f00320004003c003d
:1051500004092000848f500020003a00120037001c
:10516000020c2000828f500017003200020f200036
:10517000828f500019003a00130037009380e90035
:10518000810978009100780090487800120037007b
:105190009380e9008109780091007800b0187800c8
:1051a000a01078000c0037009380e9008109780096
:1051b000910078003002be002003be008498be003b
:1051c0008690be00040037009380e90081097800d2
:1051d000910078009008780010000500000005009c
:1051e000889fbe008a9fbe008c9fbe00000478008e
:1051f0000205780021069000c1069000b1059000dc
:105200009a04780008007800ddfa0700090d4000d4
:105210000c00e00001003a000d06e9008004eb00fc
:1052200028003700f808900038109000808f500058
:10523000030031003180fb00710c9800070037003b
:10524000080078000efe0700e10f400003003a005e
:105250000900e00020003c00220037000900e000c7
:105260000a003a00b1022000810f50000300320012
:10527000d1022000810f500004003a00804d7800d8
:105280001a0de800190020000e00370001fd2f0064
:1052900080804000e98f50000700360038109000f1
:1052a0000000e0000c003200780890000000e900e7
:1052b000700c98000800370080f57c008904e80035
:1052c0001a0de8008c8f540003003d000d00e9002a
:1052d000808f5400d3ff35000040eb0080f57c0048
:1052e0000000eb004f06be004f05be004f04be009d
:1052f00000000600c06090000141e900814071009b
:105300004160980010019000e40061000400320048
:105310000240a000120098000080eb000000060090
:105320000110980071089800000005000200fa00c2
:10533000889fbe000004780008007800be030700c4
:105340008084eb000000e00009003a009811900012
:1053500012002000e68057000800780003000100da
:10536000e10f500002003a002ff897008084fb0004
:10537000090078004f04be000080fa00000006001b
:10538000800078001000200002022000828f500070
:1053900004003200e9805000e48f50000100360024
:1053a0000000eb00000006006f02b000889fbe0006
:1053b0008a9fbe008c9fbe008e1f7800000678007a
:1053c0000107780082047800d4af9f00e5af9f000a
:1053d000f6af9f0087b79f0040022000800f570064
:1053e0007d003e00e10f57007b0032007c089000fa
:1053f000bc109000810f500003003100b086fb000c
:10540000700e9800030037000c0078009cfd070028
:10541000800678000d007800d9ff07000000e0004a
:10542000f2ff3a00b0022000808f560005003200e3
:105430008002eb0085af9f00d0022000808f5600d5
:1054400010003a00dd82b2000df0a7008d06ea00e0
:105450008d06e900cfeede008daf9f007c08900046
:10546000bc109000810f500003003100b086fb009b
:10547000700e9800030037000c00780080fd0700d4
:10548000800678000e00e00002003200f00f5700a6
:1054900042003a0000032000808f56003c003a0092
:1054a0007c089000bc109000810f50000300310078
:1054b000b086fb00700e9800030037000c007800e7
:1054c0006ffd0700800678008d0078000150a00075
:1054d00080072000808f50002a003a007c0890004e
:1054e000bc109000810f500003003100b086fb001b
:1054f000700e9800030037000c00780060fd070074
:1055000080067800609720006d4078000e01200032
:10551000ef4f50008d0036003c1090000000e0007e
:1055200003003200fc0890008100e900710e980031
:105530000900e0000c0032006022b8006033b800bf
:10554000d4af9f00e5af9f00f6af9f0087b79f00e5
:105550000000e000a10132007c0890000000e9009a
:10556000700e98009d0137006022b8006033b800cb
:105570000c0078001dfd07006000b8006011b80045
:10558000920137000e00e0009e0132001700370044
:105590000e00e00001003a00ae00200060972000fd
:1055a0006d4078000080fb008e0f50000f00390026
:1055b0003c1090000000e000030032007c089000e6
:1055c0000000e900700e98006022b8006033b80057
:1055d0000c00780005fd0700600120005062880083
:1055e0006022b8006033b80071013700ea0f57003d
:1055f00056003a000004eb000d0078000d00370063
:105600006a44b9000800400008fd2f00000444006f
:10561000fc0890003c109000808f50000300310087
:105620003180fb00710e9800020037000c007800fa
:1056300013fd070001fd2f0080804000e98f50001e
:1056400003003e0081992100810f5400ecff3600d9
:10565000800678008004eb006055b8001200370027
:105660001faa9700afaa97003fab9700cfab970058
:105670000004420081844a0002054b0083854b00f0
:105680007c089000bc109000810f50000300310096
:10569000b086fb00700e9800030037000c00780005
:1056a000f7fc07008006780005fd2f008582460084
:1056b00095af9f00e98f520009013e0090992900a3
:1056c0009199290092992900939921000040e100c5
:1056d00001c8e10002d0e10003d8e100db003e0098
:1056e000a4002000050020006033b8000800be00c0
:1056f0000a01be00980507001faa97008002eb0070
:105700006033b80094af9f00a5af9f00b6af9f0075
:10571000c7af9f000482ea008582ea000683ea00a0
:105720008783ea00d4b79f00e5b79f00f6b79f00d4
:1057300087bf9f000400e1000588e1000690e100ba
:105740000798e100c6ff3600c00037000e00e900f0
:105750000e006000030032000004eb000d00780032
:10576000650037007770b9004500de006700600013
:10577000c1962000e14078008100fb000004eb00ae
:105780000d007800810478000b0037000944dd002b
:1057900001047400fc0890003c109000808f5000c1
:1057a000030031003180fb00710e980002003700c9
:1057b0000c007800b2fc070061972000e0c0780080
:1057c0008180fb008e8f500003003100f27f2000ab
:1057d000820f5400edff36008006780089007800c3
:1057e0008004eb006055b800f4ff2f00f5ff2f0098
:1057f0000403be00010078000000e900050033004a
:105800008703d1000683d3008582d3000482d300ae
:10581000f9ff37000d00780081067800200037007e
:105820000d0178000201e900050033000804d000f2
:105830008984d2000a85d2008b85d200f9ff370017
:105840000180fb008000eb006011b80008047000cc
:10585000898470000a0571008b857100fc08900036
:105860003c109000808f5000030031003180fb001d
:10587000710e98000a0037000c00780094b79f0062
:10588000a5b79f00b6b79f00c7b79f007cfc070075
:10589000cfb397003fb39700afb297001fb2970006
:1058a00061972000e0c078000181fb008e0f51005d
:1058b000600031000440e10005c8e10006d0e100cd
:1058c00007d8e100d6ff36005a0037000ec4b900f1
:1058d00008844000fc0890003c109000808f50002d
:1058e000030031003180fb00710e98000200370088
:1058f0000c00780062fc070061972000e0c078008f
:105900008180fb008e8f500003003100b2712000b7
:10591000820f5400edff3600800678008004eb0013
:105920006055b80098af9f00a9af9f00baaf9f0025
:10593000cbaf9f00120037000002440081824c0070
:1059400002034d0083834d0094af9f00a5af9f00dd
:10595000b6af9f00c7af9f007c089000bc109000be
:10596000810f500003003100b086fb00700e9800dc
:10597000030037000c00780041fc07008006780027
:10598000609720006d407800e0cf9f008042780053
:105990000580fb008e0f5000280031006174b800b4
:1059a0006055b8000802be000a03be00f0ff2f00d9
:1059b000f1ff2f000001be007e0407001faa970020
:1059c000afaa97003fab9700cfab97000020e10054
:1059d00001a8e10002b0e10003b8e10017003e00b9
:1059e0000802be000a03be001fa89700afa89700d8
:1059f0003fa99700cfa99700d7040700efca9700e7
:105a00000584fb008004eb006055b8000882ea00c2
:105a10008982ea000a83ea008b83ea000400e1003d
:105a20000588e1000690e1000798e100c2ff36001a
:105a30000200370080067800040037001fac970092
:105a4000afac97003fad9700cfad970060972000b7
:105a50006d4078000080fb008e0f50002000310068
:105a60000d00780009003700fc0890003c10900001
:105a7000808f5000030031003180fb00710e9800d0
:105a8000020037000c007800fdfb07006197200042
:105a900060c078000080fb008e0f5000f2ff3900dc
:105aa00020022000506288005fab97000608a30028
:105ab000070032005fac9700efac97007fad970016
:105ac0008fb597008003eb0087af9f00040037007d
:105ad0005fac9700efac97007fad97008fb5970054
:105ae0003c1090000000e000030032007c089000b1
:105af0000000e900700e98005fa89700efa89700db
:105b00007fa997008fb197000040e10001c8e10034
:105b100002d0e10003d8e1001c0039000008a30016
:105b20000e003a008fa897000100e0000b003a0039
:105b300020022000506288005faa9700efaa970019
:105b40007fab97008fb3970061025200e0825a004a
:105b500060035b00e0835b00150037005fa89700df
:105b6000efa897007fa997008fb197000040e10050
:105b700001c8e10002d0e10003d8e10003003600d3
:105b80002002200050628800140037008fa8970080
:105b9000e18f40000b003a006000b8006011b800cf
:105ba00008025000898258000a0359008b8359006b
:105bb000d4af9f00e5af9f00f6af9f0087b79f006f
:105bc000060037000800be000a01be00d0af9f00eb
:105bd000e1af9f00f2af9f0083b79f005fa89700df
:105be000efa897007fa997008fb197004f07780023
:105bf0004f06be004f05be004f04be006f02b1004d
:105c0000000006008e002000d0fe3700881f7800bc
:105c100040442000ad010700000478000800e000c7
:105c200013003200c20320008000eb00080078005f
:105c30000afb070060eb2200300c980040092300ab
:105c4000400c980000f422007004980000fb220031
:105c50001014980000c0eb00205c98004004200065
:105c60000800400020049800004020003004980004
:105c7000080078004f04780000000600889fbe00ee
:105c80008a9fbe00100290008002eb000418a3005f
:105c900003003a0080129000700990008282520046
:105ca000d0019000600190000284510008844200fd
:105cb000cfc4de00614db9008898be008a90be0056
:105cc0000000eb000468a300040032001000200074
:105cd000828f510001003e000000eb004f05be0026
:105ce0004f04be00000006000200fa00881f780082
:105cf00000047800e2bf9f0064815700080078002c
:105d00001df60700980090000148a3000100320032
:105d10000080eb004f0478000080fa0000000600cd
:105d2000889fbe000004780048009000820478003c
:105d3000808f54000100360080047800090178004b
:105d40005800900094f107005800900009004000ae
:105d500050049800c80090008984500049049800bd
:105d60000048eb004f04be00000006001000780061
:105d70008eeb3700900190000388a30001003200f1
:105d8000e7ff37000348a30001003a0005020700bf
:105d90000000060001017800920090000158a30065
:105da00003003a0082007800910107000f003700dd
:105db0008080fb00a25990008301fb00838f50007c
:105dc00007003200d2019000220a9000848f510017
:105dd0000300310080597800530198000400370017
:105de0008000780002007800f4010700800078004d
:105df00001007800000006000000060020b7200027
:105e000000000600889fbe000004be000000eb00fa
:105e10000800e00018003200180090000058a300ad
:105e20000d003200d800900068009000808f500074
:105e300009003600b80990000001eb0082007800ec
:105e40000800780003000100d80090000080eb00fb
:105e50000100e000080032000000eb00200c980078
:105e600060049800500498000900e000020032002d
:105e70001800780044eb07004f04be000000060045
:105e8000889fbe000004be000000eb000800e00098
:105e900025003200180090000058a30011003200c5
:105ea000d800900068009000808f500009003600f4
:105eb000b80990000001eb0082007800080078002b
:105ec00003000100d80090000080eb000100e0001a
:105ed000150032000000eb00200c980060049800d0
:105ee00050049800780a900008109000800f52002b
:105ef000060031000002520011002000cfa2de0097
:105f0000612bb90018007800330107000000eb0096
:105f100000149800700c98000900e00002003200a4
:105f20001800780018eb07004f04be0000000600c0
:105f30000000060000000500fdff07006062800011
:105f40008000eb0063010700606280008000eb00ce
:105f500060010700606280008000eb005d01370097
:105f60000800fa00889fbe008a1f780000047800ad
:105f7000010578008204780038009000a8009000a5
:105f80009abf9f000001780002f0a7000201ea001a
:105f90000201ea004f11de0002815400a2bf9f00ff
:105fa000b1bf9f00c0bf9f0022002000ee805700bd
:105fb00018007800260107000000e00006003c0001
:105fc000f80060000130a20018019000828070008b
:105fd00011049800110037002fb99700820f50006c
:105fe0000e003600a8009000710c980002005000ce
:105ff0000080400000149800380090000000e0008d
:10600000070032000905450001007800b040780023
:1060100071fd9f00700c980001003700800478002b
:10602000090078004f0578004f04be000080fa0098
:1060300000000600881f780000047800180078002f
:10604000e50007000203be000002be00f0ff2f00c3
:10605000f1ff2f000001be00e00f5200e08f5a0058
:10606000e00f5b00e08f5b0005003500180090003a
:106070000030a100100498006000b8006011b80062
:106080004f047800000006000800fa00889fbe0058
:106090008a1f78000004be00180090000058a3007a
:1060a0001b003200d800900068009000808f5000e4
:1060b00013003600b80990000001eb008200780060
:1060c0000800780094bf9f00a5bf9f00b6bf9f0047
:1060d000c7bf9f000300010058059000f0ff2f008c
:1060e000f1ff2f000001be001fba9700afba970062
:1060f0003fbb9700cfbb97000a00e00006003200cc
:106100000000eb00200c98006004980050049800f8
:106110000800be00c7ff07004f0578004f04be000f
:106120000080fa00000006000800fa00889fbe0008
:106130008a1f78000004be00e18f540008003a0076
:10614000881090007808900000805000cf80de001a
:106150000002520081825a0001035b0081835b00d0
:10616000180090000058a3001b003200d8009000d7
:1061700068009000808f500013003600b80990002e
:106180000001eb00820078000800780094bf9f00b7
:10619000a5bf9f00b6bf9f00c7bf9f0003000100bf
:1061a00058059000f0ff2f00f1ff2f000001be0006
:1061b0001fba9700afba97003fbb9700cfbb9700bd
:1061c0000a00e000150032000000eb00200c9800ef
:1061d00060049800500498000800be0095ff070076
:1061e0000203be000002be00f0ff2f00f1ff2f00ef
:1061f0000001be00e00f5200e08f5a00e00f5b008c
:10620000e08f5b00050035000000eb0000149800f3
:10621000700c98006000b8006011b8004f0578005d
:106220004f04be000080fa000000060000000600d7
:10623000e0ba200000000600881f78000004780003
:10624000486090008040e90000c070004064980001
:10625000d800900068009000808f50000500360044
:10626000b80990000001eb00820078000800780077
:10627000030001000000eb00200c9800600498006f
:1062800050049800980090000118a3000300320009
:106290000140a00011049800080037002801900078
:1062a000380090000000410000149800700c980025
:1062b0000000eb000138a300010032000080eb0079
:1062c0004f047800000006001bff37000200fa00b0
:1062d000889fbe000000e00001003a00100020008e
:1062e0000004e8000800a100006280000000e8004f
:1062f0000000a10000628800000020000000e00013
:106300000f003200e10f540006003600e20f440097
:1063100005003a00c0002000506288000000eb0039
:106320002a003700280020000800780034e7070022
:10633000290020000000e00024003a00010037009e
:106340008004eb0000628000f1618000008050005a
:10635000800f54001300360008804400d0bf9f0017
:1063600066805700cc000700800078000000eb003a
:106370000100e000150032000100e8000000a1006b
:10638000f1618000810f500001003200006288003e
:10639000dfb89700010040000000e8000000a10005
:1063a000f0618800016280000900e0000300320013
:1063b000010078000818780001003700010078001b
:1063c0000884440088804000016288004f04be00b9
:1063d0000080fa0000000600a0fd2f00f1ff2f0052
:1063e000320007004f89de008201780000000600bd
:1063f0000200fa0081017800e0ff9f009300900006
:106400000188a30005003200d30090008058780076
:106410000080fb00d10198000a0037001200200024
:106420008f80e900030078005e000700800078009c
:106430000080eb000100e00002003200eff897005e
:106440000180fb000080fa000000060051fe3700ca
:10645000889fbe008a9fbe008c1f780000067800cf
:1064600082057800010478008004eb0009057800bb
:106470000700370018019000980078000c007800a1
:106480007de90700808444000a05e80064044400b4
:106490008b0f5500f7ff3500090078004f06780094
:1064a0004f05be004f04be000000060002002f0092
:1064b000f3ff2f00820f5000838f58000400360036
:1064c0000000ea00506288000080eb008080eb0052
:1064d000000006008001eb000000e0000500320033
:1064e000700190000200e000020032000200010092
:1064f0008001780003007800000006006000b8000a
:106500006011b80000000600881f7800c00120005c
:106510006eff0700000478000800e0000a00320067
:10652000c20120008000eb0008007800cbf80700d3
:1065300060eb2200300c980040042300400c9800cf
:1065400000c0eb00205c9800080078004f04780041
:1065500000000600adfd3700400990000240010038
:10656000d00190006001900002825100cfa2de00b5
:10657000612bb9008498be008690be009000900008
:106580000000eb000168a3000400320010002000ae
:10659000828f510001003e000000eb000000060069
:1065a000b6fd3700b00990000300e00001003200a2
:1065b00003400100100078007ce937000200fa0077
:1065c000881f780000047800c1ff9f002808900011
:1065d0000000e00006003a000800780020000700f4
:1065e000800078000080eb000100e00018003a0015
:1065f000d800900028089000808f500009003100da
:106600004ff997000280fb00a85990008301fb001e
:10661000830f500003003200825878005104980024
:106620000b003700b809900012002000e4805700ea
:106630000800780003000100800078000080eb0073
:10664000e18f500002003a00cff897000180fb0074
:106650004f0478000080fa000000060000000500ea
:10666000881f7800000478000800780021fb0700ec
:106670000000e00006003a00a800900061049800c5
:10668000510498003801900082804000210c98004d
:106690004f04780000000600900078000000eb0036
:1066a0000100e000050035000100780081e90700e5
:1066b000e10f400001003a000000eb00000006007e
:1066c00000000600feff0700fdff0700fcff37008b
:1066d00000c0da000000060000c0da00000006007a
:1066e00000c0da000000060081037800b6e9070068
:1066f0000001be006000b8000478a30013003a0057
:106700006220e10015003e000d0039008301d10038
:106710000281d3008180d3008301d1000281d300a4
:106720008180d3008301d1000281d3008180d30016
:106730000538b000c42add00f300b2008381720086
:1067400007f0a70003f0a0000000060083ff270069
:10675000020020006110b900f9ff370003ff270095
:10676000f7ff37000003be0097e907006011b8008b
:106770000470a70007f0a1006509b1001b003200fa
:1067800012003500860220000628e10008003500ce
:10679000f3ff2700f2ff2f006110b9000700e000af
:1067a00018003b00030028006000b800020005004c
:1067b00000004000818048000201490083814900b7
:1067c0008502e900faff3a0008003700f88f42001e
:1067d00002003c008000eb00000005008100d100b9
:1067e0000080d3008502e800fcff3a000700e000cb
:1067f00004003b0060001000e080180060011900f8
:10680000e0811900000006000001be006ee90700eb
:106810000470a70003f0a1006509b1001600320062
:106820000d0035006828e10006003500f0ff2f005c
:10683000f1ff27000300e00013003b0001002800e7
:106840000000050000004000818048008502e9004a
:10685000fcff3a0008003700f88f420002003c00bd
:106860008000eb00000005008100d1000080d30013
:106870008502e800fcff3a000300e00002003b0054
:1068800060001000e0801800000006001400fa000c
:10689000889fbe008a9fbe008c9fbe000005be0080
:1068a0000206be00680047000c90be000a90be00c1
:1068b000520107006400e1001a00320016003e0099
:1068c0006100e1001a0032006e049000fe049000a6
:1068d0000e0b90009e0b90006011b8009e0590007a
:1068e0000b38b100d5012000828171006101640084
:1068f0008703d1000683d3008984d3000884d300a2
:106900008502e900f8ff3a0003ed07000df0a7004b
:1069100001f0a0007401370001fc270000002000f6
:10692000faff370001f8270000002000f7ff3700ca
:106930006000b800f5ff3700020ab900001bb9007b
:106940000200b80081004200810043000000060000
:10695000889fbe008a9fbe0030044200b0844a0077
:1069600030054b0090854b006000b1000898be00d8
:106970000a90be000440e10005c8e10006d0e10035
:1069800007d8e10002003100680040001008e8006c
:106990004f05be004f04be0000000600889fbe00e9
:1069a0008a9fbe003004be002005be0004185400bb
:1069b00005985c0006185d0007985d001100200036
:1069c0000440e10005c8e10006d0e10007d8e1007d
:1069d000010039008000eb00108810004f05be0058
:1069e0004f04be00000006001200fa00889fbe009f
:1069f0008a9fbe008c9fbe00e0b79f00f1b79f004a
:106a000082bf9f0093bf9f000605be000404be0026
:106a10000000eb00d0b79f00c0b79f00b0b79f0049
:106a2000a0b79f0090b79f00000678005fb1970065
:106a3000cfb09700820141003fb097000200e00014
:106a400004003d00370007007e805700c0ff0700ac
:106a500003003700330007007e805700cfff070098
:106a6000dfb697000d00e0000c0035006fb2970014
:106a7000ffb297000fbb97009fbb9700100020004c
:106a8000010020006011b8000002720081827200d3
:106a900002037300838373001b0007000c06e800e9
:106aa00001042000810f5600e0ff3a000d00e000d5
:106ab00004003d000802be000a03be007e805700ad
:106ac000a3ff07005fa897000000e00005003a0060
:106ad0001fb29700afb297003fb39700cfb39700b4
:106ae000090007006fb09700ffb097000fb997003b
:106af0009fb997004f06be004f05be004f04be0071
:106b00000080fa00000006000100070000000600f7
:106b1000a4b79f00b5b79f00c6b79f00d7b79f0027
:106b2000000006004f09de0082817100b3b79f00ac
:106b30004f01de008180400082807000a1b79f007d
:106b40008fb097004f09de00000040000200700087
:106b500090b79f007fa897004f01de008180400022
:106b60008280700081b79f000d0007004f3ade0061
:106b70000000400004007000f0af9f000800070014
:106b80000402420085824a0006034b0087834b00c3
:106b9000dfff07000802be000a03be000000060077
:106ba0002fb29700bfb297004fb39700dfb39700a3
:106bb00000000600881f780018002000881f780059
:106bc00089ff07008f87e9004f0478000000060066
:106bd000801feb0084ff07008f87e900000006009c
:106be000889fbe008a9fbe00e00f5000e08f5800d3
:106bf000e00f5900e08f59000c003d006044b800e0
:106c00006055b8000000540081805c0002015d0006
:106c100083815d00180020001500070008003d007a
:106c2000180007000004eb00050037000004eb002b
:106c30000f00070002003d001200070018002000ae
:106c4000dcff07000800e000060032006022b80008
:106c50006033b8000000520081805a0002015b00de
:106c600083815b004f05be004f04be00000006009c
:106c7000e00f5200e08f5a00e00f5b00e08f5b00f6
:106c8000000006006044b8006055b80004025400db
:106c900085825c0006035d0087835d0000000600be
:106ca000889fbe008a9fbe008c1f7800e00f5000b6
:106cb000e08f5800e00f5900e08f59000d003d00b3
:106cc0006044b8006055b8000000540081805c004a
:106cd00002015d0083815d001c0020000820e100ae
:106ce00009a8e1000ab0e1000bb8e1000d003d0089
:106cf000080037000006eb00e00f5200e08f5a005a
:106d0000e00f5b00e08f5b0006003d006044b800d0
:106d10006055b8000402540085825c0006035d00e3
:106d200087835d00aaff07000c00e0000600320028
:106d30006022b8006033b8000000520081805a0021
:106d400002015b0083815b004f0678004f05be00a7
:106d50004f04be0000000600889fbe008a9fbe0050
:106d60008c1f78000006eb00e00f5000e08f580009
:106d7000e00f5900e08f590007003d006044b80063
:106d80006055b8000000540081805c0002015d0085
:106d900083815d001c002000e00f5200e08f5a004c
:106da000e00f5b00e08f5b0007003d006044b8002f
:106db0006055b8000402540085825c0006035d0043
:106dc00087835d000c00a2004c0007000c00e0006f
:106dd000060032006022b8006033b80000005200a4
:106de00081805a0002015b0083815b004f067800be
:106df0004f05be004f04be00000006008000780072
:106e00005002be005003be004439de00f700b2005d
:106e1000f37f200003016100090032000218e10045
:106e200016003a00850172008301730083817300ac
:106e30000008200015003a00400020001300370031
:106e400085017200830173008381730005003a009d
:106e500004a8be0006a8be00100020000b003700ea
:106e60000201e9000402420085824a0006034b0049
:106e700087834b000748a300f9ff32000740a000ba
:106e800004a8be0006a8be002000200080009800d4
:106e90009200980000000600680447000294be00bb
:106ea0000094be00fc0447008694be008494be009b
:106eb00009007800d1ff070008007800cfff070025
:106ec00099007800814f70000b003b000800be0065
:106ed0002c0007004f00b10003003700f3ff27002c
:106ee000f2ff2f006110b9004f06be004f05be0033
:106ef0004f04be000080fa0000000600889fbe001c
:106f00008a9fbe008c9fbe000404b8000506b8002e
:106f10008904460060854e000606b8000a05460052
:106f2000e0854e000706b8008b054600040eb80049
:106f3000890446000a854e00e0854d00050eb80024
:106f40000a0546008b854e00060eb8008b054600ec
:106f50000416b8000a0546008b854e000516b800d9
:106f60008b054600041eb8008b0546000800be00d5
:106f70000a01be004f06be004f05be004f04be0012
:106f800000000600e48240001078a30007003200f1
:106f9000640240001178a3003400be001401be005a
:106fa000040032000330a700000006003500be00d8
:0c6fb0001501be000330a0000000060028
:020000040000fa
:106fbc0025750000005400004f50000000520000e6
:106fcc004553000045540000004f000054000000e1
:106fdc000d0a0000004400004d0000004657000060
:106fec000073000065720000696100006c00000015
:106ffc005242000030300000007200006169000055
:10700c006e6200006f770000206c00006967000062
:10701c0068740000732000006f660000662000009a
:10702c00005200004230000031000000726100008c
:10703c00696e0000626f0000772000006c69000030
:10704c006768000074730000206f00006e00000081
:10705c004c5200002000000052610000772000001c
:10706c007265000064200000206900006e70000052
:10707c00757400003a200000004c00005220000003
:10708c0020250000327800000072000065640000ca
:10709c00505700004d200000757000006461000026
:1070ac0074650000640d00000a000000496e0000c9
:1070bc00766100006c6900006420000072650000bd
:1070cc0064200000686500007820000076610000f4
:1070dc006c750000650d00000a0000004c470000b4
:1070ec00200000004c4700002025000032780000f2
:1070fc000047000072650000656e00002050000023
:10710c00574d000020750000706400006174000091
:10711c00656400000d0a0000004900006e76000056
:10712c00616c00006964000020670000726500005b
:10713c00656e000020680000657800002076000075
:10714c00616c0000756500000d0a0000004c000029
:10715c0042200000004c00004220000025320000bc
:10716c0078000000626c0000756500002050000083
:10717c00574d000020750000706400006174000021
:10718c00656400000d0a0000004900006e760000e6
:10719c00616c000069640000206200006c750000e6
:1071ac006520000068650000782000007661000012
:1071bc006c750000650d00000a0000004c570000c3
:1071cc00200000004c570000202500003278000001
:1071dc000077000068690000746500002050000012
:1071ec00574d0000207500007064000061740000b1
:1071fc00656400000d0a0000004900006e76000076
:10720c00616c000069640000207700006869000070
:10721c00746500002068000065780000207600008e
:10722c00616c0000756500000d0a00000044000050
:10723c0053200000004400005320000025320000c1
:10724c0078000000646f00006f7200002073000073
:10725c00706500006564000020750000706400001b
:10726c0061740000656400000d0a00000055000008
:10727c00415200005420000052650000616400007f
:10728c00790d00000a000000726500006420000007
:10729c00686100007320000063680000616e0000ec
:1072ac0067650000640d00000a00000067720000b2
:1072bc00656500006e20000068610000732000000e
:1072cc0063680000616e000067650000640d0000db
:1072dc000a000000626c0000756500002068000068
:1072ec006173000020630000686100006e6700009d
:1072fc00656400000d0a000000770000686900005a
:10730c0074650000206800006173000020630000b9
:10731c00686100006e670000656400000d0a0000e3
:10732c000041000072720000697600006564000084
:10733c002061000074200000746f000070200000b9
:10734c00666c00006f6f0000722000002d200000a2
:10735c007761000069740000696e0000672000000e
:10736c003120000073650000636f00006e64000044
:10737c000d0a0000005300005420000032310000c0
:10738c000041000072720000697600006564000024
:10739c002061000074200000626f00007474000013
:1073ac006f6d0000206600006c6f00006f720000b3
:1073bc00202d000020770000616900007469000036
:1073cc006e67000020310000207300006563000030
:1073dc006f6e0000640d00000a00000053540000a2
:1073ec002031000046000000535400002032000001
:1073fc00370000005354000020310000360000001c
:10740c00312d000073650000636f00006e64000096
:10741c0020640000656c00006179000020630000ae
:10742c006f6d0000706c000065740000652000003a
:10743c002d200000646f00006f720000206f0000b0
:10744c00706500006e6900006e670000207200001d
:10745c0065710000756500007374000065640000c0
:10746c000d0a0000004400004f4f0000523a00008b
:10747c00205300007461000072740000696e0000fb
:10748c00672000006f700000656e0000696e0000e0
:10749c00672000007365000071750000656e0000c8
:1074ac00636500000d0a000000520000414d000011
:1074bc00503a000020300000252000002d3e000036
:1074cc00203500003025000020500000574d0000f2
:1074dc00206f000076650000722000003220000052
:1074ec0073650000636f00006e640000730d000094
:1074fc000a0000005354000020300000380d00003a
:10750c000a0000004f500000454e0000494e00009c
:10751c00472000002d200000505700004d3a00007d
:10752c00200000002028000000250000290d00008c
:10753c000a000000524100004d5000003a200000ab
:10754c005265000061630000686500006420000063
:10755c003530000025200000505700004d20000061
:10756c007461000072670000657400000d0a000071
:10757c00004400004f4f0000523a0000204600002b
:10758c00756c00006c790000206f000070650000c5
:10759c006e2c000020730000746f000070700000ef
:1075ac00696e0000672000006d6f0000746f0000b2
:1075bc00720d00000a00000053540000203000003f
:1075cc00390d00000a000000444f00004f5200002b
:1075dc003a200000537400006172000074690000ce
:1075ec006e670000206300006c6f00007369000080
:1075fc006e67000020730000657100007565000067
:10760c006e630000650d00000a000000535400007a
:10761c0020300000410d00000a000000434c000027
:10762c004f530000494e0000472000002d20000061
:10763c00505700004d3a000020000000444f00005d
:10764c004f5200003a200000467500006c6c0000a0
:10765c0079200000636c00006f730000656400000b
:10766c002c200000737400006f7000007069000023
:10767c006e670000206d00006f7400006f720000d8
:10768c000d0a00000053000054200000304200009e
:10769c000d0a000000410000757400006f2d000001
:1076ac00636c00006f7300006520000074690000bb
:1076bc006d650000722000006578000070690000a4
:1076cc0072650000640d00000a00000053540000b5
:1076dc0020320000377200000a00000053540000f2
:1076ec002031000034000000535400002031000011
:1076fc004300000053540000203000003000000014
:020000040000fa
:10770c000000fa004023a9000080fa0000000600e7
:10771c000400fa00100798001e0090008000eb0097
:10772c00e200200003002000820f5000838f5800dd
:10773c003d003e00006001000e00370010003700d5
:10774c0012003700140037001600370018003700fd
:10775c001a0037001c0037001e00370020003700cd
:10776c00220037002400370026003700280037009d
:10777c002a00370001188000010f78002b00370019
:10778c0011188000010f78002800370021188000a4
:10779c00010f78002500370031188000010f7800a8
:1077ac002200370041188000010f78001f003700bd
:1077bc0051188000010f78001c0037006118800000
:1077cc00010f78001900370071188000010f780044
:1077dc001600370081188000010f78001300370065
:1077ec0091188000010f780010003700a11880005c
:1077fc00010f78000d003700b1188000010f7800e0
:10780c000a003700c1188000010f7800070037000c
:10781c00d1188000010f780004003700e1188000b7
:10782c00010f780001003700000000001e007800f6
:10783c000080fa00000006000a00fa0020079800f9
:10784c0031079800420798004e0090000000e800b5
:10785c00104078000000fb00c800dd004e009000d6
:10786c00104078000000fb00810070002e0090009a
:10787c000108bb002e0090008000eb000188bb00cb
:10788c004e00900063004000104078000000fb00a8
:10789c00c800dd004e0090000080e8001040780029
:1078ac000000fb00810070002e0090000080e800ba
:1078bc000108bb002e0090000080e8008000eb0067
:1078cc000188bb004e00900065004000104078001d
:1078dc000000fb00c800dd004e009000640040007a
:1078ec00104078000000fb00810070002e0090001a
:1078fc00640040000108bb002e00900064004000b2
:10790c008000eb000188bb0010002400003b8800c5
:10791c002e019000be019000028fbe000500fc00fd
:10792c0050052000303b8800a00a2000303b880026
:10793c0061e7a8000000fc0000000000013b800093
:10794c0000002800008060000000e000fbff3a000f
:10795c000080fa00000006000800fa0020079800da
:10796c00310798002e009000100fba002e009000e6
:10797c001080ba00204798002e4090000080fb0039
:10798c008000eb00c001dd00020020001e0078002a
:10799c008000eb0000007100818071000080fa0013
:1079ac00000006000a00fa00300798004107980012
:1079bc000000eb00000f78001d0037001e0078005f
:1079cc00000040006101b9003e009000ce00900024
:1079dc000200400083804800dfff0700100798007a
:1079ec00210798001e007800000040009e009000c7
:1079fc0001417800c1b22000827078001e0078002e
:107a0c00000040000001e8001e009000ae00900055
:107a1c00c809dd004800de0000807100c808de00e7
:107a2c0080407800c0b22000017079001e0fe80081
:107a3c001e007800e20f5000e0ff34000080fa00d6
:107a4c00000006001600fa00200f9800ae08900007
:107a5c00811f7800e07d2b00801f78000e007800dd
:107a6c0032ea0700e48757000e0078000200070096
:107a7c000080fa00000006000200fa00000f7800f7
:107a8c000b003700000000001111800000202000c6
:107a9c00008060000000e000fbff3a001e00780050
:107aac00104078000000fb00201188001e0fe80039
:107abc001e007800104078000004e000f1ff3a004e
:107acc000080fa00000006002000fa00700f9800f9
:107adc0000482800e10120004f1207007e089000aa
:107aec00117e2b0030ea07000000e000000132009c
:107afc007e089000517e2b002bea07000000e0006e
:107b0c00fb0032007e089000b17e2b0026ea0700b5
:107b1c000000e00005003a00a0478000c9ff070004
:107b2c00e07e2b00d4ff0700f10037007e089000a8
:107b3c00117f2b001cea07000000e00005003a0052
:107b4c00b0478000bfff0700e07e2b00caff070094
:107b5c00e70037007e089000417f2b0012ea0700f7
:107b6c000000e00005003a00a0a92000c2ff0700b9
:107b7c00e07e2b00c0ff0700dd0037007e08900080
:107b8c00717f2b0008ea07000000e00005003a00b6
:107b9c00a0a92000b8ff0700e07e2b00b6ff07006d
:107bac00d30037007e089000e17f2b00fee9070030
:107bbc000000e00008003a00004080000000e000f7
:107bcc0005003a00100020000040880030802b0097
:107bdc00a9ff0700c60037007e08900071812b00ba
:107bec00f1e907000000e00007003a0000408000c7
:107bfc00e10f500004003a000028ef00c0812b0078
:107c0c009dff0700ba0037007e089000320020006c
:107c1c00e1822b00efe907000000e00025003a00ac
:107c2c007e08900066004000220020008000780052
:107c3c000e007800fce907000040eb00204798009c
:107c4c0020832b008cff07007e0890008aff070022
:107c5c00e07e2b0088ff07007e089000e4004700c0
:107c6c00811f780031842b00811f7800bce907004c
:107c7c00e4875700e10f50000b003a002e009000f3
:107c8c00cf80de001041880021418800b0842b0099
:107c9c0079ff07001041800021418000000078002e
:107cac0068ff070092003700c0852b0072ff0700a9
:107cbc008f0037007e0890003200200041872b0097
:107ccc00c4e907000000e0001e003a007e089000a6
:107cdc00e60040006600470022002000d2e90700c1
:107cec000040eb00004f98007e089000ea0047002f
:107cfc00811f780081872b00811f780098e907008d
:107d0c00e4875700e10f50000b003a005e00900032
:107d1c00cf80de003041880041418800f0872b0085
:107d2c0055ff070030418000414180000000780081
:107d3c0044ff07006e00370030892b004eff070010
:107d4c006b0037007e08900032002000d18a2b0097
:107d5c00a0e907000000e0001e003a007e08900039
:107d6c00e60040006c00470022002000aee907004e
:107d7c000040eb00604f98007e089000f000470038
:107d8c00811f7800118b2b00811f780074e907008c
:107d9c00e4875700e10f50000b003a000e089000ea
:107dac00cf80de005041880061418800808b2b0021
:107dbc0031ff0700504180006141800000007800d5
:107dcc0020ff07004a003700b08c2b002aff070069
:107ddc00470037007e08900032002000418e2b00b7
:107dec007ce907000000e0001e003a007e089000cd
:107dfc00e600400072004700220020008ae90700dc
:107e0c000040eb00405798007e089000f6004700b9
:107e1c00811f7800818e2b00811f780050e90700ac
:107e2c00e4875700e10f50000b003a003e08900029
:107e3c00cf80de007041880081418800f08e2b00dd
:107e4c000dff070070418000814180000000780028
:107e5c00fcfe07002600370030902b0006ff0700c1
:107e6c00230037007e08900032002000d1912b00b7
:107e7c0058e907000000e0001d003a007e08900061
:107e8c00e6004000780047002200200066e9070069
:107e9c000040eb00205f98007e089000fc0047003b
:107eac00811f780011922b00811f78002ce90700ac
:107ebc00e4875700e10f50000b003a006e08900069
:107ecc00cf80de00c0478800d147880080922b000d
:107edc00e9fe0700c0478000d14780000000780011
:107eec00d8fe07000200370030902b00e2fe07009e
:107efc000080fa00000006000200fa00004f780033
:107f0c0000000000111180000020200000806000a3
:107f1c000000e000fbff3a001e00fb00201188006f
:107f2c000080fa00000006000400fa00004f780000
:107f3c0011479800224798000602a8000000000094
:107f4c0030108000610060000000e000fcff3a008f
:107f5c001e80fb0000004000101088000000000094
:107f6c004110800000002400008060000000e00050
:107f7c00fbff3a001e4090000080fb0010108800b0
:107f8c000000000041108000000024000080600010
:107f9c000000e000fbff3a002e4090000080fb0048
:107fac001010880000000000411080000000240028
:107fbc00008060000000e000fbff3a000642a800d1
:107fcc000000000030108000640060000000e00041
:107fdc00fcff3a000080fa00000006000400fa00e2
:107fec002047980031479800cd0d07002e40900097
:107ffc0000404000e50d07003e409000e30d0700f7
:10800c002e4090000080fb000000400000407800f3
:10801c000004a000dd0d07000040eb00ef0d070091
:10802c00004f7800c70d07001e4078000080fa0052
:10803c00000006000000fa0002c1b30031c0b3001a
:10804c0000c4b300b8ff070032c0b300e1cfb300e7
:10805c0000c4b300b4ff07000041eb008040eb000c
:10806c0000c4b300b0ff070042c0b30011c0b3009e
:10807c0000c4b300acff07000080fa00000006004b
:10808c000800fa0020479800210798003207980052
:10809c002e4090004200dd00664f40002e00900004
:1080ac0000407800004178009e40780000c4b30086
:1080bc009dff07002e0090004800de0080407800f5
:1080cc001e40e800014178008040780000c4b300f5
:1080dc0095ff07003e009000804078001ec0e8002d
:1080ec00014178008040780000c4b3008eff070087
:1080fc003e0090004800de00804078001e41780071
:10810c0063404100014178008040780000c4b30016
:10811c0085ff07000080fa00000006000200fa004c
:10812c000000eb00000f7800240037001e017800df
:10813c008000eb000040eb00d1ff070000c42900d9
:10814c0001002000b41007001e0178008000eb0035
:10815c0010c0b300caff070000c4290001002000b2
:10816c00ad1007001e0178008000eb0020c0b300aa
:10817c00c3ff070000c4290001002000a61007005f
:10818c001e0178008000eb0030c0b300bcff07007c
:10819c0000c42900010020009f100700f0ff200000
:1081ac009e007800808f5000020036000000eb002b
:1081bc00000f78009e007800708f400000002100b6
:1081cc009e007800808f5000d8ff36000080fa00a7
:1081dc00000006000600fa00000f78001107980056
:1081ec00220798001e0178008000eb000040eb0095
:1081fc00a3ff07001e0190008000eb0010c0b3002d
:10820c009fff07002e0190008000eb0020c0b30000
:10821c009bff07000080fa00000006000a00fa002d
:10822c00881f78006000b800008fbe000100370086
:10823c00000000001e00be00e2e607000200200065
:10824c0003f823000be3070002002e00f34f240079
:10825c00cce40700bbe207002007980062aa2000cc
:10826c00630024001e00be0002e30700d5e60700f1
:10827c000200200003f82300fee2070002002e009b
:10828c00f34f2400bfe40700aee20700300798006c
:10829c0062aa2000630824001e00be00f5e207005d
:1082ac00c8e607000200200003f82300f1e20700f3
:1082bc0002002e00f34f2400b2e40700a1e20700f5
:1082cc00400798004e019000be0090002e009000d8
:1082dc00c0ff070000c42900010020004e10070059
:1082ec00a2702d0033c223001e00be00e1e2070085
:1082fc00008fbe0018c0b30092ff2000930c240026
:10830c001e00be008de207000000e00001003c00f2
:10831c000044eb000804e000c5ff320092ff20008f
:10832c00930c24001e00be00c9e20700008fbe00a3
:10833c00c0ff37000200fa00004f7800960c0700cf
:10834c0080c7b300af0c07000040eb00ad0c07007a
:10835c001e407800ab0c0700980c07008000200032
:10836c00010020002c1007000080fa00000006001d
:10837c000200fa00004f7800870c070080c7b3009a
:10838c00a00c070000c4b3009e0c07001e40780030
:10839c009c0c0700890c0700003220000100200013
:1083ac001d1007000080fa00000006000000fa0013
:1083bc0000a82100610020001710070080c3b30043
:1083cc00dcff070090c3b300daff070000a8210010
:1083dc00610020001010070040c1b300d5ff07005a
:1083ec00f0c7b300d3ff0700f0c5b300d1ff0700ff
:1083fc0000482800e101200007100700c0c6b300a8
:10840c00ccff070000882300110020000210070099
:10841c0080c3b300c7ff07000088230011002000b1
:10842c00fd0f0700d0c0b300c2ff07000088230077
:10843c0011002000f80f070010c0b300bdff0700ab
:10844c000088230011002000f30f070060c0b30068
:10845c00b8ff070000c4290001002000ee0f070040
:10846c0000c4b300b3ff070000482800e10120005e
:10847c00e90f07000080fa00000006000200fa0075
:10848c00000f7800040037001e00780010407800c0
:10849c001e0fe800b6ff07001e00780010407800a1
:1084ac000004e000f8ff3a000080fa00000006002b
:1084bc000000fa0092fc07000080fa0000000600a1
:1084cc000000fa00f60d070010002000104788008d
:1084dc001000200020478800100020004047880032
:1084ec0010002000b045880010002000a044880037
:1084fc00100020009042880010002000a04288004c
:10850c0010002000f0468800100020001044880065
:10851c00504680000000e80050468800f04480007f
:10852c000000e800f0448800504580000000e8009e
:10853c0050458800e04280000000e800e0428800de
:10854c000080fa00000006000000fa00780d070019
:10855c0010002000a042880010002000c0468800b7
:10856c000080fa00000006000200fa00840e0700ea
:10857c0010002000000f780010002000c04688007a
:10858c00202d240000000100402e240000000100da
:10859c000080fa00000006000000fa00f1448000a0
:1085ac00a0498000808f5000020035003229ef0076
:1085bc009e28ef000080fa00000006000000fa0080
:1085cc0051458000a0478000808f5000030035008b
:1085dc001000200040458800aa28ef00404580008c
:1085ec00e10f500003003a00ed02a900ec02a800d4
:1085fc0002003700ed02a800ec02a900d1168000a1
:10860c0000002200008060000000e0000200320048
:10861c00a828ef00aa28ef000080fa00000006004e
:10862c000000fa0051468000104a8000808f5000f4
:10863c0012003500ca28ef00c482a800d442a8005a
:10864c00dd22a800d442a800c482a800a017800094
:10865c004e00de00614060000004a200614060003a
:10866c000080fb00610060004e00dd00a11780005f
:10867c0001e0a10001007000a01788000080fa0042
:10868c00000006000000fa00111680000002200015
:10869c00008060000000e00003003a00004480000d
:1086ac00e10f500002003a001000200001003700da
:1086bc000000eb000080fa00000006003200fa0017
:1086cc00881f7800430f07007b0d07001e0d070065
:1086dc00c10c0700d40d0700ae0d0700510d0700ab
:1086ec00f40c0700070e070042060700840e070073
:1086fc0003fc0700e0252400e60c0700630a0700d2
:10870c007e0a070040002000960a07000010200097
:10871c008e0a0700006a280011002000ed0b0700ec
:10872c0000482800e10120003b0f070041fe070034
:10873c00c482a800d442a800d482a900dcc2a9003b
:10874c00dd22a800dd62a800e402a900e4a2a900d1
:10875c00e4e2a900e4c2a800ec22a800ec02a80004
:10876c00ec42a800ec62a800ec82a800eca2a900e4
:10877c00ecc2a900ece2a900ece2a900ed02a90010
:10878c00ed82a800f4e2a800f5c2a900f5e2a90068
:10879c00103a8000000178000260a1006004200003
:1087ac0071052000237420008049780081497800ed
:1087bc00824978001136800000fc2f000080600098
:1087cc003000b300103688002135800000fc2f00eb
:1087dc00008060003000b30020358800103a800023
:1087ec00000178000260a0006004200071052000e8
:1087fc0023742000804978008149780082497800f0
:10880c00d0932b009cfc0700a0002000550a070009
:10881c000000eb00000f7800601780004300de00c2
:10882c00614060000004a200614060000080fb0019
:10883c00610060004300dd00611780000130a10081
:10884c000100700060178800e4a2a90000a82100b4
:10885c0061002000f00e0700ece2a800324080001e
:10886c00434080001041800021418000800f510066
:10887c00818f59000e003200104180002141800090
:10888c003040880041408800a0942b007afc0700ff
:10889c003040800041408000000078004400dd0042
:1088ac00000178008000eb0020c0b300f4fd07004d
:1088bc007240800083408000304180004141800044
:1088cc00800f5100818f59000e0032003041800022
:1088dc00414180007040880081408800c0952b0089
:1088ec0065fc07007040800081408000000078002b
:1088fc004400dd00000178008000eb0010c0b300e4
:10890c00dffd070052408000634080005041800032
:10891c0061418000800f5100818f59000e003200a0
:10892c0050418000614180005040880061408800c7
:10893c0000972b0050fc07005040800061408000e5
:10894c00000078004400dd00000178008000eb009e
:10895c000040eb00cafd070092408000a34080005d
:10896c007041800081418000800f5100818f59003f
:10897c000e003200704180008141800090408800e0
:10898c00a140880030982b003bfc070090408000f1
:10899c00a1408000000078004400dd000001780058
:1089ac008000eb0030c0b300b5fd07002b060700bc
:1089bc000004e00023003200fd050700004f980082
:1089cc000e489000ea4f5000030032000e48900011
:1089dc00ed4f50000d003a0005c8bf000080fb00b1
:1089ec0021b320000041eb008270780020b32000fe
:1089fc0021fc0700e07e2b001ffc070020b32000a9
:108a0c0031fc07000568ef000e0037005180200094
:108a1c0091407800e0c3b30080cf500008003e00c6
:108a2c0005c8bf008080fb0022b320008e49900057
:108a3c0003f178000040e80005e8b70001003700ba
:108a4c000568ef0011168000000420000080600013
:108a5c000000e0001b003a001116800000202000ee
:108a6c00008060000000e000160032000000eb0007
:108a7c00100798001e0078000000e000050032008e
:108a8c008428ef00100020003044880070992b00df
:108a9c00f9fb0700119c2b00b0af200042e6070049
:108aac000000e0005000320062002000119c2b00fe
:108abc00b0af200035e6070010002000b04688005b
:108acc004900370011168000002020000080600053
:108adc000000e0001b003a0011168000000420008a
:108aec00008060000000e000160032001000200042
:108afc00100798001e007800e10f500005003200ae
:108b0c008428ef001000200030448800709c2b005b
:108b1c00d9fb0700419f2b00b0af200022e60700d5
:108b2c000000e0003000320062002000419f2b006a
:108b3c00b0af200015e6070010002000b0468800fa
:108b4c0029003700111680000020200000806000f2
:108b5c000000e00015003200111680000004200017
:108b6c00008060000000e0001000320020002000b7
:108b7c00100798008628ef008428ef00a19f2b0097
:108b8c00b0af200008e607000000e000160032003d
:108b9c0062002000a19f2b00b0af2000fbe5070076
:108bac0010002000b04688000f0037003000200075
:108bbc00100798008628ef008428ef0001a02b00f6
:108bcc00b0af2000f8e507000000e000060032001e
:108bdc006200200001a02b00b0af2000ebe50700e5
:108bec0010002000b0468800304480000000e000f7
:108bfc0010003200904280000000e0000d003200b6
:108c0c005228ef00204480000000e8002044880037
:108c1c0020448000e90f50000600340010002000b2
:108c2c00004488008628ef008428ef0060a02b0009
:108c3c0091fb070010168000111680000004200024
:108c4c00008060000000e00005003200111680007a
:108c5c0000202000008060000000e00004013a00c9
:108c6c00a0418000e20f50007e003200e20f500065
:108c7c0005003e000000e00008003200e10f50004b
:108c8c002300320011013700e30f50009400320032
:108c9c00e40f5000f20032000c0137005116800036
:108cac0000002200008060000000e00017003a0085
:108cbc0074fe07000000e00003003a00004480004e
:108ccc000000e0001100320090a32b006afb0700ab
:108cdc00e4a2a900ecc2a90010002000a041880069
:108cec007828ef007a28ef007c28ef00c043800042
:108cfc001c090700b0a52b005ffb07008028ef00c4
:108d0c0000a82b005cfb0700ec62a900d700370021
:108d1c00a04280000000e0002f0032005428ef0039
:108d2c00e04380000000e800e0438800e14380005d
:108d3c0050498000808f500027003500c1438000cf
:108d4c0040498000808f500020003d00c1438000ce
:108d5c006049800000804000c0438800c14380000f
:108d6c0040498000808f5000020034004049800050
:108d7c00c0438800c0438000fa080700c14380004c
:108d8c00400620000088b90080007800f0ff200029
:108d9c0000017800110009008200d80050079800eb
:108dac0080a82b0034fb0700c043800025fb070084
:108dbc0080a92b0030fb07005e00900021fb070010
:108dcc00b0a92b002cfb07000200370000aa2b00d7
:108ddc0029fb07007c28ef005116800000002100c1
:108dec00008060000000e0001d003a00f0ab2b009a
:108dfc0021fb0700c3438000230798000d003700b8
:108e0c002e0090000000e00002003d000000eb008e
:108e1c00200798002e009000d208070000c42900fb
:108e2c00010020007c0d07002e0090004006b100d0
:108e3c00200798002e0090000000e000f0ff3d009d
:108e4c00ecc2a8000000eb00c608070020002000c0
:108e5c00a04188008028ef0020ae2b0006fb070005
:108e6c008200370007fe07000000e000050032001a
:108e7c005116800000002100008060000000e0001e
:108e8c0006003200e04080000000e00013003200d9
:108e9c00404480000000e00010003200a0ae2b0027
:108eac00f5fa0700e4a2a900ecc2a80030002000eb
:108ebc00a04188007828ef007a28ef007c28ef008a
:108ecc00c0438000a7080700b0a52b00eafa0700f2
:108edc008828ef00c0b02b00e7fa070063003700ca
:108eec00601780004200de00614060000004a200b8
:108efc00614060000080fb00610060004200dd000a
:108f0c00611780000120a10001007000601788002b
:108f1c00a04280000000e0002f0032005428ef0037
:108f2c00e04380000000e800e0438800e14380005b
:108f3c0050498000808f500027003500c1438000cd
:108f4c0040498000808f500020003d00c1438000cc
:108f5c006049800000804000c0438800c14380000d
:108f6c0040498000808f500002003400404980004e
:108f7c00c0438800c04380007a080700c1438000ca
:108f8c00400620000088b90080007800f0ff200027
:108f9c0000017800110009008200d80060079800d9
:108fac0040b12b00b4fa0700c0438000a5fa0700bb
:108fbc0080a92b00b0fa07006e009000a1fa070000
:108fcc00b0a92b00acfa07000200370000aa2b0056
:108fdc00a9fa07007c28ef0051168000000022003f
:108fec00008060000000e0001c003a0040b22b0042
:108ffc00a1fa0700c3438000330798000d00370027
:10900c003e0090000000e00002003d000000eb007c
:10901c00300798003e0090005208070000c4290059
:10902c0001002000fc0c07003e0090004006b1003f
:10903c00300798003e0090000000e000f0ff3d007b
:10904c000000eb004708070040002000a04188000a
:10905c0090b42b0088fa0700ec62a80003003700dc
:10906c003428ef008028ef000000000017003700c4
:10907c00e4a2a900601780004200de00614060009d
:10908c000004a200614060000080fb0061006000f1
:10909c004200dd00611780000120a100010070007a
:1090ac0060178800a00020002e0807007428ef002d
:1090bc006c28ef004a28ef003428ef008028ef00de
:1090cc008428ef008628ef00ec62a9009e00900037
:1090dc00010f7800a0418000e20f500017003a0009
:1090ec00e04080000000e00014003200904280005c
:1090fc000000e000150032005228ef0050448000c0
:10910c000000e80050448800504480006101b90020
:10911c00e0478000f1478000800f5100818f59009b
:10912c000900390010002000404488008a28ef0014
:10913c0010b52b0050fa0700040037008a28ef0006
:10914c008828ef00010037000000000090468000e6
:10915c00e10f500003003a00f0ae200046fa070081
:10916c00d228ef00a0468000e10f500003003a0027
:10917c0050af200040fa0700d428ef00b046800022
:10918c00e10f500003003a00b0af20003afa07009c
:10919c00d628ef00400020005df90700b1aa2a0094
:1091ac000100b8004208de008002b00030438800a5
:1091bc003000200056f907004300de007e0040001e
:1091cc00a04788002000200051f90700004a8800c1
:1091dc00100020004ef90700b1aa2a000100b800c7
:1091ec004208de006a00b900000078000119200076
:1091fc0080804000908828000008b8004308de00fa
:10920c00b04788006000200041f90700f041880059
:10921c00f0418000cf80de00e5de07000200200078
:10922c00e3332400d7e0070002002f00f35724009b
:10923c00f5df070070079800010f9800a048800028
:10924c00b1488000d2cc2c00c3e4230000df07001f
:10925c0018c0b3007e0190008e099000b7de0700a5
:10926c000000e00001003c000044eb000804e000ba
:10927c000e003a00a0488000b1488000d2cc2c00ef
:10928c00c3e42300fbde070018c0b3007e0190008e
:10929c008e099000a7de07000000e00001003500f9
:1092ac000044eb000804e000040032007e01900052
:1092bc008e099000a2488800b34888006000200006
:1092cc0013f90700b0418800d1168000000024007b
:1092dc00008060000000e00001003a00cc28ef00a4
:1092ec00d116800000002400008060000000e00027
:1092fc00020032001000200060468800f0ae200012
:10930c00e10f500008003a00b04480000000e0007b
:10931c0005003a0010002000b04488009828ef00a7
:10932c001000200090448800b04480000000e00051
:10933c000d003200a04480000000e0000a00320062
:10934c00c04480000000e800c04488009428ef006e
:10935c00c0448000fd0f5000030034009628ef003d
:10936c009228ef009828ef00ec82a80010178000dc
:10937c00610060000000e00005003a001117800059
:10938c0000102000008060000000e00004003200ab
:10939c00100020000047880010002000f0468800d4
:1093ac0010178000610060000000e00025003a000a
:1093bc001117800000102000008060000000e00009
:1093cc0020003a0000478000e10f50001d003a00d9
:1093dc0010002000d0468800f0468000e10f5000bd
:1093ec0018003a00c0468000e10f500004003a001b
:1093fc00e04680000000e800e0468800d828ef0036
:10940c00e1468000204a8000808f50000400350027
:10941c00da28ef00dc28ef00de28ef00e028ef0070
:10942c00d04680000000e00001003a00ec42a900a8
:10943c00d0468000e10f500002003a00f4e2a9008f
:10944c00ec42a8001116800000042000008060008f
:10945c000000e00002003a00dd22a8000100370005
:10946c00dd22a90011168000002020000080600081
:10947c000000e00002003a00d442a80001003700ce
:10948c00d442a90010178000620060000000e000c8
:10949c0001003200ece2a8001017800062006000ae
:1094ac000000e00001003a00ece2a900d0168000b8
:1094bc00d016800051178000000022000080600050
:1094cc000000e00002003200c0b62b006af9070071
:1094dc005117800000002200008060000000e000b6
:1094ec000c00320011168000000420000080600087
:1094fc000000e00007003200111680000020200060
:10950c00008060000000e00002003200ec22a800a5
:10951c00ec42a8005117800000002200008060007f
:10952c000000e0000700320011168000000420004b
:10953c00008060000000e00002003a00ec22a9006c
:10954c00ec42a8005117800000002200008060004f
:10955c000000e0000c0032001116800000202000fa
:10956c00008060000000e00007003a0090168000c8
:10957c00680060000000e00003003a0010002000ca
:10958c0020468800e4c2a800511780000000220089
:10959c00008060000000e00004003a00c428ef00e6
:1095ac00c628ef00e4c2a900e4e2a800c045800090
:1095bc000000e00007003a001116800000042000b3
:1095cc00008060000000e00002003a001000200063
:1095dc008045880080458000e10f50000f003a0064
:1095ec00b0458000e10f50000c003a00904580001f
:1095fc000000e80090458800b628ef0091458000f7
:10960c00e0498000808f50000400350010002000dd
:10961c00c0458800b228ef00b028ef00104680004b
:10962c000000e00007003a00111680000020200026
:10963c00008060000000e00002003a0010002000f2
:10964c00e0458800e0458000e10f50000f003a0033
:10965c0040478000e10f50000c003a00f0458000bc
:10966c000000e800f0458800e828ef00f145800094
:10967c00004a8000808f500004003500be28ef00a7
:10968c00bc28ef0010002000104688007e0907005f
:10969c00e10f500001003a0089fb07001e0907008a
:1096ac00e10f500001003a00a7fb07009016800064
:1096bc00680060000000e00002003200d482a800c4
:1096cc0001003700d482a900a0178000640060005c
:1096dc000000e000080032006200200041b72b00bf
:1096ec00b0af200029e3070000b020008040eb0061
:1096fc000148780048fc3700a117800000002100c9
:10970c00008060000000e0000800320062002000d1
:10971c00a1b72b00b0af20001ce3070000b0200065
:10972c008040eb00014878003bfc370062002000d1
:10973c0001b82b00b0af200014e3070000b02000ec
:0c974c008040eb000148780033fc37003f
:020000040000fa
:109758000000fa0000002300203a88004827ef00a4
:109768004e27ef007027ef007227ef007427ef00f5
:109778007627ef007a27ef007c27ef0072002000a1
:1097880080072000a1092000337420008049780058
:1097980081497800824978000001eb0060042000cc
:1097a80071052000237420008049780081497800e1
:0c97b800824978000080fa0000000600e2
:020000040000fa
:1097c4000200fa00000f78009e007800c14a880069
:1097d4000000fe000080fa00000006000000fa000d
:1097e400a0be20008007780020c02000000188006f
:0897f4000080fa0000000600ed
:020000040000fa
:109800000000000000000000000000000000000058
:109810000000000000000000000000000000000048
:109820000000000000000000000000000000000038
:109830000000000000000000000000000000000028
:109840000000000000000000000000000000000018
:109850000000000000000000000000000000000008
:1098600000000000000000000000000000000000f8
:1098700000000000000000000000000000000000e8
:1098800000000000000000000000000000000000d8
:1098900000000000000000000000000000000000c8
:1098a00000000000000000000000000000000000b8
:1098b00000000000000000000000000000000000a8
:1098c0000000000000000000000000000000000098
:1098d0000000000000000000000000000000000088
:1098e0000000000000000000000000000000000078
:1098f0000000000000000000000000000000000068
:109900000000000000000000000000000000000057
:109910000000000000000000000000000000000047
:109920000000000000000000000000000000000037
:109930000000000000000000000000000000000027
:109940000000000000000000000000000000000017
:109950000000000000000000000000000000000007
:1099600000000000000000000000000000000000f7
:1099700000000000000000000000000000000000e7
:1099800000000000000000000000000000000000d7
:1099900000000000000000000000000000000000c7
:1099a00000000000000000000000000000000000b7
:1099b00000000000000000000000000000000000a7
:1099c0000000000000000000000000000000000097
:1099d0000000000000000000000000000000000087
:1099e0000000000000000000000000000000000077
:1099f0000000000000000000000000000000000067
:109a00000000000000000000000000000000000056
:109a10000000000000000000000000000000000046
:109a20000000000000000000000000000000000036
:109a30000000000000000000000000000000000026
:109a40000000000000000000000000000000000016
:109a50000000000000000000000000000000000006
:109a600000000000000000000000000000000000f6
:109a700000000000000000000000000000000000e6
:109a800000000000000000000000000000000000d6
:109a900000000000000000000000000000000000c6
:109aa00000000000000000000000000000000000b6
:109ab00000000000000000000000000000000000a6
:109ac0000000000000000000000000000000000096
:109ad0000000000000000000000000000000000086
:109ae0000000000000000000000000000000000076
:109af0000000000000000000000000000000000066
:109b00000000000000000000000000000000000055
:109b10000000000000000000000000000000000045
:109b20000000000000000000000000000000000035
:109b30000000000000000000000000000000000025
:109b40000000000000000000000000000000000015
:109b50000000000000000000000000000000000005
:109b600000000000000000000000000000000000f5
:109b700000000000000000000000000000000000e5
:109b800000000000000000000000000000000000d5
:109b900000000000000000000000000000000000c5
:109ba00000000000000000000000000000000000b5
:109bb00000000000000000000000000000000000a5
:109bc0000000000000000000000000000000000095
:109bd0000000000000000000000000000000000085
:109be0000000000000000000000000000000000075
:109bf0000000000000000000000000000000000065
:109c00000000000000000000000000000000000054
:109c10000000000000000000000000000000000044
:109c20000000000000000000000000000000000034
:109c30000000000000000000000000000000000024
:109c40000000000000000000000000000000000014
:109c50000000000000000000000000000000000004
:109c600000000000000000000000000000000000f4
:109c700000000000000000000000000000000000e4
:109c800000000000000000000000000000000000d4
:109c900000000000000000000000000000000000c4
:109ca00000000000000000000000000000000000b4
:109cb00000000000000000000000000000000000a4
:109cc0000000000000000000000000000000000094
:109cd0000000000000000000000000000000000084
:109ce0000000000000000000000000000000000074
:109cf0000000000000000000000000000000000064
:109d00000000000000000000000000000000000053
:109d10000000000000000000000000000000000043
:109d20000000000000000000000000000000000033
:109d30000000000000000000000000000000000023
:109d40000000000000000000000000000000000013
:109d50000000000000000000000000000000000003
:109d600000000000000000000000000000000000f3
:109d700000000000000000000000000000000000e3
:109d800000000000000000000000000000000000d3
:109d900000000000000000000000000000000000c3
:109da00000000000000000000000000000000000b3
:109db00000000000000000000000000000000000a3
:109dc0000000000000000000000000000000000093
:109dd0000000000000000000000000000000000083
:109de0000000000000000000000000000000000073
:109df0000000000000000000000000000000000063
:109e00000000000000000000000000000000000052
:109e10000000000000000000000000000000000042
:109e20000000000000000000000000000000000032
:109e30000000000000000000000000000000000022
:109e40000000000000000000000000000000000012
:109e50000000000000000000000000000000000002
:109e600000000000000000000000000000000000f2
:109e700000000000000000000000000000000000e2
:109e800000000000000000000000000000000000d2
:109e900000000000000000000000000000000000c2
:109ea00000000000000000000000000000000000b2
:109eb00000000000000000000000000000000000a2
:109ec0000000000000000000000000000000000092
:109ed0000000000000000000000000000000000082
:109ee0000000000000000000000000000000000072
:109ef0000000000000000000000000000000000062
:109f00000000000000000000000000000000000051
:109f10000000000000000000000000000000000041
:109f20000000000000000000000000000000000031
:109f30000000000000000000000000000000000021
:109f40000000000000000000000000000000000011
:109f50000000000000000000000000000000000001
:109f600000000000000000000000000000000000f1
:109f700000000000000000000000000000000000e1
:109f800000000000000000000000000000000000d1
:109f900000000000000000000000000000000000c1
:109fa00000000000000000000000000000000000b1
:109fb00000000000000000000000000000000000a1
:109fc0000000000000000000000000000000000091
:109fd0000000000000000000000000000000000081
:109fe0000000000000000000000000000000000071
:109ff0000000000000000000000000000000000061
:020000040000fa
:10a000000000fa009580a9009560a900800020005a
:10a01000001188002222ef00700620004011880005
:10a0200080c22000604a880080c22000504a880018
:10a0300010c32000404a880010c32000304a880026
:10a040004e69ef0000042500070007000009250005
:10a050002d0007009560a80021e2a8002342a80077
:10a060000080fa00000006000200fa00000f7800ed
:10a070001e007800804a88000080fa000000060078
:10a080000000fa00614a8000504a8000808f500032
:10a0900002003a009580a900190037008580a900c8
:10a0a00010003700604a8000904078008180fb00fb
:10a0b000211188000000e800604a8800614a8000a1
:10a0c00010c32000808f500002003a0080c22000a0
:10a0d000604a8800614a8000504a8000808f5000aa
:10a0e0000600320011118000002020000080600076
:10a0f0000000e000ebff320001003700000000002c
:10a100000080fa00000006000200fa00000f78004c
:10a110001e007800904a88000080fa0000000600c7
:10a120000000fa001e003700304a80003111800024
:10a130008140780001487800314a800090c32000b7
:10a14000808f500009003200304a80008000e80013
:10a15000404a8000808f500004003200304a800066
:10a160000000e800304a88000d003700314a8000c6
:10a1700090c32000808f500007003a00414a8000c1
:10a1800010c32000808f50000300320010c3200055
:10a19000304a88000200370010c0b3004ee9b70013
:10a1a00010118000610060000000e000deff3a0056
:10a1b0008560a9000080fa00000006000200fa0095
:10a1c0000040eb00004f780000000000414a800092
:10a1d000304a8000808f5000fcff3200404a8000ef
:10a1e000104f7800404a80000000e800404a880094
:10a1f000414a8000a0c32000808f500002003a0036
:10a2000010c32000404a88001e4078000080fa00f9
:10a21000000006000200fa00004f78000000000075
:10a220001c0007000004a2000004e000fcff3a004c
:10a23000504a80001e487800504a80000000e80024
:10a24000504a8800514a800010c32000808f50007f
:10a2500002003a0080c22000504a88009580a80081
:10a260000080fa00000006000000fa00414a800069
:10a27000304a80000080680000f0a7000000ea007b
:10a280000000ea004f00de00004078000080fa0085
:10a29000000006000400fa00614a800011079800df
:10a2a000514a80001e009000808f5000060031004f
:10a2b0009e009000504a8000008050000000e9009d
:10a2c000000f7800050037009e009000504a800083
:10a2d0000080500068004000000f78001e007800e9
:10a2e00000f0a7000000ea000000ea004f00de00d6
:10a2f000004078000080fa00000006000000fa002c
:10a30000514a8000604a8000808f500009003a0066
:10a3100011118000001020000080600000f0a700f4
:10a320000000ea000000ea004f00de000040780074
:10a33000010037000040eb000080fa00000006003a
:10a340000400fa00314a800011079800404a80005a
:10a350009e009000808f5000060031009e0090000b
:10a36000404a80000080500069004000000f7800e3
:10a37000030037009e009000404a8000008f50008c
:10a38000f00f20009e007800808f50000200360001
:10a3900000c0eb00020037001e007800004078008b
:10a3a0000080fa00000006000000fa00e4ff070049
:10a3b0000080fa00000006000400fa00614a8000f4
:10a3c00011079800514a80001e009000808f5000b5
:10a3d000060031009e009000504a8000008050002e
:10a3e0000000e900000f7800050037009e00900093
:10a3f000504a80000080500068004000000f780044
:10a40000f00f20009e007800808f50000200360080
:10a4100000c0eb00020037001e007800004078000a
:10a420000080fa00000006000000fa00e2ff0700ca
:10a430000080fa00000006000000fa00afff0700ed
:10a440000080fa00000006000800fa0020079800cb
:10a4500031079800baff07000080fb00000f78006a
:10a460003e0090009e0f500002003100be009000a0
:10a47000010f78000000eb0010079800090037007a
:10a480004eff0700ae009000804878002e0090003c
:10a490000000e800200798001e0090000000e8007f
:10a4a000100798001e0090009e0f5000f4ff390026
:10a4b0001e0078000080fa00000006000800fa0084
:10a4c0002007980031079800bbff07000080fb00c1
:10a4d000000f78003e0090009e0f500002003100f7
:10a4e000be009000010f78000000eb0010079800fc
:10a4f000090037002e00900010407800ae00900058
:10a500008100e8002107980042ff07001e0090002c
:10a510000000e800100798001e0090009e0f5000f9
:10a52000f4ff39001e0078000080fa0000000600e9
:10a530000400fa000000eb00000f780080ff070025
:10a54000204798009cff0700304798002e4090005d
:10a550000080fb000000e00003003200e90f500023
:10a5600003003200040037001e20a0000400370062
:10a570001e00a000020037001e10a0000000000016
:10a580003e4090000080fb000000e000030032002d
:10a59000e90f500003003200040037001e30a00015
:10a5a000020037001e40a000000000001e007800de
:10a5b0000080fa00000006000400fa00100798006e
:10a5c000414a80001e009000008f400002003700ca
:10a5d0009e007800698f5000a0c320009e00780084
:10a5e000808f5000faff3e001e0078001040780077
:10a5f0000080fa00000006000000fa0050ff07008b
:10a600000080fb000000e9004f00de000040780001
:10a610000080fa00000006000000fa0066ff070054
:10a620000080fb000000e9004f00de0000407800e1
:10a630000080fa00000006000000fa0010118000ff
:08a640000080fa000000060092
:020000040000fa
:10a648003a0c00000400000082000000ffffff0039
:10a65800ff000000ea0b000020000000800000005e
:10a66800580900000200000082000000ffff0000ff
:10a67800540900000400000080000000420c0000a3
:10a6880002000000800000005a09000002000000db
:10a69800800000005c09000002000000800000004b
:10a6a8005e09000002000000800000006009000050
:10a6b80002000000800000006209000002000000a3
:10a6c80080000000440c0000020000008000000030
:10a6d800640900000200000080000000460c000031
:10a6e800020000008000000066090000020000006f
:10a6f80080000000280c000012000000800000000c
:10a70800460900000e00000080000000480c000010
:10a71800020000008000000068090000020000003c
:10a7280080000000760a0000ae00000082000000f1
:10a738003030300030303000000075006e6b6e0035
:10a748006f776e0000312f00312f3100393830001b
:10a7580000000000000000000000000000000000f1
:10a7680045433100375f3000303134005f3030000e
:10a7780039000000000000000000300030303000d8
:10a788003030300030303000303030003030300081
:10a7980030303000303030003030300057657300d2
:10a7a80073657800204c690066742000636f200090
:10a7b8004c746400000062006c616e006b00000065
:10a7c8000000000000000000000000000000000081
:10a7d8000053540020303000005354002030300023
:10a7e80000535400203030000052450043454900d2
:10a7f8005645440000000000000000000000000072
:10a808000000000000000000000000000000000040
:10a818000000000000000000240b00004e000000b3
:10a8280080000000f40800005200000082000000d0
:10a838005a002c00017f000000002c0001000000dd
:10a848002c010000005a000000000f00000000006a
:10a858000f000000002c01000000000000dc410097
:10a868000000dc0041010000010064000028000035
:10a878009600ff00007f000002000200002c01008b
:10a888000a00010000b80b000100d0000701000019
:10a8980019000100003200000a001e00000000003c
:10a8a80000080000f4000000800000006a090000b1
:10a8b80002000000800000000a0c00001e000000da
:10a8c80082000000286e69006c29000025006800dd
:10a8d800076c09004c836a009074a0007ac00000dd
:10a8e8008068880000846c00820081004a0c0000a7
:10a8f80002000000800000006c0900000a0100004e
:10a9080082000000000102000407030006050000a1
:10a91800ffffff00ffffff00ffffff00ffffff003b
:10a92800ffffff00ffffff00ffffff00ffffff002b
:10a93800ffffff00ffffff00ffffff00ffffff001b
:10a94800ffffff00ffffff00ffffff00ffffff000b
:10a95800ff00010002030400050607000809ff00c4
:10a96800ffffff00ffffff000a0b0c000d0e0f009a
:10a97800101112001314150016171800191a1b00cd
:10a988001c1d1e001f2021002223ff00ffffff00c7
:10a99800ffff0a000b0c0d000e0f10001112130020
:10a9a80014151600171819001a1b1c001d1e1f006d
:10a9b8002021220023ffff00ffffff00ffffff0011
:10a9c800ffffff00ffffff00ffffff00ffffff008b
:10a9d800ffffff00ffffff00ffffff00ffffff007b
:10a9e800ffffff00ffffff00ffffff00ffffff006b
:10a9f800ffffff00ffffff00ffffff00ffffff005b
:10aa0800ffffff00ffffff00ffffff00ffffff004a
:10aa1800ffffff00ffffff00ffffff00ffffff003a
:10aa2800ffffff00ffffff00ffffff00ffffff002a
:10aa3800ffffff00ffffff00ffffff00ffffff001a
:10aa4800ffffff00ffffff00ffffff00ffffff000a
:10aa5800ffffff00ffffff00ffffff00ffffff00fa
:10aa6800ffffff00ffff0000720b00003c0000002a
:10aa78008200000001000300000000000000000048
:10aa880000000000000040002f000000000000004f
:10aa980000b62e0044300000000000000000000056
:10aaa800000000000000000000000000000000009e
:10aab800000000000000000000000000000000008e
:10aac800000000004c0c00000200000080000000a4
:10aad800ae0b00003c0000008200000001000300f3
:10aae800000000000000000000000000000040001e
:10aaf8002f0000000000000000b62e0044300000c7
:10ab0800000000000000000000000000000000003d
:10ab1800000000000000000000000000000000002d
:10ab28000000000000000000000000003e0c0000d3
:10ab380004000000800000004e0c0000020000002d
:10ab48008200000001000000500c0000020000001c
:08ab5800800000000000000075
:020000040000fa
:10ab60000000fa00ffff37000000fa00ffff370087
:10ab70001600fa00881f78006000b8006011b80065
:10ab80003007980041079800520798006307980023
:10ab90006000b8006011b80070079800010f9800bd
:10aba000120f9800230f980004c024000510200005
:10abb0000400be0063020700008fbe0050052000a5
:10abc000a10a2000ce0107001e00be00f10107000f
:10abd000404798004e4090000004a2000004e000ae
:10abe00001003200deff07003023220011012000a7
:10abf0003007980041079800605625004104200066
:10ac000050079800610798003e009000ce00900029
:10ac10000001be001e00be00f10107004047980081
:10ac20004e4090000084fb005e009000ee0090001b
:10ac300022002000030020003e024100ae824900b5
:10ac40000001be000400be00e50107000080fb001b
:10ac50000000640000f0a7000000ea000000ea0025
:10ac60004f00de00404798004e4090000004a200d4
:10ac70000004e00001003200b9ff0700a501070051
:10ac80001e00be00b701070070079800010f980072
:10ac900022002000030020003e004100ae80490059
:10aca000b0010700100f9800210f98003e0190009e
:10acb000ce0190007e0090008e089000800f510021
:10acc000818f590007003a005e019000ee0190006c
:10acd0001e089000ae089000800f5100818f59002f
:10ace00001003200a0ff07004f0478000080fa0046
:10acf000000006000e00fa0000c024000110200031
:10ad00001002070020079800310798005005200026
:10ad1000a10a20007a0107002e009000be009000da
:10ad20009c010700004f98000e4890000004a2000c
:10ad30000004e0000100320089ff07006000b80055
:10ad4000008fbe00110037002e009000be00900062
:10ad50003e014000ae8148000200be001e01be0060
:10ad60009f010700004f98000e4890000004a200c9
:10ad70000004e0000100320079ff070022002000fb
:10ad8000030020001e0f41005e974900f03f2000a5
:10ad9000010020001e01be00800f5100818f59006c
:10ada000e9ff36005b0107006000b800008fbe00bd
:10adb000120037002e009000be0090003e014000bf
:10adc000ae8148000200be006601070050079800ef
:10add000610798005e009000ee009000be0f5000ea
:10ade000ae8f5800010032005fff070022002000f4
:10adf000030020001e0f41005e974900f03f200035
:10ae0000010020001e01be00800f5100818f5900fb
:10ae1000e8ff36000080fa00000006000000fa009b
:10ae200053ff0700b3ff07000080fa000000060090
:10ae30000000fa0060c02100d00c8800f001200062
:10ae4000e00c880000002800f00c880000052000bd
:10ae5000000d8800d00c8000004078006740600042
:10ae60000080fb00004b88000080fa000000060014
:10ae70000000fa000080fa00000006000000fa005e
:10ae80002104800000042000008060000000e00039
:10ae900002003200f6ff070084c0a9000080fa001b
:10aea000000006000000fa00004b8000004078001f
:10aeb000674060000080fb0067006000d20c8000eb
:10aec00081ff2f008100610001007000d00c88001c
:10aed0000080fa00000006000000fa00d10c80009b
:10aee00080ff2f0000806000d00c88000080fa00f6
:10aef000000006000200fa00000f78009e007800b3
:10af0000f10c88000080fa00000006000200fa0040
:10af1000000f78009e007800010d88000080fa0084
:10af2000000006000000fa00200480004600de0059
:10af3000614060000080fb0000f0a7000000ea0014
:10af40000000ea004f00de00004078000080fa00b8
:10af5000000006000400fa00100798001e00900090
:10af6000e10f50000f003200e10f500003003900e4
:10af7000e20f5000150032001e003700d00c800098
:10af80004400de00614060000080fb0000f0a7008c
:10af90000000ea000000ea004f00de00004f7800e9
:10afa00014003700d00c80004500de0061406000d6
:10afb0000080fb0000f0a7000000ea000000ea00ab
:10afc0004f00de00004f78000a003700d00c8000f0
:10afd0004600de00614060000080fb0000f0a7003a
:10afe0000000ea000000ea004f00de00004f780099
:10aff000000000001e4078000080fa0000000600fb
:10b000000200fa00000f78001e007800e10f5000e7
:10b0100007003200e10f500003003900e20f50003a
:10b0200005003200060037009a81a90004003700ad
:10b030009aa1a900020037009ac1a90000000000ef
:10b040000080fa00000006000000fa009cc1a80081
:10b050000080fa00000006000000fa00e00c80000a
:10b060004600de00614060000080fb0000f0a700a9
:10b070000000ea000000ea004f00de000040780017
:10b080000080fa00000006000000fa009cc1a90040
:10b090000080fa00000006000000fa00e0c0210075
:10b0a000800c8800f0012000900c8800000820002f
:10b0b000a00c8800f00f2000b00c8800800c8000ed
:10b0c00000407800674060000080fb00e04a880094
:10b0d0000080fa00000006000000fa000080fa007c
:10b0e000000006000000fa002004800064006000f8
:10b0f0000000e00002003200f7ff07008440a900d2
:10b100000080fa00000006000000fa00e04a80001b
:10b1100000407800674060000080fb00670060002e
:10b12000820c800081ff2f0081006100010070000f
:10b13000800c88000080fa00000006000000fa0081
:10b14000810c800080ff2f0000806000800c880050
:10b150000080fa00000006000200fa00000f7800ec
:10b160009e007800a10c88000080fa000000060014
:10b170000200fa00000f78009e007800b10c8800f1
:10b180000080fa00000006000000fa0020048000a1
:10b190004200de00614060000080fb0000f0a7007c
:10b1a0000000ea000000ea004f00de0000407800e6
:10b1b0000080fa00000006000400fa001007980062
:10b1c0001e009000e10f50000f003200e10f500010
:10b1d00003003900e20f5000150032001e00370056
:10b1e000800c80004400de00614060000080fb00b5
:10b1f00000f0a7000000ea000000ea004f00de00b7
:10b20000004f780014003700800c80004500de00fd
:10b21000614060000080fb0000f0a7000000ea0031
:10b220000000ea004f00de00004f78000a003700ff
:10b23000800c80004600de00614060000080fb0062
:10b2400000f0a7000000ea000000ea004f00de0066
:10b25000004f7800000000001e4078000080fa00d7
:10b26000000006000200fa00000f78001e007800bf
:10b27000e10f500007003200e10f500003003900d9
:10b28000e20f500005003200060037009081a9004f
:10b290000400370090a1a9000200370090c1a90066
:10b2a000000000000080fa00000006000000fa0024
:10b2b00092c1a8000080fa00000006000000fa0019
:10b2c000900c80004600de00614060000080fb00c2
:10b2d00000f0a7000000ea000000ea004f00de00d6
:10b2e000004078000080fa00000006000000fa002c
:0cb2f00092c1a9000080fa0000000600d6
:020000040000fa
:10b2fc000000fe00a2c320000019780001097800ac
:10b30c00000006000000fe000000eb008000eb00d7
:10b31c00f8ff07006627ef00000006000000fe00a3
:10b32c00801f7800811f7800a1c320000600fc005c
:10b33c0031007800303b880011007800303b8800e9
:10b34c0061e7a8000000000000000000cf007800ba
:10b35c004f00780000000600a2028000a1028800c5
:10b36c009080ba001000ba00a2028800000006000b
:10b37c00a2028000a10288001000ba00a20288007c
:10b38c00000006000000fe0061e7af00feff370082
:10b39c00f23f2000000161000c003a00220424005e
:10b3ac00023b8800a2028000a10288000008bb00ba
:10b3bc00965902000000000061e7af00feff370065
:10b3cc00a20288001000200061a7af00000020003e
:10b3dc000000060061e7af00feff37000000a70089
:10b3ec000d003700a4028000a10288003100240067
:10b3fc00013b88000208bb000388bb009659020081
:10b40c000000000061e7af00feff3700a4028800d7
:10b41c001000200061a7af00000020000000060013
:10b42c0061e7af00feff37000000a7000e003700f9
:10b43c0033002400033b8800a3028000a102880093
:10b44c000208bb00f20f20000288bb0096590200d4
:10b45c000000000061e7af00feff3700a302880088
:10b46c001000200061a7af000000200000000600c3
:10b47c0061e7af00feff3700f30720008081610019
:10b48c0010003a0013002400033b8800a302800044
:10b49c00a1028800040420003208bb003298bb00d3
:10b4ac001400b100fcff3a009659020000000000a5
:10b4bc0061e7af00feff3700a302880010002000f8
:10b4cc0061a7af00000020000000060061e7af009c
:10b4dc00feff3700f30720008081610011003a0065
:10b4ec0013002400033b8800a3028000a102880003
:10b4fc0004042000f10f20003208bb000198bb00af
:10b50c001400b100fcff3a00965902000000000044
:10b51c0061e7af00feff3700a30288001000200097
:10b52c0061a7af000000200000000600f23f2000e1
:10b53c00000061000000060002c02f000000610046
:0cb54c00f2ff2f008100610000000600eb
:020000040000fa
:10b558000400fa00008fbe0017e2a9001e00be001a
:10b5680000004000818048000001be0000902000db
:10b57800d103200027d60700000078000000e9006a
:10b58800a010880017e2a80000a821006100200090
:10b59800a20307000080fa00000006000000fa007d
:10b5a8001602a80000000000b010800061006000d2
:10b5b8000000e000fcff3a000080fa0000000600ee
:10b5c8000000fa001642a80000000000b010800039
:10b5d800640060000000e000fcff3a000080fa0010
:10b5e800000006000000fa001622a8000000000073
:10b5f800b0108000620060000000e000fcff3a002c
:10b608000080fa00000006000200fa00004f7800ef
:10b618001e80fb009010880000000000c110800010
:10b6280000002400008060000000e000fbff3a00fa
:10b63800c1108000000028000080600000f0a70012
:10b648000000ea000000e9004f00de00004078003a
:10b658000080fa00000006000400fa002047980065
:10b668001662a80000000000c010800062006000a0
:10b678000000e000fcff320000108000004f78005e
:10b688002e4090000004e000020032000040eb0071
:10b698000100370010c0b3000080fb0061006000ab
:10b6a8004500dd00b11080000150a10001007000cc
:10b6b800b01088001682a80000000000b0108000ba
:10b6c800700060000000e000fcff3a001e407800b7
:10b6d8000080fa00000006000400fa00008fbe0097
:10b6e80007e2a9001e00be0000004000818048005b
:10b6f8000001be0000902000d1032000c5d507003e
:10b70800000078000000e9002010880007e2a80087
:10b7180000fa200001002000400307000080fa0022
:10b72800000006000000fa000602a8000000000061
:10b7380030108000610060000000e000fcff3a006b
:10b748000080fa00000006000000fa000642a80087
:10b758000000000030108000640060000000e0007d
:10b76800fcff3a000080fa00000006000000fa0022
:10b778000622a8000000000030108000620060006f
:10b788000000e000fcff3a000080fa00000006001c
:10b798000200fa00004f78001e80fb00101088009d
:10b7a80000000000411080000000240000806000bc
:10b7b8000000e000fbff3a00411080000000280074
:10b7c8000080600000f0a7000000ea000000e90027
:10b7d8004f00de00004078000080fa0000000600fc
:10b7e8000400fa00204798000662a8000000000044
:10b7f80040108000620060000000e000fcff3200a2
:10b8080000108000004f78002e4090000004e000f7
:10b81800020032000040eb000100370010c0b30006
:10b828000080fb00610060004500dd0031108000f1
:10b838000150a10001007000301088000682a800a5
:10b848000000000030108000700060000000e00080
:10b85800fcff3a001e4078000080fa000000060055
:10b868000000fa008003200020168800cc22ef0098
:10b8780000002200a0168800a0d62000e01688004c
:10b88800e422ef00ec22ef00c0202000a01788007f
:10b89800f06e2c00001688000080eb00401688002f
:10b8a800a00021008016880070cb2f00c0168800e9
:10b8b800f031200000178800e822ef003010230044
:10b8c800801788005620ef005820ef005a20ef001c
:10b8d8005c20ef005e20ef006020ef006e20ef009c
:10b8e8007020ef007220ef007420ef007620ef0048
:10b8f8007820ef00c622ef00ce22ef00d622ef001c
:10b90800de22ef00e622ef00ee22ef00f622ef0043
:10b91800e024ef00c03f200010278800e424ef0057
:10b9280000c0200030278800002020004027880021
:10b93800ec24ef00113a8000f00b20000081600039
:10b9480060042000710520002374200080497800dd
:10b958008149780082497800d1368000f00f2c00a8
:10b96800808060000030200001007000d036880020
:10b978002135800000fc2f00008060003001b300fa
:10b98800203588001136800000fc2f000080600000
:10b998002001b30010368800a1368000f00f2c007b
:10b9a800808060000030210001007000a03688000f
:10b9b800103a8000000178000260a00060042000b6
:10b9c800710520002374200080497800814978009f
:10b9d800824978000080fa00000006000000fa00a2
:10b9e8000a21ef00c03020007008880000032800fa
:10b9f80090088800d04a80000000e00002003a0069
:10ba0800a0d42500240007008500a9009500a800ff
:10ba180020c420008040eb00014878000080fa0034
:10ba2800000006000200fa00000f78009e0078006f
:10ba38007108880020c420008040eb00014878008d
:10ba48000080fa00000006000000fa00700880007c
:10ba58000080fa00000006000200fa00000f7800db
:10ba68009e0078005108880020c420008040eb0028
:10ba7800014878000080fa00000006000000fa0083
:10ba8800500880000080fa00000006000000fa005c
:10ba98000080fa00000006000200fa00000f78009b
:10baa8009500a9009e007800d14a88009500a8005a
:10bab8000080fa00000006000000fa0020c4200000
:10bac8008040eb00014878009500a80013e1a80029
:10bad8000080fa00000006000000fa0013e1a90047
:10bae8009500a9000080fa00000006000200fa0094
:10baf80020c42000104f78001e4078000004e000a9
:10bb08000300320020c420008040eb000148780088
:10bb18001e4078000080fa00000006000000fa00cd
:10bb280030c42000104078000080fb000080fa003c
:10bb3800000006000000fa0030c420008040eb003e
:10bb4800014878000080fa00000006000000fa00b2
:10bb58000621ef0090862100600888000002280076
:10bb680080088800204b80000000e00002003a00b6
:10bb780020e025002400070084e0a90094e0a80044
:10bb880040c420008040eb00014878000080fa00a3
:10bb9800000006000200fa00000f78009e007800fe
:10bba8006108880040c420008040eb00014878000c
:10bbb8000080fa00000006000000fa00600880001b
:10bbc8000080fa00000006000200fa00000f78006a
:10bbd8009e0078003108880040c420008040eb00b7
:10bbe800014878000080fa00000006000000fa0012
:10bbf800300880000080fa00000006000000fa000b
:10bc08000080fa00000006000200fa00000f780029
:10bc180094e0a9009e007800214b880094e0a800d9
:10bc28000080fa00000006000000fa0040c420006e
:10bc38008040eb000148780094e0a80011e1a800da
:10bc48000080fa00000006000000fa0011e1a900d7
:10bc580094e0a9000080fa00000006000200fa0043
:10bc680040c42000104f78001e4078000004e00017
:10bc78000300320040c420008040eb0001487800f7
:10bc88001e4078000080fa00000006000000fa005c
:10bc980050c42000104078000080fb000080fa00ab
:10bca800000006000000fa0050c420008040eb00ad
:10bcb800014878000080fa00000006000000fa0041
:10bcc8000021ef00f07c2000100888000000280008
:10bcd80020088800304b80000000e00002003a0095
:10bce800a0eb2500240007008460a9009460a80048
:10bcf80060c420008040eb00014878000080fa0012
:10bd0800000006000200fa00000f78009e0078008c
:10bd18001108880060c420008040eb0001487800ca
:10bd28000080fa00000006000000fa0010088000f9
:10bd38000080fa00000006000200fa00000f7800f8
:10bd48009e0078000108880060c420008040eb0055
:10bd5800014878000080fa00000006000000fa00a0
:10bd6800000880000080fa00000006000000fa00c9
:10bd78000080fa00000006000200fa00000f7800b8
:10bd88009460a9009e007800314b88009460a80058
:10bd98000080fa00000006000000fa0060c42000dd
:10bda8008040eb00014878009460a80005e1a800f5
:10bdb8000080fa00000006000000fa0005e1a90072
:10bdc8009460a9000080fa00000006000200fa0052
:10bdd80060c42000104f78001e4078000004e00086
:10bde8000300320060c420008040eb000148780066
:10bdf8001e4078000080fa00000006000000fa00eb
:10be080070c42000104078000080fb000080fa0019
:10be1800000006000000fa0070c420008040eb001b
:10be2800014878000080fa00000006000000fa00cf
:10be38001421ef0080d02300d008880000032800d8
:10be4800f0088800404b80000000e00002003a0043
:10be580020f72500240007008760a9009760a80044
:10be680080c420008040eb00014878000080fa0080
:10be7800000006000200fa00000f78009e0078001b
:10be8800d108880080c420008040eb000148780079
:10be98000080fa00000006000000fa00d0088000c8
:10bea8000080fa00000006000200fa00000f780087
:10beb8009e007800a108880080c420008040eb0024
:10bec800014878000080fa00000006000000fa002f
:10bed800a00880000080fa00000006000000fa00b8
:10bee8000080fa00000006000200fa00000f780047
:10bef8009760a9009e007800414b88009760a800d1
:10bf08000080fa00000006000000fa0080c420004b
:10bf18008040eb00014878009760a8001fe1a80066
:10bf28000080fa00000006000000fa001fe1a900e6
:10bf38009760a9000080fa00000006000200fa00dd
:10bf480080c42000104f78001e4078000004e000f4
:10bf58000300320080c420008040eb0001487800d4
:10bf68001e4078000080fa00000006000000fa0079
:10bf780090c42000104078000080fb000080fa0088
:10bf8800000006000000fa0090c420008040eb008a
:10bf9800014878000080fa00000006000000fa005e
:10bfa80030402000000a8800c0002000100a8800e5
:10bfb800000a800000407800674060000080fb00b5
:10bfc800104b88000080fa00000006000000fa000c
:10bfd8000080fa00000006000000fa00200480003b
:10bfe800620060000000e00002003200f7ff070076
:10bff8008420a9000080fa00000006000000fa0072
:10c00800104b800000407800674060000080fb0013
:10c0180067006000020a800081ff2f008100610034
:10c0280001007000000a88000080fa000000060085
:10c038000000fa00010a800080ff2f0000806000e5
:10c04800000a88000080fa00000006000000fa00dc
:10c05800200a80000080fa00000006000000fa00b4
:10c0680042c1a8000080fa00000006000000fa00a3
:10c07800100a80004600de00614060000080fb007e
:10c0880000f0a7000000ea000000ea004f00de0010
:10c09800004078000080fa00000006000000fa0066
:10c0a80042c1a9000080fa00000006000000fa0062
:10c0b800000a80004400de00614060000080fb0050
:10c0c80000f0a7000000ea000000ea004f00de00d0
:10c0d800004078000080fa00000006000000fa0026
:10c0e800000a80006800600000f0a7000000ea0075
:10c0f8000000e9004f00de00004078000080fa00f0
:10c10800000006000000fa0040002800001a88001d
:10c1180080432000101a880010002000201a880090
:10c128004823ef0000f22700701a8800403f2000e3
:10c13800801a88005223ef005423ef005623ef00a3
:10c148005823ef006023ef006223ef006423ef0021
:10c15800de24ef00800b26000600070095a0a8004b
:10c168000080fa00000006000000fa000080fa00d3
:10c17800000006000200fa00000f78001e00780098
:10c18800f04a88000080fa00000006000000fa006b
:10c198004023a8000080fa00000006000000fa0012
:10c1a8004023a9000080fa00000006000800fa00f9
:10c1b80030079800101a80004200de007f406000bf
:10c1c8000080fb002007980000302000100798002e
:10c1d8000000eb00000f78000b0037001e0078000d
:10c1e80000004000be009000008040009e009000cb
:10c1f80091007800010878001e0090000080e80097
:10c20800100798001e0fe8009e0078002e0090008e
:10c21800808f5000f1ff36001e0078000080fa0081
:10c22800000006000000fa0051058000f0f82f0019
:10c23800008060000050a0005005880021068000a2
:10c24800f0f82f00008060000040a0002006880061
:10c258005105800080ff2f00008060000000a000d2
:10c268005005880041058000f0ff2800008060002c
:10c2780000c0a0004005880061058000f0f82f008c
:10c2880080806000000520000100700060058800c3
:10c298006105800080ff2f00008060005000b3001f
:10c2a80060058800e1058000f08f2f0000806000a5
:10c2b80000a0a000e0058800e1058000f0f82f004c
:10c2c800008060000060a000e00588008105800013
:10c2d800f0ff28008080600000002300010070004b
:10c2e800800588004105800080ff2f0000806000e5
:10c2f8003000b3004005880031058000f0ff2800b9
:10c308008080600000002300010070003005880074
:10c3180021058000f0ff28000080600000d0a00008
:10c32800200588000080fa00000006000200fa00dc
:10c33800000f78000300370000fa200001002000f9
:10c34800360007001e00780000f0a7000000ea0091
:10c358000000ea004f00de00004078001e0fe900f0
:10c368000004e000f4ff3a000080fa000000060034
:10c378000200fa00000f78000500370000082000ce
:10c38800010020002500070001fe2f001e8f40003d
:10c398001e007800ff0f5000f8ff3e000300370032
:10c3a80040002000010020001c0007001e0078004b
:10c3b80000f0a7000000ea000000ea004f00de00dd
:10c3c800004078001e0fe9000004e000f4ff3a0086
:08c3d8000080fa0000000600dd
:020000040000fa
:10c3e0000000fa0020fd0700dbf407008fff0700c4
:10c3f00003f7070028fb07008efe0700d5fd0700a6
:10c4000055fc0700b6fc070040ff070075fd07005c
:10c4100087fa0700e3fe07002afe07000080fa0003
:04c420000000060012
:020000040000fa
:10c42400f03fb1000180b10006003500ee030900c1
:10c4340000000000403fb1000180b100fbff3d005f
:10c444001000b000203fb000020035000080090059
:08c454000000000000000600da
:020000040000fa
:10c45c00809fbe00ec80570031007800a04a880015
:10c46c001100780056e9b7004f00be00000006002e
:020000040000fa
:020000040002f8
:04aff000ffff00005f
:020000040000fa
:020000040002f8
:04aff400fffe00005c
:020000040000fa
:020000040002f8
:04aff8009f7f000037
:020000040000fa
:020000040002f8
:04affc00803f000092
:00000001FF
