:020000040000fa
:080000000002040000000000f2
:020000040000fa
:040008005e05000091
:020000040000fa
:04000c004c030000a1
:020000040000fa
:040010008e0300005b
:020000040000fa
:040014006c03000079
:020000040000fa
:04001800ae03000033
:020000040000fa
:04001c005e0500007d
:020000040000fa
:040020005e05000079
:020000040000fa
:040024005e05000075
:020000040000fa
:040028005e05000071
:020000040000fa
:04002c005e0500006d
:020000040000fa
:0400300004040000c4
:020000040000fa
:04003400a004000024
:020000040000fa
:040038005e05000061
:020000040000fa
:04003c005e0500005d
:020000040000fa
:040040005e05000059
:020000040000fa
:040044006a0400004a
:020000040000fa
:04004800ce030000e3
:020000040000fa
:04004c005e0500004d
:020000040000fa
:040050005e05000049
:020000040000fa
:04005400f4040000b0
:020000040000fa
:04005800d6040000ca
:020000040000fa
:04005c002a04000072
:020000040000fa
:040060005e05000039
:020000040000fa
:040064005e05000035
:020000040000fa
:040068005e05000031
:020000040000fa
:04006c005e0500002d
:020000040000fa
:040070005e05000029
:020000040000fa
:040074005e05000025
:020000040000fa
:040078005e05000021
:020000040000fa
:04007c005e0500001d
:020000040000fa
:040080005e05000019
:020000040000fa
:040084005e05000015
:020000040000fa
:040088005e05000011
:020000040000fa
:04008c005e0500000d
:020000040000fa
:040090005e05000009
:020000040000fa
:04009400280500003b
:020000040000fa
:040098005e05000001
:020000040000fa
:04009c005e050000fd
:020000040000fa
:0400a0005e050000f9
:020000040000fa
:0400a4005e050000f5
:020000040000fa
:0400a8005e050000f1
:020000040000fa
:0400ac005e050000ed
:020000040000fa
:0400b0005e050000e9
:020000040000fa
:0400b4005e050000e5
:020000040000fa
:0400b8005e050000e1
:020000040000fa
:0400bc005e050000dd
:020000040000fa
:0400c0005e050000d9
:020000040000fa
:0400c4005e050000d5
:020000040000fa
:0400c8005e050000d1
:020000040000fa
:0400cc005e050000cd
:020000040000fa
:0400d0005e050000c9
:020000040000fa
:0400d4005e050000c5
:020000040000fa
:0400d8005e050000c1
:020000040000fa
:0400dc005e050000bd
:020000040000fa
:0400e0005e050000b9
:020000040000fa
:0400e4005e050000b5
:020000040000fa
:0400e8005e050000b1
:020000040000fa
:0400ec005e050000ad
:020000040000fa
:0400f0005e050000a9
:020000040000fa
:0400f4005e050000a5
:020000040000fa
:0400f8005e050000a1
:020000040000fa
:0400fc005e0500009d
:020000040000fa
:040100005e05000098
:020000040000fa
:040104005e05000094
:020000040000fa
:040108005e05000090
:020000040000fa
:04010c005e0500008c
:020000040000fa
:040110005e05000088
:020000040000fa
:040114005e05000084
:020000040000fa
:040118005e05000080
:020000040000fa
:04011c005e0500007c
:020000040000fa
:040120005e05000078
:020000040000fa
:040124005e05000074
:020000040000fa
:040128005e05000070
:020000040000fa
:04012c0012050000b8
:020000040000fa
:040130005e05000068
:020000040000fa
:040134005e05000064
:020000040000fa
:040138005e05000060
:020000040000fa
:04013c005e0500005c
:020000040000fa
:040140005e05000058
:020000040000fa
:040144005e05000054
:020000040000fa
:040148005e05000050
:020000040000fa
:04014c005e0500004c
:020000040000fa
:040150005e05000048
:020000040000fa
:040154005e05000044
:020000040000fa
:040158005e05000040
:020000040000fa
:04015c005e0500003c
:020000040000fa
:040160005e05000038
:020000040000fa
:040164005e05000034
:020000040000fa
:040168005e05000030
:020000040000fa
:04016c005e0500002c
:020000040000fa
:040170005e05000028
:020000040000fa
:040174005e05000024
:020000040000fa
:040178005e05000020
:020000040000fa
:04017c005e0500001c
:020000040000fa
:040180005e05000018
:020000040000fa
:040184005e05000014
:020000040000fa
:040188005e05000010
:020000040000fa
:04018c005e0500000c
:020000040000fa
:040190005e05000008
:020000040000fa
:040194005e05000004
:020000040000fa
:040198005e05000000
:020000040000fa
:04019c005e050000fc
:020000040000fa
:0401a0005e050000f8
:020000040000fa
:0401a4005e050000f4
:020000040000fa
:0401a8005e050000f0
:020000040000fa
:0401ac005e050000ec
:020000040000fa
:0401b0005e050000e8
:020000040000fa
:0401b4005e050000e4
:020000040000fa
:0401b8005e050000e0
:020000040000fa
:0401bc005e050000dc
:020000040000fa
:0401c0005e050000d8
:020000040000fa
:0401c4005e050000d4
:020000040000fa
:0401c8005e050000d0
:020000040000fa
:0401cc005e050000cc
:020000040000fa
:0401d0005e050000c8
:020000040000fa
:0401d4005e050000c4
:020000040000fa
:0401d8005e050000c0
:020000040000fa
:0401dc005e050000bc
:020000040000fa
:0401e0005e050000b8
:020000040000fa
:0401e4005e050000b4
:020000040000fa
:0401e8005e050000b0
:020000040000fa
:0401ec005e050000ac
:020000040000fa
:0401f0005e050000a8
:020000040000fa
:0401f4005e050000a4
:020000040000fa
:0401f8005e050000a0
:020000040000fa
:0401fc005e0500009c
:020000040000fa
:040208005e0500008f
:020000040000fa
:04020c004c0300009f
:020000040000fa
:040210008e03000059
:020000040000fa
:040214006c03000077
:020000040000fa
:04021800ae03000031
:020000040000fa
:04021c005e0500007b
:020000040000fa
:040220005e05000077
:020000040000fa
:040224005e05000073
:020000040000fa
:040228005e0500006f
:020000040000fa
:04022c005e0500006b
:020000040000fa
:0402300004040000c2
:020000040000fa
:04023400a004000022
:020000040000fa
:040238005e0500005f
:020000040000fa
:04023c005e0500005b
:020000040000fa
:040240005e05000057
:020000040000fa
:040244006a04000048
:020000040000fa
:04024800ce030000e1
:020000040000fa
:04024c005e0500004b
:020000040000fa
:040250005e05000047
:020000040000fa
:04025400f4040000ae
:020000040000fa
:04025800d6040000c8
:020000040000fa
:04025c002a04000070
:020000040000fa
:040260005e05000037
:020000040000fa
:040264005e05000033
:020000040000fa
:040268005e0500002f
:020000040000fa
:04026c005e0500002b
:020000040000fa
:040270005e05000027
:020000040000fa
:040274005e05000023
:020000040000fa
:040278005e0500001f
:020000040000fa
:04027c005e0500001b
:020000040000fa
:040280005e05000017
:020000040000fa
:040284005e05000013
:020000040000fa
:040288005e0500000f
:020000040000fa
:04028c005e0500000b
:020000040000fa
:040290005e05000007
:020000040000fa
:040294002805000039
:020000040000fa
:040298005e050000ff
:020000040000fa
:04029c005e050000fb
:020000040000fa
:0402a0005e050000f7
:020000040000fa
:0402a4005e050000f3
:020000040000fa
:0402a8005e050000ef
:020000040000fa
:0402ac005e050000eb
:020000040000fa
:0402b0005e050000e7
:020000040000fa
:0402b4005e050000e3
:020000040000fa
:0402b8005e050000df
:020000040000fa
:0402bc005e050000db
:020000040000fa
:0402c0005e050000d7
:020000040000fa
:0402c4005e050000d3
:020000040000fa
:0402c8005e050000cf
:020000040000fa
:0402cc005e050000cb
:020000040000fa
:0402d0005e050000c7
:020000040000fa
:0402d4005e050000c3
:020000040000fa
:0402d8005e050000bf
:020000040000fa
:0402dc005e050000bb
:020000040000fa
:0402e0005e050000b7
:020000040000fa
:0402e4005e050000b3
:020000040000fa
:0402e8005e050000af
:020000040000fa
:0402ec005e050000ab
:020000040000fa
:0402f0005e050000a7
:020000040000fa
:0402f4005e050000a3
:020000040000fa
:0402f8005e0500009f
:020000040000fa
:0402fc005e0500009b
:020000040000fa
:040300005e05000096
:020000040000fa
:040304005e05000092
:020000040000fa
:040308005e0500008e
:020000040000fa
:04030c005e0500008a
:020000040000fa
:040310005e05000086
:020000040000fa
:040314005e05000082
:020000040000fa
:040318005e0500007e
:020000040000fa
:04031c005e0500007a
:020000040000fa
:040320005e05000076
:020000040000fa
:040324005e05000072
:020000040000fa
:040328005e0500006e
:020000040000fa
:04032c0012050000b6
:020000040000fa
:040330005e05000066
:020000040000fa
:040334005e05000062
:020000040000fa
:040338005e0500005e
:020000040000fa
:04033c005e0500005a
:020000040000fa
:040340005e05000056
:020000040000fa
:040344005e05000052
:020000040000fa
:040348005e0500004e
:020000040000fa
:04034c005e0500004a
:020000040000fa
:040350005e05000046
:020000040000fa
:040354005e05000042
:020000040000fa
:040358005e0500003e
:020000040000fa
:04035c005e0500003a
:020000040000fa
:040360005e05000036
:020000040000fa
:040364005e05000032
:020000040000fa
:040368005e0500002e
:020000040000fa
:04036c005e0500002a
:020000040000fa
:040370005e05000026
:020000040000fa
:040374005e05000022
:020000040000fa
:040378005e0500001e
:020000040000fa
:04037c005e0500001a
:020000040000fa
:040380005e05000016
:020000040000fa
:040384005e05000012
:020000040000fa
:040388005e0500000e
:020000040000fa
:04038c005e0500000a
:020000040000fa
:040390005e05000006
:020000040000fa
:040394005e05000002
:020000040000fa
:040398005e050000fe
:020000040000fa
:04039c005e050000fa
:020000040000fa
:0403a0005e050000f6
:020000040000fa
:0403a4005e050000f2
:020000040000fa
:0403a8005e050000ee
:020000040000fa
:0403ac005e050000ea
:020000040000fa
:0403b0005e050000e6
:020000040000fa
:0403b4005e050000e2
:020000040000fa
:0403b8005e050000de
:020000040000fa
:0403bc005e050000da
:020000040000fa
:0403c0005e050000d6
:020000040000fa
:0403c4005e050000d2
:020000040000fa
:0403c8005e050000ce
:020000040000fa
:0403cc005e050000ca
:020000040000fa
:0403d0005e050000c6
:020000040000fa
:0403d4005e050000c2
:020000040000fa
:0403d8005e050000be
:020000040000fa
:0403dc005e050000ba
:020000040000fa
:0403e0005e050000b6
:020000040000fa
:0403e4005e050000b2
:020000040000fa
:0403e8005e050000ae
:020000040000fa
:0403ec005e050000aa
:020000040000fa
:0403f0005e050000a6
:020000040000fa
:0403f4005e050000a2
:020000040000fa
:0403f8005e0500009e
:020000040000fa
:0403fc005e0500009a
:020000040000fa
:100400006fc220000e7f22000e0188000000000055
:10041000000020000000e000020032000001200087
:100420002002880014000700570207000000e000c7
:1004300003003a0040f224000100200002003700cf
:100440000000200001002000810f70000100320038
:1004500014000700000020000000e000020032004d
:100460000000020000000000b04102000000000097
:100470000040da000000fe004440a900401f2000b8
:100480000000e000030032000020200090018800fe
:100490004440a800000006008a1f78008b1f7800e7
:1004a00000000600a1028800800478000000eb0034
:1004b0001f003700e284440054a0b4009905ba003c
:1004c000e284440054a0b4009906ba00e2844400d7
:1004d00054a0b4000006eb00476fde00fd07b20039
:1004e000ae018800636ce10003003a00eaff0700f8
:1004f0000000eb000e003700606ce10008003a00dd
:10050000004deb000a05e800020039003420ec0041
:100510000af0a0008b05e900f9ff3e000400370057
:100520006168e100010032000086eb000b0007006b
:1005300019c7ba001905ba000e04e00003003a001a
:100540000a00e000dbff3a0000000600fe07b200f0
:10055000ae0288008a047800f5ff37000cd0a300b3
:10056000e20f4d001c00390089027800354dba00b9
:100570000a05e800020039003420ec000af0a0006f
:100580008b05e9000f003200254dba000a05e8008e
:10059000020039003420ec000af0a0008b05e900cd
:1005a000080032000c00e0000600320015cdba0051
:1005b0000a05e800020039003420ec000af0a0002f
:1005c0008b05e9008984e80054a0b4000b00e0002a
:1005d000e2ff3a00000006009902ba00055d7800cb
:1005e0008b05e900f7ff3200c82ade00055d7800c0
:1005f0008b05e900f3ff32000c00e000f1ff320050
:1006000019ddba00eeff37006c580400000000004e
:100610006a5c04000000000024590400000000008f
:10062000dc59040000000000404c04000000000001
:10063000904c040000000000945a040000000000e8
:100640003a410400000000004c410400000000009a
:10065000ca400400000000006a120400000000000c
:100660003e2b0400000000001c2d040000000000d0
:10067000c82b040000000000382c0400000000001b
:10068000cc2c04000000000000000400000000006a
:100690003e2b0400000000003600f800809fbe00e2
:1006a000829fbe00849fbe00869fbe000000fa00ad
:1006b0008020a9000000eb00f12c07000080fa0068
:1006c0004f03be004f02be004f01be004f00be00f0
:1006d0003600f900004006003600f800809fbe009a
:1006e000829fbe00849fbe00869fbe000000fa006d
:1006f000ea2c07008040a90010002000e02c070031
:100700000080fa004f03be004f02be004f01be0042
:100710004f00be003600f900004006003600f80029
:10072000809fbe00829fbe00849fbe00869fbe0049
:100730000000fa008060a90020002000d02c0700f3
:100740000080fa004f03be004f02be004f01be0002
:100750004f00be003600f900004006003600f800e9
:10076000809fbe00829fbe00849fbe00869fbe0009
:100770000000fa008080a90030002000c02c070093
:100780000080fa004f03be004f02be004f01be00c2
:100790004f00be003600f900004006003600f800a9
:1007a000809fbe00829fbe00849fbe00869fbe00c9
:1007b0000000fa00c04980000000e00002003200a2
:1007c000c04980000000010070c120001040780086
:1007d0008040e80070c120000148780060c120001e
:1007e00011c0b300014878008500a9000080fa001c
:1007f0004f03be004f02be004f01be004f00be00bf
:100800003600f900004006003600f800809fbe0068
:10081000829fbe00849fbe00869fbe000000fa003b
:1008200020048000640060000000e000020032004c
:10083000bc2807008440a9000080fa004f03be00d6
:100840004f02be004f01be004f00be003600f9004f
:10085000004006003600f800809fbe00829fbe0068
:10086000849fbe00869fbe003200f8003400f8006e
:1008700010002000a00188000020200090018800c6
:100880000000fa00210480000000220000806000c7
:100890000000e00006003200e04980000000e000b7
:1008a00002003200e04980000000010085a0a9009c
:1008b0000080fa003400f9003200f9004f03be0056
:1008c0004f02be004f01be004f00be003600f900cf
:1008d000004006003600f800809fbe00829fbe00e8
:1008e000849fbe00869fbe000000fa00104a800070
:1008f0000000e00002003200104a80000000010009
:1009000090c12000104078008040e80090c1200095
:100910000148780080c1200011c0b3000148780070
:1009200084e0a9000080fa004f03be004f02be0021
:100930004f01be004f00be003600f9000040060027
:100940003600f800809fbe00829fbe00849fbe00dc
:10095000869fbe000000fa00204a80000000e000f0
:1009600002003200204a800000000100b0c12000d7
:10097000104078008040e800b0c1200001487800b5
:10098000a0c1200011c0b300014878008460a90014
:100990000080fa004f03be004f02be004f01be00b0
:1009a0004f00be003600f900004006003600f80097
:1009b000809fbe00829fbe00849fbe00869fbe00b7
:1009c0000000fa0070498000000001000080fa0079
:1009d0004f03be004f02be004f01be004f00be00dd
:1009e0003600f900004006003600f800809fbe0087
:1009f000829fbe00849fbe00869fbe000000fa005a
:100a000080498000000001000080fa004f03be0012
:100a10004f02be004f01be004f00be003600f9007d
:100a200000400600801f78000000fa0010118000ce
:100a3000620060000000e000010032002222a900f4
:100a40008c20a9000080fa004f00780000400600ca
:100a50003600f800809fbe00829fbe00849fbe00cb
:100a6000869fbe000000fa00304a80000000e000cf
:100a700002003200304a800000000100d0c1200096
:100a8000104078008040e800d0c120000148780084
:100a9000c0c1200011c0b300014878008760a900e0
:100aa0000080fa004f03be004f02be004f01be009f
:100ab0004f00be003600f900004006000040da009a
:100ac0000000fe000a00fa000000e00037003a00d3
:100ad00013618000e18f510003003200e28f51006a
:100ae0000e003a0009003700002220000000e0005c
:100af00001003a000040da002002e2000b0035005d
:100b00002822ef0021e2a80008003700002320007f
:100b10000000e00001003a000040da003002e2008c
:100b2000020035003822ef0031e2a8000200780010
:100b30001a003700040a2000e18f51000b003a0030
:100b4000030037000402e90002003a000300370006
:100b5000040a20002202ab00faff320014118000c8
:100b6000050037000402e900020032003202ab0047
:100b7000fcff320094118000610262000900320023
:100b8000e18f510002003a0034118000010037006b
:100b9000b4118000845878000000e9000000e000f3
:100ba000e4ff3a0000005100080037002300200055
:100bb000b3bf9f00c0bf9f00d1bf9f00e2bf9f0097
:100bc0006a805700061507006fb897000080fa008a
:100bd000000006000a00fa0011002000b1bf9f00cb
:100be000c0bf9f006a805700ff1407004fb89700ee
:100bf0000080fa00000006000a00fa00e20f500030
:100c000034003e0010618000e10f5000030032000c
:100c1000e20f500011003a000c00370003222000c0
:100c20000300e00001003a000040da002002e20088
:100c3000020035002822ef0021e2a8002342ab0089
:100c40000d003a002342a8000b00370003232000c8
:100c50000300e00001003a000040da003002e20048
:100c6000020035003822ef0031e2a8003342ab0029
:100c700001003a003342a800820178000b003700df
:100c80003102fb00e10f500004003a002322ab00c8
:100c9000feff3a0024118800030037003322ab0026
:100ca000feff3a00a41188008301e9000300e00080
:100cb000f3ff3a00e10f500003003a002302ab00bb
:100cc000feff32000b0037003302ab00feff3200a4
:100cd0000800370033002000b3bf9f00c0bf9f0053
:100ce000d1bf9f00e2bf9f006a805700c014070079
:100cf0006fb99700020078000080fa00000006003b
:100d0000889fbe0080047800206180000000e00021
:100d100005003a000000eb000e0007000084eb0025
:100d20000000e00008003500286180000900e000b4
:100d30000500320009004400060007000000e00042
:100d400001003d000084eb00080078004f04be0065
:100d500000000600800078000100e00003003a0077
:100d60000000200020618800000005000080eb00ea
:100d700002002000828f500002003e0021618800a6
:100d80000000eb000000060000000500f4ff2f004b
:100d9000300237000001be00190007000470a700f0
:100da00003f0a10003f8a30013003a006509b100a5
:100db00010003200090035006928e100020035000a
:100dc000010028000000050000004000818048006c
:100dd0008502e900fcff3a0000000600f88f42009f
:100de000050035008100d1000080d3008502e800b5
:100df000fcff3a00000006008000eb000000050048
:100e0000c70ade00f107b200f50fb2000800320099
:100e1000e1cf4200020032000170a0002400050072
:100e2000810f700001003200040805004400050035
:100e3000810f700002003a00140005008502e900ed
:100e40000000400081c04800fcff3b000170a00092
:100e5000240005006022b800060220000000d00037
:100e60008180d2000482d2008582d2000000a000de
:100e70000202520083825a00030031000202420043
:100e800083824a000000a1000603e900f3ff3a0054
:100e90000000060007f82700078361000638e1001c
:100ea00004003a00f7072000878361008703710080
:100eb00001003a0003f0a200889fbe008a9fbe0096
:100ec0008c9fbe00470ade000480a100c71ade0026
:100ed0000580a10007002800078560008785610064
:100ee000f70f20000720e1009e0032000728e100f4
:100ef0009c003200010678000400e000b4003200db
:100f0000f7072000878060000170a0000500e00066
:100f1000c0003200f7072000878161000370a00045
:100f2000050652000f003a000b50e1000b003200a2
:100f30000308e10002003a000200e1007e003200f6
:100f40000204500083845800040031000001fd00b9
:100f50008101fd008402fd008a05fd006044b800a7
:100f6000210037000520e10005003d000001fd00e3
:100f70008101fd008402fd008a05fd000506520086
:100f80007a60e100050035000170a1004722dd0014
:100f9000848070008a807000630037006044b8006d
:100fa000ef02660007ff2f00070666000500e0005d
:100fb00006003400f08312008714dd000511de0006
:100fc000071bdd00060171008519de007060e1007d
:100fd00005003500090478008204780003017800d8
:100fe0008001eb00700656000b50e10003003a0050
:100ff00002004000838048000400370060041400b1
:10100000e0841c0002005800838058000188a3007f
:10101000060032008100d1000080d3008984d30013
:101020000884d3000402e800270037000178a300f9
:1010300025003a000100e000030032008186cf0065
:10104000698656000a0037008c0020000000e0008e
:1010500004003a0009007800880478000004eb00de
:10106000700252008086cf000d0646000c06e90093
:101070007060e1000600350080007800090078000b
:10108000880478000004eb007006560070025200dd
:101090000c00e0000c0034008c08dd00f0031600aa
:1010a0000703de00868070000c00dd00074bde00c9
:1010b000060070008c4cdd000743de00868474005f
:1010c0000c44dd000c0252006120e10020003500dc
:1010d000610160000700280087816400f7ff270096
:1010e00087836400070374000300e00006003200f9
:1010f00082037300040032000000e800e080480032
:101100000188a3000e003a00f70f20000720e1003d
:101110004a003d000170a1004722dd0081007200fd
:101120008a8070000000be004f06be004f05be0062
:101130004f04be00000006006000b800faff370050
:101140008100d1000080d3000402e800eeff3700e8
:101150000401780089017400c20007008a807000d1
:10116000f1ff370018010700070278000001fd00b9
:101170008101fd00140107008702780085037200d9
:101180000778a300040032000001fd008101fd008a
:1011900027010700e4ff3700850362000768a3000a
:1011a000080032000b50e10003003200f0ff2f0076
:1011b000f1ff2700dcff37000001fd008101fd0089
:1011c000d9ff37000468a300d7ff3200faff3700c9
:1011d000f8ff2700888360000b003a000000e00061
:1011e00009003a0083036400828373000200320026
:1011f0000200be00ccff37000b50e100ceff3a00ea
:101200000200be00c8ff3700140020008100640007
:101210003eff3700f8ff27008883610004003a0092
:101220000200e00002003a008c007800beff3700a8
:10123000150020008301640039ff370001f8270002
:101240000000200081007500b7ff370003836800ad
:101250000700280007036300470ade000480a1009e
:10126000c71ade000580a100f70f20000720e1006b
:10127000420032000728e10040003200889fbe0093
:101280008a9fbe008c1f7800f107b200f307b200fe
:101290000400e000640032000170a0000500e000de
:1012a000680032000370a00085054200eb07b10022
:1012b0000204b8000302b8008484440060854a0038
:1012c000020ab800848444000a854a00030ab80070
:1012d00004054500040033000804d0008984d200ce
:1012e0000a85d2008b05e9006158e1003d00350018
:1012f00002102000090161000308200089816100bb
:10130000f70720008783640008867300c84cde005e
:10131000c853dd00878474004855de000300e000f8
:101320000600320082037600040032008904e800df
:1013300060054d000a88a3000c003a00f70f20005a
:101340000758e10044003d000a70a100c75ddd00c0
:101350000a8575008a007300090078004f0678003e
:101360004f05be004f04be00000006000a05d10074
:101370008984d3008b05e800f0ff3700881f7800d0
:101380000604780090000700070278000001fd00c5
:101390008101fd008c000700870278008503720040
:1013a0000778a300050032000001fd008101fd0067
:1013b0009f0007004f0478000000060085037200bc
:1013c0000748a30003003200f0ff2f00f1ff2700c1
:1013d000f8ff37000000200001f827008880700027
:1013e000f4ff3700880178004848dd0080817100f3
:1013f0004848de00c850dd0001007000c850de0023
:10140000060478000b017800160007008880700041
:10141000d2ff37000500e000050032001700200071
:101420003a0007009dff370081037000f9ff3a0082
:10143000860078004f0678004f05be004f04be00be
:101440000000050083037100f9ff3200270020002f
:101450002e00070094ff370001f8270086807000f7
:10146000f4ff37000100e0002600320061011100a6
:101470007810e10023003c006022b8007010e10009
:101480000400350080027800010078008000eb0045
:10149000700151000200e0000900340070031100e7
:1014a000062add00822ade008603dd0087827200c4
:1014b0000200de00860bdd00070070008208de00ff
:1014c00084817100f4ff270004826200848171002e
:1014d00004002800848262006102600005f0a6001a
:1014e0000000060004827100070032000000e800de
:1014f000e0804800000006000002be006000b80066
:10150000efff37006000b80000000600889fbe00b3
:101510000004eb006138e10016003a000100e00031
:1015200008003a00c800de004800dd008800200006
:101530000100e00003003a00c800de004800dd00c2
:10154000680444008184cf00e9845400060034001c
:101550008908dd00f08314008703de0087807000b7
:101560000900dd0009044400610214004f04be00bc
:10157000000006000300e00008003a00c811de0089
:101580004811dd00880020000300e00003003a005d
:10159000c811de004811dd00680444008384cf00d8
:1015a000e9845400060034008919dd00f08314003a
:1015b0008713de00878171000911dd0009044400f2
:1015c000e1021400e9ff37002700200001f0a70026
:1015d00017002000470bde00f60fb20004003200b7
:1015e0000643e8000a0032004702b300000006008c
:1015f00001037800f607b2000603700002003a000b
:101600000703b300000006008702b30000000600d5
:1016100001037800f607b2000603700002003200f2
:101620000770a000000006000760a0000000060090
:101630000478a300040032000578a3000300320000
:101640000168a30001003a000200be000160a00092
:1016500000000600889fbe008a9fbe00841f78009d
:10166000170007004f00780011003300f0ff2f0033
:10167000838f6c0006003b00040565000a00a7008c
:101680000800370009f0a60010002000080037000d
:10169000820f5400838f5c0003003900100020008b
:1016a00001003e000000200009f0a7000000ea0051
:1016b0004f05be004f04be000000e0000000060021
:1016c0000004be00cefd07000003be000405be00fe
:1016d0000200be00cafd0700844f7500000006002e
:1016e0000800fa00889fbe000004be000001be0092
:1016f0008300780001f0a10008007800a4fd20001c
:1017000095f42300840f5000858f580018003e0088
:10171000f2ff2f00f3972300820f5000838f5800b1
:1017200011003e00f2ff2f00f3072000820f50004f
:10173000838f580005003e0002002000033820007f
:101740000800be00c1fe07000400370002002000b0
:1017500003b827000800be00d7fd0700c0bf9f00e8
:10176000d1bf9f00710037000800be00680037003d
:101770004f49de0003002000143d2500b50724007a
:10178000840f5000858f58001f003e0034be2c008f
:1017900065012400840f5000858f58000e003e0024
:1017a0000200e00005003200b2fd200093fc23009f
:1017b0000800be00c0fd070059003700b2fd200040
:1017c00093fc23000800be00b2fd07005b00070089
:1017d0000004be00550037000200e00005003200a2
:1017e000b2fd2000930424000800be00b2fd0700f3
:1017f00046003700b2fd2000930424000800be001c
:10180000a4fd070041003700541d2300250e2400cd
:10181000840f5000858f58001d003e00f4dd2e001f
:10182000f50a2400840f5000858f58000c003e00fc
:101830000200e0000500320042be2c0063092400d3
:101840000800be009cfd0700e0ff370042be2c00f0
:10185000630924000800be008efd07003000370039
:101860000200e00005003200b2fd2000930c2400cd
:101870000800be0090fd070025003700b2fd2000e3
:10188000930c24000800be0082fd070020003700f2
:10189000f2ff2f00f3f72700820f5000838f5800cc
:1018a000040036000801be000800be0079fd0700f4
:1018b000c7ff37006c8157000800be004d000700cd
:1018c0006011b80063016000e10f5100e08f590022
:1018d00009003200e20f5100e08f59000900320088
:1018e000e00f5100e08f59000b003a002fb897002d
:1018f000bfb89700060037002fb89700bfb8970011
:10190000b2ff37002fb89700bfb8970001f0a200d0
:1019100091000700aeff37002fb89700bfb89700bf
:10192000060007000004be0009f0a2000800be0087
:101930004f04be000080fa0000000600889fbe0031
:101940008a9fbe008c9fbe000001be003ffe0700c4
:101950000004be000001be003cfe07000005be0002
:101960000200200003f02b000800be0037fe070035
:101970000200200003f823004ffd07000006be0010
:10198000f2a92a00a3d223000a00be002ffe0700fe
:101990000001be000c00be0047fd07000006be00af
:1019a0000801be000a00be0028fe07000005be00b8
:1019b00072a12900c37c23000800be0023fe07009b
:1019c000f243200063ab230032fd07000001be009c
:1019d0000a00be001dfe07000001be000c00be0094
:1019e00035fd07004f06be004f05be004f04be0088
:1019f000000006000800fa00889fbe008a9fbe0013
:101a00008c9fbe000005be00020478000001be00ed
:101a10008300780001f0a1000a007800a2fd2000f8
:101a200093dc2400820f5000838f58001d003e007d
:101a300032982f0023f223000a00be0003fe0700a5
:101a40000200200003b424001bfd07000200200058
:101a500003b424000ffd07000006be00ae1107000e
:101a600080047800a2fd200093fc23000c00be003f
:101a7000f6fd07000001be000a00be0005fd0700dc
:101a80000005be00325a2800832823000c00be0047
:101a9000eefd07000001be000a00be00fdfc0700cd
:101aa00026003700f2ff2f00f3f72700820f5000c7
:101ab000838f5800060036000a01be000a00be00ef
:101ac000f4fc0700008cbe008004eb001c00370013
:101ad0000a00be00500007000005be0032982f002b
:101ae00023f22300d9fd07000200200003f02300a9
:101af000f1fc07005f1107000203be000002be00f8
:101b0000e4b79f00f5b79f0086bf9f0097bf9f0077
:101b1000a211070032982f0023f22300351207008c
:101b20000001be000a00be00dafc07006000b80039
:101b30002004980031049800efb49700008cbe0098
:101b4000090078004f06be004f05be004f04be00de
:101b50000080fa0000000600889fbe008a9fbe0039
:101b60008c9fbe000005be000001be00b7fd07004f
:101b70000004be000a01be00b4fd07000006be005e
:101b80004288280083c023000800be00affd070084
:101b9000b2aa2a00a3e22300befc07000001be0097
:101ba0000c00be00a9fd07000001be000a00be0037
:101bb000c1fc07000005be000801be000800be0011
:101bc000a2fd07000001be000c00be009ffd070043
:101bd0000006be00c2c32600636323000800be00e7
:101be0009afd0700f27c200003952300a9fc070062
:101bf0000001be000c00be0094fd07000001be0005
:101c00000a00be00acfc07004f06be004f05be0038
:101c10004f04be00000006006022b8006033b80028
:101c20000002be00f0ff2f00f1ff2f00f2ff2f0097
:101c3000f3ff270000006200818062000201630060
:101c400083816300000006000000fa0068815700ed
:101c5000cfb897001b0207000080fa0000000600c2
:101c60003f000700970007004801070070010700c8
:101c7000c90007007a020700250237000000fa00b9
:101c800068815700cfb89700130207000080fa0060
:101c9000000006009c04070053050700ed0507003f
:101ca00003060700a6053700800178000200370010
:101cb000b15978000201e9000200e000fcff3a009f
:101cc00000000600810178000002780030417800b1
:101cd000b14f510002003a000204e000f9ff3a005f
:101ce0009480fb001380fb00008050000000060081
:101cf0008001eb000200e0001000320000027800da
:101d000001037800b44178000304e00008003200c9
:101d1000b14278000504e000050032008203400073
:101d2000848f53000200320085cf5100f4ff32004f
:101d30008381fb001680fb00808151000300780046
:101d400000000600881f7800000478000800780072
:101d5000270a0700080078004f04780000000600fa
:101d6000ec874700889fbe008a9fbe008c9fbe0004
:101d70008e1f780000067800010478001807900094
:101d80002805900098067800cdb79f00b805900010
:101d90003202be002203be000400be000601be00e7
:101da0004f18de006011b8008000eb00d0b79f0034
:101db000e1b79f00f2b79f0083bf9f0080047800c7
:101dc0000900e000060032006000b8006011b800b1
:101dd0000402500085825800060359008783590089
:101de0000e00e000020035000d10a100cdb79f00ed
:101df0000900e00005003a004fb097000028a3005a
:101e000002003a000038a300020032008a00e90014
:101e1000010037008a007800f8815700a2002000f6
:101e200008007800860007000900e00003003a007f
:101e3000cfb097000128a300080032000000e9009d
:101e400000814500b1c2b3000900e000010032008a
:101e5000d1c2b30001497800050037000138a30062
:101e6000030032000000e90001c2b3008175780070
:101e7000480190000201e900000151008080450006
:101e80004fb297008a0178000c0078003f020700eb
:101e90009c0090000188a30004003200980090008c
:101ea000810f500001003d00010078004f077800cd
:101eb0004f06be004f05be004f04be00cf00b1006c
:101ec000000006000200fa00889fbe008a9fbe0044
:101ed0008005780001047800020078001801900065
:101ee0002805900098007800b1bf9f00b8049000ca
:101ef0000200e000020035000110a100b1bf9f0008
:101f0000ea815700820020008a0078003002be007b
:101f10002003be0008007800490007003fb9970081
:101f2000f0006100030032000000e90001c3b300cb
:101f3000817478003fb99700e80061000300320027
:101f40000000e90001c2b3008174780048019000ec
:101f50000201e90000015100808044003fba97006f
:101f60008a0178000b007800080207009b009000af
:101f70000188a3000400320098009000810f5000f7
:101f800001003d00010078004f05be004f04be0077
:101f90000080fa0000000600ea874700889fbe0024
:101fa0008a9fbe008e1f780000047800030078002e
:101fb0007287570084e2260055c72600049fbe00a2
:101fc000c3962200030f78006c875700004feb0088
:101fd00011059000a1049000910578000200e00036
:101fe00002003200020778000100370072875700b4
:101ff0000000e00002003a000e007800b10907007e
:102000000a00e000030035008a0f5000010036008e
:102010000a0078000b02780089017800000178003e
:102020008e00780008007800d80107004f0778007c
:102030004f05be004f04be00af00b1000000060017
:10204000f4874700889fbe008a9fbe008c9fbe0019
:102050008e1f78000605be000404be0081bf9f00ed
:1020600082b79f00f3b79f00b0009000e1b79f00d8
:102070001301780092b79f009006900040009000f6
:102080000000e900000678000d00e00001003d00be
:102090001d0020008040eb00efb1970081717800b7
:1020a0001e0020001f0037000c06e9000fb097004b
:1020b000cf80de006109b900a0b79f00b1b79f00d3
:1020c000c2b79f00d3b79f000203be000002be004c
:1020d0000800be000a01be00cb120700000778000e
:1020e0000e4078000043b000efb0970080707e0093
:1020f0008d06e9000fb997000201e90082bf9f0039
:102100002fb29700bfb297004fb39700dfb397008d
:102110000800be000a01be00b41207000205be009e
:102120000004be000c00e0000d003400e00f54007d
:10213000e08f5c00e00f5d00e08f5d00daff3a00a9
:102140000d00e000d8ff3c008fb997000300e000cd
:10215000030034001fb097000018a300d2ff3a001c
:102160000e00e00002003a00ffb097001140a1000d
:102170000c0078004f0778004f06be004f05be00e8
:102180004f04be004f01b100000006000200fa003b
:10219000889fbe008a9fbe00000578000104780079
:1021a0000200780018019000a804900098007800c0
:1021b000b1bf9f00b80590000200e00002003500aa
:1021c0000110a100b1bf9f00ea815700a2002000ca
:1021d000890078003002be002003be0008007800ad
:1021e00097ff0700480190000201e900000151003b
:1021f000808045003fba9700890178000a00780086
:10220000620107009a0090000188a30004003200d8
:1022100098009000810f500001003d0001007800ff
:102220004f05be004f04be000080fa00000006000b
:10223000fa874700889fbe008a9fbe008c9fbe0021
:102240008e1f7800800478000104780082057800f1
:10225000180190002805900018077800b800900039
:102260000200e000020035000e10a100010037005e
:102270001200200070006700e0b79f0009003200e4
:102280003b02be002b03be00e00f5200e08f5a005d
:10229000e00f5b00e08f5b00020032008a86e900fd
:1022a000010037008a067800e8026700f5b79f0052
:1022b000010032008d06e9003b02be002b03be0088
:1022c000e4af9f00f5af9f0086b79f0097b79f00d0
:1022d000480690000c06e9000040eb0080707e008c
:1022e000efb297007fb297008903780081047800ed
:1022f000d8af9f00020478008bbf9f008a0578004a
:10230000034578002a0037000c06e9006fab970000
:102310006f006300e90f500002003c000003b000b2
:10232000010037007005b0000a03fb001604b1007d
:10233000f90f53000c003e00000378000650a00087
:102340001606b100f90f530007003e00b4b79f0016
:10235000a5b79f00c7b79f0034090700cfb3970008
:10236000afb297003fb2970080747e000804e90086
:102370008d06e9006fa89700ffa897000fb197009e
:102380009fb19700460020008301d1000281d30055
:102390008180d3000080d3000603e900faff3a00f1
:1023a000e0af9f00f1af9f0082b79f0093b79f00ff
:1023b000e10f56000f0034006fa89700ffa89700a8
:1023c0000fb197009fb19700e00f5000e08f5800c9
:1023d000e00f5900e08f5900cbff3a000800e00001
:1023e000c9ff3c000d00e000020034000e18a300fd
:1023f000c5ff3a0089007800f4b79f008704780091
:102400005fac97008a4178000b0578008fbd97007c
:102410000500e000100032003b02be002b03be00ae
:10242000e4af9f00f5af9f0086b79f0097b79f006e
:10243000e00f5200e08f5a00e00f5b00e08f5b007e
:10244000050032000c06e90083707e000c06e900ee
:1024500000c3b30080707e00ffb297000500e0006b
:10246000030032000c06e90000c2b30080707e0059
:10247000480190000201e9000c0151008c804000ed
:102480000e0278008a01780009007800bf0007007a
:10249000990090000188a300040032009800900089
:1024a000810f500001003d00010078004f077800c7
:1024b0004f06be004f05be004f04be00af01b10085
:1024c000000006008201780001017800f1ff27007a
:1024d000eb083700960637003c00fa008f017800c1
:1024e000c303b1001d0009008019eb00c0a79f00c5
:1024f00080b79f00a0262100b0b79f0040fc2f00ae
:102500000f004000d00807000080fa00000006001d
:1025100084082000848f50001d0032000d003c0014
:1025200014082000848f50002700320002003c0075
:10253000040820000400370024082000848f500085
:102540003400320044082000848f500043003a00d9
:1025500036003700040a2000848f50002700320024
:1025600004003c0004092000848f50003b003a0026
:1025700028003700020c2000828f50002f0032000c
:10258000020f2000828f500034003a002b003700e9
:102590009380e9000200e000050032008109780024
:1025a0001102fb00cfa2de00612bb900280037002a
:1025b00081097800114278000482fb008002eb0060
:1025c0006033b8002200370013027800e4005200a4
:1025d0000200e00005003200810978001102be000f
:1025e0004fabde00860378001900370081097800c0
:1025f0001102be006033b800150037009380e90077
:102600008109780011027800cfa2de00612bb900a9
:102610000f00370093027800e880520081097800ab
:102620003102be002103be00090037009380e9009b
:102630000200e00002003200f1ff37009380e90061
:1026400081097800110278008002eb006033b80045
:102650000498be000690be001000050000000500b2
:1026600044082000848f50002500320008003c0000
:1026700014082000848f5000140032002408200029
:10268000848f500024003200040820000c00370022
:1026900004092000848f50001f00320004003c0019
:1026a00084082000848f500024003a000e00370078
:1026b000040a2000848f500011003200040c200016
:1026c000848f50001d003a000d0037009380e90010
:1026d000810978009100780001087800cf91de0030
:1026e0008288be00140037009380e90081097800d9
:1026f0009100780001087800824878000e003700c9
:102700009380e90081097800910078000108780041
:1027100082087800080037009380e900810978007a
:1027200091007800010878006112b900612bb900ae
:102730008498be008690be001000050000000500d1
:10274000889fbe0000047800480090008204780052
:10275000808f540001003600800478000901780061
:102760005800900050fd07005800900009004000fc
:1027700050049800c80090008984500049049800d3
:102780000048eb004f04be0000000600f28747003f
:10279000889fbe008a9fbe008c9fbe008e1f78005f
:1027a0008004780001057800020478008305780031
:1027b0006107620002003a008b0f540008003900e4
:1027c000080178008a00780009007800ad0b070046
:1027d0008b0f540002003900880578001e00370076
:1027e000088655000c017800f00f560001003600f5
:1027f00002012000010220007e8057005b060700d6
:102800008c0678000500370002012000fe8057008a
:10281000090078009b0b0700f0865600ef8f5600ea
:10282000f9ff3e004461de0000ff2f000091b90077
:1028300002014600fe80570009007800910b070056
:102840000e00e00004003a00080178008a007800d9
:10285000090078008b0b07000b0078004f07780009
:102860004f06be004f05be004f04be002f01b10051
:102870000000060000000500000005000000050043
:10288000000178000040eb008080fb008180400068
:1028900063be200063c278000404e00003003a0035
:1028a00070be200060c07800000006009201780031
:1028b000934f520004003a0070be200060c07800c0
:1028c0000309e800010037000040e800ea4f50002b
:1028d000edff360000000600f6874700889fbe0027
:1028e0008a9fbe008c9fbe008e1f78000005780076
:1028f0000104780083057800040678000000eb00ee
:10290000c0b79f008080eb00d1b79f00e0b79f0069
:10291000f2b79f000008200080bf9f009800780059
:10292000010078008004eb00010037008904e80012
:10293000304178000204e0000300320053c2b300cb
:10294000834f5100f9ff3a000900e0000400320013
:10295000090178000a0078004a0b0700188c44002f
:102960001807780050c2b3009e4f10003f013a0094
:102970000e07e8000e0c780010003700cfb097006b
:102980000100a0000b003700cfb097000110a0009d
:1029900008003700cfb097000120a00005003700e5
:1029a000cfb097000130a00002003700cfb09700f1
:1029b0000140a000c1b79f00000ce800180078009b
:1029c00090407800b2c2b30082cf5000f1ff3200d5
:1029d00007003c0002c2b30082cf5000f0ff32007b
:1029e00032c2b30082cf500007003a00efff370039
:1029f000d2c2b30082cf5000e0ff320002c3b30066
:102a000082cf5000e0ff3200a2c2b30082cf50005c
:102a10000d003a00000ce8001c80e900000e780070
:102a200010007800e0b79f000000e0000f003d00bc
:102a3000cfb097000100a200c1b79f000000ea00dc
:102a4000e0b79f000900370065050700e0b79f0069
:102a500001003700000ce800180078009000fb002f
:102a60000103b100e98f5000faff36004fb0970024
:102a70000008a300020032000010a100c0b79f00b0
:102a800018007800e1c2b30090cf100016003a00a1
:102a90008000eb00d1b79f000000e800000c780038
:102aa000a1c2b30090cf100006003a00000ce8006d
:102ab0001c80e900000e780010007800d0b79f005d
:102ac0000900370046050700d0b79f000100370016
:102ad000000ce800180078009000fb000103b10032
:102ae000e98f5000faff36000800780064ff070005
:102af00080467800180078001000fb0044070700ab
:102b000091062000810f50003800320012003c0076
:102b100041062000810f5000340032000a003c00c2
:102b200011062000810f50002000320031062000e5
:102b3000810f5000a000320051022000810f500090
:102b4000bc003a00b400370071062000810f50002d
:102b5000b8003c008800370001072000810f5000ba
:102b60005c00320007003c00e1062000810f5000ad
:102b70007a003200f1062000810f5000ad003a00cb
:102b80003900370051072000810f50002700320024
:102b900081072000810f50004200320031072000e1
:102ba000810f5000a3003a008f0037008d80fb009a
:102bb0000c01780000fe2f000f00400055070700b1
:102bc0000000e000a800320018007800000ce800c7
:102bd0009041780002fe2f000f014100f88057005d
:102be0000a00780024ff07000e0037008d80fb00ec
:102bf0008c0178001200200000fe2f000f00400022
:102c000043fe07000000e00097003200180ce800c7
:102c100002fe2f000f014100f88057000a007800e3
:102c20004ffc070080844400900037008d80fb003b
:102c30008c0178000001eb0000fe2f000f00400027
:102c400033fe07000000e00087003200180ce800a7
:102c500002fe2f000f014100f88057000a007800a3
:102c60004afd0700efff37008d80fb008c017800e4
:102c70000001eb0000fe2f000f00400024fe0700c3
:102c80000000e00078003200180ce80002fe2f007f
:102c90000f014100f88057000a00780089fc070006
:102ca000e0ff37008d80fb008c0178000001eb0015
:102cb00000fe2f000f00400015fe07000000e0009e
:102cc0006900320018007800000ce800904178009c
:102cd0001c0037008c0178000001eb00010f200080
:102ce00000fe2f000f00400009fe07000000e0007a
:102cf0005d003200180ce8000fb097009fb09700fd
:102d00002fb19700bfb19700e00f5000e08f58003f
:102d1000e00f5900e08f590009003a00cfb5970045
:102d20006fb49700e0bd2000660607000b02780034
:102d30008801780000017800e1bd200047003700dd
:102d400083c7b30002fe2f000f014100f880570037
:102d50000a00780036fd0700b2ff37000b814400ff
:102d60008d80fb008c01780000fe2f000f004000da
:102d70003bfe07003c0037008d80fb000c01780013
:102d800000fe2f000f004000e20607000000e000f8
:102d90003500320018007800000ce80090417800ff
:102da00002fe2f000f014100f88057000a00780052
:102db000b1fe07009bff370000c8b30080cf56006c
:102dc00029003a00180ce8001c80e900000e780089
:102dd00010407800e0df9f0013002000e2fd2f008c
:102de0000f0141000800370000c8b30080cf560033
:102df0001d003a00180ce8001c80e900000e780065
:102e00008001eb0010017800f88057000a0078007c
:102e100061fc070083ff370000c8b30080cf560075
:102e200011003a00180ce8004fb29700efb197007c
:102e3000080037000e0c78000000eb00c0b79f00c0
:102e4000e0b79f000080eb00d0b79f000002eb00ce
:102e5000840178001200200041be20000a007800a2
:102e60004afe07006fff3700180ce80009007800e1
:102e70004f0778004f06be004f05be004f04be004e
:102e80006f01b100000006008200fa00889fbe00ba
:102e90008a1f78000005780082047800c13f9f00f7
:102ea0000004eb0010003700090278008801780068
:102eb000a2f72f000f01410081f72f008f80400003
:102ec0000a00780084fe070008004000880f5000c8
:102ed00004003d00b0042000f06088000084eb0096
:102ee00004003700000478004f3897001004e00019
:102ef000edff3a00080078004f0578004f04be004f
:102f00000080fa00000006000200fa00889fbe0060
:102f10008104780082007800030178003104900079
:102f2000f3060700e10f40000b003200a200200072
:102f3000e68057000800780027060700809cbe0046
:102f40008294be0010002000dfb89700810f54006b
:102f500001003a00e0ff2f004f04be000080fa009d
:102f600000000600ea874700889fbe008a9fbe00d7
:102f70008c9fbe008e1f7800000478000105780049
:102f800083bf9f00a205900042009000e0b79f0021
:102f9000b2049000830078001106780008007800e1
:102fa000bb0107008fb897008c0840000b00e000c1
:102fb00004003a006fb097000000e900f0b79f00ee
:102fc00001003700fbb79f00ad0020000007eb00b9
:102fd0001b00370078089000b8109000810f500057
:102fe00003003100b085fb00700c9800080037002a
:102ff00008007800e604070080057800e18f4500ae
:1030000003003a000c00e0005c003c006f00370059
:103010000c00e0000c003a00b0022000808f550048
:1030200003003200d0022000808f550006003a00d5
:103030008b4c78008fb897009108e8001e002000a4
:103040000e067800460037008e0f560029003a0021
:103050000c07e800ea8f560004003a000003200045
:10306000808f550022003a001f003700e88f56007d
:103070001f003a008b0078000150a000800720005c
:10308000808f50001a003a00f80890003810900025
:10309000808f5000030031003180fb00710c9800dc
:1030a0000200370008007800b9040700b81090004b
:1030b0000100e00003003200f80890008100e90000
:1030c000710c9800ec0307000000e00013003200d0
:1030d0008b747e000fb897001008e8000e06780089
:1030e0000d0120001e0037008d0020000100370078
:1030f0000007eb0000fd2f000b004000e90f50001f
:103100000d003600f08f560004003a000b007800e6
:10311000d90307000000e0000d003a0038109000cd
:103120000000e00015003200780890000000e9007f
:10313000700c980011003700e88f560004003a0028
:1031400070032000808f550001003400ad00200086
:103150008b747e000c06e8008fb897009108e80099
:103160007fb09700800f560004003d00efb097003d
:103170000100e900800f560096ff35000040eb008b
:1031800080747e00ea8f560005003a000d01780039
:10319000f6805700090078008f050700040037000b
:1031a0000d017800f68057000900780086050700b9
:1031b000009dbe000295be001b0020005fb097007e
:1031c000808f540001003a00ebff2f000b007800c5
:1031d0004f0778004f06be004f05be004f04be00eb
:1031e000af00b10000000600e6874700889fbe00e0
:1031f0008a9fbe008c9fbe008e1f7800000478005e
:103200000105780003067800220790004200900034
:1032100080bf9f00b20490009c05780008007800f1
:103220001b0107000b0e40000e00e00002003a00f8
:103230008fb897000107e900890678008005eb0048
:103240001c003700f808900038109000808f500064
:10325000030031003180fb00710c9800070037003b
:10326000080078004a040700e10f400003003a001c
:103270000b00e00015003c002100370001fd2f008d
:1032800080804000e78f5000070036003810900023
:103290000000e0000d003200780890000000e90016
:1032a000700c980009003700805e78008b05e800fc
:1032b0001c0ee8008e8f550004003d008fb897006b
:1032c0000100e900808f5500deff35000040eb0073
:1032d00080f47d0082002000f28057000900780011
:1032e00039050700009dbe000295be0010002000b9
:1032f000ffb09700818f540001003a00e0ff2f00db
:103300004f0778004f06be004f05be004f04be00b9
:103310006f00b1000000060080007800100020005f
:1033200002022000828f500004003200e980500029
:10333000e48f5000010036000000eb0000000600a2
:10334000889fbe008a9fbe008c9fbe008e1f7800a3
:103350000004be000205be00840678000a00e000fa
:10336000040032001b06780008007800c80007003f
:103370008c0d4000290790008004eb0021003700ed
:1033800078089000b8109000810f500003003100c1
:103390003086fb00700c98000800370008007800a9
:1033a000fb03070000067800e10f460003003a0027
:1033b0000900e00017003a00200037000a00e00092
:1033c0000b0032000c007800d3ff07000000e00083
:1033d00007003200381090000000e0000d003200bd
:1033e000780890000000e900700c98000900370090
:1033f0000d00e000010032008cf67c008904e8003a
:103400009b0de8000e00e000ddff32008e8f5400bf
:10341000dbff35000d00e000040032000a00e00090
:10342000020032000040eb0080f67c0009f0a700ab
:103430008904ea000906ea004f66de000c00780005
:103440004f0778004f06be004f05be004f04be0078
:10345000000006000200fa00889fbe008104780088
:10346000820078000301780031049000a005070075
:10347000e10f40000b003200a2002000e680570060
:1034800008007800d0040700809cbe008294be0033
:1034900010002000dfb89700810f540001003a00af
:1034a000e0ff2f004f04be000080fa00000006007d
:1034b000e8874700889fbe008a9fbe008c9fbe00a1
:1034c0008e1f7800000478000105780083067800dc
:1034d000a205900042009000f0b79f00b204900057
:1034e0001d06780008007800690007008c0e400077
:1034f0000b00e00004003a00ffb097008100e900f3
:1035000081bf9f00010037008bbf9f000907780033
:103510000006eb003900370078089000b8109000e2
:10352000810f500003003100b085fb00700c980043
:103530000800370008007800950307008005780030
:10354000e18f450003003a000c00e00032003c002f
:103550003e0037000b007800c70207000000e000c3
:1035600023003a00e10f56001a003a000b007800e1
:10357000a704070081072000810f500015003a00c2
:1035800000c3b300994f100012003a00f8089000f1
:1035900038109000808f5000030031003180fb0014
:1035a000710c9800020037000800780078030700cb
:1035b000b81090000100e00003003200f80890000d
:1035c0008100e900710c9800ab0207000000e000e8
:1035d00007003a00381090000000e0000e003200b2
:1035e000780890000000e900700c98000a0037008d
:1035f0000b5f78000c06e8009d0ee8000fb89700fe
:10360000800f560004003d00ffb097000100e90064
:10361000800f5600c0ff35000040eb0080747e0034
:1036200002012000f48057000900780066040700ba
:10363000009dbe000295be001b0020006fb09700e9
:10364000808f540001003a00ebff2f000b00780040
:103650004f0778004f06be004f05be004f04be0066
:103660008f00b100000006008000780010002000ec
:1036700002022000828f500004003200e9805000d6
:10368000e48f5000010036000000eb00000006004f
:10369000889fbe00000478008004eb000b00370018
:1036a000f1ff07000000e00007003a00381090002a
:1036b0000000e00010003200780890000000e900ef
:1036c000700c98000c0037008904e800f80890009e
:1036d00038109000808f5000030031003180fb00d3
:1036e000710c9800eeff37000800780028030700ef
:1036f000e10f4000eaff3a00090078004f04be00e5
:1037000000000600889fbe008a1f78000004be00eb
:10371000190078001000fb00d3ff07000005eb0044
:103720000000e0000900320008007800d8ff070020
:10373000000578001900e800800c78001000fb00fc
:10374000c9ff07000000e000faff3a000a00780015
:103750004f0578004f04be00000006001801fa0073
:10376000889fbe008a9fbe008c9fbe000005780027
:10377000010478008305780004067800680047009b
:10378000040009000018eb007207980000082000f0
:10379000000f9800880078000a007800d9ff070021
:1037a00080067800190037007a089000ba1090005f
:1037b000810f500003003100b084fb00700d9800b1
:1037c000050037000a007800f10207008004780045
:1037d000e18f440007003200180078001000fb0061
:1037e000808f5400030032003a109000e9ff2f0050
:1037f000110137009b0de800180ce80088007800e4
:103800000a007800bfff0700808646001800780095
:10381000904078000104e0000300320052c2b3007f
:1038200082cf5000e0ff3a009b8d460051c2b300aa
:1038300090cf10008f013a000000e800000c7800e3
:103840008000eb006107980081067800a1c2b300f8
:1038500090cf100002003a00000ce8001d0020008c
:1038600018007800de010700600798006102b900c7
:10387000612bb9000a007800a002070001003700a0
:10388000000ce800180078009000fb000103b10074
:10389000e98f5000faff360008007800f8fb0700b7
:1038a00040579a00180078001000fb00d80307006a
:1038b00091062000810f50003a00320015003c00b4
:1038c00031062000810f5000a20032000a003c00a7
:1038d000b1052000810f5000dd00320011062000ec
:1038e000810f50008900320051022000810f5000ea
:1038f0005f013a00bb00370041062000810f5000f5
:103900001900320071062000810f500058013c0060
:103910007e00370001072000810f50005b0032005d
:1039200007003c00e1062000810f500067003200d4
:10393000f1062000810f50004d013a00330037009e
:1039400051072000810f50002a003200810720001b
:10395000810f50003e00320031072000810f5000df
:1039600043013a008e0037008b0178006801470060
:103970008e0078000a00780063fd0700800478005c
:103980000900e0003e013500180ce8008004eb005f
:103990000d00e0003a013a004e5192008280fb0097
:1039a0000e0037008b017800680147008e00780018
:1039b0000a0078006bfd0700800478000900e00031
:1039c0002f013500180ce8008004eb000d00e0002a
:1039d0002b013a004e5092008080fb008c01780051
:1039e000120020000e007800080407008004780010
:1039f000230137008b017800680147008e007800b2
:103a00000a00780093fe0700160037008b0178004b
:103a1000680147008e0078000a007800f2fd070078
:103a2000800478000900e00015013500180ce8005a
:103a30008004eb000d00e00011013a004e509200ae
:103a40008080fb008c01780009017800e5ff3700d9
:103a50008b017800680147008e0078000a0078002a
:103a600093fe0700800478000900e000040135009f
:103a7000180ce8008004eb000d00e00000013a00a3
:103a80004e5192008280fb00eeff37008b017800e0
:103a9000680147008e0078000a00780084fe070065
:103aa000800478000900e000f5003500180ce800fb
:103ab0008004eb000d00e000f1003a008c0178007a
:103ac00009017800010f2000c6ff3700180ce8003c
:103ad0001b007800cf80de006109b900009fbe00a6
:103ae0000297be008004eb000d00e000e4003a0005
:103af0004e5092008080fb008c0178000901780014
:103b00000e007800c1030700dd0037008b0178004c
:103b1000680147008e0078000a007800de00070088
:103b2000800478000900e000d5003500180ce8009a
:103b30008004eb000d00e000d1003a004e519200ed
:103b40008280fb000c0178000e00780090030700d3
:103b5000a6ff370000c8b300ce50920080cf5000bf
:103b6000c3003a006e0090000000e00002003a003e
:103b70001000200060079800180ce8000002eb001d
:103b80000d00e00003003a001c80e900000e780000
:103b9000100278008b0178000001eb000d00370067
:103ba00000c8b3004e519200804f5100b0003a005f
:103bb000180ce8000002eb000d00e00003003a00e2
:103bc0001c80e900000e7800100278008b0178005c
:103bd00012002000e80047000a007800d8fd070026
:103be00082ff370000c8b300ce50920080cf500053
:103bf0009f003a00180ce800fa0890003a10900074
:103c0000808f5000030031003180fb00710d98005f
:103c1000020037000a007800dd0107005102200091
:103c2000810f500002003a009b0de800930037001e
:103c30003a1090008004eb000000e0009000320099
:103c40007a0890000000e900700d98008c003700a1
:103c500000c8b3004e519200804f510084003a00da
:103c60000002eb000d00e00003003a001c80e900b8
:103c7000000e7800100278001800e800000c7800b0
:103c80008004eb00e1c5b30090cf100002003a00c1
:103c9000000ce800190020001210200089007800b4
:103ca00072004700340f9900300107000040eb001c
:103cb000205798001800780090407800d2c2b300d6
:103cc0003e0a910082cf500005003a00000ce80047
:103cd00010c0b3000940500000c79800280037000a
:103ce000d2c5b30082cf500025003a00000ce80096
:103cf00010c0b3000940500000f7980020003700c2
:103d00000004e00023003200d3c2b300834f500010
:103d100014003a0018009000104078000004e00001
:103d200010003200814f50000e0032000201e80006
:103d3000020c780078b897001000fb00f2004700f2
:103d4000008040000200370011c0b30009e85000b5
:103d5000f2014700830150009200fb00818f510067
:103d6000f9ff3500180078009000fb008100470043
:103d700012c0b30009415100b2509800000ce80095
:103d80001801780012407800d1c5b300814f50006f
:103d9000dbff3a000400e0001800320084067800df
:103da0000006eb0003003700895e78000c06e8008f
:103db0009b0de8007a089000ba109000810f500027
:103dc00003003100b084fb00700d9800050037003f
:103dd0000a007800340f99006d0107008004780014
:103de0003e0a910009004700305090000004e000b6
:103df000edff3a00120037009b0de8007a089000b2
:103e0000ba109000810f500003003100b084fb0015
:103e1000700d9800050037000a007800340f9900f3
:103e20005b010700800478003e0a9100090047000a
:103e3000305090000004e000efff3a000006eb0075
:103e40003a1090000000e000030032007a08900071
:103e50000000e900700d98000c00e0000400320042
:103e60000400e000020032000040eb0000727e001f
:103e7000180ce800e18f4400010032008004eb00e0
:103e8000090078004f06be004f05be004f04be007b
:103e90000080fa0000000600000005000000050098
:103ea0008400fa00889fbe008a1f78000005780011
:103eb00082047800b13f9f000000eb00c03f9f00ec
:103ec000000478000d0037000902780083f72f0006
:103ed0008f814100a2f72f000f01410061f72f00f1
:103ee0008f8040000a0078001cfe070080017800e7
:103ef0000300e00004003500030444003f3897004d
:103f00001004e000f0ff3a00e18f410003003a00a6
:103f10000800e00001003a0003047800080078007f
:103f20004f0578004f04be000080fa000000060034
:103f3000889fbe008a9fbe008c9fbe0080057800cf
:103f40008106780002067800eb0c90000810200033
:103f50000c044400080178008000eb0009007800a0
:103f6000520007000000e000010032000904500088
:103f7000080578008c0f5400010036000c0578000d
:103f80000a017800890078000d00780046f70700e4
:103f90000a804400f00d98000884440088159800b9
:103fa000e80d98000a0078004f06be004f05be00dd
:103fb0004f04be00000006008000780010002000c2
:103fc00002022000828f500004003200e98050007d
:103fd000e48f5000010036000000eb0000000600f6
:103fe000889fbe008a1f7800000578000a047800c8
:103ff000984478000805e8000900fb00eeff070080
:104000000000e000f9ff3a00b0c2b30080cf5400d6
:1040100005003200d0c2b3008000eb0080cf540016
:1040200005003a00020037008000eb000100370075
:10403000110020000804e8000000eb000300370036
:104040006a02b900020052000003b0003801fb0010
:1040500003fd2f0082814100e98f5100f8ff3600f7
:104060000100e00001003a000000ea004f0578007e
:104070004f04be00000006008000780002fd2f0003
:104080000101410010002000e90f51000500360039
:104090000150a0001106b100e58f5000010036006c
:1040a0000000eb0000000600f3ff37008180fb00fa
:1040b000010037000201e900800178000008a30038
:1040c000060032000200e000230032003082fb00d4
:1040d000810f5200f7ff3a00030037000000eb00a9
:1040e0000200e0001e0032001380fb00810f500030
:1040f0001c00320014102000048ab90084027800e9
:10410000010037000281e90003007800e10f51004f
:104110000a00360033826a00f6ef2f0004034300e2
:104120000482ea0004026300060828000602620016
:10413000f4ff3200010037000201e900800178003d
:104140000200e000050032003082fb00810f5200c7
:10415000f9ff3a0003003700000005000000eb0003
:10416000000006000300780000000600889fbe00e3
:104170008a9fbe00800478000200e0005b003200ed
:1041800001407800814c780082814400f1f99f0061
:10419000e20f51005500360091449800a144980068
:1041a000e1f99f00d1f99f00e60f51004f00360062
:1041b000b1449800c1f99f00e80f51004b00360050
:1041c0000905ea00630565000a8444000a055100f8
:1041d000c1ff2f00010565000080fb008000eb009f
:1041e00012102000131020007c080700008cbe0075
:1041f0000a01440060b99f0071b99f00e80f5500a3
:104200003a003600200498003104980040049800d9
:104210005104980020b99f0031b99f0040b99f0018
:1042200051b99f00f80f5500300036006004980027
:1042300071049800000c9800110c9800200c980054
:10424000310c9800400c9800510c980020b19f0050
:1042500031b19f0040b19f0051b19f0060b19f00fc
:1042600071b19f0000b99f0011b99f006401640003
:104270007801410002044400020555006011b800b5
:104280000203be000002be000403be006022b800ac
:10429000000072008180720002017300838173004c
:1042a00010003700009cbe000294be00400498003d
:1042b000510498006204980073049800000c980060
:1042c000110c9800220c9800330c9800400c9800b8
:1042d000510c9800620c9800730c98000a02b1000f
:1042e0000802b000ff0f5500eeff3e000900780005
:1042f0004f05be004f04be0000000600889fbe00b0
:104300008a9fbe00441098005510980066109800cf
:1043100077109800f00890002004900001045400e9
:10432000cfc4de00614db900081898001918980034
:104330002a1898003b189800e00f5200e08f5a00ae
:10434000e00f5b00e08f5b000c0032000014900077
:1043500001045400cfc4de00614db9000440e10007
:1043600005c8e10006d0e10007d8e10003003400f1
:104370000482400034109800020037008010900042
:10438000311098004f05be004f04be00000006002b
:104390002800fa00889fbe008a1f78000004780079
:1043a000f80890002800900000805000081a900043
:1043b000981a9000281b9000b81b9000cf80de0058
:1043c0000402400085824800068348008783480035
:1043d00048109000d810900068119000f8119000db
:1043e000e00f5000e08f5800e00f5900e08f5900b7
:1043f000050032000020e10001a8e10002b0e10068
:1044000003b8e1000d003d0008007800d4b79f001c
:10441000e5b79f00f6b79f0087bf9f000702070020
:10442000800478005fb29700efb297007fb39700e7
:104430008fbb97000900e00016003d00780890004f
:10444000a8009000808050004f89de000482400068
:10445000850249000603490087034900041c9800af
:10446000151c9800261c9800371c980030149800e2
:10447000f0ff2f00f1ff2f000001be004014980054
:104480005114980062149800731498008084eb0013
:104490005200370061004200e0804a0060014b009a
:1044a000e0814b0090bf9f00a1bf9f00b2bf9f0063
:1044b000c3bf9f0048129000d8129000681390006c
:1044c000f813900094b79f00a5b79f00b6b79f0060
:1044d000c7b79f00e00f5200e08f5a00e00f5b006b
:1044e000e08f5b0028003200780d900008119000ea
:1044f0000a0151006112b900612bb900d4af9f00cd
:10450000e5af9f00f6af9f0087b79f001fb09700f1
:10451000afb097003fb19700cfb197001fba970097
:10452000afba97003fbb9700cfbb97000400500085
:1045300085805800060159008781590090af9f007f
:10454000a1af9f00b2af9f00c3af9f005faa9700cb
:10455000efaa97007fab97008fb397000020e10090
:1045600001a8e10002b0e10003b8e1000600340058
:104570009fb297001fbb9700068152008200450042
:104580003114980002003700881390003714980007
:1045900028019000f8089000810151001fba97008f
:1045a000afba97003fbb9700cfbb97004f98de0094
:1045b0000482410085024800060348008703480042
:1045c000041c9800151c9800261c9800371c9800a5
:1045d000828f500001003e00f9f89f00090078002a
:1045e0004f0578004f04be000080fa00000006006e
:1045f000881f7800810178000002780080826800be
:104600000508a30002003200210037000201e90082
:1046100003007800040478000308a30007003200b8
:104620000200e00021003200b3407800015a780017
:104630000104e000f5ff3a00020037000200e0004c
:104640001a0032001004e00003003a00170037009f
:10465000031c78000281e90080007800e10f51001e
:1046600008003600b0017800f5ef2f008382420089
:104670000382ea0004826200050828000502620045
:10468000f3ff320008007800010037000201e90062
:10469000000478000200e00004003200b14178001c
:1046a000035878000304e000f8ff3a008000eb00b4
:1046b00008007800adfe0700080078004f0478007d
:1046c0000000060080007800040037003104e0009c
:1046d00002003a00000051000000060001017800cd
:1046e0000108a300f9ff3a00810178003101780048
:1046f000f4ef2f00020242000281ea000201620090
:104700000408280004016100f7ff320083007800ec
:10471000010178003104e000fdff3a000000510083
:10472000000006004400fa00889fbe008a1f78003f
:104730000004be000205780094bf9f00a5bf9f0043
:10474000b6bf9f00c7bf9f000000eb00c09f9f0047
:10475000a8af9f00d89f9f000080eb00b0af9f00e4
:104760006022b8006033b80060fb2f000f004000eb
:10477000e2fe07001fba9700afba97003fbb970051
:10478000cfbb9700120020008a00780060fb2f004a
:104790000f004000480107000900e0000600320059
:1047a0003fb29700afaa970004824200df9a9700b9
:1047b00005025200840c44004f0578004f04be00ef
:1047c0000080fa0000000600f4ff2f00f5ff2f0024
:1047d0000403be00d3ff37006022b80006002000ab
:1047e00007002800cfff3700f4ff2f00f5ff2f0050
:1047f0006033b800cbff370004002000050028001c
:104800006033b800c7ff3700f3ff3700eeff370013
:10481000f1fb2f0080804000f98f500001003e0026
:104820000050a00000000600f9ff3700f1f92f004a
:1048300080804000f98f500001003e00f005b2007a
:1048400000000600f9ff37000200fa00881f780018
:1048500000047800e2bf9f006481570008007800e0
:104860008ffd0700980090000148a300010032006e
:104870000080eb004f0478000080fa000000060082
:10488000f28747008e1f780002027800030178004b
:104890000000e0000200320000077800010037004d
:1048a000728757008002eb000100e0000100320037
:1048b0008102e90070805700060009000018eb0033
:1048c0000080eb0080bf9f002310200093bf9f005b
:1048d000aebf9f00b1bf9f00c5bf9f000100e000b9
:1048e00003003d00b1042000f1608800060037009d
:1048f000004feb00eebf9f00debf9f0084007800fa
:10490000708057003c0307004f0778002f01b1006b
:1049100000000600881f78000004780000082000ce
:10492000808f50001700350010082000808f500045
:104930000b00340030082000808f500011003a0036
:104940009200780068805000000978003002be00b4
:104950002003be00049cbe000694be000700370082
:104960009202780064805200000978001000be00b6
:10497000a1050700009cbe000294be0010002000ac
:10498000010037000000eb004f0478000000060033
:10499000881f780013082000838f50000f0032001a
:1049a00033082000838f50000400320003082000e9
:1049b000838f500012003a00080037009280e9000f
:1049c00001097800910078003002be002003be008b
:1049d0008498be008690be00070037009280e900f0
:1049e00001097800110478005001be004000be00ab
:1049f0004f060700008cbe001000200001003700a9
:104a00000000eb004f04780000000600840820003e
:104a1000848f50001d0032000d003c00140820005f
:104a2000848f50001e00320002003c000408200069
:104a30000400370024082000848f50001e0032003c
:104a400044082000848f500028003a0022003700dc
:104a5000040a2000848f50001f00320004003c0034
:104a600004092000848f500020003a001200370013
:104a7000020c2000828f500017003200020f20002d
:104a8000828f500019003a00130037009380e9002c
:104a90008109780091007800904878001200370072
:104aa0009380e9008109780091007800b0187800bf
:104ab000a01078000c0037009380e900810978008d
:104ac000910078003002be002003be008498be0032
:104ad0008690be00040037009380e90081097800c9
:104ae0009100780090087800100005000000050093
:104af000889fbe008a9fbe008c9fbe000004780085
:104b00000205780021069000c1069000b1059000d2
:104b10009a04780008007800ddfa0700090d4000cb
:104b20000c00e00001003a000d06e9008004eb00f3
:104b300028003700f808900038109000808f50004f
:104b4000030031003180fb00710c98000700370032
:104b5000080078000efe0700e10f400003003a0055
:104b60000900e00020003c00220037000900e000be
:104b70000a003a00b1022000810f50000300320009
:104b8000d1022000810f500004003a00804d7800cf
:104b90001a0de800190020000e00370001fd2f005b
:104ba00080804000e98f50000700360038109000e8
:104bb0000000e0000c003200780890000000e900de
:104bc000700c98000800370080f57c008904e8002c
:104bd0001a0de8008c8f540003003d000d00e90021
:104be000808f5400d3ff35000040eb0080f57c003f
:104bf0000000eb004f06be004f05be004f04be0094
:104c000000000600c06090000141e9008140710091
:104c10004160980010019000e4006100040032003f
:104c20000240a000120098000080eb000000060087
:104c30000110980071089800000005000200fa00b9
:104c4000889fbe000004780008007800be030700bb
:104c50008084eb000000e00009003a009811900009
:104c600012002000e68057000800780003000100d1
:104c7000e10f500002003a002ff897008084fb00fb
:104c8000090078004f04be000080fa000000060012
:104c9000800078001000200002022000828f500067
:104ca00004003200e9805000e48f5000010036001b
:104cb0000000eb00000006006f02b000889fbe00fd
:104cc0008a9fbe008c9fbe008e1f78000006780071
:104cd0000107780082047800d4af9f00e5af9f0001
:104ce000f6af9f0087b79f0040022000800f57005b
:104cf0007d003e00e10f57007b0032007c089000f1
:104d0000bc109000810f500003003100b086fb0002
:104d1000700e9800030037000c0078009cfd07001f
:104d2000800678000d007800d9ff07000000e00041
:104d3000f2ff3a00b0022000808f560005003200da
:104d40008002eb0085af9f00d0022000808f5600cc
:104d500010003a00dd82b2000df0a7008d06ea00d7
:104d60008d06e900cfeede008daf9f007c0890003d
:104d7000bc109000810f500003003100b086fb0092
:104d8000700e9800030037000c00780080fd0700cb
:104d9000800678000e00e00002003200f00f57009d
:104da00042003a0000032000808f56003c003a0089
:104db0007c089000bc109000810f5000030031006f
:104dc000b086fb00700e9800030037000c007800de
:104dd0006ffd0700800678008d0078000150a0006c
:104de00080072000808f50002a003a007c08900045
:104df000bc109000810f500003003100b086fb0012
:104e0000700e9800030037000c00780060fd07006a
:104e100080067800409520006d4078000e0120004b
:104e2000ef4f50008d0036003c1090000000e00075
:104e300003003200fc0890008100e900710e980028
:104e40000900e0000c0032006022b8006033b800b6
:104e5000d4af9f00e5af9f00f6af9f0087b79f00dc
:104e60000000e000a10132007c0890000000e90091
:104e7000700e98009d0137006022b8006033b800c2
:104e80000c0078001dfd07006000b8006011b8003c
:104e9000920137000e00e0009e013200170037003b
:104ea0000e00e00001003a00ae0020004095200016
:104eb0006d4078000080fb008e0f50000f0039001d
:104ec0003c1090000000e000030032007c089000dd
:104ed0000000e900700e98006022b8006033b8004e
:104ee0000c00780005fd070060012000f0608800dc
:104ef0006022b8006033b80071013700ea0f570034
:104f000056003a000004eb000d0078000d00370059
:104f10006a44b9000800400008fd2f000004440066
:104f2000fc0890003c109000808f5000030031007e
:104f30003180fb00710e9800020037000c007800f1
:104f400013fd070001fd2f0080804000e98f500015
:104f500003003e0081992100810f5400ecff3600d0
:104f6000800678008004eb006055b800120037001e
:104f70001faa9700afaa97003fab9700cfab97004f
:104f80000004420081844a0002054b0083854b00e7
:104f90007c089000bc109000810f5000030031008d
:104fa000b086fb00700e9800030037000c007800fc
:104fb000f7fc07008006780005fd2f00858246007b
:104fc00095af9f00e98f520009013e00909929009a
:104fd0009199290092992900939921000040e100bc
:104fe00001c8e10002d0e10003d8e100db003e008f
:104ff000a4002000050020006033b8000800be00b7
:105000000a01be00620707001faa97008002eb009a
:105010006033b80094af9f00a5af9f00b6af9f006c
:10502000c7af9f000482ea008582ea000683ea0097
:105030008783ea00d4b79f00e5b79f00f6b79f00cb
:1050400087bf9f000400e1000588e1000690e100b1
:105050000798e100c6ff3600c00037000e00e900e7
:105060000e006000030032000004eb000d00780029
:10507000650037007770b9004500de00670060000a
:10508000a1942000e14078008100fb000004eb00c7
:105090000d007800810478000b0037000944dd0022
:1050a00001047400fc0890003c109000808f5000b8
:1050b000030031003180fb00710e980002003700c0
:1050c0000c007800b2fc070041952000e0c0780099
:1050d0008180fb008e8f500003003100f27f2000a2
:1050e000820f5400edff36008006780089007800ba
:1050f0008004eb006055b800f4ff2f00f5ff2f008f
:105100000403be00010078000000e9000500330040
:105110008703d1000683d3008582d3000482d300a5
:10512000f9ff37000d007800810678002000370075
:105130000d0178000201e900050033000804d000e9
:105140008984d2000a85d2008b85d200f9ff37000e
:105150000180fb008000eb006011b80008047000c3
:10516000898470000a0571008b857100fc0890002d
:105170003c109000808f5000030031003180fb0014
:10518000710e98000a0037000c00780094b79f0059
:10519000a5b79f00b6b79f00c7b79f007cfc07006c
:1051a000cfb397003fb39700afb297001fb29700fd
:1051b00041952000e0c078000181fb008e0f510076
:1051c000600031000440e10005c8e10006d0e100c4
:1051d00007d8e100d6ff36005a0037000ec4b900e8
:1051e00008844000fc0890003c109000808f500024
:1051f000030031003180fb00710e9800020037007f
:105200000c00780062fc070041952000e0c07800a7
:105210008180fb008e8f500003003100b2712000ae
:10522000820f5400edff3600800678008004eb000a
:105230006055b80098af9f00a9af9f00baaf9f001c
:10524000cbaf9f00120037000002440081824c0067
:1052500002034d0083834d0094af9f00a5af9f00d4
:10526000b6af9f00c7af9f007c089000bc109000b5
:10527000810f500003003100b086fb00700e9800d3
:10528000030037000c00780041fc0700800678001e
:10529000409520006d407800e0cf9f00804278006c
:1052a0000580fb008e0f5000280031006174b800ab
:1052b0006055b8000802be000a03be00f0ff2f00d0
:1052c000f1ff2f000001be00480607001faa97004b
:1052d000afaa97003fab9700cfab97000020e1004b
:1052e00001a8e10002b0e10003b8e10017003e00b0
:1052f0000802be000a03be001fa89700afa89700cf
:105300003fa99700cfa99700a1060700efca970011
:105310000584fb008004eb006055b8000882ea00b9
:105320008982ea000a83ea008b83ea000400e10034
:105330000588e1000690e1000798e100c2ff360011
:105340000200370080067800040037001fac970089
:10535000afac97003fad9700cfad970040952000d0
:105360006d4078000080fb008e0f5000200031005f
:105370000d00780009003700fc0890003c109000f8
:10538000808f5000030031003180fb00710e9800c7
:10539000020037000c007800fdfb0700419520005b
:1053a00060c078000080fb008e0f5000f2ff3900d3
:1053b00020022000f06088005fab97000608a30081
:1053c000070032005fac9700efac97007fad97000d
:1053d0008fb597008003eb0087af9f000400370074
:1053e0005fac9700efac97007fad97008fb597004b
:1053f0003c1090000000e000030032007c089000a8
:105400000000e900700e98005fa89700efa89700d1
:105410007fa997008fb197000040e10001c8e1002b
:1054200002d0e10003d8e1001c0039000008a3000d
:105430000e003a008fa897000100e0000b003a0030
:1054400020022000f06088005faa9700efaa970072
:105450007fab97008fb3970061025200e0825a0041
:1054600060035b00e0835b00150037005fa89700d6
:10547000efa897007fa997008fb197000040e10047
:1054800001c8e10002d0e10003d8e10003003600ca
:1054900020022000f0608800140037008fa89700d9
:1054a000e18f40000b003a006000b8006011b800c6
:1054b00008025000898258000a0359008b83590062
:1054c000d4af9f00e5af9f00f6af9f0087b79f0066
:1054d000060037000800be000a01be00d0af9f00e2
:1054e000e1af9f00f2af9f0083b79f005fa89700d6
:1054f000efa897007fa997008fb197004f0778001a
:105500004f06be004f05be004f04be006f02b10043
:10551000000006008e002000d0fe3700881f7800b3
:1055200040442000ad010700000478000800e000be
:1055300013003200c20320008000eb000800780056
:105540000afb0700e0b32200300c9800c0d1220013
:10555000400c980080bc22007004980080c3220098
:105560001014980000c0eb00205c9800400420005c
:1055700008004000200498000040200030049800fb
:10558000080078004f04780000000600889fbe00e5
:105590008a9fbe00100290008002eb000418a30056
:1055a00003003a008012900070099000828252003d
:1055b000d0019000600190000284510008844200f4
:1055c000cfc4de00614db9008898be008a90be004d
:1055d0000000eb000468a30004003200100020006b
:1055e000828f510001003e000000eb004f05be001d
:1055f0004f04be00000006000200fa00881f780079
:1056000000047800e2bf9f00648157000800780022
:105610001df60700980090000148a3000100320029
:105620000080eb004f0478000080fa0000000600c4
:10563000889fbe0000047800480090008204780033
:10564000808f540001003600800478000901780042
:105650005800900094f107005800900009004000a5
:1056600050049800c80090008984500049049800b4
:105670000048eb004f04be00000006001000780058
:105680005ded3700900190000388a3000100320017
:10569000e7ff37000348a30001003a0005020700b6
:1056a0000000060001017800920090000158a3005c
:1056b00003003a0082007800910107000f003700d4
:1056c0008080fb00a25990008301fb00838f500073
:1056d00007003200d2019000220a9000848f51000e
:1056e000030031008059780053019800040037000e
:1056f0008000780002007800f40107008000780044
:1057000001007800000006000000060060b42000e0
:1057100000000600889fbe000004be000000eb00f1
:105720000800e00018003200180090000058a300a4
:105730000d003200d800900068009000808f50006b
:1057400009003600b80990000001eb0082007800e3
:105750000800780003000100d80090000080eb00f2
:105760000100e000080032000000eb00200c98006f
:1057700060049800500498000900e0000200320024
:105780001800780013ed07004f04be00000006006b
:10579000889fbe000004be000000eb000800e0008f
:1057a00025003200180090000058a30011003200bc
:1057b000d800900068009000808f500009003600eb
:1057c000b80990000001eb00820078000800780022
:1057d00003000100d80090000080eb000100e00011
:1057e000150032000000eb00200c980060049800c7
:1057f00050049800780a900008109000800f520022
:10580000060031000002520011002000cfa2de008d
:10581000612bb90018007800330107000000eb008d
:1058200000149800700c98000900e000020032009b
:1058300018007800e7ec07004f04be0000000600e7
:105840000000060000000500fdff07000061800069
:105850008000eb0063010700006180008000eb0026
:1058600060010700006180008000eb005d013700ef
:105870000800fa00889fbe008a1f780000047800a4
:10588000010578008204780038009000a80090009c
:105890009abf9f000001780002f0a7000201ea0011
:1058a0000201ea004f11de0002815400a2bf9f00f6
:1058b000b1bf9f00c0bf9f0022002000ee805700b4
:1058c00018007800260107000000e00006003c00f8
:1058d000f80060000130a200180190008280700082
:1058e00011049800110037002fb99700820f500063
:1058f0000e003600a8009000710c980002005000c5
:105900000080400000149800380090000000e00083
:10591000070032000905450001007800b04078001a
:1059200071fd9f00700c9800010037008004780022
:10593000090078004f0578004f04be000080fa008f
:1059400000000600881f7800000478001800780026
:10595000e50007000203be000002be00f0ff2f00ba
:10596000f1ff2f000001be00e00f5200e08f5a004f
:10597000e00f5b00e08f5b00050035001800900031
:105980000030a100100498006000b8006011b80059
:105990004f047800000006000800fa00889fbe004f
:1059a0008a1f78000004be00180090000058a30071
:1059b0001b003200d800900068009000808f5000db
:1059c00013003600b80990000001eb008200780057
:1059d0000800780094bf9f00a5bf9f00b6bf9f003e
:1059e000c7bf9f000300010058059000f0ff2f0083
:1059f000f1ff2f000001be001fba9700afba970059
:105a00003fbb9700cfbb97000a00e00006003200c2
:105a10000000eb00200c98006004980050049800ef
:105a20000800be00c7ff07004f0578004f04be0006
:105a30000080fa00000006000800fa00889fbe00ff
:105a40008a1f78000004be00e18f540008003a006d
:105a5000881090007808900000805000cf80de0011
:105a60000002520081825a0001035b0081835b00c7
:105a7000180090000058a3001b003200d8009000ce
:105a800068009000808f500013003600b809900025
:105a90000001eb00820078000800780094bf9f00ae
:105aa000a5bf9f00b6bf9f00c7bf9f0003000100b6
:105ab00058059000f0ff2f00f1ff2f000001be00fd
:105ac0001fba9700afba97003fbb9700cfbb9700b4
:105ad0000a00e000150032000000eb00200c9800e6
:105ae00060049800500498000800be0095ff07006d
:105af0000203be000002be00f0ff2f00f1ff2f00e6
:105b00000001be00e00f5200e08f5a00e00f5b0082
:105b1000e08f5b00050035000000eb0000149800ea
:105b2000700c98006000b8006011b8004f05780054
:105b30004f04be000080fa000000060000000600ce
:105b400020b8200000000600881f780000047800bc
:105b5000486090008040e90000c0700040649800f8
:105b6000d800900068009000808f5000050036003b
:105b7000b80990000001eb0082007800080078006e
:105b8000030001000000eb00200c98006004980066
:105b900050049800980090000118a3000300320000
:105ba0000140a0001104980008003700280190006f
:105bb000380090000000410000149800700c98001c
:105bc0000000eb000138a300010032000080eb0070
:105bd0004f047800000006001bff37000200fa00a7
:105be000889fbe000000e00001003a001000200085
:105bf0000004e8000800a100a06080000000e800a8
:105c00000000a100a0608800000020000000e0006b
:105c10000f003200e10f540006003600e20f44008e
:105c200005003a00c0002000f06088000000eb0092
:105c30002a0037002800200008007800f0e807005c
:105c4000290020000000e00024003a000100370095
:105c50008004eb00a0608000916080000080500014
:105c6000800f54001300360008804400d0bf9f000e
:105c700066805700cc000700800078000000eb0031
:105c80000100e000150032000100e8000000a10062
:105c900091608000810f500001003200a0608800f8
:105ca000dfb89700010040000000e8000000a100fc
:105cb00090608800a16080000900e00003003200cd
:105cc0000100780008187800010037000100780012
:105cd0000884440088804000a16088004f04be0012
:105ce0000080fa0000000600a0fd2f00f1ff2f0049
:105cf000320007004f89de008201780000000600b4
:105d00000200fa0081017800e0ff9f0093009000fc
:105d10000188a30005003200d3009000805878006d
:105d20000080fb00d10198000a003700120020001b
:105d30008f80e900030078005e0007008000780093
:105d40000080eb000100e00002003200eff8970055
:105d50000180fb000080fa000000060051fe3700c1
:105d6000889fbe008a9fbe008c1f780000067800c6
:105d700082057800010478008004eb0009057800b2
:105d80000700370018019000980078000c00780098
:105d90004ceb0700808444000a05e80064044400da
:105da0008b0f5500f7ff3500090078004f0678008b
:105db0004f05be004f04be000000060002002f0089
:105dc000f3ff2f00820f5000838f5800040036002d
:105dd0000000ea00f06088000080eb008080eb00ab
:105de000000006008001eb000000e000050032002a
:105df000700190000200e000020032000200010089
:105e00008001780003007800000006006000b80000
:105e10006011b80000000600881f7800c001200053
:105e20006eff0700000478000800e0000a0032005e
:105e3000c20120008000eb0008007800cbf80700ca
:105e4000e0b32200300c9800c0cc2200400c980037
:105e500000c0eb00205c9800080078004f04780038
:105e600000000600adfd370040099000024001002f
:105e7000d00190006001900002825100cfa2de00ac
:105e8000612bb9008498be008690be0090009000ff
:105e90000000eb000168a3000400320010002000a5
:105ea000828f510001003e000000eb000000060060
:105eb000b6fd3700b00990000300e0000100320099
:105ec00003400100100078004beb37000200fa009d
:105ed000881f780000047800c1ff9f002808900008
:105ee0000000e00006003a000800780020000700eb
:105ef000800078000080eb000100e00018003a000c
:105f0000d800900028089000808f500009003100d0
:105f10004ff997000280fb00a85990008301fb0015
:105f2000830f50000300320082587800510498001b
:105f30000b003700b809900012002000e4805700e1
:105f40000800780003000100800078000080eb006a
:105f5000e18f500002003a00cff897000180fb006b
:105f60004f0478000080fa000000060000000500e1
:105f7000881f7800000478000800780021fb0700e3
:105f80000000e00006003a00a800900061049800bc
:105f9000510498003801900082804000210c980044
:105fa0004f04780000000600900078000000eb002d
:105fb0000100e000050035000100780050eb07000b
:105fc000e10f400001003a000000eb000000060075
:105fd00000000600feff0700fdff0700fcff370082
:105fe00000c0da000000060000c0da000000060071
:105ff00000c0da00000006008103780080eb070093
:106000000001be006000b8000478a30013003a004d
:106010006220e10015003e000d0039008301d1002f
:106020000281d3008180d3008301d1000281d3009b
:106030008180d3008301d1000281d3008180d3000d
:106040000538b000c42add00f300b200838172007d
:1060500007f0a70003f0a0000000060083ff270060
:10606000020020006110b900f9ff370003ff27008c
:10607000f7ff37000003be0061eb07006011b800b6
:106080000470a70007f0a1006509b1001b003200f1
:1060900012003500860220000628e10008003500c5
:1060a000f3ff2700f2ff2f006110b9000700e000a6
:1060b00018003b00030028006000b8000200050043
:1060c00000004000818048000201490083814900ae
:1060d0008502e900faff3a0008003700f88f420015
:1060e00002003c008000eb00000005008100d100b0
:1060f0000080d3008502e800fcff3a000700e000c2
:1061000004003b0060001000e080180060011900ee
:10611000e0811900000006000001be0038eb070016
:106120000470a70003f0a1006509b1001600320059
:106130000d0035006828e10006003500f0ff2f0053
:10614000f1ff27000300e00013003b0001002800de
:106150000000050000004000818048008502e90041
:10616000fcff3a0008003700f88f420002003c00b4
:106170008000eb00000005008100d1000080d3000a
:106180008502e800fcff3a000300e00002003b004b
:1061900060001000e080180000000600881f7800f2
:1061a000030478000300e00007003d0060001000d9
:1061b000e080180060011900e081190002003b0036
:1061c00001f02d00030037000400070008f0a700cd
:1061d00001f0a0004f04780000000600889fbe0078
:1061e0008a9fbe0000827000040271000482710068
:1061f000260032000004be000200be006011b8009c
:106200006b092000950220000182cf000a003900ae
:106210000541b1000082cf00070039000541b100ff
:106220000982cf00040039000541b1000882cf0087
:10623000010039000541b100054252001200320050
:106240000a003b0082817100610164008100d1007d
:106250000080d3008984d3000884d3008b05e80034
:106260000442e800f7ff3a00070037000804440042
:1062700089844c0000004800818048008b05e900bb
:106280000442e900f9ff3a00030007004f05be0091
:106290004f04be0000000600810020006180550010
:1062a0000b003d000b00200061fe2f000100e1000b
:1062b0001d00340082817100610164008904d100f5
:1062c0000884d3000000e800faff3a0071002000c3
:1062d00061006400030070000200600009003200e9
:1062e00061044400e0844c000988a50005003200e8
:1062f0008b05e8006808e10002003a008904d1003b
:106300000884d300f20f20000258e10005003d0090
:10631000c75ddd00f907b2008980750008007800cc
:10632000000006000bf827008b0078000000050035
:106330001400fa00889fbe008a9fbe008c9fbe009a
:106340000005be000206be00680047000c90be00bb
:106350000a90be00b70207006400e1001a00320094
:1063600016003e006100e1001a0032006e04900049
:10637000fe0490000e0b90009e0b90006011b80080
:106380009e0590000b38b100d5012000828171007c
:10639000610164008703d1000683d3008984d300a0
:1063a0000884d3008502e900f8ff3a00baff07002d
:1063b0000df0a70001f0a000d902370001fc270072
:1063c00000002000faff370001f82700000020003d
:1063d000f7ff37006000b800f5ff3700020ab90088
:1063e000001bb9000200b800810042008100430098
:1063f00000000600889fbe008a9fbe008c9fbe00e2
:106400001b0020000202be0005866800060028006e
:10641000060666004709de00f20fb2008200320075
:106420000243e80080003200c729de00f30fb2000b
:106430007d0032000343e8007b003200f107b20028
:106440000170a000f507b2000570a000c708dd00cc
:106450004903de00868070004700dd00c72add00aa
:106460004923de00868272004722dd0003055100c9
:1064700004035000858358000300310000004000f1
:10648000818048000a05e9008c1f78008a9fbe00c1
:1064900004005000858058000402420085824a00b2
:1064a00000004000818048000005eb000004be00b1
:1064b0006033b8000406be000d48e100560031000c
:1064c000110009004dccd8000c01b8000d02b80035
:1064d0008481410060824a008283530003045c008f
:1064e00084845c0060055d000a00e00025003a003d
:1064f000800578000d40e1004900310088007800f7
:1065000007007800110009004d88d8000c01b80080
:106510000d02b8008481410060824a0060031100ce
:1065200083835b0004045c00e0845c000900e000fd
:1065300021003a004f01be000300e0002b003200b2
:10654000e3016000070673008c81710001003200d6
:10655000640070004200de004e5edd000c00700042
:10656000c258de0001e0a00081000700cf017800e2
:10657000818071004f06be004f05be004f04be0073
:10658000000006008c8343000d044c00e0844c00a6
:1065900060054d000000e9000a00e000d4ff320071
:1065a0008c8343000d044c00e0844c0060054d00da
:1065b0000000e900ceff37000c0343008d834b0041
:1065c00060044c00e0844c000000e9000900e00099
:1065d000d8ff32000c0343008d834b0060044c0055
:1065e000e0844c000000e900d2ff37004200de00ea
:1065f0004e5edd000c007000c258de0001e0a0001d
:10660000cf0178000300e000daff320060001000e4
:10661000e0801800d7ff3700f0ff2f00aaff3700f7
:10662000f0ff2f00b9ff37000404be00e6eb0700bf
:10663000870678000004fd008104fd00e2eb0700fe
:10664000078366000678a300030032000960a700f4
:106650000800be002c0037000d78a30002003200b5
:106660000800be00280037000778a30026003a0083
:1066700001f0a10009f0a1000668a30003003200a8
:10668000f1ff2700f0ff2f00baff37000d68a300cd
:10669000030032000800be008c807000b5ff370098
:1066a0000768a30007003a000648a3000300320071
:1066b000f1ff2700f0ff2f00aeff37000d48a300c9
:1066c000030032006000b8008c807000a9ff370022
:1066d0000748a3000400320001f827000000200052
:1066e0008c807000a3ff3700740007000004fd00d9
:1066f0008104fd0002057800700007000802be005a
:106700008a01780059ff37000160a00012022000c2
:10671000424a880097ff37000100e0001200320073
:106720000500e00010003200889fbe008a9fbe0076
:106730008c9fbe000006eb0001f8a30003003200ae
:1067400060001000e08018000cf0a00005f8a30025
:106750000300320060021200e0821a000cf0a20076
:106760008005eb0041ff37006000b8000200050023
:1067700081017000270032008002eb0001f8a300c5
:106780000300320060001000e080180015002000b7
:10679000f40720000202420020003400f70320002a
:1067a0008703600006042000000363000208200045
:1067b000000161004700de00c909dd0000807100b2
:1067c000c708de000600e000080032008703710001
:1067d000060032001000b0000180b0000188a30064
:1067e00002003200c108de000402e800f107b20036
:1067f000f30f20000320e10003003d004722dd00ed
:10680000810072002900370001f827000000eb002a
:10681000260037006000b800000006006802120081
:106820007f20e100020034006000b8001f00370044
:106830006011b8007020e10004003500800178008c
:10684000010078008000eb00700252000400e000bc
:1068500009003400f00312000719dd008419de007e
:106860000703dd00868171000400de00070bdd00f8
:10687000060070008408de00f7ff270083836300b2
:10688000870371000600280003036300070032003d
:106890000700e00003003a0061016000028173001c
:1068a000020032001000b0000180b0000500a60018
:1068b0000000060001f0a000000006004f0ade0004
:1068c0004709de00f107b200f20fb2000b00320000
:1068d000f207b1000170a000c708dd00c901de00a9
:1068e000838070004700dd000400a6000000060061
:1068f00060001000e080180000000600810f7000aa
:1069000001003a00000006008182cf000500e0008f
:1069100010003e008082cf00ee8242007028e1002d
:106920000400390007003e00800078000000eb0002
:106930000e003700708312008600de000500dd00c7
:106940000a003700708352008600dd000000eb0073
:1069500006003700e28252008508dd0070831200d5
:106960000603de00868070000500dd007507b000bc
:106970000501ea000400a600000006006000100007
:10698000e080180000000600889fbe008a9fbe00bd
:1069900030044200b0844a0030054b0090854b0023
:1069a0006000b1000898be000a90be000440e100fb
:1069b00005c8e10006d0e10007d8e100020031007f
:1069c000680040001008e8004f05be004f04be00fc
:1069d00000000600889fbe008a9fbe003004be00f3
:1069e0002005be000418540005985c0006185d00e0
:1069f00007985d00110020000440e10005c8e10097
:106a000006d0e10007d8e100010039008000eb006a
:106a1000108810004f05be004f04be0000000600a5
:106a20001200fa00889fbe008a9fbe008c9fbe00a5
:106a3000e0b79f00f1b79f0082bf9f0093bf9f0008
:106a40000605be000404be000000eb00d0b79f00a6
:106a5000c0b79f00b0b79f00a0b79f0090b79f003e
:106a6000000678005fb19700cfb097008201410027
:106a70003fb097000200e00004003d00370007002f
:106a80007e805700c0ff0700030037003300070077
:106a90007e805700cfff0700dfb697000d00e000b3
:106aa0000c0035006fb29700ffb297000fbb970044
:106ab0009fbb970010002000010020006011b8006b
:106ac00000027200818272000203730083837300ec
:106ad0001b0007000c06e80001042000810f56008f
:106ae000e0ff3a000d00e00004003d000802be0097
:106af0000a03be007e805700a3ff07005fa897002f
:106b00000000e00005003a001fb29700afb2970006
:106b10003fb39700cfb39700090007006fb097000d
:106b2000ffb097000fb997009fb997004f06be00be
:106b30004f05be004f04be000080fa0000000600b2
:106b40000100070000000600a4b79f00b5b79f0032
:106b5000c6b79f00d7b79f00000006004f09de00b0
:106b600082817100b3b79f004f01de008180400039
:106b700082807000a1b79f008fb097004f09de00a0
:106b8000000040000200700090b79f007fa89700af
:106b90004f01de00818040008280700081b79f003d
:106ba0000d0007004f3ade000000400004007000b6
:106bb000f0af9f00080007000402420085824a00ef
:106bc00006034b0087834b00dfff07000802be006f
:106bd0000a03be00000006002fb29700bfb2970064
:106be0004fb39700dfb3970000000600881f7800be
:106bf00018002000881f780089ff07008f87e900b0
:106c00004f04780000000600801feb0084ff07009f
:106c10008f87e90000000600889fbe008a9fbe00a3
:106c2000e00f5000e08f5800e00f5900e08f59004e
:106c30000c003d006044b8006055b80000005400ee
:106c400081805c0002015d0083815d0018002000ee
:106c50001500070008003d00180007000004eb00c5
:106c6000050037000004eb000f00070002003d00a4
:106c70001200070018002000dcff07000800e000f9
:106c8000060032006022b8006033b80000005200f5
:106c900081805a0002015b0083815b004f05be00ca
:106ca0004f04be0000000600e00f5200e08f5a00c3
:106cb000e00f5b00e08f5b00000006006044b8005e
:106cc0006055b8000402540085825c0006035d0034
:106cd00087835d0000000600889fbe008a9fbe007b
:106ce0008c1f7800e00f5000e08f5800e00f590033
:106cf000e08f59000d003d006044b8006055b800b9
:106d00000000540081805c0002015d0083815d0011
:106d10001c0020000820e10009a8e1000ab0e10001
:106d20000bb8e1000d003d00080037000006eb0045
:106d3000e00f5200e08f5a00e00f5b00e08f5b0035
:106d400006003d006044b8006055b80004025400dd
:106d500085825c0006035d0087835d00aaff070053
:106d60000c00e000060032006022b8006033b8007a
:106d70000000520081805a0002015b0083815b00a9
:106d80004f0678004f05be004f04be00000006000d
:106d9000889fbe008a9fbe008c1f78000006eb0013
:106da000e00f5000e08f5800e00f5900e08f5900cd
:106db00007003d006044b8006055b8000000540072
:106dc00081805c0002015d0083815d001c00200069
:106dd000e00f5200e08f5a00e00f5b00e08f5b0095
:106de00007003d006044b8006055b800040254003c
:106df00085825c0006035d0087835d000c00a200b5
:106e00004c0007000c00e000060032006022b800d1
:106e10006033b8000000520081805a0002015b001c
:106e200083815b004f0678004f05be004f04be0013
:106e300000000600800078005002be005003be0033
:106e40004439de00f700b200f37f20000301610047
:106e5000090032000218e10016003a0085017200b4
:106e600083017300838173000008200015003a003d
:106e70004000200013003700850172008301730079
:106e80008381730005003a0004a8be0006a8be0076
:106e9000100020000b0037000201e900040242004c
:106ea00085824a0006034b0087834b000748a300f6
:106eb000f9ff32000740a00004a8be0006a8be00eb
:106ec000200020008000980092009800000006003a
:106ed000680447000294be000094be00fc04470012
:106ee0008694be008494be0009007800d1ff07009c
:106ef00008007800cfff070099007800814f7000ec
:106f00000b003b000800be002c0007004f00b10042
:106f100003003700f3ff2700f2ff2f006110b900d4
:106f20004f06be004f05be004f04be000080fa00b1
:106f300000000600889fbe008a9fbe008c9fbe0096
:106f40000404b8000506b8008904460060854e00b8
:106f50000606b8000a054600e0854e000706b800a0
:106f60008b054600040eb800890446000a854e00d1
:106f7000e0854d00050eb8000a0546008b854e00e1
:106f8000060eb8008b0546000416b8000a05460038
:106f90008b854e000516b8008b054600041eb80010
:106fa0008b0546000800be000a01be004f06be0069
:106fb0004f05be004f04be0000000600e482400002
:106fc0001078a30007003200640240001178a3008b
:106fd0003400be001401be00040032000330a700dc
:106fe000000006003500be001501be000330a00001
:046ff0000000060097
:020000040000fa
:106ff40025750000005400004f50000000520000ae
:107004004553000045540000004f000054000000a8
:107014000d0a0000004400004d0000004657000027
:107024000073000065720000696100006c000000dc
:10703400524200003030000000720000616900001c
:107044006e6200006f770000206c0000696700002a
:1070540068740000732000006f6600006620000062
:107064000052000042300000310000007261000054
:10707400696e0000626f0000772000006c690000f8
:107084006768000074730000206f00006e00000049
:107094004c520000200000005261000077200000e4
:1070a4007265000064200000206900006e7000001a
:1070b400757400003a200000004c000052200000cb
:1070c4002025000032780000007200006564000092
:1070d400505700004d2000007570000064610000ee
:1070e40074650000640d00000a000000496e000091
:1070f400766100006c690000642000007265000085
:1071040064200000686500007820000076610000bb
:107114006c750000650d00000a0000004c4700007b
:10712400200000004c4700002025000032780000b9
:107134000047000072650000656e000020500000ea
:10714400574d000020750000706400006174000059
:10715400656400000d0a0000004900006e7600001e
:10716400616c000069640000206700007265000023
:10717400656e00002068000065780000207600003d
:10718400616c0000756500000d0a0000004c0000f1
:1071940042200000004c0000422000002532000084
:1071a40078000000626c000075650000205000004b
:1071b400574d0000207500007064000061740000e9
:1071c400656400000d0a0000004900006e760000ae
:1071d400616c000069640000206200006c750000ae
:1071e40065200000686500007820000076610000da
:1071f4006c750000650d00000a0000004c5700008b
:10720400200000004c5700002025000032780000c8
:1072140000770000686900007465000020500000d9
:10722400574d000020750000706400006174000078
:10723400656400000d0a0000004900006e7600003d
:10724400616c000069640000207700006869000038
:107254007465000020680000657800002076000056
:10726400616c0000756500000d0a00000044000018
:107274005320000000440000532000002532000089
:1072840078000000646f00006f720000207300003b
:1072940070650000656400002075000070640000e3
:1072a40061740000656400000d0a000000550000d0
:1072b4004152000054200000526500006164000047
:1072c400790d00000a0000007265000064200000cf
:1072d400686100007320000063680000616e0000b4
:1072e40067650000640d00000a000000677200007a
:1072f400656500006e2000006861000073200000d6
:1073040063680000616e000067650000640d0000a2
:107314000a000000626c000075650000206800002f
:107324006173000020630000686100006e67000064
:10733400656400000d0a0000007700006869000021
:107344007465000020680000617300002063000081
:10735400686100006e670000656400000d0a0000ab
:10736400005300005420000032310000005300009c
:107374005420000031460000005300005420000057
:107384003237000000530000542000003136000062
:107394000053000054200000303700000053000068
:1073a4005420000032380000005300005430000024
:1073b4003800000053540000203000003900000061
:1073c40053540000203000004100000053540000da
:0873d40020300000420000001f
:020000040000fa
:1073dc000000fa004023a9000080fa00000006001b
:1073ec000400fa00100798001e0090008000eb00cb
:1073fc00e200200003002000820f5000838f580011
:10740c003d003e00006001000e0037001000370008
:10741c001200370014003700160037001800370030
:10742c001a0037001c0037001e0037002000370000
:10743c0022003700240037002600370028003700d0
:10744c002a00370001188000010f78002b0037004c
:10745c0011188000010f78002800370021188000d7
:10746c00010f78002500370031188000010f7800db
:10747c002200370041188000010f78001f003700f0
:10748c0051188000010f78001c0037006118800033
:10749c00010f78001900370071188000010f780077
:1074ac001600370081188000010f78001300370098
:1074bc0091188000010f780010003700a11880008f
:1074cc00010f78000d003700b1188000010f780013
:1074dc000a003700c1188000010f78000700370040
:1074ec00d1188000010f780004003700e1188000eb
:1074fc00010f780001003700000000001e0078002a
:10750c000080fa00000006000a00fa00200798002c
:10751c0031079800420798004e0090000000e800e8
:10752c00104078000000fb00c800dd004e00900009
:10753c00104078000000fb00810070002e009000cd
:10754c000108bb002e0090008000eb000188bb00fe
:10755c004e00900063004000104078000000fb00db
:10756c00c800dd004e0090000080e800104078005c
:10757c000000fb00810070002e0090000080e800ed
:10758c000108bb002e0090000080e8008000eb009a
:10759c000188bb004e009000650040001040780050
:1075ac000000fb00c800dd004e00900064004000ad
:1075bc00104078000000fb00810070002e0090004d
:1075cc00640040000108bb002e00900064004000e5
:1075dc008000eb000188bb0010002400003b8800f9
:1075ec002e019000be019000028fbe000500fc0031
:1075fc0050052000303b8800a00a2000303b88005a
:10760c0061e7a8000000fc0000000000013b8000c6
:10761c0000002800008060000000e000fbff3a0042
:10762c000080fa00000006000800fa00200798000d
:10763c00310798002e009000100fba002e00900019
:10764c001080ba00204798002e4090000080fb006c
:10765c008000eb00c001dd00020020001e0078005d
:10766c008000eb0000007100818071000080fa0046
:10767c00000006000a00fa00300798004107980045
:10768c000000eb00000f78001d0037001e00780092
:10769c00000040006101b9003e009000ce00900057
:1076ac000200400083804800dfff070010079800ad
:1076bc00210798001e007800000040009e009000fa
:1076cc000141780001b02000827078001e00780023
:1076dc00000040000001e8001e009000ae00900089
:1076ec00c809dd004800de0000807100c808de001b
:1076fc008040780000b02000017079001e0fe80077
:10770c001e007800e20f5000e0ff34000080fa0009
:10771c00000006001600fa00200f9800ae0890003a
:10772c00811f7800a07f2b00801f78000e0078004e
:10773c0042e90700e48757000e00780002000700ba
:10774c000080fa00000006000200fa00000f78002a
:10775c000d003700000000001111800000202000f7
:10776c00008060000000e000fbff3a001e00780083
:10777c00104078000000fb00201188001e0fe8006c
:10778c0060178000601780001e00780010407800a1
:10779c000004e000efff3a000080fa000000060051
:1077ac002000fa00700f980000482800e10120002a
:1077bc00be1007007e089000d17f2b003ee9070029
:1077cc000000e000000132007e08900011802b00c8
:1077dc0039e907000000e000fb0032007e08900051
:1077ec0071802b0034e907000000e00005003a002e
:1077fc00f0468000c7ff0700a0802b00d2ff0700d7
:10780c00f10037007e089000d1802b002ae9070098
:10781c000000e00005003a0000478000bdff0700b3
:10782c00a0802b00c8ff0700e70037007e089000ff
:10783c0001812b0020e907000000e00005003a0060
:10784c0080a72000c0ff0700a0802b00beff070010
:10785c00dd0037007e08900031812b0016e907000f
:10786c000000e00005003a0080a72000b6ff0700ea
:10787c00a0802b00b4ff0700d30037007e089000d7
:10788c00a1812b000ce907000000e00008003a0081
:10789c00004080000000e00005003a0010002000cd
:1078ac0000408800f0812b00a7ff0700c6003700be
:1078bc007e08900031832b00ffe807000000e000f9
:1078cc0007003a0000408000e10f500004003a002d
:1078dc000028ef0080832b009bff0700ba003700c5
:1078ec007e08900032002000a1842b00fde80700e8
:1078fc000000e00025003a007e0890006600400081
:10790c0022002000800078000e0078000ae90700b1
:10791c000040eb0020479800e0842b008aff070012
:10792c007e08900088ff0700a0802b0086ff0700d0
:10793c007e089000e4004700811f7800f1852b0041
:10794c00811f7800cae80700e4875700e10f500058
:10795c000b003a002e009000cf80de001041880012
:10796c002141880070862b0077ff070010418000b2
:10797c00214180000000780066ff0700920037006c
:10798c0080872b0070ff07008f0037007e08900067
:10799c003200200001892b00d2e807000000e00033
:1079ac001e003a007e089000e6004000660047008a
:1079bc0022002000e0e807000040eb00004f980098
:1079cc007e089000ea004700811f780041892b0057
:1079dc00811f7800a6e80700e4875700e10f5000ec
:1079ec000b003a005e009000cf80de003041880032
:1079fc0041418800b0892b0053ff070030418000c3
:107a0c00414180000000780042ff07006e00370003
:107a1c00f08a2b004cff07006b0037007e089000ab
:107a2c0032002000918c2b00aee807000000e00033
:107a3c001e003a007e089000e60040006c004700f3
:107a4c0022002000bce807000040eb00604f9800cb
:107a5c007e089000f0004700811f7800d18c2b002d
:107a6c00811f780082e80700e4875700e10f50007f
:107a7c000b003a000e089000cf80de0050418800c9
:107a8c0061418800408d2b002fff07005041800082
:107a9c0061418000000078001eff07004a0037009b
:107aac00708e2b0028ff0700470037007e089000df
:107abc003200200001902b008ae807000000e00053
:107acc001e003a007e089000e6004000720047005d
:107adc002200200098e807000040eb004057980077
:107aec007e089000f6004700811f780041902b0023
:107afc00811f78005ee80700e4875700e10f500013
:107b0c000b003a003e089000cf80de0070418800e8
:107b1c0081418800b0902b000bff07007041800062
:107b2c008141800000007800fafe07002600370033
:107b3c00f0912b0004ff0700230037007e08900013
:107b4c003200200091932b0066e807000000e00053
:107b5c001d003a007e089000e600400078004700c7
:107b6c002200200074e807000040eb00205f980022
:107b7c007e089000fc004700811f7800d1932b00f9
:107b8c00811f78003ae80700e4875700e10f5000a6
:107b9c000b003a006e089000cf80de001047880082
:107bac002147880040942b00e7fe07001047800017
:107bbc002147800000007800d6fe07000200370045
:107bcc00f0912b00e0fe07000080fa000000060098
:107bdc000200fa00004f7800000000001111800034
:107bec0000202000008060000000e000fbff3a0055
:107bfc001e00fb00201188000080fa000000060027
:107c0c000400fa00004f78001147980022479800b2
:107c1c000602a80000000000301080006100600027
:107c2c000000e000fcff3a001e80fb00000040005a
:107c3c00101088000000000041108000000024009b
:107c4c00008060000000e000fbff3a001e40900046
:107c5c000080fb0010108800000000004110800024
:107c6c0000002400008060000000e000fbff3a00f0
:107c7c002e4090000080fb001010880000000000d7
:107c8c004110800000002400008060000000e00033
:107c9c00fbff3a000642a8000000000030108000f4
:107cac00640060000000e000fcff3a000080fa0075
:107cbc00000006000400fa002047980031479800a5
:107ccc00280c07002e40900000404000400c07009c
:107cdc003e4090003e0c07002e4090000080fb00c0
:107cec0000004000004078000004a000380c0700a1
:107cfc000040eb004a0c0700004f7800220c0700f4
:107d0c001e4078000080fa00000006000000fa0017
:107d1c0002c1b30011c0b30000c4b300b8ff070028
:107d2c0032c0b300e1cfb30000c4b300b4ff07000e
:107d3c000041eb008040eb0000c4b300b0ff070033
:107d4c0042c0b30011c0b30000c4b300acff0700c5
:107d5c000080fa00000006000800fa002047980096
:107d6c0021079800320798002e4090004200dd0059
:107d7c00664f40002e0090000040780000417800d3
:107d8c009e40780000c4b3009dff07002e009000b9
:107d9c004800de00804078001e40e8000141780079
:107dac008040780000c4b30095ff07003e009000af
:107dbc00804078001ec0e8000141780080407800c7
:107dcc0000c4b3008eff07003e0090004800de00a8
:107ddc00804078001e4178006340410001417800ea
:107dec008040780000c4b30085ff07000080fa00d3
:107dfc00000006000200fa000000eb00000f780003
:107e0c00240037001e0178008000eb000040eb00de
:107e1c00d1ff070000c4290001002000230f070038
:107e2c001e0178008000eb0010c0b300caff0700f1
:107e3c0000c42900010020001c0f07001e0178005f
:107e4c008000eb0020c0b300c3ff070000c4290072
:107e5c0001002000150f07001e0178008000eb00c8
:107e6c0030c0b300bcff070000c429000100200093
:107e7c000e0f0700f0ff20009e007800808f50004e
:107e8c00020036000000eb00000f78009e00780026
:107e9c00708f4000000021009e007800808f500001
:107eac00d8ff36000080fa00000006000600fa0039
:107ebc00000f780011079800220798001e01780027
:107ecc008000eb000040eb00a3ff07001e019000b8
:107edc008000eb0010c0b3009fff07002e01900044
:107eec008000eb0020c0b3009bff07000080fa006d
:107efc00000006000a00fa00881f78006000b80035
:107f0c00008fbe0001003700000000001e00be0004
:107f1c00f0e507000200200003f82300e3e307006c
:107f2c0002002e00f34f2400c5e4070096e307007f
:107f3c002007980062aa2000630024001e00be00e7
:107f4c00dae30700e3e507000200200003f8230052
:107f5c00d6e3070002002e00f34f2400b8e407001c
:107f6c0089e307003007980062aa20006308240008
:107f7c001e00be00cde30700d6e50700020020007e
:107f8c0003f82300c9e3070002002e00f34f24007e
:107f9c00abe407007ce30700400798004e0190001b
:107fac00be0090002e009000c0ff070000c4290006
:107fbc0001002000bd0e0700a2702d0033c223006b
:107fcc001e00be00b9e30700008fbe0018c0b3004e
:107fdc0092ff2000930c24001e00be0068e30700f3
:107fec000000e00001003c000044eb000804e0004d
:107ffc00c5ff320092ff2000930c24001e00be002f
:10800c00a1e30700008fbe00c0ff37000200fa009a
:10801c00004f78008c03070080c7b300a50307004e
:10802c000040eb00a30307001e407800a1030700eb
:10803c008e03070080002000010020009b0e07002b
:10804c000080fa00000006000200fa00004f7800e1
:10805c007d03070080c7b3009603070000c4b3007c
:10806c00940307001e407800920307007f0307006b
:10807c0000322000010020008c0e07000080fa0066
:10808c00000006000000fa0000a82100610020009a
:10809c00860e070080c3b300dcff070090c3b3005b
:1080ac00daff070000a82100610020007f0e070006
:1080bc0040c1b300d5ff0700f0c7b300d3ff0700e2
:1080cc00f0c5b300d1ff070000482800e1012000f3
:1080dc00760e0700c0c6b300ccff07000088230053
:1080ec0011002000710e070080c3b300c7ff07000a
:1080fc0000882300110020006c0e0700d0c0b300d4
:10810c00c2ff07000088230011002000670e070043
:10811c0010c0b300bdff0700008823001100200031
:10812c00620e070060c0b300b8ff070000c429004e
:10813c00010020005d0e070000c4b300b3ff070070
:10814c0000482800e1012000580e07000080fa00ca
:10815c00000006000200fa00000f7800040037004f
:10816c001e007800104078001e0fe800b6ff0700d4
:10817c001e007800104078000004e000f8ff3a0080
:10818c000080fa00000006000000fa0090fc0700d6
:10819c000080fa00000006000000fa00510c0700f5
:1081ac0010002000604688001000200070468800f7
:1081bc001000200090468800100020000045880028
:1081cc0010002000f043880010002000704288004e
:1081dc0010002000804288001000200040468800db
:1081ec00a04580000000e800a045880040448000c5
:1081fc000000e80040448800a04480000000e80033
:10820c00a0448800c04280000000e800c042880002
:10821c000080fa00000006000000fa00d50b0700f1
:10822c0010002000804288001000200010468800ba
:10823c000080fa00000006000200fa00e10c0700c2
:10824c0010002000000f780010002000104688005d
:10825c00a013240000000100c01424000000010041
:10826c000080fa00000006000000fa004144800083
:10827c0080488000808f5000020035000e29ef00ee
:10828c008828ef000080fa00000006000000fa00c9
:10829c00a1448000f0468000808f50000300350020
:1082ac0010002000904488009428ef009044800037
:1082bc00e10f500003003a00ed02a900ec02a80007
:1082cc0002003700ed02a800ec02a900d1168000d4
:1082dc0000002200008060000000e000020032007c
:1082ec009228ef009428ef000080fa0000000600ae
:1082fc000000fa00a1458000f0488000808f5000fb
:10830c0012003500b428ef00c482a800d442a800a3
:10831c00d5e2a800d442a800c482a800a01780000f
:10832c004e00de00614060000004a200614060006d
:10833c000080fb00610060004e00dd00a117800092
:10834c0001e0a10001007000a01788000080fa0075
:10835c00000006000200fa00b50d0700e70b07004d
:10836c008a0b07002d0b0700400c07001a0c0700a6
:10837c00bd0b0700600b0700730c07001d05070001
:10838c00380d070012fc0700a00c2400520b07004c
:10839c00cf090700e309070040002000fb09070094
:1083ac0000102000f3090700006a280011002000cb
:1083bc00590a070000482800e1012000bb0d070006
:1083cc0052fe0700c482a900d442a900d482a9009d
:1083dc00dcc2a800d5e2a900dd62a800e402a90075
:1083ec00e4a2a800e4e2a900e4c2a800ec02a80000
:1083fc00ec22a800ec42a800ec62a800ec82a800d9
:10840c00eca2a900ecc2a800ece2a900ed02a900c4
:10841c00ed82a800f4e2a800f5c2a900f5e2a900db
:10842c0018ff070000882300110020009f0d070093
:10843c0000c8b300f5fe07000088230011002000df
:10844c009a0d0700103a8000000178000260a1002c
:10845c0060042000710520002374200080497800fe
:10846c0081497800824978001136800000fc2f0089
:10847c00008060003000b300103688002135800089
:10848c0000fc2f00008060003000b3002035880015
:10849c00103a8000000178000260a0006004200007
:1084ac0071052000237420008049780081497800f0
:1084bc008249780090952b00a3fc0700a0002000b7
:1084cc00b2090700010037000000000032408000b4
:1084dc00434080001041800021418000800f5100fa
:1084ec00818f59000e003200104180002141800024
:1084fc00304088004140880060962b0092fc0700b9
:10850c003040800041408000000078004400dd00d5
:10851c00000178008000eb0020c0b3000efe0700c5
:10852c0072408000834080003041800041418000d7
:10853c00800f5100818f59000e00320030418000b5
:10854c0041418000704088008140880080972b005a
:10855c007dfc0700704080008140800000007800a6
:10856c004400dd00000178008000eb0010c0b30077
:10857c00f9fd0700524080006340800050418000ac
:10858c0061418000800f5100818f59000e00320034
:10859c00504180006141800050408800614088005b
:1085ac00c0982b0068fc07005040800061408000a0
:1085bc00000078004400dd00000178008000eb0032
:1085cc000040eb00e4fd070092408000a3408000d7
:1085dc007041800081418000800f5100818f5900d3
:1085ec000e00320070418000814180009040880074
:1085fc00a1408800f0992b0053fc070090408000ac
:10860c00a1408000000078004400dd0000017800eb
:10861c008000eb0030c0b300cffd070000408000ad
:10862c00e10f500001003a0032fe07000b05070075
:10863c000004e0002f003200dd040700004f78003a
:10864c00601780004300de00614060000004a2005f
:10865c00614060000080fb00610060004300dd00b1
:10866c00611780000130a1000100700060178800c4
:10867c001e407800ea4f5000030032001e40780084
:10868c00ed4f50000d003a0005c8bf000080fb0004
:10869c0061b020000041eb008270780060b02000d7
:1086ac0029fc0700a0802b0027fc070060b02000ed
:1086bc003bfc07000568ef000e00370051802000de
:1086cc0091407800e0c3b30080cf500008003e001a
:1086dc0005c8bf008080fb0062b020009e4178007e
:1086ec0003f178000040e80005e8b700010037000e
:1086fc000568ef0011168000000420000080600067
:10870c000000e00010003a0011168000002020004c
:10871c00008060000000e0000b003200319b2b0059
:10872c0020ad200064e507000000e00006003200e8
:10873c0062002000319b2b0020ad200057e5070084
:10874c001000200000468800111680000020200038
:10875c00008060000000e00013003a001116800059
:10876c0000042000008060000000e0000e003200d9
:10877c0000fa200001002000cc0c0700919b2b007c
:10878c0020ad20004ce507000000e00006003200a0
:10879c0062002000919b2b0020ad20003fe50700dc
:1087ac0010002000004688001116800000202000d8
:1087bc00008060000000e000130032001116800001
:1087cc0000042000008060000000e0000e00320079
:1087dc0000fa200001002000b40c0700f19b2b00d4
:1087ec0020ad200034e507000000e0000600320058
:1087fc0062002000f19b2b0020ad200027e5070034
:10880c001000200000468800111680000020200077
:10881c00008060000000e00010003a00111680009b
:10882c0000042000008060000000e0000b003a0013
:10883c00519c2b0020ad20001fe507000000e0003c
:10884c000600320062002000519c2b0020ad20005d
:10885c0012e5070010002000004688001116800069
:10886c0000022000008060000000e0000b003200dd
:10887c00b19c2b00c0ac20000fe507000000e0000d
:10888c000600320062002000b19c2b00c0ac20001e
:10889c0002e5070010002000f0458800111680004a
:1088ac0000022000008060000000e0000b003a0095
:1088bc00119d2b00c0ac2000ffe407000000e0007d
:1088cc000600320062002000119d2b00c0ac20007d
:1088dc00f2e4070010002000f0458800e04580001d
:1088ec00e10f500003003a0060ac200096fb07003b
:1088fc00bc28ef00f0458000e10f500003003a0067
:10890c00c0ac200090fb0700be28ef0000468000a2
:10891c00e10f500003003a0020ad20008afb070055
:10892c00c028ef0020c0b300b8fd070040002000b5
:10893c00abfa0700b1aa2a000100b8004208de0019
:10894c008002b0001043880030002000a4fa070019
:10895c004300de007e004000f0468800200020002e
:10896c009ffa0700e0488800100020009cfa0700de
:10897c00b1aa2a000100b8004208de006a00b90062
:10898c0000007800011920008080400090882800a9
:10899c000008b8004308de00004788000000eb0028
:1089ac008ffa0700f0418800600020008cfa070065
:1089bc00b0418800d11680000000240000806000c7
:1089cc000000e00001003a00b628ef00d11680004c
:1089dc0000002400008060000000e0000200320073
:1089ec0010002000b0458800111680000004200003
:1089fc00008060000000e0000500320011168000cd
:108a0c0000202000008060000000e00066003a00ba
:108a1c00a0418000e20f500036003200e20f5000ff
:108a2c0005003e000000e00008003200e10f50009d
:108a3c001b00320063003700e30f5000420032008d
:108a4c00e40f5000550032005e00370051168000d4
:108a5c0000002200008060000000e0000f003a00df
:108a6c001116800000022000008060000000e00071
:108a7c000a003200e4a2a900ecc2a90010002000f8
:108a8c00a041880010002000804388004628ef0099
:108a9c00709d2b0000407800db030700410037007d
:108aac001116800000022000008060000000e00031
:108abc000f003a0051168000000021000080600079
:108acc000000e0000a003a00e4a2a800ecc2a800f2
:108adc00a00020002d08070020002000a0418800e5
:108aec006828ef00c09d2b0000407800c6030700eb
:108afc002c0037001116800000022000008060005e
:108b0c000000e0000f003200511680000000210030
:108b1c00008060000000e0000a003200e4a2a9001e
:108b2c00ecc2a80030002000a041880010002000fa
:108b3c00804388004628ef00209e2b0000407800e0
:108b4c00b103070017003700111680000002200047
:108b5c00008060000000e0000f003a005116800019
:108b6c0000002200008060000000e0000a003a00d3
:108b7c00e4a2a800a0002000040807004000200088
:108b8c00a04188007028ef006828ef00809e2b0021
:108b9c00004078009c030700020037003428ef00e7
:108bac000000000007003700e4a2a800a00020008d
:108bbc00f60707007028ef006828ef004628ef0042
:108bcc003428ef00804380000000e00018003200e1
:108bdc00804280000000e0000d0032003042800036
:108bec000000e0000a003a005028ef0041438000ea
:108bfc0040488000808f500003003c0040438000c0
:108c0c000000e8004043880040438000df07070075
:108c1c004143800040488000808f500004003500a4
:108c2c0040488000d907070010002000304288001f
:108c3c0060ac2000e10f500008003a0000448000b6
:108c4c000000e00005003a001000200000448800fd
:108c5c008228ef0010002000e043880000448000d0
:108c6c000000e0000d003200f04380000000e00046
:108c7c000a003200104480000000e8001044880014
:108c8c007e28ef0010448000fd0f500003003400dc
:108c9c008028ef007c28ef008228ef000044800041
:108cac0000407800614060000080fb0061006000c3
:108cbc004400dd00611780000140a100010070003c
:108ccc0060178800f4e2a800d5e2a800d442a800fe
:108cdc0010178000620060000000e000010032000c
:108cec00ece2a80010178000620060000000e000b9
:108cfc0001003a00ece2a900d0168000d0168000ea
:108d0c00104580000000e00007003a0011168000ba
:108d1c0000042000008060000000e00002003a0027
:108d2c0010002000d0448800d0448000e10f500097
:108d3c000d003a0000458000e10f50000a003a0097
:108d4c00e04480000000e800e0448800a028ef0028
:108d5c00e1448000c0488000808f50000200350044
:108d6c009c28ef009a28ef00604580000000e0008e
:108d7c0007003a00111680000020200000806000df
:108d8c000000e00002003a0010002000304588008e
:108d9c0030458000e10f50000f003a0090468000f3
:108dac00e10f50000c003a00404580000000e80044
:108dbc0040458800d228ef0041458000e048800003
:108dcc00808f500004003500a828ef00a628ef0083
:108ddc0010002000604588003c090700e10f50009e
:108dec0001003a00ecfc0700dc080700e10f500022
:0c8dfc00b5fd3a0008fd0700b4fd37008b
:020000040000fa
:108e08000400fa00008fbe0017e2a9001e00be0091
:108e180000004000818048000001be000090200052
:108e2800d103200009e00700000078000000e900f5
:108e3800a010880017e2a80000a821006100200007
:108e48001b0b07000080fa00000006000000fa0073
:108e58001602a80000000000b01080006100600049
:108e68000000e000fcff3a000080fa000000060065
:108e78000000fa001642a80000000000b0108000b0
:108e8800640060000000e000fcff3a000080fa0087
:108e9800000006000000fa001622a80000000000ea
:108ea800b0108000620060000000e000fcff3a00a3
:108eb8000080fa00000006000200fa00004f780067
:108ec8001e80fb009010880000000000c110800088
:108ed80000002400008060000000e000fbff3a0072
:108ee800c1108000000028000080600000f0a7008a
:108ef8000000ea000000e9004f00de0000407800b2
:108f08000080fa00000006000400fa0020479800dc
:108f18001662a80000000000c01080006200600017
:108f28000000e000fcff320000108000004f7800d5
:108f38002e4090000004e000020032000040eb00e8
:108f48000100370010c0b3000080fb006100600022
:108f58004500dd00b11080000150a1000100700043
:108f6800b01088001682a80000000000b010800031
:108f7800700060000000e000fcff3a001e4078002e
:088f88000080fa000000060061
:020000040000fa
:108f90000000fa0000002300203a88004827ef0074
:108fa0004e27ef007027ef007227ef007427ef00c5
:108fb0007627ef007a27ef007c27ef007200200071
:108fc00080072000a1092000337420008049780028
:108fd00081497800824978000001eb00600420009c
:108fe00071052000237420008049780081497800b1
:0c8ff000824978000080fa0000000600b2
:020000040000fa
:109000000000000000000000000000000000000060
:109010000000000000000000000000000000000050
:109020000000000000000000000000000000000040
:109030000000000000000000000000000000000030
:109040000000000000000000000000000000000020
:109050000000000000000000000000000000000010
:109060000000000000000000000000000000000000
:1090700000000000000000000000000000000000f0
:1090800000000000000000000000000000000000e0
:1090900000000000000000000000000000000000d0
:1090a00000000000000000000000000000000000c0
:1090b00000000000000000000000000000000000b0
:1090c00000000000000000000000000000000000a0
:1090d0000000000000000000000000000000000090
:1090e0000000000000000000000000000000000080
:1090f0000000000000000000000000000000000070
:10910000000000000000000000000000000000005f
:10911000000000000000000000000000000000004f
:10912000000000000000000000000000000000003f
:10913000000000000000000000000000000000002f
:10914000000000000000000000000000000000001f
:10915000000000000000000000000000000000000f
:1091600000000000000000000000000000000000ff
:1091700000000000000000000000000000000000ef
:1091800000000000000000000000000000000000df
:1091900000000000000000000000000000000000cf
:1091a00000000000000000000000000000000000bf
:1091b00000000000000000000000000000000000af
:1091c000000000000000000000000000000000009f
:1091d000000000000000000000000000000000008f
:1091e000000000000000000000000000000000007f
:1091f000000000000000000000000000000000006f
:10920000000000000000000000000000000000005e
:10921000000000000000000000000000000000004e
:10922000000000000000000000000000000000003e
:10923000000000000000000000000000000000002e
:10924000000000000000000000000000000000001e
:10925000000000000000000000000000000000000e
:1092600000000000000000000000000000000000fe
:1092700000000000000000000000000000000000ee
:1092800000000000000000000000000000000000de
:1092900000000000000000000000000000000000ce
:1092a00000000000000000000000000000000000be
:1092b00000000000000000000000000000000000ae
:1092c000000000000000000000000000000000009e
:1092d000000000000000000000000000000000008e
:1092e000000000000000000000000000000000007e
:1092f000000000000000000000000000000000006e
:10930000000000000000000000000000000000005d
:10931000000000000000000000000000000000004d
:10932000000000000000000000000000000000003d
:10933000000000000000000000000000000000002d
:10934000000000000000000000000000000000001d
:10935000000000000000000000000000000000000d
:1093600000000000000000000000000000000000fd
:1093700000000000000000000000000000000000ed
:1093800000000000000000000000000000000000dd
:1093900000000000000000000000000000000000cd
:1093a00000000000000000000000000000000000bd
:1093b00000000000000000000000000000000000ad
:1093c000000000000000000000000000000000009d
:1093d000000000000000000000000000000000008d
:1093e000000000000000000000000000000000007d
:1093f000000000000000000000000000000000006d
:10940000000000000000000000000000000000005c
:10941000000000000000000000000000000000004c
:10942000000000000000000000000000000000003c
:10943000000000000000000000000000000000002c
:10944000000000000000000000000000000000001c
:10945000000000000000000000000000000000000c
:1094600000000000000000000000000000000000fc
:1094700000000000000000000000000000000000ec
:1094800000000000000000000000000000000000dc
:1094900000000000000000000000000000000000cc
:1094a00000000000000000000000000000000000bc
:1094b00000000000000000000000000000000000ac
:1094c000000000000000000000000000000000009c
:1094d000000000000000000000000000000000008c
:1094e000000000000000000000000000000000007c
:1094f000000000000000000000000000000000006c
:10950000000000000000000000000000000000005b
:10951000000000000000000000000000000000004b
:10952000000000000000000000000000000000003b
:10953000000000000000000000000000000000002b
:10954000000000000000000000000000000000001b
:10955000000000000000000000000000000000000b
:1095600000000000000000000000000000000000fb
:1095700000000000000000000000000000000000eb
:1095800000000000000000000000000000000000db
:1095900000000000000000000000000000000000cb
:1095a00000000000000000000000000000000000bb
:1095b00000000000000000000000000000000000ab
:1095c000000000000000000000000000000000009b
:1095d000000000000000000000000000000000008b
:1095e000000000000000000000000000000000007b
:1095f000000000000000000000000000000000006b
:10960000000000000000000000000000000000005a
:10961000000000000000000000000000000000004a
:10962000000000000000000000000000000000003a
:10963000000000000000000000000000000000002a
:10964000000000000000000000000000000000001a
:10965000000000000000000000000000000000000a
:1096600000000000000000000000000000000000fa
:1096700000000000000000000000000000000000ea
:1096800000000000000000000000000000000000da
:1096900000000000000000000000000000000000ca
:1096a00000000000000000000000000000000000ba
:1096b00000000000000000000000000000000000aa
:1096c000000000000000000000000000000000009a
:1096d000000000000000000000000000000000008a
:1096e000000000000000000000000000000000007a
:1096f000000000000000000000000000000000006a
:109700000000000000000000000000000000000059
:109710000000000000000000000000000000000049
:109720000000000000000000000000000000000039
:109730000000000000000000000000000000000029
:109740000000000000000000000000000000000019
:109750000000000000000000000000000000000009
:1097600000000000000000000000000000000000f9
:1097700000000000000000000000000000000000e9
:1097800000000000000000000000000000000000d9
:1097900000000000000000000000000000000000c9
:1097a00000000000000000000000000000000000b9
:1097b00000000000000000000000000000000000a9
:1097c0000000000000000000000000000000000099
:1097d0000000000000000000000000000000000089
:1097e0000000000000000000000000000000000079
:1097f0000000000000000000000000000000000069
:020000040000fa
:109800000000fa009580a9009560a9008000200062
:10981000001188002222ef0070062000401188000d
:10982000c0bf200050498800c0bf200040498800c8
:1098300050c020003049880050c0200020498800d6
:109840002c69ef0000c424000700070000c92400b1
:109850002d0007009560a80021e2a8002342a8007f
:109860000080fa00000006000200fa00000f7800f5
:109870001e007800704988000080fa000000060091
:109880000000fa005149800040498000808f50005c
:1098900002003a009580a900190037008580a900d0
:1098a0001000370050498000904078008180fb0014
:1098b000211188000000e8005049880051498000cb
:1098c00050c02000808f500002003a00c0bf20002e
:1098d000504988005149800040498000808f5000e5
:1098e000060032001111800000202000008060007e
:1098f0000000e000ebff3200010037000000000034
:109900000080fa00000006000200fa00000f780054
:109910001e007800804988000080fa0000000600e0
:109920000000fa001e00370020498000311180003d
:10993000814078000148780021498000d0c0200093
:10994000808f500009003200204980008000e8002c
:1099500030498000808f5000040032002049800090
:109960000000e800204988000d00370021498000f0
:10997000d0c02000808f500007003a00314980009d
:1099800050c02000808f50000300320050c02000e3
:10999000204988000200370010c0b3002ce9b7004e
:1099a00010118000610060000000e000deff3a005e
:1099b0008560a9000080fa00000006000200fa009d
:1099c0000040eb00004f78000000000031498000ab
:1099d00020498000808f5000fcff32003049800019
:1099e000104f7800304980000000e80030498800be
:1099f00031498000e0c02000808f500002003a0012
:109a000050c02000304988001e4078000080fa00d5
:109a1000000006000200fa00004f7800000000007d
:109a20001c0007000004a2000004e000fcff3a0054
:109a3000404980001e487800404980000000e8004e
:109a4000404988004149800050c02000808f50006c
:109a500002003a00c0bf2000404988009580a8005d
:109a60000080fa00000006000000fa003149800082
:109a7000204980000080680000f0a7000000ea0094
:109a80000000ea004f00de00004078000080fa008d
:109a9000000006000400fa005149800011079800f8
:109aa000414980001e009000808f50000600310068
:109ab0009e00900040498000008050000000e900b6
:109ac000000f7800050037009e009000404980009c
:109ad0000080500068004000000f78001e007800f1
:109ae00000f0a7000000ea000000ea004f00de00de
:109af000004078000080fa00000006000000fa0034
:109b00004149800050498000808f500009003a0090
:109b100011118000001020000080600000f0a700fc
:109b20000000ea000000ea004f00de00004078007c
:109b3000010037000040eb000080fa000000060042
:109b40000400fa0021498000110798003049800084
:109b50009e009000808f5000060031009e00900013
:109b6000304980000080500069004000000f7800fc
:109b7000030037009e00900030498000008f5000a5
:109b8000f00f20009e007800808f50000200360009
:109b900000c0eb00020037001e0078000040780093
:109ba0000080fa00000006000000fa00e4ff070051
:109bb0000080fa00000006000400fa00514980000d
:109bc00011079800414980001e009000808f5000ce
:109bd000060031009e009000404980000080500047
:109be0000000e900000f7800050037009e0090009b
:109bf000404980000080500068004000000f78005d
:109c0000f00f20009e007800808f50000200360088
:109c100000c0eb00020037001e0078000040780012
:109c20000080fa00000006000000fa00e2ff0700d2
:109c30000080fa00000006000000fa00afff0700f5
:109c40000080fa00000006000800fa0020079800d3
:109c500031079800baff07000080fb00000f780072
:109c60003e0090009e0f500002003100be009000a8
:109c7000010f78000000eb00100798000900370082
:109c80004eff0700ae009000804878002e00900044
:109c90000000e800200798001e0090000000e80087
:109ca000100798001e0090009e0f5000f4ff39002e
:109cb0001e0078000080fa00000006000800fa008c
:109cc0002007980031079800bbff07000080fb00c9
:109cd000000f78003e0090009e0f500002003100ff
:109ce000be009000010f78000000eb001007980004
:109cf000090037002e00900010407800ae00900060
:109d00008100e8002107980042ff07001e00900034
:109d10000000e800100798001e0090009e0f500001
:109d2000f4ff39001e0078000080fa0000000600f1
:109d30000400fa000000eb00000f780080ff07002d
:109d4000204798009cff0700304798002e40900065
:109d50000080fb000000e00003003200e90f50002b
:109d600003003200040037001e20a000040037006a
:109d70001e00a000020037001e10a000000000001e
:109d80003e4090000080fb000000e0000300320035
:109d9000e90f500003003200040037001e30a0001d
:109da000020037001e40a000000000001e007800e6
:109db0000080fa00000006000400fa001007980076
:109dc000314980001e009000008f400002003700e3
:109dd0009e007800698f5000e0c020009e0078004f
:109de000808f5000faff3e001e007800104078007f
:109df0000080fa00000006000000fa0050ff070093
:109e00000080fb000000e9004f00de000040780009
:109e10000080fa00000006000000fa0066ff07005c
:109e20000080fb000000e9004f00de0000407800e9
:109e30000080fa00000006000000fa001011800007
:089e40000080fa00000006009a
:020000040000fa
:109e48000e0c00000400000082000000ffffff006d
:109e5800ff000000be0b0000200000008000000092
:109e6800360900000200000082000000ffff000029
:109e7800320900000400000080000000160c0000f9
:109e88000200000080000000380900000200000005
:109e9800800000003a090000020000008000000075
:109ea8003c09000002000000800000003e0900009c
:109eb80002000000800000004009000002000000cd
:109ec80080000000180c0000020000008000000064
:109ed8004209000002000000800000001a0c000087
:109ee8000200000080000000440900000200000099
:109ef80080000000fc0b0000120000008000000041
:109f0800240900000e000000800000001c0c000066
:109f18000200000080000000460900000200000066
:109f280080000000540a0000a60000008200000023
:109f38003030300030303000000075006e6b6e003d
:109f48006f776e0000312f00312f31003938300023
:109f580000000000000000000000000000000000f9
:109f680045433100375f3000303134005f30300016
:109f78003530300030303000303030003030300094
:109f88003030300030303000303030003030300089
:109f98003030570065737300657820004c6966009f
:109fa800742063006f204c007464000000626c0031
:109fb800616e6b000000000000000000000000005f
:109fc8000000000000000000535420003030000062
:109fd800535420003030000053542000303000002b
:109fe8005245430045495600454400000000000022
:109ff8000000000000000000000000000000000059
:10a008000000000000000000000000000000000048
:10a01800fa0a00004c00000080000000de08000082
:10a0280046000000820000005a002c00017f00005a
:10a0380000002c00010000002c010000005a000064
:10a0480000000f00000000000f000000002c0100bd
:10a0580000000100000100006400280000960000d4
:10a0680064002c00010a00000100b8000b01000088
:10a07800d00701000019000001003200000a0000aa
:10a08800050000000100000000080000de000000dc
:10a0980080000000de0b00001e00000082000000af
:10a0a800286e69006c29000025006800076c09000b
:10a0b8004c836a009074a0007ac000008068880011
:10a0c80000846c00820081001e0c00000200000069
:10a0d800800000004a0900000a0100008200000018
:10a0e800000102000407030006050000ffffff004f
:10a0f800ffffff00ffffff00ffffff00ffffff0064
:10a10800ffffff00ffffff00ffffff00ffffff0053
:10a11800ffffff00ffffff00ffffff00ffffff0043
:10a12800ffffff00ffffff00ffffff00ff00010030
:10a1380002030400050607000809ff00ffffff00ef
:10a14800ffffff000a0b0c000d0e0f00101112008c
:10a158001314150016171800191a1b001c1d1e00d1
:10a168001f2021002223ff00ffffff00ffff0a003e
:10a178000b0c0d000e0f1000111213001415160011
:10a18800171819001a1b1c001d1e1f002021220071
:10a1980023ffff00ffffff00ffffff00ffffff009f
:10a1a800ffffff00ffffff00ffffff00ffffff00b3
:10a1b800ffffff00ffffff00ffffff00ffffff00a3
:10a1c800ffffff00ffffff00ffffff00ffffff0093
:10a1d800ffffff00ffffff00ffffff00ffffff0083
:10a1e800ffffff00ffffff00ffffff00ffffff0073
:10a1f800ffffff00ffffff00ffffff00ffffff0063
:10a20800ffffff00ffffff00ffffff00ffffff0052
:10a21800ffffff00ffffff00ffffff00ffffff0042
:10a22800ffffff00ffffff00ffffff00ffffff0032
:10a23800ffffff00ffffff00ffffff00ffffff0022
:10a24800ffff0000460b00003c00000082000000f9
:10a2580001000300000000000000000000000000f2
:10a268000000c8002b00000000000000003e2b008a
:10a27800cc2c0000000000000000000000000000de
:10a2880000000000000000000000000000000000c6
:10a2980000000000000000000000000000000000b6
:10a2a800200c00000200000080000000820b00006b
:10a2b8003c000000820000000100030000000000d4
:10a2c80000000000000000000000c8002b00000093
:10a2d80000000000003e2b00cc2c00000000000015
:10a2e8000000000000000000000000000000000066
:10a2f8000000000000000000000000000000000056
:10a308000000000000000000120c00000400000023
:10a3180080000000220c0000020000008200000003
:10a3280001000000240c0000020000008000000072
:10a338004809000002000000800000000000000042
:020000040000fa
:10a348000000fa00ffff37000000fa00ffff3700a7
:10a358001600fa00881f78006000b8006011b80085
:10a368003007980041079800520798006307980043
:10a378006000b8006011b80070079800010f9800dd
:10a38800120f9800230f9800048024000510200065
:10a398000400be00ca010700008fbe00500520005f
:10a3a800a10a2000350107001e00be005801070061
:10a3b800404798004e4090000004a2000004e000ce
:10a3c80001003200deff07003023220011012000c7
:10a3d8003007980041079800605625004104200086
:10a3e80050079800610798003e009000ce0090004a
:10a3f8000001be001e00be0058010700404798003b
:10a408004e4090000084fb005e009000ee0090003b
:10a4180022002000030020003e024100ae824900d5
:10a428000001be000400be004c0107000080fb00d4
:10a438000000640000f0a7000000ea000000ea0045
:10a448004f00de00404798004e4090000004a200f4
:10a458000004e00001003200b9ff07000c0107000a
:10a468001e00be001e01070070079800010f98002b
:10a4780022002000030020003e004100ae80490079
:10a4880017010700100f9800210f98003e01900057
:10a49800ce0190007e0090008e089000800f510041
:10a4a800818f590007003a005e019000ee0190008c
:10a4b8001e089000ae089000800f5100818f59004f
:10a4c80001003200a0ff07004f0478000080fa0066
:10a4d800000006000e00fa00008024000110200091
:10a4e80077010700200798003107980050052000e1
:10a4f800a10a2000e10007002e009000be00900095
:10a5080003010700004f98000e4890000004a200c5
:10a518000004e0000100320089ff07006000b80075
:10a52800008fbe00110037002e009000be00900082
:10a538003e014000ae8148000200be001e01be0080
:10a5480006010700004f98000e4890000004a20082
:10a558000004e0000100320079ff0700220020001b
:10a56800030020001e0f41005e974900f03f2000c5
:10a57800010020001e01be00800f5100818f59008c
:10a58800e9ff3600c20007006000b800008fbe0077
:10a59800120037002e009000be0090003e014000df
:10a5a800ae8148000200be00cd00070050079800a9
:10a5b800610798005e009000ee009000be0f50000a
:10a5c800ae8f5800010032005fff07002200200014
:10a5d800030020001e0f41005e974900f03f200055
:10a5e800010020001e01be00800f5100818f59001c
:10a5f800e8ff36000080fa00000006000000fa00bc
:10a6080053ff0700b3ff07000080fa0000000600b0
:10a618000000fa0060c02100d00c8800f001200082
:10a62800e00c880000002800f00c880000052000dd
:10a63800000d8800d00c8000004078006740600062
:10a648000080fb00f04988000080fa000000060046
:10a658000000fa000080fa00000006000000fa007e
:10a668002104800000042000008060000000e00059
:10a6780002003200f6ff070084c0a9000080fa003b
:10a68800000006000000fa00f04980000040780051
:10a69800674060000080fb0067006000d20c80000b
:10a6a80081ff2f008100610001007000d00c88003c
:10a6b8000080fa00000006000000fa00d10c8000bb
:10a6c80080ff2f0000806000d00c88000080fa0016
:10a6d800000006000200fa00000f78009e007800d3
:10a6e800f10c88000080fa00000006000200fa0061
:10a6f800000f78009e007800010d88000080fa00a5
:10a70800000006000000fa00200480004600de0079
:10a71800614060000080fb0000f0a7000000ea0034
:10a728000000ea004f00de00004078000080fa00d8
:10a73800000006000400fa00100798001e009000b0
:10a74800e10f50000f003200e10f50000300390004
:10a75800e20f5000150032001e003700d00c8000b8
:10a768004400de00614060000080fb0000f0a700ac
:10a778000000ea000000ea004f00de00004f780009
:10a7880014003700d00c80004500de0061406000f6
:10a798000080fb0000f0a7000000ea000000ea00cb
:10a7a8004f00de00004f78000a003700d00c800010
:10a7b8004600de00614060000080fb0000f0a7005a
:10a7c8000000ea000000ea004f00de00004f7800b9
:10a7d800000000001e4078000080fa00000006001b
:10a7e8000200fa00000f78001e007800e10f500008
:10a7f80007003200e10f500003003900e20f50005b
:10a8080005003200060037009a81a90004003700cd
:10a818009aa1a900020037009ac1a900000000000f
:10a828000080fa00000006000000fa009cc1a800a1
:10a838000080fa00000006000000fa00e00c80002a
:10a848004600de00614060000080fb0000f0a700c9
:10a858000000ea000000ea004f00de000040780037
:10a868000080fa00000006000000fa009cc1a90060
:08a878000080fa000000060058
:020000040000fa
:10a880000000fe00e2c020000019780001097800f5
:10a89000000006000000fe000000eb008000eb005e
:10a8a000f8ff07006627ef00000006000000fe002a
:10a8b000801f7800811f7800e1c020000600fc00a6
:10a8c00031007800303b880011007800303b880070
:10a8d00061e7a8000000000000000000cf00780041
:10a8e0004f00780000000600a2028000a10288004c
:10a8f0009080ba001000ba00a20288000000060092
:10a90000a2028000a10288001000ba00a202880002
:10a91000000006000000fe0061e7af00feff370008
:10a92000f23f2000000161000c003a0022042400e4
:10a93000023b8800a2028000a10288000008bb0040
:10a94000585402000000000061e7af00feff37002e
:10a95000a20288001000200061a7af0000002000c4
:10a960000000060061e7af00feff37000000a7000f
:10a970000d003700a4028000a102880031002400ed
:10a98000013b88000208bb000388bb00585402004a
:10a990000000000061e7af00feff3700a40288005e
:10a9a0001000200061a7af0000002000000006009a
:10a9b00061e7af00feff37000000a7000e00370080
:10a9c00033002400033b8800a3028000a10288001a
:10a9d0000208bb00f20f20000288bb00585402009e
:10a9e0000000000061e7af00feff3700a30288000f
:10a9f0001000200061a7af0000002000000006004a
:10aa000061e7af00feff3700f3072000808161009f
:10aa100010003a0013002400033b8800a3028000ca
:10aa2000a1028800040420003208bb003298bb0059
:10aa30001400b100fcff3a0058540200000000006e
:10aa400061e7af00feff3700a3028800100020007e
:10aa500061a7af00000020000000060061e7af0022
:10aa6000feff3700f30720008081610011003a00eb
:10aa700013002400033b8800a3028000a102880089
:10aa800004042000f10f20003208bb000198bb0035
:10aa90001400b100fcff3a0058540200000000000e
:10aaa00061e7af00feff3700a3028800100020001e
:10aab00061a7af000000200000000600f23f200068
:10aac000000061000000060002c02f0000006100cd
:0caad000f2ff2f00810061000000060072
:020000040000fa
:10aadc000000fa00e0c02100800c8800f00120008a
:10aaec00900c880000002800a00c880000102000aa
:10aafc00b00c8800800c800000407800674060003b
:10ab0c000080fb00d04988008440a9009440a80034
:10ab1c000080fa00000006000000fa000080fa0035
:10ab2c00000006000000fa00d049800000407800c8
:10ab3c00674060000080fb0067006000820c8000b2
:10ab4c0081ff2f008100610001007000800c8800e3
:10ab5c000080fa00000006000000fa00810c800062
:10ab6c0080ff2f0000806000800c88000080fa00bd
:10ab7c00000006000200fa00000f78009e0078002a
:10ab8c00a10c88000080fa00000006000200fa0008
:10ab9c00000f78009e007800b10c88000080fa004d
:10abac00000006000000fa00200480004200de00d5
:10abbc00614060000080fb0000f0a7000000ea008c
:10abcc000000ea004f00de00004078000080fa0030
:10abdc00000006000400fa00100798001e00900008
:10abec00e10f50000f003200e10f5000030039005c
:10abfc00e20f5000150032001e003700800c800060
:10ac0c004400de00614060000080fb0000f0a70003
:10ac1c000000ea000000ea004f00de00004f780060
:10ac2c0014003700800c80004500de00614060009d
:10ac3c000080fb0000f0a7000000ea000000ea0022
:10ac4c004f00de00004f78000a003700800c8000b7
:10ac5c004600de00614060000080fb0000f0a700b1
:10ac6c000000ea000000ea004f00de00004f780010
:10ac7c00000000001e4078000080fa000000060072
:10ac8c000200fa00000f78001e007800e10f50005f
:10ac9c0007003200e10f500003003900e20f5000b2
:10acac0005003200060037009081a900040037002f
:10acbc0090a1a9000200370090c1a900000000007b
:10accc000080fa00000006000000fa0092c1a80003
:10acdc000080fa00000006000000fa00900c8000d2
:10acec004600de00614060000080fb0000f0a70021
:10acfc000000ea000000ea004f00de00004078008f
:10ad0c000080fa00000006000000fa0092c1a900c1
:08ad1c000080fa0000000600af
:020000040000fa
:10ad24000400fa00008fbe0007e2a9001e00be0066
:10ad340000004000818048000001be000090200017
:10ad4400d103200042d80700000078000000e90089
:10ad54002010880007e2a80000fa2000010020006b
:10ad6400540307000080fa00000006000000fa0007
:10ad74000602a8000000000030108000610060009e
:10ad84000000e000fcff3a000080fa00000006002a
:10ad94000000fa000642a800000000003010800005
:10ada400640060000000e000fcff3a000080fa004c
:10adb400000006000000fa000622a80000000000bf
:10adc40030108000620060000000e000fcff3a00e8
:10add4000080fa00000006000200fa00004f78002c
:10ade4001e80fb001010880000000000411080004d
:10adf40000002400008060000000e000fbff3a0037
:10ae040041108000000028000080600000f0a700ce
:10ae14000000ea000000e9004f00de000040780076
:10ae24000080fa00000006000400fa0020479800a1
:10ae34000662a8000000000040108000620060006c
:10ae44000000e000fcff320000108000004f78009a
:10ae54002e4090000004e000020032000040eb00ad
:10ae64000100370010c0b3000080fb0061006000e7
:10ae74004500dd00311080000150a1000100700088
:10ae8400301088000682a800000000003010800006
:10ae9400700060000000e000fcff3a001e407800f3
:10aea4000080fa00000006000000fa008003200081
:10aeb40020168800cc22ef0000002200a016880093
:10aec400a0d62000e0168800e422ef00ec22ef0078
:10aed400c0202000a0178800f06e2c000016880007
:10aee4000080eb0040168800a00021008016880036
:10aef40070eb2e00c0168800f03120000017880087
:10af0400e822ef0030102300801788005620ef005d
:10af14005820ef005a20ef005c20ef005e20ef0085
:10af24006020ef006e20ef007020ef007220ef0031
:10af34007420ef007620ef007820ef00c622ef00a7
:10af4400ce22ef00d622ef00de22ef00e622ef0051
:10af5400ee22ef00f622ef00e024ef00c03f2000d5
:10af640010278800e424ef0000c020003027880068
:10af74000020200040278800ec24ef00113a8000d4
:10af8400f00b2000008160006004200071052000a7
:10af94002374200080497800814978008249780030
:10afa400a1368000f00f2c0080806000003021006a
:10afb40001007000a03688002135800000fc2f00bd
:10afc400008060003001b30020358800d136800055
:10afd400f00f2c0080806000003020000100700021
:10afe400d03688001136800000fc2f0000806000fd
:10aff4002001b30010368800103a80000001780068
:10b004000260a00060042000710520002374200069
:10b014008049780081497800824978000080fa00ec
:10b02400000006000000fa000a21ef00c0302000f2
:10b03400700888000003280090088800c049800038
:10b044000000e00002003a00c0862500240007004a
:10b054008500a9009500a80060c120008040eb0095
:10b06400014878000080fa00000006000200fa009f
:10b07400000f78009e0078007108880060c12000ed
:10b084008040eb00014878000080fa0000000600d0
:10b094000000fa00700880000080fa00000006003a
:10b0a4000200fa00000f78009e0078005108880022
:10b0b40060c120008040eb00014878000080fa0065
:10b0c400000006000000fa00500880000080fa002a
:10b0d400000006000000fa000080fa0000000600ec
:10b0e4000200fa00000f78009500a9009e00780085
:10b0f400c14988009500a8000080fa0000000600fd
:10b104000000fa0060c120008040eb000148780094
:10b114009500a80013e1a8000080fa0000000600d2
:10b124000000fa0013e1a9009500a9000080fa00cc
:10b13400000006000200fa0060c12000104f7800f1
:10b144001e4078000004e0000300320060c12000cb
:10b154008040eb00014878001e4078000080fa002f
:10b16400000006000000fa0070c1200010407800c2
:10b174000080fb000080fa00000006000000fa00d6
:10b1840070c120008040eb00014878000080fa0084
:10b19400000006000000fa000621ef00908621005e
:10b1a400600888000002280080088800104a800097
:10b1b4000000e00002003a0040922500240007004d
:10b1c40084e0a90094e0a80080c120008040eb0046
:10b1d400014878000080fa00000006000200fa002e
:10b1e400000f78009e0078006108880080c120006c
:10b1f4008040eb00014878000080fa00000006005f
:10b204000000fa00600880000080fa0000000600d8
:10b214000200fa00000f78009e00780031088800d0
:10b2240080c120008040eb00014878000080fa00d3
:10b23400000006000000fa00300880000080fa00d8
:10b24400000006000000fa000080fa00000006007a
:10b254000200fa00000f780094e0a9009e00780034
:10b26400114a880094e0a8000080fa00000006005b
:10b274000000fa0080c120008040eb000148780003
:10b2840094e0a80011e1a8000080fa000000060084
:10b294000000fa0011e1a90094e0a9000080fa007e
:10b2a400000006000200fa0080c12000104f780060
:10b2b4001e4078000004e0000300320080c120003a
:10b2c4008040eb00014878001e4078000080fa00be
:10b2d400000006000000fa0090c120001040780031
:10b2e4000080fb000080fa00000006000000fa0065
:10b2f40090c120008040eb00014878000080fa00f3
:10b30400000006000000fa000021ef00f07c20009d
:10b31400100888000000280020088800204a8000c7
:10b324000000e00002003a00c09d25002400070050
:10b334008460a9009460a800a0c120008040eb00b4
:10b34400014878000080fa00000006000200fa00bc
:10b35400000f78009e00780011088800a0c120002a
:10b364008040eb00014878000080fa0000000600ed
:10b374000000fa00100880000080fa0000000600b7
:10b384000200fa00000f78009e007800010888008f
:10b39400a0c120008040eb00014878000080fa0042
:10b3a400000006000000fa00000880000080fa0097
:10b3b400000006000000fa000080fa000000060009
:10b3c4000200fa00000f78009460a9009e00780043
:10b3d400214a88009460a8000080fa00000006005a
:10b3e4000000fa00a0c120008040eb000148780072
:10b3f4009460a80005e1a8000080fa00000006009f
:10b404000000fa0005e1a9009460a9000080fa0098
:10b41400000006000200fa00a0c12000104f7800ce
:10b424001e4078000004e00003003200a0c12000a8
:10b434008040eb00014878001e4078000080fa004c
:10b44400000006000000fa00b0c12000104078009f
:10b454000080fb000080fa00000006000000fa00f3
:10b46400b0c120008040eb00014878000080fa0061
:10b47400000006000000fa001421ef0080d0230031
:10b48400d008880000032800f0088800304a8000b3
:10b494000000e00002003a0040a925002400070053
:10b4a4008760a9009760a800c0c120008040eb001d
:10b4b400014878000080fa00000006000200fa004b
:10b4c400000f78009e007800d1088800c0c12000d9
:10b4d4008040eb00014878000080fa00000006007c
:10b4e4000000fa00d00880000080fa000000060086
:10b4f4000200fa00000f78009e007800a10888007e
:10b50400c0c120008040eb00014878000080fa00b0
:10b51400000006000000fa00a00880000080fa0085
:10b52400000006000000fa000080fa000000060097
:10b534000200fa00000f78009760a9009e007800ce
:10b54400314a88009760a8000080fa0000000600d5
:10b554000000fa00c0c120008040eb0001487800e0
:10b564009760a8001fe1a8000080fa000000060010
:10b574000000fa001fe1a9009760a9000080fa000a
:10b58400000006000200fa00c0c12000104f78003d
:10b594001e4078000004e00003003200c0c1200017
:10b5a4008040eb00014878001e4078000080fa00db
:10b5b400000006000000fa00d0c12000104078000e
:10b5c4000080fb000080fa00000006000000fa0082
:10b5d400d0c120008040eb00014878000080fa00d0
:10b5e400000006000000fa0030402000000a880035
:10b5f400c0002000100a8800000a80000040780083
:10b60400674060000080fb00004a88000080fa0068
:10b61400000006000000fa000080fa0000000600a6
:10b624000000fa0020048000620060000000e000d6
:10b6340002003200f7ff07008420a9000080fa000e
:10b64400000006000000fa00004a80000040780074
:10b65400674060000080fb0067006000020a800011
:10b6640081ff2f008100610001007000000a880042
:10b674000080fa00000006000000fa00010a8000c1
:10b6840080ff2f0000806000000a88000080fa001c
:10b69400000006000000fa00200a80000080fa0082
:10b6a400000006000000fa0042c1a8000080fa0071
:10b6b400000006000000fa00100a80004600de00c8
:10b6c400614060000080fb0000f0a7000000ea0079
:10b6d4000000ea004f00de00004078000080fa001d
:10b6e400000006000000fa0042c1a9000080fa0030
:10b6f400000006000000fa00000a80004400de009a
:10b70400614060000080fb0000f0a7000000ea0038
:10b714000000ea004f00de00004078000080fa00dc
:10b72400000006000000fa00000a800068006000c3
:10b7340000f0a7000000ea000000e9004f00de006e
:10b74400004078000080fa00000006000000fa00c3
:10b7540021068000f0f82f00008060000040a00067
:10b76400200688005105800080ff2f0000806000c3
:10b774000000a0005005880041058000f0ff28006b
:10b784000080600000c0a0004005880051058000d2
:10b79400f0f82f00008060000050a00050058800e1
:10b7a40061058000f0f82f00808060000005200013
:10b7b40001007000600588006105800080ff2f0093
:10b7c400008060005000b30060058800e10580003f
:10b7d400f08f2f000080600000a0a000e00588002a
:10b7e400e1058000f0f82f00008060000060a000f8
:10b7f400e005880081058000f0ff2800808060005b
:10b8040000002300010070008005880021058000ed
:10b81400f08f2f0080806000005020000100700035
:10b82400200588004105800080ff2f000080600013
:10b834003000b3004005880031058000f0ff280087
:10b844008080600000002300010070003005880043
:10b8540021058000f0ff28000080600000d0a000d7
:10b86400200588000080fa00000006000000fa00ad
:10b8740040002800001a880080432000101a880025
:10b8840010002000201a88004823ef0000f227004f
:10b89400701a8800403f2000801a88005223ef006d
:10b8a4005423ef005623ef005823ef006023ef00ea
:10b8b4006223ef006423ef00de24ef00a0c625001e
:10b8c4000600070095a0a8000080fa00000006000a
:10b8d4000000fa000080fa00000006000200fa00ee
:10b8e400000f78001e007800e04988000080fa000c
:10b8f400000006000000fa004023a8000080fa00bf
:10b90400000006000000fa004023a9000080fa00ad
:10b91400000006000800fa0030079800101a8000a2
:10b924004200de007f4060000080fb00200798009a
:10b9340000302000100798000000eb00000f780092
:10b944000b0037001e00780000004000be0090008d
:10b95400008040009e00900091007800010878006b
:10b964001e0090000080e800100798001e0fe800f9
:10b974009e0078002e009000808f5000f1ff36006a
:10b984001e0078000080fa00000006000200fa00a1
:10b99400000f78000300370000fa200001002000a7
:10b9a400440007001e00780000f0a7000000ea0031
:10b9b4000000ea004f00de00004078001e0fe9009e
:10b9c4000004e000f4ff3a000080fa0000000600e2
:10b9d4000200fa00000f780005003700000820007c
:10b9e400010020003300070001fe2f001e8f4000dd
:10b9f4001e007800ff0f5000f8ff3e0003003700e0
:10ba040040002000010020002a0007001e007800ea
:10ba140000f0a7000000ea000000ea004f00de008a
:10ba2400004078001e0fe9000004e000f4ff3a0033
:08ba34000080fa00000006008a
:020000040000fa
:10ba3c000000fa001afd070052f5070041ff07004d
:10ba4c006cf7070022fc070088fe0700cffd0700fb
:10ba5c00eaf40700b0fc070082ff07006ffd070047
:10ba6c00eafa0700ddfe070024fe07000080fa005a
:10ba7c00000006000200fa00000f78009e0078001b
:10ba8c00b14988000000fe000080fa0000000600aa
:10ba9c000000fa00e0bb20008007780060bd2000a9
:0cbaac00000188000080fa000000060085
:020000040000fa
:10bab800f03fb1000180b10006003500ee03090037
:10bac80000000000403fb1000180b100fbff3d00d5
:10bad8001000b000203fb0000200350000800900cf
:08bae800000000000000060050
:020000040000fa
:10baf000809fbe00ec80570031007800904988009c
:10bb00001100780034e9b7004f00be0000000600c5
:020000040000fa
:020000040002f8
:04aff000ffff00005f
:020000040000fa
:020000040002f8
:04aff400fffe00005c
:020000040000fa
:020000040002f8
:04aff8009f7f000037
:020000040000fa
:020000040002f8
:04affc00803f000092
:00000001FF
