:020000040000fa
:080000000002040000000000f2
:020000040000fa
:0400080030050000bf
:020000040000fa
:04000c0044030000a9
:020000040000fa
:040010008603000063
:020000040000fa
:040014006403000081
:020000040000fa
:04001800a60300003b
:020000040000fa
:04001c0030050000ab
:020000040000fa
:0400200030050000a7
:020000040000fa
:0400240030050000a3
:020000040000fa
:04002800300500009f
:020000040000fa
:04002c00300500009b
:020000040000fa
:040030003005000097
:020000040000fa
:040034007204000052
:020000040000fa
:04003800300500008f
:020000040000fa
:04003c00300500008b
:020000040000fa
:040040003005000087
:020000040000fa
:040044003c04000078
:020000040000fa
:04004800c6030000eb
:020000040000fa
:04004c00300500007b
:020000040000fa
:040050003005000077
:020000040000fa
:04005400c6040000de
:020000040000fa
:04005800a8040000f8
:020000040000fa
:04005c00fc030000a1
:020000040000fa
:040060003005000067
:020000040000fa
:040064003005000063
:020000040000fa
:04006800300500005f
:020000040000fa
:04006c00300500005b
:020000040000fa
:040070003005000057
:020000040000fa
:040074003005000053
:020000040000fa
:04007800300500004f
:020000040000fa
:04007c00300500004b
:020000040000fa
:040080003005000047
:020000040000fa
:040084003005000043
:020000040000fa
:04008800300500003f
:020000040000fa
:04008c00300500003b
:020000040000fa
:040090003005000037
:020000040000fa
:04009400fa0400006a
:020000040000fa
:04009800300500002f
:020000040000fa
:04009c00300500002b
:020000040000fa
:0400a0003005000027
:020000040000fa
:0400a4003005000023
:020000040000fa
:0400a800300500001f
:020000040000fa
:0400ac00300500001b
:020000040000fa
:0400b0003005000017
:020000040000fa
:0400b4003005000013
:020000040000fa
:0400b800300500000f
:020000040000fa
:0400bc00300500000b
:020000040000fa
:0400c0003005000007
:020000040000fa
:0400c4003005000003
:020000040000fa
:0400c80030050000ff
:020000040000fa
:0400cc0030050000fb
:020000040000fa
:0400d00030050000f7
:020000040000fa
:0400d40030050000f3
:020000040000fa
:0400d80030050000ef
:020000040000fa
:0400dc0030050000eb
:020000040000fa
:0400e00030050000e7
:020000040000fa
:0400e40030050000e3
:020000040000fa
:0400e80030050000df
:020000040000fa
:0400ec0030050000db
:020000040000fa
:0400f00030050000d7
:020000040000fa
:0400f40030050000d3
:020000040000fa
:0400f80030050000cf
:020000040000fa
:0400fc0030050000cb
:020000040000fa
:0401000030050000c6
:020000040000fa
:0401040030050000c2
:020000040000fa
:0401080030050000be
:020000040000fa
:04010c0030050000ba
:020000040000fa
:0401100030050000b6
:020000040000fa
:0401140030050000b2
:020000040000fa
:0401180030050000ae
:020000040000fa
:04011c0030050000aa
:020000040000fa
:0401200030050000a6
:020000040000fa
:0401240030050000a2
:020000040000fa
:04012800300500009e
:020000040000fa
:04012c00e4040000e7
:020000040000fa
:040130003005000096
:020000040000fa
:040134003005000092
:020000040000fa
:04013800300500008e
:020000040000fa
:04013c00300500008a
:020000040000fa
:040140003005000086
:020000040000fa
:040144003005000082
:020000040000fa
:04014800300500007e
:020000040000fa
:04014c00300500007a
:020000040000fa
:040150003005000076
:020000040000fa
:040154003005000072
:020000040000fa
:04015800300500006e
:020000040000fa
:04015c00300500006a
:020000040000fa
:040160003005000066
:020000040000fa
:040164003005000062
:020000040000fa
:04016800300500005e
:020000040000fa
:04016c00300500005a
:020000040000fa
:040170003005000056
:020000040000fa
:040174003005000052
:020000040000fa
:04017800300500004e
:020000040000fa
:04017c00300500004a
:020000040000fa
:040180003005000046
:020000040000fa
:040184003005000042
:020000040000fa
:04018800300500003e
:020000040000fa
:04018c00300500003a
:020000040000fa
:040190003005000036
:020000040000fa
:040194003005000032
:020000040000fa
:04019800300500002e
:020000040000fa
:04019c00300500002a
:020000040000fa
:0401a0003005000026
:020000040000fa
:0401a4003005000022
:020000040000fa
:0401a800300500001e
:020000040000fa
:0401ac00300500001a
:020000040000fa
:0401b0003005000016
:020000040000fa
:0401b4003005000012
:020000040000fa
:0401b800300500000e
:020000040000fa
:0401bc00300500000a
:020000040000fa
:0401c0003005000006
:020000040000fa
:0401c4003005000002
:020000040000fa
:0401c80030050000fe
:020000040000fa
:0401cc0030050000fa
:020000040000fa
:0401d00030050000f6
:020000040000fa
:0401d40030050000f2
:020000040000fa
:0401d80030050000ee
:020000040000fa
:0401dc0030050000ea
:020000040000fa
:0401e00030050000e6
:020000040000fa
:0401e40030050000e2
:020000040000fa
:0401e80030050000de
:020000040000fa
:0401ec0030050000da
:020000040000fa
:0401f00030050000d6
:020000040000fa
:0401f40030050000d2
:020000040000fa
:0401f80030050000ce
:020000040000fa
:0401fc0030050000ca
:020000040000fa
:0402080030050000bd
:020000040000fa
:04020c0044030000a7
:020000040000fa
:040210008603000061
:020000040000fa
:04021400640300007f
:020000040000fa
:04021800a603000039
:020000040000fa
:04021c0030050000a9
:020000040000fa
:0402200030050000a5
:020000040000fa
:0402240030050000a1
:020000040000fa
:04022800300500009d
:020000040000fa
:04022c003005000099
:020000040000fa
:040230003005000095
:020000040000fa
:040234007204000050
:020000040000fa
:04023800300500008d
:020000040000fa
:04023c003005000089
:020000040000fa
:040240003005000085
:020000040000fa
:040244003c04000076
:020000040000fa
:04024800c6030000e9
:020000040000fa
:04024c003005000079
:020000040000fa
:040250003005000075
:020000040000fa
:04025400c6040000dc
:020000040000fa
:04025800a8040000f6
:020000040000fa
:04025c00fc0300009f
:020000040000fa
:040260003005000065
:020000040000fa
:040264003005000061
:020000040000fa
:04026800300500005d
:020000040000fa
:04026c003005000059
:020000040000fa
:040270003005000055
:020000040000fa
:040274003005000051
:020000040000fa
:04027800300500004d
:020000040000fa
:04027c003005000049
:020000040000fa
:040280003005000045
:020000040000fa
:040284003005000041
:020000040000fa
:04028800300500003d
:020000040000fa
:04028c003005000039
:020000040000fa
:040290003005000035
:020000040000fa
:04029400fa04000068
:020000040000fa
:04029800300500002d
:020000040000fa
:04029c003005000029
:020000040000fa
:0402a0003005000025
:020000040000fa
:0402a4003005000021
:020000040000fa
:0402a800300500001d
:020000040000fa
:0402ac003005000019
:020000040000fa
:0402b0003005000015
:020000040000fa
:0402b4003005000011
:020000040000fa
:0402b800300500000d
:020000040000fa
:0402bc003005000009
:020000040000fa
:0402c0003005000005
:020000040000fa
:0402c4003005000001
:020000040000fa
:0402c80030050000fd
:020000040000fa
:0402cc0030050000f9
:020000040000fa
:0402d00030050000f5
:020000040000fa
:0402d40030050000f1
:020000040000fa
:0402d80030050000ed
:020000040000fa
:0402dc0030050000e9
:020000040000fa
:0402e00030050000e5
:020000040000fa
:0402e40030050000e1
:020000040000fa
:0402e80030050000dd
:020000040000fa
:0402ec0030050000d9
:020000040000fa
:0402f00030050000d5
:020000040000fa
:0402f40030050000d1
:020000040000fa
:0402f80030050000cd
:020000040000fa
:0402fc0030050000c9
:020000040000fa
:0403000030050000c4
:020000040000fa
:0403040030050000c0
:020000040000fa
:0403080030050000bc
:020000040000fa
:04030c0030050000b8
:020000040000fa
:0403100030050000b4
:020000040000fa
:0403140030050000b0
:020000040000fa
:0403180030050000ac
:020000040000fa
:04031c0030050000a8
:020000040000fa
:0403200030050000a4
:020000040000fa
:0403240030050000a0
:020000040000fa
:04032800300500009c
:020000040000fa
:04032c00e4040000e5
:020000040000fa
:040330003005000094
:020000040000fa
:040334003005000090
:020000040000fa
:04033800300500008c
:020000040000fa
:04033c003005000088
:020000040000fa
:040340003005000084
:020000040000fa
:040344003005000080
:020000040000fa
:04034800300500007c
:020000040000fa
:04034c003005000078
:020000040000fa
:040350003005000074
:020000040000fa
:040354003005000070
:020000040000fa
:04035800300500006c
:020000040000fa
:04035c003005000068
:020000040000fa
:040360003005000064
:020000040000fa
:040364003005000060
:020000040000fa
:04036800300500005c
:020000040000fa
:04036c003005000058
:020000040000fa
:040370003005000054
:020000040000fa
:040374003005000050
:020000040000fa
:04037800300500004c
:020000040000fa
:04037c003005000048
:020000040000fa
:040380003005000044
:020000040000fa
:040384003005000040
:020000040000fa
:04038800300500003c
:020000040000fa
:04038c003005000038
:020000040000fa
:040390003005000034
:020000040000fa
:040394003005000030
:020000040000fa
:04039800300500002c
:020000040000fa
:04039c003005000028
:020000040000fa
:0403a0003005000024
:020000040000fa
:0403a4003005000020
:020000040000fa
:0403a800300500001c
:020000040000fa
:0403ac003005000018
:020000040000fa
:0403b0003005000014
:020000040000fa
:0403b4003005000010
:020000040000fa
:0403b800300500000c
:020000040000fa
:0403bc003005000008
:020000040000fa
:0403c0003005000004
:020000040000fa
:0403c4003005000000
:020000040000fa
:0403c80030050000fc
:020000040000fa
:0403cc0030050000f8
:020000040000fa
:0403d00030050000f4
:020000040000fa
:0403d40030050000f0
:020000040000fa
:0403d80030050000ec
:020000040000fa
:0403dc0030050000e8
:020000040000fa
:0403e00030050000e4
:020000040000fa
:0403e40030050000e0
:020000040000fa
:0403e80030050000dc
:020000040000fa
:0403ec0030050000d8
:020000040000fa
:0403f00030050000d4
:020000040000fa
:0403f40030050000d0
:020000040000fa
:0403f80030050000cc
:020000040000fa
:0403fc0030050000c8
:020000040000fa
:100400002fca20000e7f22000e018800000000008d
:10041000000020000000e000020032000001200087
:100420002002880014000700400207000000e000de
:1004300003003a00e01d2600010020000200370002
:100440000000200001002000810f70000100320038
:1004500014000700000020000000e000020032004d
:100460000000020000000000664c020000000000d6
:100470000040da000000fe004440a90020502000a7
:100480000000e000030032000020200090018800fe
:100490004440a800000006008a1f78008b1f7800e7
:1004a00000000600a1028800800478000000eb0034
:1004b0001f003700e284440054a0b4009905ba003c
:1004c000e284440054a0b4009906ba00e2844400d7
:1004d00054a0b4000006eb00476fde00fd07b20039
:1004e000ae018800636ce10003003a00eaff0700f8
:1004f0000000eb000e003700606ce10008003a00dd
:10050000004deb000a05e800020039003420ec0041
:100510000af0a0008b05e900f9ff3e000400370057
:100520006168e100010032000086eb000b0007006b
:1005300019c7ba001905ba000e04e00003003a001a
:100540000a00e000dbff3a0000000600fe07b200f0
:10055000ae0288008a047800f5ff37000cd0a300b3
:10056000e20f4d001c00390089027800354dba00b9
:100570000a05e800020039003420ec000af0a0006f
:100580008b05e9000f003200254dba000a05e8008e
:10059000020039003420ec000af0a0008b05e900cd
:1005a000080032000c00e0000600320015cdba0051
:1005b0000a05e800020039003420ec000af0a0002f
:1005c0008b05e9008984e80054a0b4000b00e0002a
:1005d000e2ff3a00000006009902ba00055d7800cb
:1005e0008b05e900f7ff3200c82ade00055d7800c0
:1005f0008b05e900f3ff32000c00e000f1ff320050
:1006000019ddba00eeff3700aa6a040000000000fe
:10061000186e040000000000626b0400000000007f
:100620001a6c040000000000405c040000000000a0
:10063000905c040000000000d26c04000000000088
:100640000244040000000000c41804000000000080
:100650001e32040000000000fc3304000000000013
:10066000a83204000000000018330400000000005d
:10067000ac33040000000000000004000000000093
:100680001e320400000000003600f800809fbe000b
:10069000829fbe00849fbe00869fbe000000fa00bd
:1006a0008020a9000000eb000e3607000080fa0051
:1006b0004f03be004f02be004f01be004f00be0000
:1006c0003600f900004006003600f800809fbe00aa
:1006d000829fbe00849fbe00869fbe000000fa007d
:1006e000073607008040a90010002000fd350700f4
:1006f0000080fa004f03be004f02be004f01be0053
:100700004f00be003600f900004006003600f80039
:10071000809fbe00829fbe00849fbe00869fbe0059
:100720000000fa008060a90020002000ed350700dd
:100730000080fa004f03be004f02be004f01be0012
:100740004f00be003600f900004006003600f800f9
:10075000809fbe00829fbe00849fbe00869fbe0019
:100760000000fa008080a90030002000dd3507007d
:100770000080fa004f03be004f02be004f01be00d2
:100780004f00be003600f900004006003600f800b9
:10079000809fbe00829fbe00849fbe00869fbe00d9
:1007a0000000fa00404d80000000e000020032002e
:1007b000404d80000000010030c92000104078004a
:1007c0008040e80030c920000148780020c920009e
:1007d00011c0b300014878008500a9000080fa002c
:1007e0004f03be004f02be004f01be004f00be00cf
:1007f0003600f900004006003600f800809fbe0079
:10080000829fbe00849fbe00869fbe003200f8001b
:100810003400f80010002000a00188000020200013
:10082000900188000000fa002104800000002200ee
:10083000008060000000e00006003200604d800093
:100840000000e00002003200604d80000000010066
:1008500085a0a9000080fa003400f9003200f900f8
:100860004f03be004f02be004f01be004f00be004e
:100870003600f900004006003600f800809fbe00f8
:10088000829fbe00849fbe00869fbe000000fa00cb
:10089000904d80000000e00002003200904d80008a
:1008a0000000010050c92000104078008040e8009e
:1008b00050c920000148780040c9200011c0b30091
:1008c0000148780084e0a9000080fa004f03be00d0
:1008d0004f02be004f01be004f00be003600f900bf
:1008e000004006003600f800809fbe00829fbe00d8
:1008f000849fbe00869fbe000000fa00a04d8000cd
:100900000000e00002003200a04d80000000010065
:1009100070c92000104078008040e80070c92000b5
:100920000148780060c9200011c0b3000148780078
:100930008460a9000080fa004f03be004f02be0091
:100940004f01be004f00be003600f9000040060017
:100950003600f800809fbe00829fbe00849fbe00cc
:10096000869fbe000000fa00f04c800000000100ed
:100970000080fa004f03be004f02be004f01be00d0
:100980004f00be003600f900004006003600f800b7
:10099000809fbe00829fbe00849fbe00869fbe00d7
:1009a0000000fa00004d8000000001000080fa0005
:1009b0004f03be004f02be004f01be004f00be00fd
:1009c0003600f90000400600801f78000000fa00a1
:1009d00010118000620060000000e00001003200a1
:1009e0002222a9008c20a9000080fa004f00780084
:1009f000004006003600f800809fbe00829fbe00c7
:100a0000849fbe00869fbe000000fa00b04d8000ab
:100a10000000e00002003200b04d80000000010044
:100a200090c92000104078008040e80090c9200064
:100a30000148780080c9200011c0b3000148780047
:100a40008760a9000080fa004f03be004f02be007d
:100a50004f01be004f00be003600f9000040060006
:100a60000040da000000fe000a00fa000000e0008a
:100a700037003a00f3648000e18f51000300320038
:100a8000e28f51000e003a000900370000222000da
:100a90000000e00001003a000040da002002e2001d
:100aa0000b0035002822ef0021e2a80008003700e3
:100ab000002320000000e00001003a000040da00be
:100ac0003002e200020035003822ef0031e2a800d7
:100ad000020078001a003700040a2000e18f51005c
:100ae0000b003a00030037000402e90002003a005c
:100af00003003700040a20002202ab00faff320094
:100b000014118000050037000402e90002003200e1
:100b10003202ab00fcff32009411800061026200df
:100b200009003200e18f510002003a0034118000c8
:100b300001003700b4118000845878000000e900fb
:100b40000000e000e4ff3a00000051000800370018
:100b500023002000b3bf9f00c0bf9f00d1bf9f00f4
:100b6000e2bf9f006a8057008d1807006fb897009a
:100b70000080fa00000006000a00fa0011002000c0
:100b8000b1bf9f00c0bf9f006a8057008618070052
:100b90004fb897000080fa00000006000a00fa0033
:100ba000e20f500034003e00f0648000e10f50007e
:100bb00003003200e20f500011003a000c00370031
:100bc000032220000300e00001003a000040da00a8
:100bd0002002e200020035002822ef0021e2a800f6
:100be0002342ab000d003a002342a8000b0037005f
:100bf000032320000300e00001003a000040da0077
:100c00003002e200020035003822ef0031e2a80095
:100c10003342ab0001003a003342a8008201780061
:100c20000b0037003102fb00e10f500004003a00d6
:100c30002322ab00feff3a00241188000300370096
:100c40003322ab00feff3a00a41188008301e900c3
:100c50000300e000f3ff3a00e10f500003003a0008
:100c60002302ab00feff32000b0037003302ab0063
:100c7000feff32000800370033002000b3bf9f00a2
:100c8000c0bf9f00d1bf9f00e2bf9f006a80570096
:100c9000471807006fb99700020078000080fa003b
:100ca00000000600889fbe00800478000065800078
:100cb0000000e00005003a000000eb000e00070015
:100cc0000084eb000000e0000800350008658000ab
:100cd0000900e0000500320009004400060007009a
:100ce0000000e00001003d000084eb0008007800f7
:100cf0004f04be0000000600800078000100e00004
:100d000003003a0000002000006588000000050094
:100d10000080eb0002002000828f500002003e00a5
:100d2000016588000000eb000000060000000500df
:100d3000140020009a033700f4ff2f0098033700b7
:100d40000001be001c0007000470a70003f0a10012
:100d500003f8a30013003a006509b1001000320047
:100d6000090035006928e100020035000100280073
:100d70000000050000004000818048008502e90075
:100d8000fcff3a0000000600f88f42000500350025
:100d90008100d1000080d3008502e800fcff3a000a
:100da000000006008000eb00000005004f89de0017
:100db0008201780095033700c70ade00f107b20010
:100dc000f50fb20008003200e1cf4200020032000d
:100dd0000170a00024000500810f700001003200a6
:100de0000408050044000500810f700002003a006d
:100df000140005008502e9000000400081c04800a1
:100e0000fcff3b000170a000240005006022b80038
:100e1000060220000000d0008180d2000482d200af
:100e20008582d2000000a0000202520083825a0094
:100e3000030031000202420083824a000000a10048
:100e40000603e900f3ff3a000000060007f8270058
:100e5000078361000638e10004003a00f70720002c
:100e6000878361008703710001003a0003f0a2004c
:100e7000889fbe008a9fbe008c9fbe00470ade008e
:100e80000480a100c71ade000580a1000700280029
:100e90000785600087856100f70f20000720e100cb
:100ea0009e0032000728e1009c0032000106780015
:100eb0000400e000b4003200f707200087806000e3
:100ec0000170a0000500e000c0003200f70720001c
:100ed000878161000370a000050652000f003a00f0
:100ee0000b50e1000b0032000308e10002003a0061
:100ef0000200e1007e0032000204500083845800aa
:100f0000040031000001fd008101fd008402fd00ac
:100f10008a05fd006044b800210037000520e1008b
:100f200005003d000001fd008101fd008402fd007f
:100f30008a05fd00050652007a60e10005003500d3
:100f40000170a1004722dd00848070008a8070005b
:100f5000630037006044b800ef02660007ff2f000f
:100f6000070666000500e00006003400f08312006a
:100f70008714dd000511de00071bdd00060171008e
:100f80008519de007060e100050035000904780075
:100f900082047800030178008001eb00700656009f
:100fa0000b50e10003003a0002004000838048003b
:100fb0000400370060041400e0841c0002005800a4
:100fc000838058000188a300060032008100d10010
:100fd0000080d3008984d3000884d3000402e80091
:100fe000270037000178a30025003a000100e00047
:100ff000030032008186cf00698656000a00370060
:101000008c0020000000e00004003a000900780095
:10101000880478000004eb00700252008086cf0044
:101020000d0646000c06e9007060e1000600350080
:101030008000780009007800880478000004eb0044
:1010400070065600700252000c00e0000c003400e4
:101050008c08dd00f00316000703de0086807000b8
:101060000c00dd00074bde00060070008c4cdd003c
:101070000743de00868474000c44dd000c0252003d
:101080006120e100200035006101600007002800b8
:1010900087816400f7ff27008783640007037400db
:1010a0000300e000060032008203730004003200f7
:1010b0000000e800e08048000188a3000e003a002c
:1010c000f70f20000720e1004a003d000170a10059
:1010d0004722dd00810072008a8070000000be009f
:1010e0004f06be004f05be004f04be0000000600c4
:1010f0006000b800faff37008100d1000080d30003
:101100000402e800eeff3700040178008901740052
:10111000a10107008a807000f1ff3700f701070086
:10112000070278000001fd008101fd00f3010700c6
:1011300087027800850372000778a300040032005c
:101140000001fd008101fd0006020700e4ff3700f9
:10115000850362000768a300080032000b50e1001d
:1011600003003200f0ff2f00f1ff2700dcff370003
:101170000001fd008101fd00d9ff37000468a300d4
:10118000d7ff3200faff3700f8ff2700888360009e
:101190000b003a000000e00009003a0083036400fd
:1011a00082837300020032000200be00ccff3700d1
:1011b0000b50e100ceff3a000200be00c8ff37002e
:1011c00014002000810064003eff3700f8ff270074
:1011d0008883610004003a000200e00002003a0047
:1011e0008c007800beff37001500200083016400ea
:1011f00039ff370001f8270000002000810075004a
:10120000b7ff3700889fbe008a9fbe008c9fbe003c
:101210001b0020000202be000586680006002800b0
:10122000060666004709de00f20fb20082003200b7
:101230000243e80080003200c729de00f30fb2004d
:101240007d0032000343e8007b003200f107b2006a
:101250000170a000f507b2000570a000c708dd000e
:101260004903de00868070004700dd00c72add00ec
:101270004923de00868272004722dd00030551000b
:101280000403500085835800030031000000400033
:10129000818048000a05e9008c1f78008a9fbe0003
:1012a00004005000858058000402420085824a00f4
:1012b00000004000818048000005eb000004be00f3
:1012c0006033b8000406be000d48e100560031004e
:1012d000110009004dccd8000c01b8000d02b80077
:1012e0008481410060824a008283530003045c00d1
:1012f00084845c0060055d000a00e00025003a007f
:10130000800578000d40e100490031008800780038
:1013100007007800110009004d88d8000c01b800c2
:101320000d02b8008481410060824a006003110010
:1013300083835b0004045c00e0845c000900e0003f
:1013400021003a004f01be000300e0002b003200f4
:10135000e3016000070673008c8171000100320018
:10136000640070004200de004e5edd000c00700084
:10137000c258de0001e0a00083010700cf01780021
:10138000818071004f06be004f05be004f04be00b5
:10139000000006008c8343000d044c00e0844c00e8
:1013a00060054d000000e9000a00e000d4ff3200b3
:1013b0008c8343000d044c00e0844c0060054d001c
:1013c0000000e900ceff37000c0343008d834b0083
:1013d00060044c00e0844c000000e9000900e000db
:1013e000d8ff32000c0343008d834b0060044c0097
:1013f000e0844c000000e900d2ff37004200de002c
:101400004e5edd000c007000c258de0001e0a0005e
:10141000cf0178000300e000daff32006000100026
:10142000e0801800d7ff3700f0ff2f00aaff370039
:10143000f0ff2f00b9ff37000404be002f010700a2
:10144000870678000004fd008104fd002b010700e1
:10145000078366000678a300030032000960a70036
:101460000800be002c0037000d78a30002003200f7
:101470000800be00280037000778a30026003a00c5
:1014800001f0a10009f0a1000668a30003003200ea
:10149000f1ff2700f0ff2f00baff37000d68a3000f
:1014a000030032000800be008c807000b5ff3700da
:1014b0000768a30007003a000648a30003003200b3
:1014c000f1ff2700f0ff2f00aeff37000d48a3000b
:1014d000030032006000b8008c807000a9ff370064
:1014e0000748a3000400320001f827000000200094
:1014f0008c807000a3ff3700760107000004fd0018
:101500008104fd0002057800720107000802be0098
:101510008a01780059ff37000160a0001202200004
:10152000c24d880097ff37000100e0001200320032
:101530000500e00010003200889fbe008a9fbe00b8
:101540008c9fbe000006eb0001f8a30003003200f0
:1015500060001000e08018000cf0a00005f8a30067
:101560000300320060021200e0821a000cf0a200b8
:101570008005eb0041ff37006000b8000200050065
:10158000038368000700280007036300470ade00a2
:101590000480a100c71ade000580a100f70f20001b
:1015a0000720e100420032000728e100400032003d
:1015b000889fbe008a9fbe008c1f7800f107b20092
:1015c000f307b2000400e000640032000170a000e4
:1015d0000500e000680032000370a00085054200ad
:1015e000eb07b1000204b8000302b8008484440091
:1015f00060854a00020ab800848444000a854a00d3
:10160000030ab80004054500040033000804d000b4
:101610008984d2000a85d2008b05e9006158e10077
:101620003d00350002102000090161000308200080
:1016300089816100f70720008783640008867300b2
:10164000c84cde00c853dd00878474004855de00b6
:101650000300e0000600320082037600040032003e
:101660008904e80060054d000a88a3000c003a00d8
:10167000f70f20000758e10044003d000a70a10068
:10168000c75ddd000a8575008a00730009007800d7
:101690004f0678004f05be004f04be000000060054
:1016a0000a05d1008984d3008b05e800f0ff3700dc
:1016b000881f780006047800900007000702780071
:1016c0000001fd008101fd008c0007008702780009
:1016d000850372000778a300050032000001fd00b9
:1016e0008101fd009f0007004f0478000000060004
:1016f000850372000748a30003003200f0ff2f00ab
:10170000f1ff2700f8ff37000000200001f8270054
:1017100088807000f4ff3700880178004848dd00b9
:10172000808171004848de00c850dd000100700073
:10173000c850de00060478000b0178001600070090
:1017400088807000d2ff37000500e00005003200fd
:10175000170020003a0007009dff3700810370004a
:10176000f9ff3a00860078004f0678004f05be006a
:101770004f04be000000050083037100f9ff320032
:10178000270020002e00070094ff370001f82700f3
:1017900086807000f4ff37000100e0002600320070
:1017a000610111007810e10023003c006022b800c4
:1017b0007010e1000400350080027800010078001c
:1017c0008000eb00700151000200e00009003400cd
:1017d00070031100062add00822ade008603dd0088
:1017e000878272000200de00860bdd0007007000b9
:1017f0008208de0084817100f4ff27000482620009
:10180000848171000400280084826200610260000b
:1018100005f0a600000006000482710007003200f7
:101820000000e800e0804800000006000002be0062
:101830006000b800efff37006000b800000006004d
:10184000889fbe000004eb006138e10016003a00fa
:101850000100e00008003a00c800de004800dd009a
:10186000880020000100e00003003a00c800de000c
:101870004800dd00680444008184cf00e9845400fe
:10188000060034008908dd00f08314008703de00c1
:10189000878070000900dd00090444006102140023
:1018a0004f04be00000006000300e00008003a00fc
:1018b000c811de004811dd00880020000300e000b0
:1018c00003003a00c811de004811dd00680444003e
:1018d0008384cf00e9845400060034008919dd00b8
:1018e000f08314008713de00878171000911dd0089
:1018f00009044400e1021400e9ff3700270020003a
:1019000001f0a70017002000470bde00f60fb20021
:10191000040032000643e8000a0032004702b30028
:101920000000060001037800f607b200060370000d
:1019300002003a000703b300000006008702b3006c
:101940000000060001037800f607b20006037000ed
:10195000020032000770a000000006000760a0002f
:10196000000006000478a300040032000578a300fc
:10197000030032000168a30001003a000200be002b
:101980000160a00000000600810170002700320005
:101990008002eb0001f8a300030032006000100099
:1019a000e080180015002000f40720000202420029
:1019b00020003400f70320008703600006042000a5
:1019c0000003630002082000000161004700de0000
:1019d000c909dd0000807100c708de000600e000d4
:1019e0000800320087037100060032001000b000ca
:1019f0000180b0000188a30002003200c108de00af
:101a00000402e800f107b200f30f20000320e10018
:101a100003003d004722dd008100720029003700ed
:101a200001f827000000eb00260037006000b80036
:101a300000000600680212007f20e100020034006e
:101a40006000b8001f0037006011b8007020e1008e
:101a50000400350080017800010078008000eb0070
:101a6000700252000400e00009003400f00312008c
:101a70000719dd008419de000703dd00868171008f
:101a80000400de00070bdd00060070008408de00a5
:101a9000f7ff270083836300870371000600280097
:101aa00003036300070032000700e00003003a0070
:101ab0006101600002817300020032001000b0007a
:101ac0000180b0000500a6000000060001f0a000a3
:101ad000000006004f0ade004709de00f107b200f1
:101ae000f20fb2000b003200f207b1000170a0004b
:101af000c708dd00c901de00838070004700dd00fb
:101b00000400a6000000060060001000e08018003d
:101b100000000600810f700001003a00000006007e
:101b20008182cf000500e00010003e008082cf00df
:101b3000ee8242007028e1000400390007003e00f8
:101b4000800078000000eb000e0037007083120068
:101b50008600de000500dd000a00370070835200b9
:101b60008600dd000000eb0006003700e282520034
:101b70008508dd00708312000603de008680700099
:101b80000500dd007507b0000501ea000400a600ad
:101b90000000060060001000e08018000000060051
:101ba000889fbe008a9fbe00841f78007c000700cb
:101bb0004f00780011003300f0ff2f00838f6c007e
:101bc00006003b00040565000a00a7000800370076
:101bd00009f0a6001000200008003700820f540012
:101be000838f5c00030039001000200001003e00dc
:101bf0000000200009f0a7000000ea004f05be0029
:101c00004f04be000000e00000000600881f7800be
:101c1000030478000300e00007003d0060001000ae
:101c2000e080180060011900e081190002003b000b
:101c300001f02d00030037000400070008f0a700a2
:101c400001f0a0004f04780000000600889fbe004d
:101c50008a9fbe000082700004027100048271003d
:101c6000260032000004be000200be006011b80071
:101c70006b092000950220000182cf000a00390084
:101c80000541b1000082cf00070039000541b100d5
:101c90000982cf00040039000541b1000882cf005d
:101ca000010039000541b100054252001200320026
:101cb0000a003b0082817100610164008100d10053
:101cc0000080d3008984d3000884d3008b05e8000a
:101cd0000442e800f7ff3a00070037000804440018
:101ce00089844c0000004800818048008b05e90091
:101cf0000442e900f9ff3a00030007004f05be0067
:101d00004f04be00000006008100200061805500e5
:101d10000b003d000b00200061fe2f000100e100e0
:101d20001d00340082817100610164008904d100ca
:101d30000884d3000000e800faff3a007100200098
:101d400061006400030070000200600009003200be
:101d500061044400e0844c000988a50005003200bd
:101d60008b05e8006808e10002003a008904d10010
:101d70000884d300f20f20000258e10005003d0066
:101d8000c75ddd00f907b2008980750008007800a2
:101d9000000006000bf827008b007800000005000b
:101da0000004be0004fc07000003be000405be00e2
:101db0000200be0000fc0700844f75000000060012
:101dc0000800fa00889fbe000004be000001be00ab
:101dd0008300780001f0a10008007800a4fd200035
:101de00095f42300840f5000858f580018003e00a2
:101df000f2ff2f00f3972300820f5000838f5800cb
:101e000011003e00f2ff2f00f3072000820f500068
:101e1000838f580005003e00020020000338200098
:101e20000800be00d6fd07000400370002002000b5
:101e300003b827000800be000dfc0700c0bf9f00cc
:101e4000d1bf9f00710037000800be006800370056
:101e50004f49de0003002000143d2500b507240093
:101e6000840f5000858f58001f003e0034be2c00a8
:101e700065012400840f5000858f58000e003e003d
:101e80000200e00005003200b2fd200093fc2300b8
:101e90000800be00f6fb070059003700b2fd200025
:101ea00093fc23000800be00e8fb07005b0007006e
:101eb0000004be00550037000200e00005003200bb
:101ec000b2fd2000930424000800be00e8fb0700d8
:101ed00046003700b2fd2000930424000800be0035
:101ee000dafb070041003700541d2300250e2400b3
:101ef000840f5000858f58001d003e00f4dd2e0039
:101f0000f50a2400840f5000858f58000c003e0015
:101f10000200e0000500320042be2c0063092400ec
:101f20000800be00d2fb0700e0ff370042be2c00d5
:101f3000630924000800be00c4fb0700300037001e
:101f40000200e00005003200b2fd2000930c2400e6
:101f50000800be00c6fb070025003700b2fd2000c8
:101f6000930c24000800be00b8fb070020003700d7
:101f7000f2ff2f00f3f72700820f5000838f5800e5
:101f8000040036000801be000800be00affb0700d9
:101f9000c7ff37006c8157000800be004d000700e6
:101fa0006011b80063016000e10f5100e08f59003b
:101fb00009003200e20f5100e08f590009003200a1
:101fc000e00f5100e08f59000b003a002fb8970046
:101fd000bfb89700060037002fb89700bfb897002a
:101fe000b2ff37002fb89700bfb8970001f0a200ea
:101ff00091000700aeff37002fb89700bfb89700d9
:10200000060007000004be0009f0a2000800be00a0
:102010004f04be000080fa0000000600889fbe004a
:102020008a9fbe008c9fbe000001be0054fd0700c9
:102030000004be000001be0051fd07000005be0007
:102040000200200003f02b000800be004cfd07003a
:102050000200200003f8230085fb07000006be00f5
:10206000f2a92a00a3d223000a00be0044fd070003
:102070000001be000c00be007dfb07000006be0094
:102080000801be000a00be003dfd07000005be00bd
:1020900072a12900c37c23000800be0038fd0700a0
:1020a000f243200063ab230068fb07000001be0081
:1020b0000a00be0032fd07000001be000c00be0099
:1020c0006bfb07004f06be004f05be004f04be006d
:1020d000000006000800fa00889fbe008a9fbe002c
:1020e0008c9fbe000005be00020478000001be0007
:1020f0008300780001f0a1000a007800a2fd200012
:1021000093dc2400820f5000838f58001d003e0096
:1021100032982f0023f223000a00be0018fd0700aa
:102120000200200003b4240051fb0700020020003d
:1021300003b4240045fb07000006be006613070039
:1021400080047800a2fd200093fc23000c00be0058
:102150000bfd07000001be000a00be003bfb0700ac
:102160000005be00325a2800832823000c00be0060
:1021700003fd07000001be000a00be0033fb07009c
:1021800026003700f2ff2f00f3f72700820f5000e0
:10219000838f5800060036000a01be000a00be0008
:1021a0002afb0700008cbe008004eb001c003700f7
:1021b0000a00be00500007000005be0032982f0044
:1021c00023f22300eefc07000200200003f02300ae
:1021d00027fb0700171307000203be000002be0022
:1021e000e4b79f00f5b79f0086bf9f0097bf9f0091
:1021f00086fe070032982f0023f2230001fc07001f
:102200000001be000a00be0010fb07006000b8001d
:102210002004980031049800efb49700008cbe00b1
:10222000090078004f06be004f05be004f04be00f7
:102230000080fa0000000600889fbe008a9fbe0052
:102240008c9fbe000005be000001be00ccfc070054
:102250000004be000a01be00c9fc07000006be0063
:102260004288280083c023000800be00c4fc070089
:10227000b2aa2a00a3e22300f4fa07000001be007c
:102280000c00be00befc07000001be000a00be003c
:10229000f7fa07000005be000801be000800be00f6
:1022a000b7fc07000001be000c00be00b4fc070034
:1022b0000006be00c2c32600636323000800be0000
:1022c000affc0700f27c200003952300dffa070033
:1022d0000001be000c00be00a9fc07000001be000a
:1022e0000a00be00e2fa07004f06be004f05be001e
:1022f0004f04be00000006006022b8006033b80042
:102300000002be00f0ff2f00f1ff2f00f2ff2f00b0
:10231000f3ff270000006200818062000201630079
:1023200083816300000006000000fa006881570006
:10233000cfb89700900307000080fa000000060065
:10234000b40107000c020700bd020700e502070008
:102350003e020700ef0307009a0337000000fa006f
:1023600068815700cfb89700880307000080fa0003
:102370000000060011060700c806070062070700f4
:10238000780707001b07370080017800020037003c
:10239000b15978000201e9000200e000fcff3a00b8
:1023a00000000600810178000002780030417800ca
:1023b000b14f510002003a000204e000f9ff3a0078
:1023c0009480fb001380fb0000805000000006009a
:1023d0008001eb000200e0001000320000027800f3
:1023e00001037800b44178000304e00008003200e3
:1023f000b14278000504e00005003200820340008d
:10240000848f53000200320085cf5100f4ff320068
:102410008381fb001680fb0080815100030078005f
:1024200000000600881f780000047800080078008b
:10243000aa0b0700080078004f047800000006008f
:10244000114290000482fb009180fb00c808dd006f
:102450000482700080007800d181fb001081fb00b5
:102460004811dd0003017100030037004811dd0051
:102470001180fb0002017000010078003104e000cf
:1024800004003200840f5100f8ff3a000000e90018
:102490000000060000000500114390008683fb0049
:1024a000060020001181fb008001eb00c811dd0057
:1024b0000200200002037300838373002141900017
:1024c0004811dd008001eb00020373008383730079
:1024d0008080e800104190008281fb000200200013
:1024e0001082fb008002eb00c822dd000400200007
:1024f00004017100858171001182fb004822dd001a
:102500008002eb0004017100858171000800370032
:102510001182fb008002eb000402710085827100d1
:102520004829dd00c821de00830171004821dd005b
:10253000010078003104e00005003200860f5100f0
:10254000878f5900f2ff3a000080e9000000060082
:1025500000000500314190000281fb008001eb008a
:102560001183fb008003eb00c833dd000600200070
:102570000603710087837100114190008281fb0086
:102580000200200002037300838373002141900046
:102590004811dd008001eb000203730083837300a8
:1025a000e30040001182fb008002eb001081fb0081
:1025b0008001eb00c811dd00020020000201720062
:1025c00083817200104290008482fb00040020008e
:1025d0000401710085817100204290004822dd00d5
:1025e0008002eb0006003700481add00c812de004a
:1025f000850272004812dd001181fb008001eb00b2
:102600000201720083817200010078003104e00051
:1026100005003200860f5100878f5900f2ff3a0003
:102620006300500000000600000005002802fa00c8
:10263000889fbe008a9fbe008c9fbe000004780069
:10264000810578000f000900001feb000e02b100a9
:102650000b017800880078008004eb000d00370043
:102660000080fb00c401de008381410003024700bb
:10267000ef026000160020008532dd00ee81790057
:10268000038a720086844400000040000000470076
:1026900009109800324078000004e00005003a007c
:1026a0001a0020000a0078000001eb008081eb0096
:1026b000190037003104e000e9ff3a00a2003700ba
:1026c00003824500e44278006bc2780084cf520058
:1026d00005003a008a0f50000c0032000000e800ac
:1026e000820078000b00370084cf520002003600d1
:1026f00003855000060037008200e8008201780060
:102700001a0020000a007800020037000005780057
:10271000100020000101780082004000898f5000e5
:10272000e7ff390011002000010078000002eb00f3
:102730008086eb00160037008d82450065437800e7
:10274000eb427900854f530005003a00810f50009d
:102750000c0032000000e800040178000b00370094
:10276000854f5300020031008d00510006003700f4
:102770000401e800840678001100200001007800c0
:10278000020037008000780010002000020278006c
:1027900004014000890f5100e7ff39000d01e800f6
:1027a0000300e800800f51000200360001057800a8
:1027b00001003700830678000d02e8008a8045009a
:1027c000040178000b00780034179a009409070080
:1027d0003e1292000000e000080032000905e90006
:1027e0000d0555008d0f5500010031000d057800d5
:1027f0000a05e8008002eb00010037008a825400dd
:10280000880178000006eb0008805100890f500015
:102810001600310009037800f603b30006017800c2
:102820008000eb000300780003179a0034179a0029
:1028300015179a0026179a00490907008e11920071
:102840003e1292009e1292002e1392000000e000b1
:102850000500320088005000898f50003a0039008e
:102860008001780001003700868141008900440022
:1028700071f897000080fb006f01600017002000d6
:10288000823bdd004401de00020141006e0379005d
:10289000068163000d003200000040000000470088
:1028a00000109000008054000a0032000500e00093
:1028b000150032000c00e000130032008a0f5000b7
:1028c000110031000a8054000f0037000104780025
:1028d000ccff37000c007800840f56000300310055
:1028e00004007800010037000000e800eb407800a9
:1028f0000104e000060032006841780082cf5000f9
:10290000f9ff32000d00500000044400bdff370005
:102910000d0078008000e8008c8f50000800360021
:102920006b417800e84078000000e900814f5100d9
:10293000f8ff32000a04440005067800b2ff3700b1
:1029400008007800010037000000eb004f06be00d1
:102950004f05be004f04be000080fa0000000600d4
:10296000881f780001047800984078000104e00096
:10297000260032008100fb008d0a07000000e00005
:1029800022003200984090000104e0001f00320055
:10299000904090000104e0001b003200a84090002d
:1029a0000104e00003003a0088007800a4fe07005c
:1029b00016003700a04090000104e0001200320031
:1029c000b84090000104e00003003a00880078005d
:1029d000b1fe07000d003700b04090000104e00098
:1029e00009003200c84090000104e00003003a00f2
:1029f00088007800d7fe07000400370088007800c0
:102a00000aff0700010037000000eb004f047800c8
:102a100000000600ec874700889fbe008a9fbe002a
:102a20008c9fbe008e1f780000067800010478009d
:102a3000180790002805900098067800cdb79f00f1
:102a4000b80590003202be002203be000400be00a2
:102a50000601be004f18de006011b8008000eb00d8
:102a6000d0b79f00e1b79f00f2b79f0083bf9f00e0
:102a7000800478000900e000060032006000b80021
:102a80006011b80004025000858258000603590006
:102a9000878359000e00e000020035000d10a100f0
:102aa000cdb79f000900e00005003a004fb0970045
:102ab0000028a30002003a000038a3000200320000
:102ac0008a00e900010037008a007800f881570089
:102ad000a200200008007800860007000900e0003e
:102ae00003003a00cfb097000128a300080032008d
:102af0000000e90000814500b1c2b3000900e00018
:102b000001003200d1c2b30001497800050037004e
:102b10000138a300030032000000e90001c2b30045
:102b200081757800480190000201e9000001510020
:102b3000808045004fb297008a0178000c00780031
:102b40003f0207009c0090000188a30004003200af
:102b500098009000810f500001003d0001007800b6
:102b60004f0778004f06be004f05be004f04be0061
:102b7000cf00b100000006000200fa00889fbe00ee
:102b80008a9fbe008005780001047800020078006a
:102b9000180190002805900098007800b1bf9f00b0
:102ba000b80490000200e000020035000110a1000e
:102bb000b1bf9f00ea815700820020008a007800a0
:102bc0003002be002003be00080078004900070064
:102bd0003fb99700f0006100030032000000e900f7
:102be00001c3b300817478003fb99700e800610029
:102bf000030032000000e90001c2b30081747800d4
:102c0000480190000201e900000151008080440069
:102c10003fba97008a0178000b007800080207008d
:102c20009b0090000188a3000400320098009000ef
:102c3000810f500001003d00010078004f05be00eb
:102c40004f04be000080fa0000000600ea8747003b
:102c5000889fbe008a9fbe008e1f78000004780007
:102c6000030078007287570084e2260055c72600cb
:102c7000049fbe00c3962200030f78006c875700a4
:102c8000004feb0011059000a10490009105780021
:102c90000200e00002003200020778000100370065
:102ca000728757000000e00002003a000e00780032
:102cb000f40907000a00e000030035008a0f500005
:102cc000010036000a0078000b02780089017800c4
:102cd000000178008e00780008007800d801070015
:102ce0004f0778004f05be004f04be00af00b10093
:102cf00000000600f4874700889fbe008a9fbe0040
:102d00008c9fbe008e1f78000605be000404be0026
:102d100081bf9f0082b79f00f3b79f00b000900073
:102d2000e1b79f001301780092b79f0090069000d2
:102d3000400090000000e900000678000d00e0006f
:102d400001003d001d0020008040eb00efb1970026
:102d5000817178001e0020001f0037000c06e9007a
:102d60000fb09700cf80de006109b900a0b79f00c7
:102d7000b1b79f00c2b79f00d3b79f000203be0048
:102d80000002be000800be000a01be004411070098
:102d9000000778000e4078000043b000efb09700c5
:102da00080707e008d06e9000fb997000201e900ee
:102db00082bf9f002fb29700bfb297004fb397001a
:102dc000dfb397000800be000a01be002d11070006
:102dd0000205be000004be000c00e0000d0034003f
:102de000e00f5400e08f5c00e00f5d00e08f5d00bd
:102df000daff3a000d00e000d8ff3c008fb99700e1
:102e00000300e000030034001fb097000018a30087
:102e1000d2ff3a000e00e00002003a00ffb0970037
:102e20001140a1000c0078004f0778004f06be004b
:102e30004f05be004f04be004f01b1000000060068
:102e40000200fa00889fbe008a9fbe00000578003d
:102e5000010478000200780018019000a804900096
:102e600098007800b1bf9f00b80590000200e00014
:102e7000020035000110a100b1bf9f00ea81570098
:102e8000a2002000890078003002be002003be00ae
:102e90000800780097ff0700480190000201e90050
:102ea00000015100808045003fba970089017800f9
:102eb0000a007800620107009a0090000188a300d0
:102ec0000400320098009000810f500001003d0086
:102ed000010078004f05be004f04be000080fa00dc
:102ee00000000600fa874700889fbe008a9fbe0048
:102ef0008c9fbe008e1f780080047800010478004b
:102f000082057800180190002805900018077800c5
:102f1000b80090000200e000020035000e10a10091
:102f2000010037001200200070006700e0b79f002a
:102f3000090032003b02be002b03be00e00f52002e
:102f4000e08f5a00e00f5b00e08f5b000200320070
:102f50008a86e900010037008a067800e8026700e7
:102f6000f5b79f00010032008d06e9003b02be006c
:102f70002b03be00e4af9f00f5af9f0086b79f0014
:102f800097b79f00480690000c06e9000040eb0050
:102f900080707e00efb297007fb2970089037800bf
:102fa00081047800d8af9f00020478008bbf9f0097
:102fb0008a057800034578002a0037000c06e900ee
:102fc0006fab97006f006300e90f500002003c00f8
:102fd0000003b000010037007005b0000a03fb00d9
:102fe0001604b100f90f53000c003e0000037800f6
:102ff0000650a0001606b100f90f530007003e006e
:10300000b4b79f00a5b79f00c7b79f007709070017
:10301000cfb39700afb297003fb2970080747e00a5
:103020000804e9008d06e9006fa89700ffa8970043
:103030000fb197009fb19700460020008301d10097
:103040000281d3008180d3000080d3000603e90011
:10305000faff3a00e0af9f00f1af9f0082b79f00f8
:1030600093b79f00e10f56000f0034006fa8970040
:10307000ffa897000fb197009fb19700e00f500095
:10308000e08f5800e00f5900e08f5900cbff3a0065
:103090000800e000c9ff3c000d00e0000200340021
:1030a0000e18a300c5ff3a0089007800f4b79f000e
:1030b000870478005fac97008a4178000b057800a0
:1030c0008fbd97000500e000100032003b02be00fb
:1030d0002b03be00e4af9f00f5af9f0086b79f00b3
:1030e00097b79f00e00f5200e08f5a00e00f5b009f
:1030f000e08f5b00050032000c06e90083707e0063
:103100000c06e90000c3b30080707e00ffb2970098
:103110000500e000030032000c06e90000c2b30025
:1031200080707e00480190000201e9000c0151000e
:103130008c8040000e0278008a0178000900780037
:10314000bf000700990090000188a300040032002e
:1031500098009000810f500001003d0001007800b0
:103160004f0778004f06be004f05be004f04be005b
:10317000af01b10000000600820178000101780073
:10318000f1ff27002e093700960637003c00fa00b1
:103190008f017800c303b1001d0009008019eb0006
:1031a000c0a79f0080b79f00408c2100b0b79f0050
:1031b00040fc2f000f004000130907000080fa00b8
:1031c0000000060084082000848f50001d0032009b
:1031d0000d003c0014082000848f500027003200ae
:1031e00002003c00040820000400370024082000ee
:1031f000848f50003400320044082000848f500037
:1032000043003a0036003700040a2000848f500043
:103210002700320004003c0004092000848f500085
:103220003b003a0028003700020c2000828f50003b
:103230002f003200020f2000828f500034003a002d
:103240002b0037009380e9000200e0000500320007
:10325000810978001102fb00cfa2de00612bb900ca
:103260002800370081097800114278000482fb00b1
:103270008002eb006033b8002200370013027800b0
:10328000e40052000200e0000500320081097800ed
:103290001102be004fabde00860378001900370034
:1032a000810978001102be006033b80015003700b4
:1032b0009380e9008109780011027800cfa2de0036
:1032c000612bb9000f00370093027800e8805200ac
:1032d000810978003102be002103be0009003700d9
:1032e0009380e9000200e00002003200f1ff3700a5
:1032f0009380e90081097800110278008002eb00d8
:103300006033b8000498be000690be0010000500af
:103310000000050044082000848f50002500320082
:1033200008003c0014082000848f50001400320074
:1033300024082000848f500024003200040820005c
:103340000c00370004092000848f50001f00320059
:1033500004003c0084082000848f500024003a00c0
:103360000e003700040a2000848f50001100320044
:10337000040c2000848f50001d003a000d0037001f
:103380009380e900810978009100780001087800b5
:10339000cf91de008288be00140037009380e900e0
:1033a000810978009100780001087800824878004f
:1033b0000e0037009380e9008109780091007800c1
:1033c0000108780082087800080037009380e9003f
:1033d0008109780091007800010878006112b90035
:1033e000612bb9008498be008690be0010000500d5
:1033f00000000500889fbe0000047800480090008f
:1034000082047800808f5400010036008004780028
:103410000901780058009000dbfb0700580090007d
:103420000900400050049800c800900089845000b2
:10343000490498000048eb004f04be00000006005d
:10344000f2874700889fbe008a9fbe008c9fbe0007
:103450008e1f78008004780001057800020478004f
:10346000830578006107620002003a008b0f540068
:1034700008003900080178008a0078000900780007
:10348000f00b07008b0f540002003900880578000c
:103490001e003700088655000c017800f00f56001a
:1034a0000100360002012000010220007e8057004a
:1034b000690607008c06780005003700020120002d
:1034c000fe80570009007800de0b0700f0865600ea
:1034d000ef8f5600f9ff3e004461de0000ff2f0031
:1034e0000091b90002014600fe80570009007800f3
:1034f000d40b07000e00e00004003a000801780039
:103500008a00780009007800ce0b07000b007800d5
:103510004f0778004f06be004f05be004f04be00a7
:103520002f01b100000006000000050000000500aa
:1035300000000500000178000040eb008080fb00e7
:103540008180400023c6200063c278000404e000ac
:1035500003003a0030c6200060c07800000006007a
:1035600092017800934f520004003a0030c62000c8
:1035700060c078000309e800010037000040e8005f
:10358000ea4f5000edff360000000600f6874700c6
:10359000889fbe008a9fbe008c9fbe008e1f780051
:1035a000000578000104780083057800040678009f
:1035b0000000eb00c0b79f008080eb00d1b79f00f8
:1035c000e0b79f00f2b79f000008200080bf9f0077
:1035d00098007800010078008004eb0001003700bb
:1035e0008904e800304178000204e0000300320062
:1035f00053c2b300834f5100f9ff3a000900e000c5
:1036000004003200090178000a0078008d0b0700e1
:10361000188c44001807780050c2b3009e4f100069
:103620003f013a000e07e8000e0c7800100037004a
:10363000cfb097000100a0000b003700cfb097007b
:103640000110a00008003700cfb097000120a000b3
:1036500005003700cfb097000130a000020037000e
:10366000cfb097000140a000c1b79f00000ce80058
:103670001800780090407800b2c2b30082cf5000aa
:10368000f1ff320007003c0002c2b30082cf5000bd
:10369000f0ff320032c2b30082cf500007003a0080
:1036a000efff3700d2c2b30082cf5000e0ff3200fc
:1036b00002c3b30082cf5000e0ff3200a2c2b300c9
:1036c00082cf50000d003a00000ce8001c80e90099
:1036d000000e780010007800e0b79f000000e000c6
:1036e0000f003d00cfb097000100a200c1b79f00be
:1036f0000000ea00e0b79f000900370065050700f9
:10370000e0b79f0001003700000ce80018007800c7
:103710009000fb000103b100e98f5000faff360072
:103720004fb097000008a300020032000010a10073
:10373000c0b79f0018007800e1c2b30090cf10001e
:1037400016003a008000eb00d1b79f000000e800af
:10375000000c7800a1c2b30090cf100006003a0020
:10376000000ce8001c80e900000e780010007800d2
:10377000d0b79f000900370046050700d0b79f006b
:1037800001003700000ce800180078009000fb00f2
:103790000103b100e98f5000faff360008007800fd
:1037a00064ff070080467800180078001000fb00d6
:1037b0008707070091062000810f50003800320073
:1037c00012003c0041062000810f500034003200fe
:1037d0000a003c0011062000810f5000200032003a
:1037e00031062000810f5000a0003200510220005d
:1037f000810f5000bc003a00b40037007106200071
:10380000810f5000b8003c008800370001072000fd
:10381000810f50005c00320007003c00e1062000f0
:10382000810f50007a003200f1062000810f500015
:10383000ad003a003900370051072000810f5000d9
:103840002700320081072000810f50004200320023
:1038500031072000810f5000a3003a008f0037008d
:103860008d80fb000c01780000fe2f000f0040004f
:10387000980707000000e000a80032001800780058
:10388000000ce8009041780002fe2f000f0141007b
:10389000f88057000a00780024ff07000e00370068
:1038a0008d80fb008c0178001200200000fe2f00ac
:1038b0000f00400043fe07000000e00097003200c8
:1038c000180ce80002fe2f000f014100f88057009d
:1038d0000a0078004ffc0700808444009000370005
:1038e0008d80fb008c0178000001eb0000fe2f00b2
:1038f0000f00400033fe07000000e00087003200a8
:10390000180ce80002fe2f000f014100f88057005c
:103910000a0078004afd0700efff37008d80fb00aa
:103920008c0178000001eb0000fe2f000f0040002a
:1039300024fe07000000e00078003200180ce800c8
:1039400002fe2f000f014100f88057000a007800a6
:1039500089fc0700e0ff37008d80fb008c017800b8
:103960000001eb0000fe2f000f00400015fe0700d5
:103970000000e0006900320018007800000ce80048
:10398000904178001c0037008c0178000001eb00aa
:10399000010f200000fe2f000f00400009fe07006d
:1039a0000000e0005d003200180ce8000fb0970046
:1039b0009fb097002fb19700bfb19700e00f500064
:1039c000e08f5800e00f5900e08f590009003a00dd
:1039d000cfb597006fb49700a0c52000a9060700d7
:1039e0000b0278008801780000017800a1c5200052
:1039f0004700370083c7b30002fe2f000f014100cc
:103a0000f88057000a00780036fd0700b2ff370043
:103a10000b8144008d80fb008c01780000fe2f009c
:103a20000f0040003bfe07003c0037008d80fb008c
:103a30000c01780000fe2f000f0040002507070052
:103a40000000e0003500320018007800000ce800ab
:103a50009041780002fe2f000f014100f8805700ce
:103a60000a007800b1fe07009bff370000c8b300d2
:103a700080cf560029003a00180ce8001c80e900ad
:103a8000000e780010407800e0df9f001300200057
:103a9000e2fd2f000f0141000800370000c8b3000d
:103aa00080cf56001d003a00180ce8001c80e90089
:103ab000000e78008001eb0010017800f8805700bc
:103ac0000a00780061fc070083ff370000c8b300dc
:103ad00080cf560011003a00180ce8004fb2970052
:103ae000efb19700080037000e0c78000000eb00e3
:103af000c0b79f00e0b79f000080eb00d0b79f00e9
:103b00000002eb00840178001200200001c62000b2
:103b10000a0078004afe07006fff3700180ce80023
:103b2000090078004f0778004f06be004f05be0021
:103b30004f04be006f01b100000006008200fa00d1
:103b4000889fbe008a1f78000005780082047800f4
:103b5000c13f9f000004eb0010003700090278000d
:103b600088017800a2f72f000f01410081f72f0094
:103b70008f8040000a00780084fe070008004000a3
:103b8000880f500004003d00b0042000d06488007d
:103b90000084eb0004003700000478004f389700e1
:103ba0001004e000edff3a00080078004f057800af
:103bb0004f04be000080fa00000006000200fa0078
:103bc000889fbe008104780082007800030178009d
:103bd0003104900036070700e10f40000b0032006f
:103be000a2002000e6805700080078006a0607005f
:103bf000809cbe008294be0010002000dfb89700b9
:103c0000810f540001003a00e0ff2f004f04be0076
:103c10000080fa0000000600ea874700889fbe0087
:103c20008a9fbe008c9fbe008e1f78000004780023
:103c30000105780083bf9f00a2059000420090001c
:103c4000e0b79f00b204900083007800110678006e
:103c500008007800bb0107008fb897008c0840006f
:103c60000b00e00004003a006fb097000000e9008c
:103c7000f0b79f0001003700fbb79f00ad002000a8
:103c80000007eb001b00370078089000b810900088
:103c9000810f500003003100b085fb00700c9800cc
:103ca0000800370008007800f40407008005780059
:103cb000e18f450003003a000c00e0005c003c008e
:103cc0006f0037000c00e0000c003a00b00220004a
:103cd000808f550003003200d0022000808f5500f5
:103ce00006003a008b4c78008fb897009108e800e6
:103cf0001e0020000e067800460037008e0f56008a
:103d000029003a000c07e800ea8f560004003a0048
:103d100000032000808f550022003a001f0037006a
:103d2000e88f56001f003a008b0078000150a00079
:103d300080072000808f50001a003a00f808900099
:103d400038109000808f5000030031003180fb005c
:103d5000710c98000200370008007800c7040700c3
:103d6000b81090000100e00003003200f808900055
:103d70008100e900710c9800ec0307000000e000ee
:103d8000130032008b747e000fb897001008e80013
:103d90000e0678000d0120001e0037008d00200067
:103da000010037000007eb0000fd2f000b00400072
:103db000e90f50000d003600f08f560004003a0065
:103dc0000b007800d90307000000e0000d003a0066
:103dd000381090000000e0001500320078089000d4
:103de0000000e900700c980011003700e88f5600c1
:103df00004003a0070032000808f55000100340059
:103e0000ad0020008b747e000c06e8008fb8970090
:103e10009108e8007fb09700800f560004003d0035
:103e2000efb097000100e900800f560096ff3500c3
:103e30000040eb0080747e00ea8f560005003a00d7
:103e40000d017800f680570009007800d2050700c0
:103e5000040037000d017800f68057000900780053
:103e6000c9050700009dbe000295be001b00200092
:103e70005fb09700808f540001003a00ebff2f00e5
:103e80000b0078004f0778004f06be004f05be00bc
:103e90004f04be00af00b10000000600e6874700f7
:103ea000889fbe008a9fbe008c9fbe008e1f780038
:103eb00000047800010578000306780022079000ce
:103ec0004200900080bf9f00b20490009c057800e3
:103ed000080078001b0107000b0e40000e00e000f8
:103ee00002003a008fb897000107e90089067800c0
:103ef0008005eb001c003700f80890003810900097
:103f0000808f5000030031003180fb00710c98005d
:103f1000070037000800780058040700e10f400050
:103f200003003a000b00e00015003c0021003700c0
:103f300001fd2f0080804000e78f50000700360011
:103f4000381090000000e0000d003200780890006a
:103f50000000e900700c980009003700805e7800ce
:103f60008b05e8001c0ee8008e8f550004003d0014
:103f70008fb897000100e900808f5500deff350003
:103f80000040eb0080f47d0082002000f2805700aa
:103f9000090078007c050700009dbe000295be0068
:103fa00010002000ffb09700818f540001003a00fc
:103fb000e0ff2f004f0778004f06be004f05be0000
:103fc0004f04be006f00b1000000060080007800c2
:103fd0001000200002022000828f500004003200f6
:103fe000e9805000e48f5000010036000000eb0033
:103ff00000000600889fbe008a9fbe008c9fbe0006
:104000008e1f78000004be000205be008406780002
:104010000a00e000040032001b0678000800780067
:10402000c80007008c0d4000290790008004eb00b9
:104030002100370078089000b8109000810f5000e0
:10404000030031003086fb00700c98000800370038
:10405000080078000904070000067800e10f460018
:1040600003003a000900e00017003a002000370082
:104070000a00e0000b0032000c007800d3ff0700bc
:104080000000e00007003200381090000000e0005f
:104090000d003200780890000000e900700c9800d4
:1040a000090037000d00e000010032008cf67c00b2
:1040b0008904e8009b0de8000e00e000ddff3200ff
:1040c0008e8f5400dbff35000d00e000040032004d
:1040d0000a00e000020032000040eb0080f67c00a5
:1040e00009f0a7008904ea000906ea004f66de002d
:1040f0000c0078004f0778004f06be004f05be0049
:104100004f04be00000006000200fa00889fbe00b7
:104110008104780082007800030178003104900067
:10412000e3050700e10f40000b003200a200200071
:10413000e68057000800780013050700809cbe0049
:104140008294be0010002000dfb89700810f540059
:1041500001003a00e0ff2f004f04be000080fa008b
:1041600000000600e8874700889fbe008a9fbe00c7
:104170008c9fbe008e1f7800000478000105780037
:1041800083067800a205900042009000f0b79f00df
:10419000b20490001d06780008007800690007004e
:1041a0008c0e40000b00e00004003a00ffb09700c6
:1041b0008100e90081bf9f00010037008bbf9f0095
:1041c000090778000006eb003900370078089000f6
:1041d000b8109000810f500003003100b085fb0043
:1041e000700c98000800370008007800a30307004f
:1041f00080057800e18f450003003a000c00e000e4
:1042000032003c003e0037000b007800c702070078
:104210000000e00023003a00e10f56001a003a00c7
:104220000b007800ea04070081072000810f50008e
:1042300015003a0000c3b300994f100012003a0075
:10424000f808900038109000808f50000300310073
:104250003180fb00710c98000200370008007800e4
:1042600086030700b81090000100e0000300320050
:10427000f80890008100e900710c9800ab0207007b
:104280000000e00007003a00381090000000e00055
:104290000e003200780890000000e900700c9800d1
:1042a0000a0037000b5f78000c06e8009d0ee8005e
:1042b0000fb89700800f560004003d00ffb0970034
:1042c0000100e900800f5600c0ff35000040eb0000
:1042d00080747e0002012000f480570009007800fd
:1042e000a9040700009dbe000295be001b0020002f
:1042f0006fb09700808f540001003a00ebff2f0051
:104300000b0078004f0778004f06be004f05be0037
:104310004f04be008f00b10000000600800078004e
:104320001000200002022000828f500004003200a2
:10433000e9805000e48f5000010036000000eb00df
:1043400000000600889fbe00000478008004eb0097
:104350000b003700f1ff07000000e00007003a0003
:10436000381090000000e000100032007808900043
:104370000000e900700c98000c0037008904e80088
:10438000f808900038109000808f50000300310032
:104390003180fb00710c9800eeff370008007800b8
:1043a00036030700e10f4000eaff3a0009007800f9
:1043b0004f04be0000000600889fbe008a1f7800e0
:1043c0000004be00190078001000fb00d3ff0700b6
:1043d0000005eb000000e000090032000800780052
:1043e000d8ff0700000578001900e800800c78006d
:1043f0001000fb00c9ff07000000e000faff3a00d0
:104400000a0078004f0578004f04be000000060047
:104410001801fa00889fbe008a9fbe008c9fbe00d4
:104420000005780001047800830578000406780010
:1044300068004700040009000018eb0072079800ac
:1044400000082000000f9800880078000a0078001b
:10445000d9ff070080067800190037007a0890001d
:10446000ba109000810f500003003100b084fb00af
:10447000700d9800050037000a007800ff02070061
:1044800080047800e18f44000700320018007800b3
:104490001000fb00808f5400030032003a1090009f
:1044a000e9ff2f00110137009b0de800180ce80010
:1044b000880078000a007800bfff07008086460069
:1044c00018007800904078000104e00003003200fa
:1044d00052c2b30082cf5000e0ff3a009b8d4600ed
:1044e00051c2b30090cf10008f013a000000e800e5
:1044f000000c78008000eb006107980081067800ce
:10450000a1c2b30090cf100002003a00000ce800f6
:104510001d00200018007800de01070060079800e9
:104520006102b900612bb9000a007800ae020700f1
:1045300001003700000ce800180078009000fb0034
:104540000103b100e98f5000faff3600080078003f
:10455000f8fb070040579a00180078001000fb0095
:104560001b04070091062000810f50003a00320022
:1045700015003c0031062000810f5000a2003200df
:104580000a003c00b1052000810f5000dd00320020
:1045900011062000810f50008900320051022000d6
:1045a000810f50005f013a00bb0037004106200038
:1045b000810f50001900320071062000810f500059
:1045c00058013c007e00370001072000810f500099
:1045d0005b00320007003c00e1062000810f500024
:1045e00067003200f1062000810f50004d013a00b3
:1045f0003300370051072000810f50002a0032009d
:1046000081072000810f50003e003200310720005a
:10461000810f500043013a008e0037008b01780073
:10462000680147008e0078000a00780063fd0700eb
:10463000800478000900e0003e013500180ce80015
:104640008004eb000d00e0003a013a004e51920068
:104650008280fb000e0037008b0178006801470064
:104660008e0078000a0078006bfd07008004780057
:104670000900e0002f013500180ce8008004eb0071
:104680000d00e0002b013a004e5092008080fb00ac
:104690008c017800120020000e0078004b04070007
:1046a00080047800230137008b01780068014700ff
:1046b0008e0078000a00780093fe0700160037008d
:1046c0008b017800680147008e0078000a007800ae
:1046d000f2fd0700800478000900e00015013500b4
:1046e000180ce8008004eb000d00e00011013a0016
:1046f0004e5092008080fb008c0178000901780008
:10470000e5ff37008b017800680147008e007800d4
:104710000a00780093fe0700800478000900e0009a
:1047200004013500180ce8008004eb000d00e000e7
:1047300000013a004e5192008280fb00eeff3700ec
:104740008b017800680147008e0078000a0078002d
:1047500084fe0700800478000900e000f5003500c1
:10476000180ce8008004eb000d00e000f1003a00b6
:104770008c01780009017800010f2000c6ff370086
:10478000180ce8001b007800cf80de006109b9003a
:10479000009fbe000297be008004eb000d00e00009
:1047a000e4003a004e5092008080fb008c017800bb
:1047b000090178000e00780004040700dd003700ce
:1047c0008b017800680147008e0078000a007800ad
:1047d000de000700800478000900e000d500350005
:1047e000180ce8008004eb000d00e000d1003a0056
:1047f0004e5192008280fb000c0178000e00780080
:10480000d3030700a6ff370000c8b300ce509200c4
:1048100080cf5000c3003a006e0090000000e0001e
:1048200002003a001000200060079800180ce80011
:104830000002eb000d00e00003003a001c80e900dc
:10484000000e7800100278008b0178000001eb0068
:104850000d00370000c8b3004e519200804f510048
:10486000b0003a00180ce8000002eb000d00e00078
:1048700003003a001c80e900000e78001002780066
:104880008b01780012002000e80047000a00780041
:10489000d8fd070082ff370000c8b300ce50920059
:1048a00080cf50009f003a00180ce800fa089000f2
:1048b0003a109000808f5000030031003180fb00df
:1048c000710d9800020037000a007800eb01070024
:1048d00051022000810f500002003a009b0de800b9
:1048e000930037003a1090008004eb000000e000d5
:1048f000900032007a0890000000e900700d9800e6
:104900008c00370000c8b3004e519200804f510018
:1049100084003a000002eb000d00e00003003a00c2
:104920001c80e900000e7800100278001800e800f2
:10493000000c78008004eb00e1c5b30090cf1000bc
:1049400002003a00000ce8001900200012102000bc
:104950008900780072004700340f99003e0107007b
:104960000040eb0020579800180078009040780035
:10497000d2c2b3003e0a910082cf500005003a0037
:10498000000ce80010c0b3000940500000c79800b8
:1049900028003700d2c5b30082cf500025003a006e
:1049a000000ce80010c0b3000940500000f7980068
:1049b000200037000004e00023003200d3c2b3001f
:1049c000834f500014003a00180090001040780007
:1049d0000004e00010003200814f50000e00320051
:1049e0000201e800020c780078b897001000fb0084
:1049f000f2004700008040000200370011c0b30001
:104a000009e85000f2014700830150009200fb00ca
:104a1000818f5100f9ff3500180078009000fb00ed
:104a20008100470012c0b30009415100b250980004
:104a3000000ce8001801780012407800d1c5b300de
:104a4000814f5000dbff3a000400e0001800320004
:104a5000840678000006eb0003003700895e7800ca
:104a60000c06e8009b0de8007a089000ba10900050
:104a7000810f500003003100b084fb00700d9800de
:104a8000050037000a007800340f99007b01070009
:104a9000800478003e0a91000900470030509000e1
:104aa0000004e000edff3a00120037009b0de80023
:104ab0007a089000ba109000810f50000300310076
:104ac000b084fb00700d9800050037000a007800e4
:104ad000340f990069010700800478003e0a9100b4
:104ae00009004700305090000004e000efff3a005a
:104af0000006eb003a1090000000e00003003200d6
:104b00007a0890000000e900700d98000c00e000a9
:104b1000040032000400e000020032000040eb001c
:104b200000727e00180ce800e18f440001003200a2
:104b30008004eb00090078004f06be004f05be0060
:104b40004f04be000080fa000000060000000500cf
:104b5000000005008400fa00889fbe008a1f7800cc
:104b60000005780082047800b13f9f000000eb0050
:104b7000c03f9f00000478000d0037000902780054
:104b800083f72f008f814100a2f72f000f01410012
:104b900061f72f008f8040000a0078001cfe07009c
:104ba000800178000300e0000400350003044400a5
:104bb0003f3897001004e000f0ff3a00e18f410019
:104bc00003003a000800e00001003a000304780006
:104bd000080078004f0578004f04be000080fa00fe
:104be00000000600889fbe008a9fbe008c9fbe000a
:104bf000800578008106780002067800eb0c9000b2
:104c0000081020000c044400080178008000eb002c
:104c100009007800520007000000e00001003200a7
:104c200009045000080578008c0f5400010036007c
:104c30000c0578000a017800890078000d007800e2
:104c4000d1f507000a804400f00d98000884440064
:104c500088159800e80d98000a0078004f06be00fd
:104c60004f05be004f04be00000006008000780023
:104c70001000200002022000828f50000400320049
:104c8000e9805000e48f5000010036000000eb0086
:104c900000000600889fbe008a1f7800000578008b
:104ca0000a047800984478000805e8000900fb0031
:104cb000eeff07000000e000f9ff3a00b0c2b300c9
:104cc00080cf540005003200d0c2b3008000eb005a
:104cd00080cf540005003a00020037008000eb004e
:104ce00001003700110020000804e8000000eb007c
:104cf000030037006a02b900020052000003b0004e
:104d00003801fb0003fd2f0082814100e98f510033
:104d1000f8ff36000100e00001003a000000ea0060
:104d20004f0578004f04be000000060080007800a8
:104d300002fd2f000101410010002000e90f510089
:104d4000050036000150a0001106b100e58f5000ab
:104d5000010036000000eb0000000600f3ff370002
:104d60008180fb00010037000201e900800178002a
:104d70000008a300060032000200e0002300320019
:104d80003082fb00810f5200f7ff3a00030037002a
:104d90000000eb000200e0001e0032001380fb0068
:104da000810f50001c00320014102000048ab9004a
:104db00084027800010037000281e90003007800d6
:104dc000e10f51000a00360033826a00f6ef2f002f
:104dd000040343000482ea0004026300060828007a
:104de00006026200f4ff3200010037000201e90010
:104df000800178000200e000050032003082fb00f4
:104e0000810f5200f9ff3a0003003700000005004f
:104e10000000eb0000000600030078000000060020
:104e2000010037000201e9000200e0000500320045
:104e300030427800b1417800834f5200f9ff3200d0
:104e400001003700000005000480fb008381fb00a7
:104e50000300500000000600889fbe008a9fbe002d
:104e6000800478000200e0005b003200014078001e
:104e7000814c780082814400f1f99f00e20f5100db
:104e80005500360091449800a1449800e1f99f0034
:104e9000d1f99f00e60f51004f003600b144980051
:104ea000c1f99f00e80f51004b0036000905ea00e8
:104eb000630565000a8444000a055100c1ff2f0004
:104ec000010565000080fb008000eb00121020004f
:104ed000131020004c080700008cbe000a0144009b
:104ee00060b99f0071b99f00e80f55003a00360085
:104ef0002004980031049800400498005104980060
:104f000020b99f0031b99f0040b99f0051b99f005f
:104f1000f80f5500300036006004980071049800c6
:104f2000000c9800110c9800200c9800310c98008f
:104f3000400c9800510c980020b19f0031b19f00a7
:104f400040b19f0051b19f0060b19f0071b19f00bf
:104f500000b99f0011b99f0064016400780141000d
:104f600002044400020555006011b8000203be00af
:104f70000002be000403be006022b8000000720000
:104f8000818072000201730083817300100037007a
:104f9000009cbe000294be0040049800510498009a
:104fa0006204980073049800000c9800110c98009b
:104fb000220c9800330c9800400c9800510c98007b
:104fc000620c9800730c98000a02b1000802b0004d
:104fd000ff0f5500eeff3e00090078004f05be00b0
:104fe0004f04be0000000600889fbe008a9fbe00de
:104ff000441098005510980066109800771098009b
:10500000f00890002004900001045400cfc4de009a
:10501000614db90008189800191898002a189800ce
:105020003b189800e00f5200e08f5a00e00f5b0041
:10503000e08f5b000c00320000149000010454006b
:10504000cfc4de00614db9000440e10005c8e100b5
:1050500006d0e10007d8e1000300340004824000dc
:105060003410980002003700801090003110980032
:105070004f05be004f04be00000006002800fa00e5
:10508000889fbe008a1f780000047800f80890000e
:105090002800900000805000081a9000981a900094
:1050a000281b9000b81b9000cf80de000402400057
:1050b0008582480006834800878348004810900096
:1050c000d810900068119000f8119000e00f500087
:1050d000e08f5800e00f5900e08f590005003200c2
:1050e0000020e10001a8e10002b0e10003b8e10006
:1050f0000d003d0008007800d4b79f00e5b79f0081
:10510000f6b79f0087bf9f003c020700800478002d
:105110005fb29700efb297007fb397008fbb970005
:105120000900e00016003d0078089000a8009000fb
:10513000808050004f89de000482400085024900d3
:105140000603490087034900041c9800151c9800b9
:10515000261c9800371c980030149800f0ff2f0090
:10516000f1ff2f000001be00401498005114980078
:1051700062149800731498008084eb00520037008a
:1051800061004200e0804a0060014b00e0814b007a
:1051900090bf9f00a1bf9f00b2bf9f00c3bf9f00f1
:1051a00048129000d812900068139000f8139000f5
:1051b00094b79f00a5b79f00b6b79f00c7b79f00e1
:1051c000e00f5200e08f5a00e00f5b00e08f5b00c1
:1051d00028003200780d9000081190000a0151005b
:1051e0006112b900612bb900d4af9f00e5af9f00f9
:1051f000f6af9f0087b79f001fb09700afb0970032
:105200003fb19700cfb197001fba9700afba970090
:105210003fbb9700cfbb970004005000858058002b
:10522000060159008781590090af9f00a1af9f00f0
:10523000b2af9f00c3af9f005faa9700efaa97008d
:105240007fab97008fb397000020e10001a8e10039
:1052500002b0e10003b8e100060034009fb29700fd
:105260001fbb970006815200820045003114980050
:10527000020037008813900037149800280190002e
:10528000f8089000810151001fba9700afba97004b
:105290003fbb9700cfbb97004f98de0004824100d0
:1052a000850248000603480087034800041c980054
:1052b000151c9800261c9800371c9800828f5000ff
:1052c00001003e00f9f89f00090078004f057800c2
:1052d0004f04be000080fa0000000600881f78001e
:1052e0008101780000027800808268000508a30030
:1052f00002003200210037000201e90003007800bb
:10530000040478000308a300070032000200e00054
:1053100021003200b3407800015a78000104e00017
:10532000f5ff3a00020037000200e0001a003200e8
:105330001004e00003003a0017003700031c780057
:105340000281e90080007800e10f5100080036007a
:10535000b0017800f5ef2f00838242000382ea005b
:10536000048262000508280005026200f3ff320093
:1053700008007800010037000201e900000478000d
:105380000200e00004003200b141780003587800c8
:105390000304e000f8ff3a008000eb00080078000a
:1053a000adfe0700080078004f04780000000600fa
:1053b000881f780001047800880078000500070045
:1053c000904f1400010032000000eb004f04780001
:1053d00000000600881f7800000478008180fb0030
:1053e0000a003a0008007800260007000000440088
:1053f000220037001804e000200032000804e80012
:105400001081fb00810f51001c0032000800780061
:105410000808a300f7ff3a0014102000048ab9001e
:105420000801780038007800f5ef2f0080824200f4
:105430008081ea0083826200030828008382620080
:1054400007003a0000006a00f5ef2f00808242005a
:105450000080ea000080620083016000f0ff3200fb
:10546000020078001204e000040032000201e800ab
:105470009081fb00818f5100f9ff3a004f047800c2
:105480000000060080007800040037003104e000ce
:1054900002003a00000051000000060001017800ff
:1054a0000108a300f9ff3a0081017800310178007a
:1054b000f4ef2f00020242000281ea0002016200c2
:1054c0000408280004016100f7ff3200830078001f
:1054d000010178003104e000fdff3a0000005100b6
:1054e000000006004400fa00889fbe008a1f780072
:1054f0000004be000205780094bf9f00a5bf9f0076
:10550000b6bf9f00c7bf9f000000eb00c09f9f0079
:10551000a8af9f00d89f9f000080eb00b0af9f0016
:105520006022b8006033b80060fb2f000f0040001d
:10553000adfe07001fba9700afba97003fbb9700b8
:10554000cfbb9700120020008a00780060fb2f007c
:105550000f004000480107000900e000060032008b
:105560003fb29700afaa970004824200df9a9700eb
:1055700005025200840c44004f0578004f04be0021
:105580000080fa0000000600f4ff2f00f5ff2f0056
:105590000403be00d3ff37006022b80006002000dd
:1055a00007002800cfff3700f4ff2f00f5ff2f0082
:1055b0006033b800cbff370004002000050028004e
:1055c0006033b800c7ff3700f3ff3700eeff370046
:1055d000f1fb2f0080804000f98f500001003e0059
:1055e0000050a00000000600f9ff3700f1f92f007d
:1055f00080804000f98f500001003e00f005b200ad
:1056000000000600f9ff37000200fa00881f78004a
:1056100000047800e2bf9f00648157000800780012
:105620004cfd0700980090000148a30001003200e3
:105630000080eb004f0478000080fa0000000600b4
:10564000f28747008e1f780002027800030178007d
:105650000000e0000200320000077800010037007f
:10566000728757008002eb000100e0000100320069
:105670008102e90070805700060009000018eb0065
:105680000080eb0080bf9f002310200093bf9f008d
:10569000aebf9f00b1bf9f00c5bf9f000100e000eb
:1056a00003003d00b1042000d164880006003700eb
:1056b000004feb00eebf9f00debf9f00840078002c
:1056c000708057003c0307004f0778002f01b1009e
:1056d00000000600881f7800000478000008200001
:1056e000808f50001700350010082000808f500078
:1056f0000b00340030082000808f500011003a0069
:105700009200780068805000000978003002be00e6
:105710002003be00049cbe000694be0007003700b4
:105720009202780064805200000978001000be00e8
:10573000a1050700009cbe000294be0010002000de
:10574000010037000000eb004f0478000000060065
:10575000881f780013082000838f50000f0032004c
:1057600033082000838f500004003200030820001b
:10577000838f500012003a00080037009280e90041
:1057800001097800910078003002be002003be00bd
:105790008498be008690be00070037009280e90022
:1057a00001097800110478005001be004000be00dd
:1057b000ea050700008cbe00100020000100370041
:1057c0000000eb004f047800000006008408200071
:1057d000848f50001d0032000d003c001408200092
:1057e000848f50001e00320002003c00040820009c
:1057f0000400370024082000848f50001e0032006f
:1058000044082000848f500028003a00220037000e
:10581000040a2000848f50001f00320004003c0066
:1058200004092000848f500020003a001200370045
:10583000020c2000828f500017003200020f20005f
:10584000828f500019003a00130037009380e9005e
:1058500081097800910078009048780012003700a4
:105860009380e9008109780091007800b0187800f1
:10587000a01078000c0037009380e90081097800bf
:10588000910078003002be002003be008498be0064
:105890008690be00040037009380e90081097800fb
:1058a00091007800900878001000050000000500c5
:1058b000889fbe008a9fbe008c9fbe0000047800b7
:1058c0000205780021069000c1069000b105900005
:1058d0009a047800080078009afa0700090d400041
:1058e0000c00e00001003a000d06e9008004eb0026
:1058f00028003700f808900038109000808f500082
:10590000030031003180fb00710c98000700370064
:1059100008007800d9fd0700e10f400003003a00bd
:105920000900e00020003c00220037000900e000f0
:105930000a003a00b1022000810f5000030032003b
:10594000d1022000810f500004003a00804d780001
:105950001a0de800190020000e00370001fd2f008d
:1059600080804000e98f500007003600381090001a
:105970000000e0000c003200780890000000e90010
:10598000700c98000800370080f57c008904e8005e
:105990001a0de8008c8f540003003d000d00e90053
:1059a000808f5400d3ff35000040eb0080f57c0071
:1059b0000000eb004f06be004f05be004f04be00c6
:1059c00000000600c06090000141e90081407100c4
:1059d0004160980010019000e40061000400320072
:1059e0000240a000120098000080eb0000000600ba
:1059f0000110980071089800000005000200fa00ec
:105a0000889fbe000004780008007800be030700ed
:105a10008084eb000000e00009003a00981190003b
:105a200012002000e6805700080078000300010003
:105a3000e10f500002003a002ff897008084fb002d
:105a4000090078004f04be000080fa000000060044
:105a5000800078001000200002022000828f500099
:105a600004003200e9805000e48f5000010036004d
:105a70000000eb00000006006f02b000889fbe002f
:105a80008a9fbe008c9fbe008e1f780000067800a3
:105a90000107780082047800d4af9f00e5af9f0033
:105aa000f6af9f0087b79f0040022000800f57008d
:105ab0007d003e00e10f57007b0032007c08900023
:105ac000bc109000810f500003003100b086fb0035
:105ad000700e9800030037000c00780067fd070087
:105ae000800678000d007800d9ff07000000e00074
:105af000f2ff3a00b0022000808f5600050032000d
:105b00008002eb0085af9f00d0022000808f5600fe
:105b100010003a00dd82b2000df0a7008d06ea0009
:105b20008d06e900cfeede008daf9f007c0890006f
:105b3000bc109000810f500003003100b086fb00c4
:105b4000700e9800030037000c0078004bfd070032
:105b5000800678000e00e00002003200f00f5700cf
:105b600042003a0000032000808f56003c003a00bb
:105b70007c089000bc109000810f500003003100a1
:105b8000b086fb00700e9800030037000c00780010
:105b90003afd0700800678008d0078000150a000d3
:105ba00080072000808f50002a003a007c08900077
:105bb000bc109000810f500003003100b086fb0044
:105bc000700e9800030037000c0078002bfd0700d2
:105bd00080067800409c20006d4078000e01200077
:105be000ef4f50008d0036003c1090000000e000a8
:105bf00003003200fc0890008100e900710e98005b
:105c00000900e0000c0032006022b8006033b800e8
:105c1000d4af9f00e5af9f00f6af9f0087b79f000e
:105c20000000e000a10132007c0890000000e900c3
:105c3000700e98009d0137006022b8006033b800f4
:105c40000c007800e8fc07006000b8006011b800a4
:105c5000920137000e00e0009e013200170037006d
:105c60000e00e00001003a00ae002000409c200041
:105c70006d4078000080fb008e0f50000f0039004f
:105c80003c1090000000e000030032007c0890000f
:105c90000000e900700e98006022b8006033b80080
:105ca0000c007800d0fc070060012000d064880060
:105cb0006022b8006033b80071013700ea0f570066
:105cc00056003a000004eb000d0078000d0037008c
:105cd0006a44b9000800400008fd2f000004440099
:105ce000fc0890003c109000808f500003003100b1
:105cf0003180fb00710e9800020037000c00780024
:105d0000defc070001fd2f0080804000e98f50007d
:105d100003003e0081992100810f5400ecff360002
:105d2000800678008004eb006055b8001200370050
:105d30001faa9700afaa97003fab9700cfab970081
:105d40000004420081844a0002054b0083854b0019
:105d50007c089000bc109000810f500003003100bf
:105d6000b086fb00700e9800030037000c0078002e
:105d7000c2fc07008006780005fd2f0085824600e2
:105d800095af9f00e98f520009013e0090992900cc
:105d90009199290092992900939921000040e100ee
:105da00001c8e10002d0e10003d8e100db003e00c1
:105db000a4002000050020006033b8000800be00e9
:105dc0000a01be00980507001faa97008002eb0099
:105dd0006033b80094af9f00a5af9f00b6af9f009f
:105de000c7af9f000482ea008582ea000683ea00ca
:105df0008783ea00d4b79f00e5b79f00f6b79f00fe
:105e000087bf9f000400e1000588e1000690e100e3
:105e10000798e100c6ff3600c00037000e00e90019
:105e20000e006000030032000004eb000d0078005b
:105e3000650037007770b9004500de00670060003c
:105e4000a19b2000e14078008100fb000004eb00f2
:105e50000d007800810478000b0037000944dd0054
:105e600001047400fc0890003c109000808f5000ea
:105e7000030031003180fb00710e980002003700f2
:105e80000c0078007dfc0700419c2000e0c07800f9
:105e90008180fb008e8f500003003100f27f2000d4
:105ea000820f5400edff36008006780089007800ec
:105eb0008004eb006055b800f4ff2f00f5ff2f00c1
:105ec0000403be00010078000000e9000500330073
:105ed0008703d1000683d3008582d3000482d300d8
:105ee000f9ff37000d0078008106780020003700a8
:105ef0000d0178000201e900050033000804d0001c
:105f00008984d2000a85d2008b85d200f9ff370040
:105f10000180fb008000eb006011b80008047000f5
:105f2000898470000a0571008b857100fc0890005f
:105f30003c109000808f5000030031003180fb0046
:105f4000710e98000a0037000c00780094b79f008b
:105f5000a5b79f00b6b79f00c7b79f0047fc0700d3
:105f6000cfb397003fb39700afb297001fb297002f
:105f7000419c2000e0c078000181fb008e0f5100a1
:105f8000600031000440e10005c8e10006d0e100f6
:105f900007d8e100d6ff36005a0037000ec4b9001a
:105fa00008844000fc0890003c109000808f500056
:105fb000030031003180fb00710e980002003700b1
:105fc0000c0078002dfc0700419c2000e0c0780008
:105fd0008180fb008e8f500003003100b2712000e1
:105fe000820f5400edff3600800678008004eb003d
:105ff0006055b80098af9f00a9af9f00baaf9f004f
:10600000cbaf9f00120037000002440081824c0099
:1060100002034d0083834d0094af9f00a5af9f0006
:10602000b6af9f00c7af9f007c089000bc109000e7
:10603000810f500003003100b086fb00700e980005
:10604000030037000c0078000cfc07008006780085
:10605000409c20006d407800e0cf9f008042780097
:106060000580fb008e0f5000280031006174b800dd
:106070006055b8000802be000a03be00f0ff2f0002
:10608000f1ff2f000001be007e0407001faa970049
:10609000afaa97003fab9700cfab97000020e1007d
:1060a00001a8e10002b0e10003b8e10017003e00e2
:1060b0000802be000a03be001fa89700afa8970001
:1060c0003fa99700cfa99700d7040700efca970010
:1060d0000584fb008004eb006055b8000882ea00ec
:1060e0008982ea000a83ea008b83ea000400e10067
:1060f0000588e1000690e1000798e100c2ff360044
:106100000200370080067800040037001fac9700bb
:10611000afac97003fad9700cfad9700409c2000fb
:106120006d4078000080fb008e0f50002000310091
:106130000d00780009003700fc0890003c1090002a
:10614000808f5000030031003180fb00710e9800f9
:10615000020037000c007800c8fb0700419c2000bb
:1061600060c078000080fb008e0f5000f2ff390005
:1061700020022000d06488005fab97000608a300cf
:10618000070032005fac9700efac97007fad97003f
:106190008fb597008003eb0087af9f0004003700a6
:1061a0005fac9700efac97007fad97008fb597007d
:1061b0003c1090000000e000030032007c089000da
:1061c0000000e900700e98005fa89700efa8970004
:1061d0007fa997008fb197000040e10001c8e1005e
:1061e00002d0e10003d8e1001c0039000008a30040
:1061f0000e003a008fa897000100e0000b003a0063
:1062000020022000d06488005faa9700efaa9700c0
:106210007fab97008fb3970061025200e0825a0073
:1062200060035b00e0835b00150037005fa8970008
:10623000efa897007fa997008fb197000040e10079
:1062400001c8e10002d0e10003d8e10003003600fc
:1062500020022000d0648800140037008fa8970027
:10626000e18f40000b003a006000b8006011b800f8
:1062700008025000898258000a0359008b83590094
:10628000d4af9f00e5af9f00f6af9f0087b79f0098
:10629000060037000800be000a01be00d0af9f0014
:1062a000e1af9f00f2af9f0083b79f005fa8970008
:1062b000efa897007fa997008fb197004f0778004c
:1062c0004f06be004f05be004f04be006f02b10076
:1062d000000006008e002000d0fe3700881f7800e6
:1062e00040442000ad010700000478000800e000f1
:1062f00013003200c20320008000eb000800780089
:10630000d5fa0700e0212300300c9800c03f23009d
:10631000400c9800802a23007004980080312300ec
:106320001014980000c0eb00205c9800400420008e
:10633000080040002004980000402000300498002d
:10634000080078004f04780000000600889fbe0017
:106350008a9fbe00100290008002eb000418a30088
:1063600003003a008012900070099000828252006f
:10637000d001900060019000028451000884420026
:10638000cfc4de00614db9008898be008a90be007f
:106390000000eb000468a30004003200100020009d
:1063a000828f510001003e000000eb004f05be004f
:1063b0004f04be00000006000200fa00881f7800ab
:1063c00000047800e2bf9f00648157000800780055
:1063d000daf50700980090000148a30001003200a0
:1063e0000080eb004f0478000080fa0000000600f7
:1063f000889fbe0000047800480090008204780066
:10640000808f540001003600800478000901780074
:1064100058009000dcef0700580090000900400091
:1064200050049800c80090008984500049049800e6
:106430000048eb004f04be0000000600100078008a
:10644000d6e93700900190000388a30001003200d4
:10645000e7ff37000348a30001003a0005020700e8
:106460000000060001017800920090000158a3008e
:1064700003003a0082007800910107000f00370006
:106480008080fb00a25990008301fb00838f5000a5
:1064900007003200d2019000220a9000848f510040
:1064a0000300310080597800530198000400370040
:1064b0008000780002007800f40107008000780076
:1064c00001007800000006000000060020bc20004b
:1064d00000000600889fbe000004be000000eb0024
:1064e0000800e00018003200180090000058a300d7
:1064f0000d003200d800900068009000808f50009e
:1065000009003600b80990000001eb008200780015
:106510000800780003000100d80090000080eb0024
:106520000100e000080032000000eb00200c9800a1
:1065300060049800500498000900e0000200320056
:10654000180078008ce907004f04be000000060028
:10655000889fbe000004be000000eb000800e000c1
:1065600025003200180090000058a30011003200ee
:10657000d800900068009000808f5000090036001d
:10658000b80990000001eb00820078000800780054
:1065900003000100d80090000080eb000100e00043
:1065a000150032000000eb00200c980060049800f9
:1065b00050049800780a900008109000800f520054
:1065c000060031000002520011002000cfa2de00c0
:1065d000612bb90018007800330107000000eb00c0
:1065e00000149800700c98000900e00002003200ce
:1065f0001800780060e907004f04be0000000600a4
:106600000000060000000500fdff0700e0648000b8
:106610008000eb0063010700e06480008000eb0075
:1066200060010700e06480008000eb005d0137003e
:106630000800fa00889fbe008a1f780000047800d6
:10664000010578008204780038009000a8009000ce
:106650009abf9f000001780002f0a7000201ea0043
:106660000201ea004f11de0002815400a2bf9f0028
:10667000b1bf9f00c0bf9f0022002000ee805700e6
:1066800018007800260107000000e00006003c002a
:10669000f80060000130a2001801900082807000b4
:1066a00011049800110037002fb99700820f500095
:1066b0000e003600a8009000710c980002005000f7
:1066c0000080400000149800380090000000e000b6
:1066d000070032000905450001007800b04078004d
:1066e00071fd9f00700c9800010037008004780055
:1066f000090078004f0578004f04be000080fa00c2
:1067000000000600881f7800000478001800780058
:10671000e50007000203be000002be00f0ff2f00ec
:10672000f1ff2f000001be00e00f5200e08f5a0081
:10673000e00f5b00e08f5b00050035001800900063
:106740000030a100100498006000b8006011b8008b
:106750004f047800000006000800fa00889fbe0081
:106760008a1f78000004be00180090000058a300a3
:106770001b003200d800900068009000808f50000d
:1067800013003600b80990000001eb008200780089
:106790000800780094bf9f00a5bf9f00b6bf9f0070
:1067a000c7bf9f000300010058059000f0ff2f00b5
:1067b000f1ff2f000001be001fba9700afba97008b
:1067c0003fbb9700cfbb97000a00e00006003200f5
:1067d0000000eb00200c9800600498005004980022
:1067e0000800be00c7ff07004f0578004f04be0039
:1067f0000080fa00000006000800fa00889fbe0032
:106800008a1f78000004be00e18f540008003a009f
:10681000881090007808900000805000cf80de0043
:106820000002520081825a0001035b0081835b00f9
:10683000180090000058a3001b003200d800900000
:1068400068009000808f500013003600b809900057
:106850000001eb00820078000800780094bf9f00e0
:10686000a5bf9f00b6bf9f00c7bf9f0003000100e8
:1068700058059000f0ff2f00f1ff2f000001be002f
:106880001fba9700afba97003fbb9700cfbb9700e6
:106890000a00e000150032000000eb00200c980018
:1068a00060049800500498000800be0095ff07009f
:1068b0000203be000002be00f0ff2f00f1ff2f0018
:1068c0000001be00e00f5200e08f5a00e00f5b00b5
:1068d000e08f5b00050035000000eb00001498001d
:1068e000700c98006000b8006011b8004f05780087
:1068f0004f04be000080fa00000006000000060001
:10690000e0bf200000000600881f78000004780027
:10691000486090008040e90000c07000406498002a
:10692000d800900068009000808f5000050036006d
:10693000b80990000001eb008200780008007800a0
:10694000030001000000eb00200c98006004980098
:1069500050049800980090000118a3000300320032
:106960000140a000110498000800370028019000a1
:10697000380090000000410000149800700c98004e
:106980000000eb000138a300010032000080eb00a2
:106990004f047800000006001bff37000200fa00d9
:1069a000889fbe000000e00001003a0010002000b7
:1069b0000004e8000800a100806480000000e800f6
:1069c0000000a10080648800000020000000e000ba
:1069d0000f003200e10f540006003600e20f4400c1
:1069e00005003a00c0002000d06488000000eb00e1
:1069f0002a003700280020000800780080e5070002
:106a0000290020000000e00024003a0001003700c7
:106a10008004eb008064800071648000008050007e
:106a2000800f54001300360008804400d0bf9f0040
:106a300066805700cc000700800078000000eb0063
:106a40000100e000150032000100e8000000a10094
:106a500071648000810f5000010032008064880062
:106a6000dfb89700010040000000e8000000a1002e
:106a700070648800816480000900e0000300320037
:106a80000100780008187800010037000100780044
:106a90000884440088804000816488004f04be0060
:106aa0000080fa0000000600a0fd2f00f1ff2f007b
:106ab000320007004f89de008201780000000600e6
:106ac0000200fa0081017800e0ff9f00930090002f
:106ad0000188a30005003200d300900080587800a0
:106ae0000080fb00d10198000a003700120020004e
:106af0008f80e900030078005e00070080007800c6
:106b00000080eb000100e00002003200eff8970087
:106b10000180fb000080fa000000060051fe3700f3
:106b2000889fbe008a9fbe008c1f780000067800f8
:106b300082057800010478008004eb0009057800e4
:106b40000700370018019000980078000c007800ca
:106b5000c5e70700808444000a05e8006404440097
:106b60008b0f5500f7ff3500090078004f067800bd
:106b70004f05be004f04be000000060002002f00bb
:106b8000f3ff2f00820f5000838f5800040036005f
:106b90000000ea00d06488000080eb008080eb00f9
:106ba000000006008001eb000000e000050032005c
:106bb000700190000200e0000200320002000100bb
:106bc0008001780003007800000006006000b80033
:106bd0006011b80000000600881f7800c001200086
:106be0006eff0700000478000800e0000a00320091
:106bf000c20120008000eb000800780096f8070032
:106c0000e0212300300c9800c03a2300400c98008b
:106c100000c0eb00205c9800080078004f0478006a
:106c200000000600adfd3700400990000240010061
:106c3000d00190006001900002825100cfa2de00de
:106c4000612bb9008498be008690be009000900031
:106c50000000eb000168a3000400320010002000d7
:106c6000828f510001003e000000eb000000060092
:106c7000b6fd3700b00990000300e00001003200cb
:106c80000340010010007800c4e737000200fa005a
:106c9000881f780000047800c1ff9f00280890003a
:106ca0000000e00006003a0008007800200007001d
:106cb000800078000080eb000100e00018003a003e
:106cc000d800900028089000808f50000900310003
:106cd0004ff997000280fb00a85990008301fb0048
:106ce000830f50000300320082587800510498004e
:106cf0000b003700b809900012002000e480570014
:106d00000800780003000100800078000080eb009c
:106d1000e18f500002003a00cff897000180fb009d
:106d20004f0478000080fa00000006000000050013
:106d3000881f7800000478000800780021fb070015
:106d40000000e00006003a00a800900061049800ee
:106d5000510498003801900082804000210c980076
:106d60004f04780000000600900078000000eb005f
:106d70000100e0000500350001007800c9e70700c8
:106d8000e10f400001003a000000eb0000000600a7
:106d900000000600feff0700fdff0700fcff3700b4
:106da00000c0da000000060000c0da0000000600a3
:106db00000c0da000000060081037800fee707004b
:106dc0000001be006000b8000478a30013003a0080
:106dd0006220e10015003e000d0039008301d10062
:106de0000281d3008180d3008301d1000281d300ce
:106df0008180d3008301d1000281d3008180d30040
:106e00000538b000c42add00f300b20083817200af
:106e100007f0a70003f0a0000000060083ff270092
:106e2000020020006110b900f9ff370003ff2700be
:106e3000f7ff37000003be00dfe707006011b8006e
:106e40000470a70007f0a1006509b1001b00320023
:106e500012003500860220000628e10008003500f7
:106e6000f3ff2700f2ff2f006110b9000700e000d8
:106e700018003b00030028006000b8000200050075
:106e800000004000818048000201490083814900e0
:106e90008502e900faff3a0008003700f88f420047
:106ea00002003c008000eb00000005008100d100e2
:106eb0000080d3008502e800fcff3a000700e000f4
:106ec00004003b0060001000e08018006001190021
:106ed000e0811900000006000001be00b6e70700cf
:106ee0000470a70003f0a1006509b100160032008c
:106ef0000d0035006828e10006003500f0ff2f0086
:106f0000f1ff27000300e00013003b000100280010
:106f10000000050000004000818048008502e90073
:106f2000fcff3a0008003700f88f420002003c00e6
:106f30008000eb00000005008100d1000080d3003c
:106f40008502e800fcff3a000300e00002003b007d
:106f500060001000e0801800000006001400fa0035
:106f6000889fbe008a9fbe008c9fbe000005be00a9
:106f70000206be00680047000c90be000a90be00ea
:106f8000520107006400e1001a00320016003e00c2
:106f90006100e1001a0032006e049000fe049000cf
:106fa0000e0b90009e0b90006011b8009e059000a3
:106fb0000b38b100d50120008281710061016400ad
:106fc0008703d1000683d3008984d3000884d300cb
:106fd0008502e900f8ff3a004beb07000df0a7002f
:106fe00001f0a0007401370001fc27000000200020
:106ff000faff370001f8270000002000f7ff3700f4
:107000006000b800f5ff3700020ab900001bb900a4
:107010000200b80081004200810043000000060029
:10702000889fbe008a9fbe0030044200b0844a00a0
:1070300030054b0090854b006000b1000898be0001
:107040000a90be000440e10005c8e10006d0e1005e
:1070500007d8e10002003100680040001008e80095
:107060004f05be004f04be0000000600889fbe0012
:107070008a9fbe003004be002005be0004185400e4
:1070800005985c0006185d0007985d00110020005f
:107090000440e10005c8e10006d0e10007d8e100a6
:1070a000010039008000eb00108810004f05be0081
:1070b0004f04be00000006001200fa00889fbe00c8
:1070c0008a9fbe008c9fbe00e0b79f00f1b79f0073
:1070d00082bf9f0093bf9f000605be000404be0050
:1070e0000000eb00d0b79f00c0b79f00b0b79f0073
:1070f000a0b79f0090b79f00000678005fb197008f
:10710000cfb09700820141003fb097000200e0003d
:1071100004003d00370007007e805700c0ff0700d5
:1071200003003700330007007e805700cfff0700c1
:10713000dfb697000d00e0000c0035006fb297003d
:10714000ffb297000fbb97009fbb97001000200075
:10715000010020006011b8000002720081827200fc
:1071600002037300838373001b0007000c06e80012
:1071700001042000810f5600e0ff3a000d00e000fe
:1071800004003d000802be000a03be007e805700d6
:10719000a3ff07005fa897000000e00005003a0089
:1071a0001fb29700afb297003fb39700cfb39700dd
:1071b000090007006fb09700ffb097000fb9970064
:1071c0009fb997004f06be004f05be004f04be009a
:1071d0000080fa0000000600010007000000060021
:1071e000a4b79f00b5b79f00c6b79f00d7b79f0051
:1071f000000006004f09de0082817100b3b79f00d6
:107200004f01de008180400082807000a1b79f00a6
:107210008fb097004f09de000000400002007000b0
:1072200090b79f007fa897004f01de00818040004b
:107230008280700081b79f000d0007004f3ade008a
:107240000000400004007000f0af9f00080007003d
:107250000402420085824a0006034b0087834b00ec
:10726000dfff07000802be000a03be0000000600a0
:107270002fb29700bfb297004fb39700dfb39700cc
:1072800000000600881f780018002000881f780082
:1072900089ff07008f87e9004f047800000006008f
:1072a000801feb0084ff07008f87e90000000600c5
:1072b000889fbe008a9fbe00e00f5000e08f5800fc
:1072c000e00f5900e08f59000c003d006044b80009
:1072d0006055b8000000540081805c0002015d0030
:1072e00083815d00180020001500070008003d00a4
:1072f000180007000004eb00050037000004eb0055
:107300000f00070002003d001200070018002000d7
:10731000dcff07000800e000060032006022b80031
:107320006033b8000000520081805a0002015b0007
:1073300083815b004f05be004f04be0000000600c5
:10734000e00f5200e08f5a00e00f5b00e08f5b001f
:10735000000006006044b8006055b8000402540004
:1073600085825c0006035d0087835d0000000600e7
:10737000889fbe008a9fbe008c1f7800e00f5000df
:10738000e08f5800e00f5900e08f59000d003d00dc
:107390006044b8006055b8000000540081805c0073
:1073a00002015d0083815d001c0020000820e100d7
:1073b00009a8e1000ab0e1000bb8e1000d003d00b2
:1073c000080037000006eb00e00f5200e08f5a0083
:1073d000e00f5b00e08f5b0006003d006044b800fa
:1073e0006055b8000402540085825c0006035d000d
:1073f00087835d00aaff07000c00e0000600320052
:107400006022b8006033b8000000520081805a004a
:1074100002015b0083815b004f0678004f05be00d0
:107420004f04be0000000600889fbe008a9fbe0079
:107430008c1f78000006eb00e00f5000e08f580032
:10744000e00f5900e08f590007003d006044b8008c
:107450006055b8000000540081805c0002015d00ae
:1074600083815d001c002000e00f5200e08f5a0075
:10747000e00f5b00e08f5b0007003d006044b80058
:107480006055b8000402540085825c0006035d006c
:1074900087835d000c00a2004c0007000c00e00098
:1074a000060032006022b8006033b80000005200cd
:1074b00081805a0002015b0083815b004f067800e7
:1074c0004f05be004f04be0000000600800078009b
:1074d0005002be005003be004439de00f700b20087
:1074e000f37f200003016100090032000218e1006f
:1074f00016003a00850172008301730083817300d6
:107500000008200015003a0040002000130037005a
:1075100085017200830173008381730005003a00c6
:1075200004a8be0006a8be00100020000b00370013
:107530000201e9000402420085824a0006034b0072
:1075400087834b000748a300f9ff32000740a000e3
:1075500004a8be0006a8be002000200080009800fd
:107560009200980000000600680447000294be00e4
:107570000094be00fc0447008694be008494be00c4
:1075800009007800d1ff070008007800cfff07004e
:1075900099007800814f70000b003b000800be008e
:1075a0002c0007004f00b10003003700f3ff270055
:1075b000f2ff2f006110b9004f06be004f05be005c
:1075c0004f04be000080fa0000000600889fbe0045
:1075d0008a9fbe008c9fbe000404b8000506b80058
:1075e0008904460060854e000606b8000a0546007c
:1075f000e0854e000706b8008b054600040eb80073
:10760000890446000a854e00e0854d00050eb8004d
:107610000a0546008b854e00060eb8008b05460015
:107620000416b8000a0546008b854e000516b80002
:107630008b054600041eb8008b0546000800be00fe
:107640000a01be004f06be004f05be004f04be003b
:1076500000000600e48240001078a300070032001a
:10766000640240001178a3003400be001401be0083
:10767000040032000330a700000006003500be0001
:0c7680001501be000330a0000000060051
:020000040000fa
:10768c0025750000004c000069670000687400005c
:10769c0073200000726100006d700000696e0000c4
:1076ac0067200000646f0000776e00000d0a000078
:1076bc000025000030320000580000004c6500002e
:1076cc00766500006c6c0000696e0000672000009d
:1076dc00737400006172000074650000640d00009a
:1076ec000a00000053540000203200003300000058
:1076fc004c650000766500006c6c0000696e000043
:10770c0067200000636f00006d7000006c65000066
:10771c00746500000d0a0000004100006e7400004a
:10772c00692d000063720000656500007020000088
:10773c00737400006172000074650000640d000039
:10774c000a000000535400002032000034000000f6
:10775c00416e0000746900002d630000726500002a
:10776c0065700000206900006e74000065720000f6
:10777c007275000070740000656400000d0a000052
:10778c00004100006e740000692d0000637200005f
:10779c006565000070200000636f00006d700000d4
:1077ac006c650000746500000d0a000000410000cb
:1077bc0041200000555000000055000050200000f2
:1077cc00636100006c6c00002072000065710000a9
:1077dc007565000073740000656400000d0a0000fc
:1077ec000041000041200000444e00000044000015
:1077fc004e200000636100006c6c000020720000e1
:10780c00657100007565000073740000656400000c
:10781c000d0a0000004100004120000058580000f3
:10782c00004100006c6c000020630000616c0000e3
:10783c006c73000020630000616e00006365000043
:10784c006c6c0000656400000d0a00000044000030
:10785c005200000053460000005300006166000017
:10786c00652000006d6f0000646500002061000061
:10787c0063740000697600006174000065640000a8
:10788c000d0a00000053000043000000536100008b
:10789c0066650000206d00006f640000652000002c
:1078ac00636100006e630000656c00006c65000095
:1078bc00640d00000a000000524500005345000012
:1078cc00540000004f540000000d00000a0000009e
:1078dc00444d000000460000570000007365000096
:1078ec0072690000616c0000005200004230000020
:1078fc003000000072610000696e0000626f0000d1
:10790c00772000006c690000676800007473000049
:10791c00206f00006666000020000000524200004c
:10792c003031000000720000616900006e620000de
:10793c006f770000206c000069670000687400001d
:10794c00732000006f6e0000004c000052200000fd
:10795c000052000061770000207200006564000096
:10796c00206900006e700000757400003a20000061
:10797c00004c00005220000025320000780000006e
:10798c007265000064500000574d00002075000027
:10799c007064000061740000656400000d0a000052
:1079ac00004900006e760000616c00006964000004
:1079bc0020720000656400002068000065780000fb
:1079cc0020760000616c0000756500000d0a000057
:1079dc00004c000047200000004c00004720000035
:1079ec002532000078000000477200006565000039
:1079fc006e200000505700004d20000075700000f4
:107a0c006461000074650000640d00000a00000051
:107a1c00496e0000766100006c6900006420000073
:107a2c0067720000656500006e200000686500004c
:107a3c0078200000766100006c750000650d000078
:107a4c000a0000004c420000200000004c420000e4
:107a5c002025000032780000006200006c750000e8
:107a6c0065200000505700004d200000757000008c
:107a7c006461000074650000640d00000a000000e1
:107a8c00496e0000766100006c6900006420000003
:107a9c00626c0000756500002068000065780000cd
:107aac0020760000616c0000756500000d0a000076
:107abc00004c000057200000004c00005720000034
:107acc00253200007800000077680000697400001f
:107adc0065200000505700004d200000757000001c
:107aec006461000074650000640d00000a00000071
:107afc00496e0000766100006c6900006420000093
:107b0c00776800006974000065200000686500005b
:107b1c0078200000766100006c750000650d000097
:107b2c000a000000445300002000000044530000f1
:107b3c002025000032780000006400006f6f000008
:107b4c007220000073700000656500006420000066
:107b5c00757000006461000074650000640d000025
:107b6c000a000000496e0000766100006c6900009c
:107b7c0064200000646f00006f720000207300002e
:107b8c0070650000656400002068000065780000e6
:107b9c0020760000616c0000756500000d0a000085
:107bac00004c00004f4300004b53000054410000b8
:107bbc0054550000530000004c4f0000434b000094
:107bcc003a200000554e00004c4f0000434b000083
:107bdc0045440000202800000020000074690000cb
:107bec00636b000073200000726500006d61000083
:107bfc00696e0000696e0000672900000d0a000024
:107c0c00004c00004f4300004b3a0000204c000099
:107c1c004f4300004b450000440d00000a000000db
:107c2c00534100005645000000440000454600004a
:107c3c00415500004c540000530000004661000008
:107c4c00637400006f72000079200000646500000e
:107c5c0066610000756c00007473000020720000f7
:107c6c0065730000746f000072650000640d000005
:107c7c000a000000434f00004e4600004947000038
:107c8c00002d00002d2d0000204300004f4e000061
:107c9c0046490000472000002d2d00002d0d00004e
:107cac000a000000446f00006f7200005370000067
:107cbc00643a00000041000043540000696d00006c
:107ccc00657200003a00000041430000456e000060
:107cdc003a20000020200000004100004854000021
:107cec00696d0000657200003a0000004148000018
:107cfc00456e00003a2000002020000000410000ea
:107d0c0048440000697200003a2000002000000086
:107d1c004f5400003a2000002020000020200000da
:107d2c00005400006f7000004f5200003a20000019
:107d3c0020000000426f0000744f0000523a000017
:107d4c0020200000004c00006967000068740000ef
:107d5c00543a0000200000004469000072740000d6
:107d6c00793a000020200000002d00002d2d00008d
:107d7c00204500004e440000202d00002d2d000059
:107d8c000d0a000000430000683000000d0a0000de
:107d9c0000430000683100000d0a000000430000a1
:107dac00683200000d0a0000004300006833000038
:107dbc000d0a0000004200006f6f000074200000ec
:107dcc006c69000067680000742000007465000096
:107ddc0073740000206400006f6e0000650d0000dd
:107dec000a000000554100005254000020520000cf
:107dfc0065610000647900000d0a0000005300006a
:107e0c0079730000746500006d200000726500003d
:107e1c0061640000790d00000a000000535400005a
:107e2c0020320000310000005354000020310000cb
:107e3c0046000000535400002032000037000000c0
:107e4c005354000020310000360000005354000051
:107e5c002030000038000000535400002030000097
:107e6c003900000053540000203000004100000095
:107e7c005354000020300000420000004c5400001d
:107e8c0072690000673a0000005400005241000083
:107e9c0056200000004400004f4f0000522000000c
:107eac00004c00004f4300004b2000000055000028
:107ebc0050200000004400004e2000000053000041
:107ecc005420000032380000005300005420000001
:107edc0032390000005300005420000032410000f1
:107eec0000530000542000003242000000550000f6
:107efc00702000006f760000657200007275000043
:107f0c006e20000073740000617200007465000044
:107f1c00640d00000a00000055700000206f000086
:107f2c007665000072720000756e00002063000020
:107f3c006f6d0000706c000065740000650d000032
:107f4c000a000000446f0000776e0000206f0000f4
:107f5c007665000072720000756e000020730000e0
:107f6c007461000072740000656400000d0a00006a
:107f7c00004400006f7700006e2000006f76000058
:107f8c0065720000727500006e200000636f0000c7
:107f9c006d7000006c650000746500000d0a000037
:107fac000053000054200000313700000d0a00007f
:107fbc00004f0000766500007274000072610000d2
:107fcc00766500006c20000072650000736500008f
:107fdc00740d00000a000000436f00006e66000084
:107fec006967000020730000617600006564000082
:107ffc00207400006f200000666c000061730000ac
:10800c00680d00000a0000004e6f00002073000095
:10801c006176000065640000206300006f6e000054
:10802c0066690000672000003f20000075730000a7
:10803c00696e000067200000646500006661000046
:10804c00756c0000747300000d0a00000043000002
:10805c006f6e000066690000672000006c6f000006
:10806c00616400006564000020660000726f00000f
:10807c006d200000666c000061730000680d00004c
:04808c000a000000e6
:020000040000fa
:108090000000fa004023a9000080fa00000006005a
:1080a0000400fa00100798001e0090008000eb000a
:1080b000e200200003002000820f5000838f580050
:1080c0003d003e00006001000e0037001000370048
:1080d0001200370014003700160037001800370070
:1080e0001a0037001c0037001e0037002000370040
:1080f0002200370024003700260037002800370010
:108100002a00370001188000010f78002b0037008b
:1081100011188000010f7800280037002118800016
:10812000010f78002500370031188000010f78001a
:108130002200370041188000010f78001f0037002f
:1081400051188000010f78001c0037006118800072
:10815000010f78001900370071188000010f7800b6
:108160001600370081188000010f780013003700d7
:1081700091188000010f780010003700a1188000ce
:10818000010f78000d003700b1188000010f780052
:108190000a003700c1188000010f7800070037007f
:1081a000d1188000010f780004003700e11880002a
:1081b000010f780001003700000000001e00780069
:1081c0000080fa00000006001600fa00200f980058
:1081d000ae089000811f780060b42b00801f7800eb
:1081e0000e00780050e80700e48757000e00780082
:1081f000020007000080fa00000006000200fa00fa
:10820000000f78000b003700000000001111800003
:1082100000202000008060000000e000fbff3a002a
:108220001e007800104078000000fb00201188003c
:108230001e0fe8001e007800104078000004e000e7
:10824000f1ff3a000080fa00000006000200fa0088
:10825000004f780000000000111180000020200075
:10826000008060000000e000fbff3a001e00fb0001
:10827000201188000080fa00000006000400fa00c7
:10828000004f780011479800224798000602a80086
:108290000000000030108000610060000000e0007d
:1082a000fcff3a001e80fb00000040001010880018
:1082b00000000000411080000000240000806000e9
:1082c0000000e000fbff3a001e4090000080fb0031
:1082d0001010880000000000411080000000240001
:1082e000008060000000e000fbff3a002e4090009c
:1082f0000080fb001010880000000000411080008a
:1083000000002400008060000000e000fbff3a0055
:108310000642a800000000003010800064006000e9
:108320000000e000fcff3a000080fa0000000600b8
:108330000400fa002047980031479800ab1307006b
:108340002e40900000404000c31307003e409000c4
:10835000c11307002e4090000080fb000000400089
:10836000004078000004a000bb1307000040eb00b1
:10837000cd130700004f7800a51307001e407800ba
:108380000080fa00000006000000fa0002c1b300fd
:1083900031c0b30000c4b300b8ff070032c0b3005f
:1083a000e1cfb30000c4b300b4ff07000041eb000d
:1083b0008040eb0000c4b300b0ff070042c0b30030
:1083c00011c0b30000c4b300acff07000080fa0086
:1083d000000006000800fa002047980021079800d6
:1083e000320798002e4090004200dd00664f4000aa
:1083f0002e00900000407800004178009e407800f8
:1084000000c4b3009dff07002e0090004800de006e
:10841000804078001e40e8000141780080407800ec
:1084200000c4b30095ff07003e0090008040780034
:108430001ec0e800014178008040780000c4b3000d
:108440008eff07003e0090004800de00804078006c
:108450001e4178006340410001417800804078006f
:1084600000c4b30085ff07000080fa00000006008a
:108470000200fa000000eb00000f78002400370033
:108480001e0178008000eb000040eb00d1ff0700e8
:1084900000c4290001002000a01607001e0178007a
:1084a0008000eb0010c0b300caff070000c4290021
:1084b00001002000991607001e0178008000eb00e3
:1084c00020c0b300c3ff070000c429000100200042
:1084d000921607001e0178008000eb0030c0b30048
:1084e000bcff070000c42900010020008b16070014
:1084f000f0ff20009e007800808f500002003600c0
:108500000000eb00000f78009e007800708f4000a4
:10851000000021009e007800808f5000d8ff3600b8
:108520000080fa00000006000600fa00000f780044
:1085300011079800220798001e0178008000eb00c8
:108540000040eb00a3ff07001e0190008000eb003d
:1085500010c0b3009fff07002e0190008000eb00c9
:1085600020c0b3009bff07000080fa000000060057
:108570000a00fa00881f78006000b800008fbe0073
:1085800001003700000000001e00be000ce60700de
:108590000200200003f8230035e2070002002e004d
:1085a000f34f2400f6e30700e5e1070020079800f9
:1085b00062aa2000630024001e00be002ce2070017
:1085c000ffe507000200200003f8230028e207006f
:1085d00002002e00f34f2400e9e30700d8e1070072
:1085e0003007980062aa2000630824001e00be0025
:1085f0001fe20700f2e507000200200003f8230055
:108600001be2070002002e00f34f2400dce307000a
:10861000cbe10700400798004e019000be0090009b
:108620002e009000c0ff070000c4290001002000b8
:108630003a160700a2702d0033c223001e00be00b0
:108640000be20700008fbe0018c0b30092ff2000ad
:10865000930c24001e00be00b7e107000000e000fc
:1086600001003c000044eb000804e000c5ff3200bc
:1086700092ff2000930c24001e00be00f3e10700cf
:10868000008fbe00c0ff37000200fa00004f7800e4
:108690007412070080c7b3008d1207000040eb0082
:1086a0008b1207001e40780089120700761207001f
:1086b0008000200001002000181607000080fa004a
:1086c000000006000200fa00004f78006512070063
:1086d00080c7b3007e12070000c4b3007c120700fd
:1086e0001e4078007a12070067120700003220004f
:1086f00001002000091607000080fa0000000600b3
:108700000000fa0000a82100610020000316070005
:1087100080c3b300dcff070090c3b300daff07009b
:1087200000a8210061002000fc15070040c1b30033
:10873000d5ff0700f0c7b300d3ff0700f0c5b300b3
:10874000d1ff070000482800e1012000f3150700d1
:10875000c0c6b300ccff0700008823001100200032
:10876000ee15070080c3b300c7ff07000088230091
:1087700011002000e9150700d0c0b300c2ff0700b8
:108780000088230011002000e415070010c0b3008a
:10879000bdff07000088230011002000df1507003f
:1087a00060c0b300b8ff070000c42900010020002a
:1087b000da15070000c4b300b3ff07000048280023
:1087c000e1012000d51507000080fa000000060036
:1087d0000200fa00000f7800040037001e00780045
:1087e000104078001e0fe800b6ff07001e0078005a
:1087f000104078000004e000f8ff3a000080fa0022
:10880000000006000000fa0021fe07000080fa00c8
:10881000000006000000fa00004080000000e000b8
:1088200002003a00ece2a9000e0037001040800080
:108830000000e8001040880010408000e20f500067
:1088400002003c00ece2a80001003700ece2a900c5
:108850001140800030062000808f5000010034005d
:108860000228ef000080fa00000006000000fa0075
:108870001116800000202000008060000000e00051
:108880000b003a00111680000004200000806000f8
:108890000000e00006003200101680006100600059
:1088a0000000e0000200320010002000110037003c
:1088b0001116800000042000008060000000e0002d
:1088c0000b003a001116800000202000008060009c
:1088d0000000e00006003200101680006200600018
:1088e0000000e0000200320010002000010037000c
:1088f0000000eb000080fa00000006000000fa0013
:10890000204680000000e00005003a001000200032
:1089100020468800c628ef0010002000004688008e
:108920000080fa00000006000000fa008f13070024
:10893000100020001046880010002000e04388004e
:10894000100020007048880010002000c0488800f7
:1089500010002000f043880010002000d04888005c
:1089600010002000a04888001000200080458800ea
:108970001000200080438800f04780000000e800dd
:10898000f0478800904680000000e800904688008c
:1089900010178000610060000000e0000400320059
:1089a000f04680000000e800f04688000100370033
:1089b000de28ef00304480000000e80030448800ea
:1089c000a04980000000e800a0498800a14980007b
:1089d00030062000808f5000010034003429ef0061
:1089e0008cff0700404280000000e0000b003200d6
:1089f000504280000000e000080034005042800037
:108a00000000e90050428800504280000000e00071
:108a100002003a004e0d07004828ef000080fa00df
:108a2000000006000000fa00f41207001000200009
:108a3000f048880010002000504788000080fa00ad
:108a4000000006000000fa00001407000080fa0091
:108a5000000006000800fa0080408000e10f50008e
:108a60000f003200e10f500005003900e20f500006
:108a700020003200e30f50003a003200510037006e
:108a80001228ef00c04080000000e00046003200e5
:108a90001828ef00100020008040880049003700af
:108aa00091408000d04980000080400090408800c4
:108ab00091408000e00f2000808f500006003400bd
:108ac000f00f2000904088002000200080408800a7
:108ad0001428ef001628ef00c04080000000e000de
:108ae000330032001828ef001428ef001628ef009a
:108af00034003700f00f200090408800a040800034
:108b0000b140800061004000e0804800a040880043
:108b1000b1408800c04080000000e0000300320047
:108b20001828ef001428ef001628ef00a24080005c
:108b3000b3408000b04a8000c14a8000800f5100dd
:108b4000818f59001c0039003000200080408800cf
:108b50001428ef001628ef0090b42b00a7fd0700a3
:108b600018003700c04080000000e0000400320020
:108b70001828ef0010002000804088001100370006
:108b800091408000d04980000080500090408800d3
:108b9000904080000000e00009003c001228ef0037
:108ba0001028ef0007003700000000000500370024
:108bb0000000000003003700000000000100370043
:108bc00000000000904080006101b900c0418000b9
:108bd000d1418000009ab90004027800028bb900ec
:108be00086027800050242000010b800010242002f
:108bf00084007800f20f20000300200083e00700cb
:108c0000000f7800904080006101b900e0418000d1
:108c1000f1418000009ab90004027800028bb9008b
:108c200086027800050242000010b80001024200ee
:108c300084007800f20f20000300200073e007009a
:108c400010079800904080006101b9000042800048
:108c500011428000009ab90004027800028bb9002a
:108c600086027800050242000010b80001024200ae
:108c700084007800f20f20000300200063e007006a
:108c800020079800904080006101b90020428000d8
:108c900031428000009ab90004027800028bb900ca
:108ca00086027800050242000010b800010242006e
:108cb00084007800f20f20000300200053e007003a
:108cc000300798001e0078004400dd0000017800a5
:108cd0008000eb0020c0b300befd07001e00900026
:108ce0004400dd00000178008000eb0010c0b300fc
:108cf000b8fd07002e0090004400dd000001780060
:108d00008000eb000040eb00b2fd07003e00900049
:108d10004400dd00000178008000eb0030c0b300ab
:108d2000acfd07000080fa00000006000000fa0019
:108d3000f1468000b0498000808f5000030035006c
:108d400010002000e0468800de28ef00e0468000aa
:108d5000e10f500003003a00ed02a900ec02a80068
:108d600002003700ed02a800ec02a900d116800035
:108d700000002200008060000000e00002003200dd
:108d8000dc28ef00de28ef000080fa00000006007b
:108d90000000fa00f1478000604c8000808f500096
:108da00003003500fe28ef00c482a800d442a800ca
:108db0000080fa00000006000000fa001000200009
:108dc0004042880020032000504288000080fa00c2
:108dd000000006000a00fa0040079800ce0090004c
:108de000811f7800f0b52b00801f78000e007800fe
:108df0004de50700e48757000e007800fffc0700f0
:108e00000080fa00000006000000fa002040800008
:108e1000e10f50001e003200e10f50000300390046
:108e2000e20f50002c00320039003700111680008c
:108e300000002800008060000000e0002d003200eb
:108e4000100020009043880010002000204088007f
:108e5000c402a800c422a90040b62b00e7fc07000a
:108e600081b72b00b0b420004ee507000000e00001
:108e7000220032006200200081b72b00b0b4200035
:108e800041e507001000200050488800200037000e
:108e9000c402a800111680000004200000806000b9
:108ea0000000e00005003a001116800000002800d4
:108eb000008060000000e00012003a00c402a90037
:108ec0007228ef002000200020408800e0b72b002f
:108ed000cafc07000e0037001116800000002800b1
:108ee000008060000000e00008003a000428ef0065
:108ef00007003700000000000500370000000000f8
:108f000003003700000000000100370000000000ef
:108f10000080fa00000006000200fa0050418000c4
:108f2000e10f50000e00320060418000e10f500060
:108f30000b00320010168000610060000000e000ad
:108f400007003a0010168000620060000000e00098
:108f500003003a0090438000e10f500002003a0005
:108f600010002000010037000000eb00000f780027
:108f700030408000e10f500021003200e10f50002e
:108f800003003900e20f500038003200470037007c
:108f90001116800000002400008060000000e00046
:108fa000390032001e0078000000e00038003a006e
:108fb0001000200040408800100020003040880051
:108fc000c422a800c402a90030b92b008bfc070002
:108fd00081ba2b00b0b42000f2e407000000e000ea
:108fe0002d0032006200200081ba2b00b0b42000b6
:108ff000e5e4070010002000504888002b003700ef
:10900000c422a8001e0078000000e0000600320024
:10901000c422a9000828ef000628ef00e0ba2b00c0
:1090200076fc0700210037001116800000042000a4
:10903000008060000000e00005003a00111680008a
:1090400000002400008060000000e00014003a00ee
:10905000c422a9000828ef0020002000304088002a
:1090600070bc2b0065fc0700100037001116800053
:1090700000002400008060000000e0000a003a00c8
:109080000628ef0009003700000000000700370045
:10909000000000000500370000000000030037005a
:1090a0000000000001003700000000000080fa000e
:1090b000000006002000fa00700f980000c429008c
:1090c0000100200095130700d1bd2b007e08900001
:1090d00023e607000000e000080032001000200036
:1090e000504188002c28ef00c422a800c402a90027
:1090f00030be2b0041fc0700e401370071bf2b009c
:109100007e08900016e607000000e000080032002c
:1091100010002000604188002a28ef00c402a80047
:10912000c422a900d0bf2b0034fc0700d7013700b0
:1091300011c12b007e08900009e607000000e00046
:10914000070032002a28ef002c28ef00c422a900d3
:10915000c402a90070c12b0028fc0700cb01370016
:10916000d1c22b007e0890008ee407000000e000d2
:1091700009003a002a28ef002c28ef00c422a90099
:10918000c402a900100020002045880070c12b00f7
:109190001afc0700bd01370001c32b007e089000b8
:1091a00080e407000000e00006003a001000200004
:1091b000004088000228ef0030c32b000ffc07009e
:1091c000b201370091c42b007e08900075e40700bf
:1091d0000000e00006003a000028ef000228ef003f
:1091e000ece2a900c0c42b0004fc0700a701370073
:1091f00021c62b007e0890006ae407000000e00012
:10920000a201320081c62b007e08900065e40700b1
:109210000000e00005003a00b0498000eafb0700ca
:10922000b0c62b00f5fb070098013700e1c62b0004
:109230007e0890005be407000000e00005003a00b3
:10924000c0498000e0fb0700b0c62b00ebfb070025
:109250008e01370011c72b007e08900051e40700f3
:109260000000e00005003a00a0ae2000e3fb07008c
:10927000b0c62b00e1fb07008401370041c72b007b
:109280007e08900047e407000000e00005003a0077
:10929000a0ae2000d9fb0700b0c62b00d7fb07000b
:1092a0007a013700b1c72b007e0890003de407002b
:1092b0000000e00008003a00504080000000e0009c
:1092c00005003a00100020005040880000c82b0024
:1092d000cafb07006d01370041c92b007e089000d2
:1092e00030e407000000e00007003a005040800032
:1092f000e10f500004003a000a28ef0090c92b004b
:10930000befb07006101370032002000b1ca2b000c
:109310007e0890002ee407000000e00026003a00de
:109320007e0890006300400022002000800078004a
:109330000e0078003be407000040eb002047980057
:10934000f0ca2b00adfb07007e089000abfb0700c6
:10935000b0c62b00a9fb070064004700801f7800ff
:10936000f0cb2b00801f78007e089000fbe3070005
:10937000e4875700e10f50000c003a002e009000e7
:10938000cf80de00c0418800d141880060cc2b0036
:109390009afb0700c0418000d141800000007800a6
:1093a00089fb070084fe07003801370070cd2b00d1
:1093b00092fb07003501370032002000f1ce2b0070
:1093c0007e08900002e407000000e0001f003a0061
:1093d0007e089000e3004000660047002200200065
:1093e00010e407000040eb00004f98006a004700bf
:1093f000801f780030cf2b00801f78007e089000ff
:10940000d6e30700e4875700e10f50000c003a0054
:109410005e009000cf80de00e0418800f1418800ce
:10942000a0cf2b0075fb0700e0418000f1418000d8
:109430000000780064fb07005ffe0700130137009f
:10944000e0d02b006dfb0700100137003200200038
:1094500081d22b007e089000dde307000000e000d1
:109460001f003a007e089000e30040006c004700b7
:1094700022002000ebe307000040eb00604f980063
:1094800070004700801f7800c0d22b00801f78003a
:109490007e089000b1e30700e4875700e10f500019
:1094a0000c003a000e089000cf80de0000428800d9
:1094b0001142880030d32b0050fb0700004280008f
:1094c00011428000000078003ffb07003afe0700d1
:1094d000ee00370060d42b0048fb0700eb0037009c
:1094e00032002000f1d52b007e089000b8e3070081
:1094f0000000e0001f003a007e089000e3004000fa
:109500007200470022002000c6e307000040eb0085
:109510004057980076004700801f780030d62b0017
:10952000801f78007e0890008ce30700e4875700d6
:10953000e10f50000c003a003e089000cf80de00a2
:109540002042880031428800a0d62b002bfb070068
:109550002042800031428000000078001afb0700a2
:1095600015fe0700c9003700e0d72b0023fb0700da
:10957000c60037003200200081d92b007e08900001
:1095800093e307000000e0001f003a007e0890000f
:10959000e30040007800470022002000a1e307001c
:1095a0000040eb00205f98007c004700801f78009f
:1095b000c0d92b00801f78007e08900067e3070069
:1095c000e4875700e10f50000c003a006e0890004d
:1095d000cf80de00e0498800f149880030da2b00b6
:1095e00006fb0700e0498000f14980000000780098
:1095f000f5fa0700f0fd0700a400370080db2b0020
:10960000fefa0700a100370071dd2b007e089000f4
:1096100064e307000000e0000e003a0020468000ee
:109620000000e0000800320020de2b00f3fa070003
:10963000304680007e001000e3fa070030df2b0088
:10964000eefa07009100370070e02b00ebfa0700fc
:109650008e00370061e12b007e08900051e3070087
:109660000000e00004003a00390a07004828ef0033
:109670004a28ef0085003700b1e12b007e089000fa
:1096800048e307000000e00007003a00190b07005c
:109690002f0a07004828ef004a28ef0040e22b007d
:1096a000d6fa07007900370001e42b007e0890000d
:1096b0003ce307000000e00074003a0070e42b0077
:1096c000cefa0700b0ca2b00ccfa0700c0418000d8
:1096d000d141800000007800befd0700b0c62b001d
:1096e000c6fa0700f0ce2b00c4fa0700e041800064
:1096f000f141800000007800b6fd0700b0c62b00e5
:10970000befa070080d22b00bcfa0700004280009e
:109710001142800000007800aefd0700b0c62b00ab
:10972000b6fa0700f0d52b00b4fa070020428000fb
:109730003142800000007800a6fd0700b0c62b0073
:10974000aefa070080e52b00acfa0700e049800084
:10975000f1498000000078009bfa0700b0c62b009a
:10976000a6fa070010e62b00a4fa0700004a8000c2
:10977000114a80000000780093fa0700b0c62b0061
:109780009efa0700a0e62b009cfa0700204a800002
:109790008dfa0700b0c62b0098fa070030e72b00bf
:1097a00096fa0700304a8000414a800000007800a5
:1097b00085fa0700b0c62b0090fa0700c0e72b001f
:1097c0008efa0700a04180007ffa0700b0c62b0088
:1097d0008afa070050e82b0088fa0700b0418000a1
:1097e00079fa0700b0c62b0084fa0700e0e82b00e6
:1097f00082fa0700504a8000614a80000000780029
:1098000071fa0700b0c62b007cfa070070e92b0044
:109810007afa0700704a8000814a800000007800d0
:1098200069fa0700b0c62b0074fa070000ea2b00a3
:1098300072fa0700904a8000a14a80000000780078
:1098400061fa0700b0c62b006cfa070090ea2b0003
:109850006afa0700b04a8000c14a80000000780020
:1098600059fa0700b0c62b0064fa070020eb2b0062
:1098700062fa07004042800053fa0700b0c62b008e
:109880005efa0700b0eb2b005cfa07000080fa00dc
:10989000000006000000fa001116800000022000ff
:1098a000008060000000e00003003a007045800086
:1098b000e10f500002003a001000200001003700c4
:1098c0000000eb000080fa00000006002400fa000f
:1098d000881f78007211070000a821006100200095
:1098e0008e110700b9100700c507070000a8210066
:1098f0006100200089110700a20f0700450f070033
:10990000e80e0700fb0f0700d50f0700780f0700d0
:109910001b0f07002e100700ddf907002040240070
:109920000f0f0700cde2a800ecc2a9008a0c0700c7
:10993000a50c07000000eb00bd0c07000010200084
:10994000b50c070000482800e10120007311070052
:109950008dfa070000502300c10020006f1107009e
:1099600090ec2b0025fa0700f2ff20008000eb00ae
:109970000040eb0097fa070000202100a10720001b
:10998000661107000001eb008000eb000040eb00d7
:1099900090fa0700f0ec2b0018fa0700f2ff200005
:1099a0008000eb0010c0b3008afa070000202100fd
:1099b000a1072000591107000001eb008000eb0017
:1099c00010c0b30083fa070050ed2b000bfa07001c
:1099d000f2ff20008000eb0020c0b3007dfa0700fa
:1099e00000202100a10720004c1107000001eb001e
:1099f0008000eb0020c0b30076fa0700b0ed2b002a
:109a0000fef90700f2ff20008000eb0030c0b30039
:109a100070fa070000202100a10720003f11070075
:109a20000001eb008000eb0030c0b30069fa0700d2
:109a300010ee2b00f1f90700c402a900c422a9000e
:109a4000c482a800d442a800d482a900dd22a800c4
:109a5000dcc2a900cde2a800e4e2a800e4c2a800ac
:109a6000ec02a800ec22a800ec42a800ec62a800de
:109a7000ec82a900eca2a900ecc2a900ece2a900ca
:109a8000ed02a800ed82a800f4e2a800f5c2a9004a
:109a9000f5e2a90000482800e10120001f1107009d
:109aa000103a8000000178000260a10060042000ec
:109ab00071052000237420008049780081497800d6
:109ac000824978001136800000fc2f000080600081
:109ad0003000b300103688002135800000fc2f00d4
:109ae000008060003000b30020358800103a80000c
:109af000000178000260a0006004200071052000d1
:109b000023742000804978008149780082497800d8
:109b100080ef2b00b9f907007a09070050f02b00fd
:109b2000b6f907000000eb00410c07000080eb00d5
:109b3000000f7800e0498000f149800000007800c3
:109b4000904b88000100370000000000c6070700a6
:109b50000004e0002300320098070700004f98003f
:109b60000e489000ea4f5000030032000e4890006b
:109b7000ed4f50000d003a000fc8bf000080fb0001
:109b800021b820000041eb008270780020b820004e
:109b90009af90700b0c62b0098f9070020b82000fa
:109ba00044fd07000f68ef000e003700f180200031
:109bb00091407800e0c3b30080cf500008003e0021
:109bc0000fc8bf008080fb0022b820008e499000a3
:109bd00003f178000040e8000fe8b700010037000b
:109be0000f68ef0011168000000420000080600064
:109bf0000000e00019003a0011168000002020004b
:109c0000008060000000e000140032000000eb0063
:109c1000100798001e0078000000e00003003200ea
:109c200036fb0700100020007045880041f12b0032
:109c3000b0b42000dbe107000000e0005500320076
:109c40006200200041f12b00b0b42000cee10700fb
:109c500010002000504888004e0037001116800088
:109c600000202000008060000000e00019003a00a1
:109c70001116800000042000008060000000e00059
:109c80001400320010002000100798001e00780019
:109c9000e10f50000300320018fb07001000200005
:109ca00070458800a1f12b00b0b42000bde1070091
:109cb0000000e0003700320062002000a1f12b001c
:109cc000b0b42000b0e10700100020005048880028
:109cd0003000370011168000002020000080600056
:109ce0000000e00014003200111680000004200083
:109cf000008060000000e0000f0032002000200023
:109d000010079800ae28ef0001f22b00b0b420003d
:109d1000a4e107000000e0001e0032006200200005
:109d200001f22b00b0b4200097e1070010002000e2
:109d300050488800170037001116800000202000ce
:109d4000008060000000e00012003a001116800060
:109d500000042000008060000000e0000d003a00d8
:109d6000300020001007980061f22b00b0b42000f2
:109d70008ce107000000e0000600320062002000d5
:109d800061f22b00b0b420007fe10700100020003a
:109d9000504888001cfc07005ffc0700111680007b
:109da00000042000008060000000e0000500320098
:109db0001116800000202000008060000000e000fc
:109dc000fa003a0070428000e20f50008500320035
:109dd000e20f500005003e000000e00008003200e5
:109de000e10f50002c003200fa003700e30f500062
:109df000a2003200e40f5000e8003200f500370006
:109e0000704580000000e00008003a005116800014
:109e100000002200008060000000e0001d003a0009
:109e2000204580000000e0001a003200b3fa07006d
:109e3000cde2a900ecc2a900100020007042880009
:109e4000a628ef00a828ef00aa28ef00e04980002c
:109e5000f149800000007800750b0700ae28ef0084
:109e6000f5c2a800f5e2a900c1f22b00f0b3200072
:109e70004ce107000000e000060032006200200014
:109e8000c1f22b00f0b320003fe1070010002000da
:109e900030488800c4003700f04380000000e00034
:109ea000240032007e28ef00504580000000e800ca
:109eb00050458800e0498000f149800000007800aa
:109ec0005b0b070051458000a04b8000808f500045
:109ed0001800350031458000904b8000808f500085
:109ee00013003c0031458000b04b800000804000f2
:109ef0003045880031458000904b8000808f5000b5
:109f000002003500904b80003045880031458000cc
:109f1000400620000088b90080007800f0ff200093
:109f200000017800110009008200d8005007980055
:109f3000aa28ef0051168000000021000080600078
:109f40000000e00026003a00334580002307980017
:109f50000d0037002e0090000000e00002003d00e0
:109f60000000eb00200798002e009000300b070047
:109f700000c4290001002000e80f07002e00900017
:109f80004006b100200798002e0090000000e0007d
:109f9000f0ff3d00ecc2a8000000eb00240b07001e
:109fa0002000200070428800ae28ef00a428ef00b7
:109fb00021f32b00f0b32000fae007000000e000de
:109fc000060032006200200021f32b00f0b32000d5
:109fd000ede007001000200030488800f5c2a9001d
:109fe00071003700204a80000000e00003003200ca
:109ff000b04580000000e00006003a0010458000f7
:10a000000000e00003003a00204580000000e0006e
:10a0100019003200cde2a900ecc2a80030002000f7
:10a0200070428800a628ef00a828ef00aa28ef00b9
:10a03000e0498000f149800000007800fc0a070038
:10a04000f5c2a900f5e2a800b628ef0081f32b00c5
:10a05000f0b32000d3e007000000e000060032006b
:10a060006200200081f32b00f0b32000c6e007005f
:10a0700010002000304888004b003700f04380007b
:10a080000000e0001b0032007e28ef0050458000f9
:10a090000000e8005045880051458000a04b80003a
:10a0a000808f50001300350031458000904b8000b8
:10a0b000808f50000e003d0031458000b04b800085
:10a0c000008040003045880031458000904b800082
:10a0d000808f500002003400904b80003045880093
:10a0e000e0498000f149800000007800d00a0700b4
:10a0f000aa28ef00511680000000220000806000b6
:10a100000000e00024003a00e0498000f1498000ae
:10a11000300798000d0037003e0090000000e0007e
:10a1200002003d000000eb00300798003e00900068
:10a13000bf0a070000c4290001002000770f0700b4
:10a140003e0090004006b100300798003e009000ad
:10a150000000e000f0ff3d000000eb00b40a070043
:10a16000a428ef004000200070428800e1f32b009b
:10a17000f0b320008be007000000e0000600320092
:10a1800062002000e1f32b00f0b320007ee0070026
:10a190001000200030488800030037004e28ef00f0
:10a1a000ae28ef00000000000a003700cde2a80052
:10a1b0000000eb009e0a07009e28ef009628ef00a3
:10a1c0007428ef004e28ef00ae28ef00b228ef0011
:10a1d000b428ef009e009000010f78001116800057
:10a1e00000042000008060000000e00006003a004b
:10a1f00090168000700060000000e00002003a004d
:10a2000010002000010037000000eb00e10f5000bb
:10a210000e00320011168000002020000080600037
:10a220000000e00006003a00901680007000600018
:10a230000000e00002003a0010002000010037009a
:10a240000000eb00e10f500012003a007042800065
:10a25000e40f500003003200704280000000e00074
:10a2600010003a0081f907000000e000070032000a
:10a27000604680000000e0000c003a001000200062
:10a28000604688009df9070009003700cc28ef00e0
:10a2900007003700ca28ef00c828ef00cc28ef00dd
:10a2a000030037000000000001003700000000003c
:10a2b000204680000000e0000d00320010468000c3
:10a2c0000000e0000a003200c228ef0030468000a3
:10a2d0000000e8003046880030468000fd0f500046
:10a2e00003003400c428ef00c028ef00c628ef00a8
:10a2f000204680000000e00003003200ec82a8004d
:10a30000ec62a80002003700ec82a900ec62a90010
:10a310001116800000042000008060000000e000b2
:10a32000070032001116800000202000008060002d
:10a330000000e000020032001000200001003700a1
:10a340000000eb00600798006e0190007207980013
:10a3500070428000e10f5000060032007042800021
:10a36000e20f50000300320070428000e30f500003
:10a3700002003a0010002000010037000000eb004e
:10a38000000f9800204680000000a20000f0a70007
:10a390000000ea000000e9004f00de00100f980006
:10a3a000504180000000a20000f0a7000000ea0079
:10a3b0000000e9004f00de00200f9800604180009f
:10a3c0000000a20000f0a7000000ea000000e90081
:10a3d0004f00de00300f98007e0090000000e0008b
:10a3e00003003200504980000000e00018003200f5
:10a3f0000e0890000000e000030032006049800079
:10a400000000e000120032001e0890000000e00092
:10a4100003003200704980000000e0000c003200b0
:10a420002e0890000000e000030032008049800008
:10a430000000e000060032003e0890000000e0004e
:10a4400022003200904980000000e0001f003a0026
:10a4500010002000c040880040f42b0067f7070080
:10a460007e0090000000e00002003200b0f42b00fb
:10a4700062f707000e0890000000e00002003200c2
:10a4800010f52b005df707001e0890000000e000ab
:10a490000200320070f52b0058f707002e089000dc
:10a4a0000000e00002003200d0f52b0053f7070057
:10a4b0003e0890000000e0000200320010f62b0081
:10a4c0004ef70700b0c62b004cf70700fe019000c6
:10a4d000534988008e089000614988001e09900049
:10a4e00072498800ae09900083498800be08900038
:10a4f00091498800d04880000000e000020032004e
:10a500001a29ef0053f9070070428000e20f500053
:10a5100015003a00204a80000000e00012003200de
:10a52000e04380000000e000130032007c28ef00d0
:10a53000c04580000000e800c0458800c04580009c
:10a540006101b900004a8000114a8000800f51006b
:10a55000818f59000700390010002000b0458800a5
:10a56000b828ef0004003700b828ef00b628ef0045
:10a57000010037000000000060002000c8f607005e
:10a58000c0428800c0428000cf80de0007da0700aa
:10a5900002002000e3332400f9db070002002f0053
:10a5a000f357240017db0700400f9800510f980065
:10a5b000d04a8000e14a8000d2cc2c00c3e42300c2
:10a5c00022da070018c0b3004e099000de0990009f
:10a5d000d9d907000000e00001003c000044eb0076
:10a5e0000804e0000e003a00d04a8000e14a8000f2
:10a5f000d2cc2c00c3e423001dda070018c0b3003e
:10a600004e099000de099000c9d907000000e00063
:10a61000010035000044eb000804e00004003200b3
:10a620004e099000de099000d24a8800e34a880073
:10a63000600020009af6070080428800d116800052
:10a6400000002400008060000000e00001003a00eb
:10a650000029ef00d1168000000024000080600077
:10a660000000e000020032001000200000488800d6
:10a6700010168000610060000000e00004003a0055
:10a6800010168000620060000000e000020032004e
:10a6900010002000010037000000eb00600f980060
:10a6a00020438000e10f50000d003200e10f500008
:10a6b00003003900e20f5000150032002c00370073
:10a6c0006828ef00f4e2a8006e0890000000e000a7
:10a6d00022003200100020002043880024003700b0
:10a6e0006828ef00f4e2a8006e0890000000e00087
:10a6f0001c003a0020002000204388006628ef005c
:10a700001000200040438800f4e2a9001800370040
:10a710001000200040438800f4e2a9007048800047
:10a72000e10f500004003a000e29ef003043800092
:10a730000000e8003043880031438000104b800067
:10a74000808f5000090035006428ef006628ef0074
:10a750006828ef00f4e2a8000500370000000000c0
:10a760000300370000000000010037000000000077
:10a77000404380000000e00002003200ec42a800ec
:10a7800001003700ec42a900dd22a800d442a80055
:10a79000c482a800004080000000e00007003a00ea
:10a7a00010178000620060000000e000020032002c
:10a7b000ece2a80001003700ece2a900d01680000e
:10a7c000d016800051178000000022000080600039
:10a7d0000000e00015003200111680000004200087
:10a7e000008060000000e0001000320011168000c0
:10a7f00000202000008060000000e0000b0032001c
:10a8000051f62b0010b52000e6de07000000e00046
:10a81000060032006200200051f62b0010b5200027
:10a82000d9de070010002000604888005117800022
:10a8300000002200008060000000e00012003200f2
:10a840001116800000042000008060000000e0007d
:10a850000d003a00ec22a900e4e2a800b1f62b00ba
:10a8600010b52000cfde07000000e0000600320037
:10a8700062002000b1f62b0010b52000c2de0700f8
:10a88000100020006048880051178000000022005e
:10a89000008060000000e000170032001116800008
:10a8a00000202000008060000000e00012003a005c
:10a8b00090168000680060000000e0000e003a0082
:10a8c00010002000c0478800e4c2a80011f72b0048
:10a8d00010b52000b3de07000000e00006003200e3
:10a8e0006200200011f72b0010b52000a6de070043
:10a8f00010002000604888005117800000002200ee
:10a90000008060000000e0000f003a00f828ef002f
:10a91000fa28ef00e4c2a900e4e2a90071f72b00d5
:10a9200010b520009fde07000000e00006003200a6
:10a930006200200071f72b0010b5200092de0700a6
:10a940001000200060488800101680004600de00dd
:10a95000614060000080fb00700f9800804c800018
:10a96000e10f50000c003a007e0890000000e0006b
:10a9700009003a00204780000000e00006003a008d
:10a980001000200020478800e628ef00ec28ef00a8
:10a99000d0f72b0019f6070020478000e10f500088
:10a9a00017003a00c422a800c402a9005047800042
:10a9b000e10f500016003a00ea28ef00304780000f
:10a9c0000000e80030478800704a8000814a80001b
:10a9d0008000780030478000808f50000c003c00e1
:10a9e000c422a9001000200060478800e628ef007c
:10a9f000e428ef0020f92b0000f6070004003700e0
:10aa0000404080000000e00001003a00c422a9009c
:10aa10007e089000e10f500001003a00ec28ef00a2
:10aa2000fe099000834c8800101680004900de006b
:10aa3000614060000080fb0000179800904c80008f
:10aa4000e10f50000c003a000e1090000000e000f2
:10aa500009003a00804780000000e00006003a004c
:10aa60001000200080478800f228ef00f628ef0051
:10aa700080fa2b00e1f5070080478000e10f5000cd
:10aa800017003a00c402a800c422a900f0488000c0
:10aa9000e10f500016003a001e29ef009047800099
:10aaa0000000e80090478800904a8000a14a80009a
:10aab0008000780090478000808f50000c003c00a0
:10aac000c402a90010002000b0478800f228ef005f
:10aad000f028ef00f0fb2b00c8f50700040037005a
:10aae000904380000000e00001003a00c402a90089
:10aaf0000e109000e10f500001003a00f628ef0020
:10ab00008e109000914c8800120b07000000e000ae
:10ab10000100340084f70700b20a07000000e000db
:10ab200001003400bff707001017800061006000cb
:10ab300000f0a7000000ea000000ea004f00de007d
:10ab4000101798001e1090000000e0000e00320068
:10ab5000e04680000000e0000b003a00f146800073
:10ab6000b0498000808f50000b003500100020009d
:10ab7000e0468800de28ef0070fd2b009ff50700ff
:10ab80008df80700040037001e1090000000e00060
:10ab900001003a00de28ef00d116800000002200fc
:10aba000008060000000e00008003200e046800005
:10abb0000000e00003003200f0fd2b008ff50700dd
:10abc0007df80700dc28ef00de28ef00e04680007b
:10abd000e10f500003003a00ed02a800ec02a900ca
:10abe00002003700ed02a900ec02a80090168000d8
:10abf000680060000000e00003003200d482a8007a
:10ac0000e4e2a90002003700d482a900e4e2a8002f
:10ac100030488000e10f500005003a00f0b32000fa
:10ac200076f50700b0c62b0074f507000629ef0083
:10ac300040488000e10f500005003a0050b4200069
:10ac40006ef50700b0c62b006cf507000829ef0071
:10ac500050488000e10f500005003a00b0b42000d9
:10ac600066f50700b0c62b0064f507000a29ef005f
:10ac700060488000e10f5000b3fb3a0010b520009f
:10ac80005ef50700b0c62b005cf507000c29ef004d
:04ac9000aefb3700e0
:020000040000fa
:10ac94000000fa00ffff37000000fa00ffff370052
:10aca4001600fa00881f78006000b8006011b80030
:10acb40030079800410798005207980063079800ee
:10acc4006000b8006011b80070079800010f980088
:10acd400120f9800230f980004802500051020000f
:10ace4000400be00c6080700008fbe005005200007
:10acf400a10a2000310807001e00be005408070006
:10ad0400404798004e4090000004a2000004e00078
:10ad140001003200deff0700302322001101200071
:10ad24003007980041079800605625004104200030
:10ad340050079800610798003e009000ce009000f4
:10ad44000001be001e00be005408070040479800e2
:10ad54004e4090000084fb005e009000ee009000e6
:10ad640022002000030020003e024100ae82490080
:10ad74000001be000400be00480807000080fb007c
:10ad84000000640000f0a7000000ea000000ea00f0
:10ad94004f00de00404798004e4090000004a2009f
:10ada4000004e00001003200b9ff070008080700b2
:10adb4001e00be001a08070070079800010f9800d3
:10adc40022002000030020003e004100ae80490024
:10add40013080700100f9800210f98003e019000ff
:10ade400ce0190007e0090008e089000800f5100ec
:10adf400818f590007003a005e019000ee01900037
:10ae04001e089000ae089000800f5100818f5900f9
:10ae140001003200a0ff07004f0478000080fa0010
:10ae2400000006000e00fa0000802500011020003a
:10ae34007308070020079800310798005005200088
:10ae4400a10a2000dd0707002e009000be0090003c
:10ae5400ff070700004f98000e4890000004a2006e
:10ae64000004e0000100320089ff07006000b80020
:10ae7400008fbe00110037002e009000be0090002d
:10ae84003e014000ae8148000200be001e01be002b
:10ae940002080700004f98000e4890000004a2002a
:10aea4000004e0000100320079ff070022002000c6
:10aeb400030020001e0f41005e974900f03f200070
:10aec400010020001e01be00800f5100818f590037
:10aed400e9ff3600be0707006000b800008fbe001f
:10aee400120037002e009000be0090003e0140008a
:10aef400ae8148000200be00c90707005007980051
:10af0400610798005e009000ee009000be0f5000b4
:10af1400ae8f5800010032005fff070022002000be
:10af2400030020001e0f41005e974900f03f2000ff
:10af3400010020001e01be00800f5100818f5900c6
:10af4400e8ff36000080fa00000006000000fa0066
:10af540053ff0700b3ff07000080fa00000006005b
:020000040000fa
:10af64000000fa0000002300203a88004827ef0080
:10af74004e27ef007027ef007227ef007427ef00d1
:10af84007627ef007a27ef007c27ef00720020007d
:10af940080072000a1092000337420008049780034
:10afa40081497800824978000001eb0060042000a8
:10afb40071052000237420008049780081497800bd
:0cafc400824978000080fa0000000600be
:020000040000fa
:10afd000809fbe00ec80570031007800104d880043
:10afe00011007800a4e9b7004f00be000000060081
:020000040000fa
:10b000000000000000000000000000000000000040
:10b010000000000000000000000000000000000030
:10b020000000000000000000000000000000000020
:10b030000000000000000000000000000000000010
:10b040000000000000000000000000000000000000
:10b0500000000000000000000000000000000000f0
:10b0600000000000000000000000000000000000e0
:10b0700000000000000000000000000000000000d0
:10b0800000000000000000000000000000000000c0
:10b0900000000000000000000000000000000000b0
:10b0a00000000000000000000000000000000000a0
:10b0b0000000000000000000000000000000000090
:10b0c0000000000000000000000000000000000080
:10b0d0000000000000000000000000000000000070
:10b0e0000000000000000000000000000000000060
:10b0f0000000000000000000000000000000000050
:10b10000000000000000000000000000000000003f
:10b11000000000000000000000000000000000002f
:10b12000000000000000000000000000000000001f
:10b13000000000000000000000000000000000000f
:10b1400000000000000000000000000000000000ff
:10b1500000000000000000000000000000000000ef
:10b1600000000000000000000000000000000000df
:10b1700000000000000000000000000000000000cf
:10b1800000000000000000000000000000000000bf
:10b1900000000000000000000000000000000000af
:10b1a000000000000000000000000000000000009f
:10b1b000000000000000000000000000000000008f
:10b1c000000000000000000000000000000000007f
:10b1d000000000000000000000000000000000006f
:10b1e000000000000000000000000000000000005f
:10b1f000000000000000000000000000000000004f
:10b20000000000000000000000000000000000003e
:10b21000000000000000000000000000000000002e
:10b22000000000000000000000000000000000001e
:10b23000000000000000000000000000000000000e
:10b2400000000000000000000000000000000000fe
:10b2500000000000000000000000000000000000ee
:10b2600000000000000000000000000000000000de
:10b2700000000000000000000000000000000000ce
:10b2800000000000000000000000000000000000be
:10b2900000000000000000000000000000000000ae
:10b2a000000000000000000000000000000000009e
:10b2b000000000000000000000000000000000008e
:10b2c000000000000000000000000000000000007e
:10b2d000000000000000000000000000000000006e
:10b2e000000000000000000000000000000000005e
:10b2f000000000000000000000000000000000004e
:10b30000000000000000000000000000000000003d
:10b31000000000000000000000000000000000002d
:10b32000000000000000000000000000000000001d
:10b33000000000000000000000000000000000000d
:10b3400000000000000000000000000000000000fd
:10b3500000000000000000000000000000000000ed
:10b3600000000000000000000000000000000000dd
:10b3700000000000000000000000000000000000cd
:10b3800000000000000000000000000000000000bd
:10b3900000000000000000000000000000000000ad
:10b3a000000000000000000000000000000000009d
:10b3b000000000000000000000000000000000008d
:10b3c000000000000000000000000000000000007d
:10b3d000000000000000000000000000000000006d
:10b3e000000000000000000000000000000000005d
:10b3f000000000000000000000000000000000004d
:10b40000000000000000000000000000000000003c
:10b41000000000000000000000000000000000002c
:10b42000000000000000000000000000000000001c
:10b43000000000000000000000000000000000000c
:10b4400000000000000000000000000000000000fc
:10b4500000000000000000000000000000000000ec
:10b4600000000000000000000000000000000000dc
:10b4700000000000000000000000000000000000cc
:10b4800000000000000000000000000000000000bc
:10b4900000000000000000000000000000000000ac
:10b4a000000000000000000000000000000000009c
:10b4b000000000000000000000000000000000008c
:10b4c000000000000000000000000000000000007c
:10b4d000000000000000000000000000000000006c
:10b4e000000000000000000000000000000000005c
:10b4f000000000000000000000000000000000004c
:10b50000000000000000000000000000000000003b
:10b51000000000000000000000000000000000002b
:10b52000000000000000000000000000000000001b
:10b53000000000000000000000000000000000000b
:10b5400000000000000000000000000000000000fb
:10b5500000000000000000000000000000000000eb
:10b5600000000000000000000000000000000000db
:10b5700000000000000000000000000000000000cb
:10b5800000000000000000000000000000000000bb
:10b5900000000000000000000000000000000000ab
:10b5a000000000000000000000000000000000009b
:10b5b000000000000000000000000000000000008b
:10b5c000000000000000000000000000000000007b
:10b5d000000000000000000000000000000000006b
:10b5e000000000000000000000000000000000005b
:10b5f000000000000000000000000000000000004b
:10b60000000000000000000000000000000000003a
:10b61000000000000000000000000000000000002a
:10b62000000000000000000000000000000000001a
:10b63000000000000000000000000000000000000a
:10b6400000000000000000000000000000000000fa
:10b6500000000000000000000000000000000000ea
:10b6600000000000000000000000000000000000da
:10b6700000000000000000000000000000000000ca
:10b6800000000000000000000000000000000000ba
:10b6900000000000000000000000000000000000aa
:10b6a000000000000000000000000000000000009a
:10b6b000000000000000000000000000000000008a
:10b6c000000000000000000000000000000000007a
:10b6d000000000000000000000000000000000006a
:10b6e000000000000000000000000000000000005a
:10b6f000000000000000000000000000000000004a
:10b700000000000000000000000000000000000039
:10b710000000000000000000000000000000000029
:10b720000000000000000000000000000000000019
:10b730000000000000000000000000000000000009
:10b7400000000000000000000000000000000000f9
:10b7500000000000000000000000000000000000e9
:10b7600000000000000000000000000000000000d9
:10b7700000000000000000000000000000000000c9
:10b7800000000000000000000000000000000000b9
:10b7900000000000000000000000000000000000a9
:10b7a0000000000000000000000000000000000099
:10b7b0000000000000000000000000000000000089
:10b7c0000000000000000000000000000000000079
:10b7d0000000000000000000000000000000000069
:10b7e0000000000000000000000000000000000059
:10b7f0000000000000000000000000000000000049
:020000040000fa
:10b800000000fa009580a9009560a9008000200042
:10b81000001188002222ef009001200040118800d2
:10b8200080c72000d04c880080c72000c04c880012
:10b8300010c82000b04c880010c82000a04c880020
:10b840009c69ef0000c425000700070000c925001f
:10b850002d0007009560a80021e2a8002342a8005f
:10b860000080fa00000006000200fa00000f7800d5
:10b870001e007800f04c88000080fa0000000600ee
:10b880000000fa00d14c8000c04c8000808f500036
:10b8900002003a009580a900190037008580a900b0
:10b8a00010003700d04c8000904078008180fb0071
:10b8b000211188000000e800d04c8800d14c8000a5
:10b8c00010c82000808f500002003a0080c720007e
:10b8d000d04c8800d14c8000c04c8000808f50003c
:10b8e000060032001111800000202000008060005e
:10b8f0000000e000ebff3200010037000000000014
:10b900000080fa00000006000200fa00000f780034
:10b910001e007800004d88000080fa00000006003c
:10b920000000fa001e003700a04c8000311180009a
:10b930008140780001487800a14c800090c8200028
:10b94000808f500009003200a04c80008000e80089
:10b95000b04c8000808f500004003200a04c80006a
:10b960000000e800a04c88000d003700a14c8000ca
:10b9700090c82000808f500007003a00b14c800032
:10b9800010c82000808f50000300320010c8200033
:10b99000a04c88000200370010c0b3009ce9b7003b
:10b9a00010118000610060000000e000deff3a003e
:10b9b0008560a9000080fa00000006000200fa007d
:10b9c0000040eb00004f780000000000b14c800008
:10b9d000a04c8000808f5000fcff3200b04c8000f3
:10b9e000104f7800b04c80000000e800b04c880098
:10b9f000b14c8000a0c82000808f500002003a00a7
:10ba000010c82000b04c88001e4078000080fa006a
:10ba1000000006000200fa00004f7800000000005d
:10ba20001c0007000004a2000004e000fcff3a0034
:10ba3000c04c80001e487800c04c80000000e80028
:10ba4000c04c8800c14c800010c82000808f50007e
:10ba500002003a0080c72000c04c88009580a800f2
:10ba60000080fa00000006000000fa00b14c8000df
:10ba7000a04c80000080680000f0a7000000ea00f1
:10ba80000000ea004f00de00004078000080fa006d
:10ba9000000006000400fa00d14c80001107980055
:10baa000c14c80001e009000808f500006003100c5
:10bab0009e009000c04c8000008050000000e90013
:10bac000000f7800050037009e009000c04c8000f9
:10bad0000080500068004000000f78001e007800d1
:10bae00000f0a7000000ea000000ea004f00de00be
:10baf000004078000080fa00000006000000fa0014
:10bb0000c14c8000d04c8000808f500009003a006a
:10bb100011118000001020000080600000f0a700dc
:10bb20000000ea000000ea004f00de00004078005c
:10bb3000010037000040eb000080fa000000060022
:10bb40000400fa00a14c800011079800b04c80005e
:10bb50009e009000808f5000060031009e009000f3
:10bb6000b04c80000080500069004000000f780059
:10bb7000030037009e009000b04c8000008f500002
:10bb8000f00f20009e007800808f500002003600e9
:10bb900000c0eb00020037001e0078000040780073
:10bba0000080fa00000006000000fa00e4ff070031
:10bbb0000080fa00000006000400fa00d14c80006a
:10bbc00011079800c14c80001e009000808f50002b
:10bbd000060031009e009000c04c800000805000a4
:10bbe0000000e900000f7800050037009e0090007b
:10bbf000c04c80000080500068004000000f7800ba
:10bc0000f00f20009e007800808f50000200360068
:10bc100000c0eb00020037001e00780000407800f2
:10bc20000080fa00000006000000fa00e2ff0700b2
:10bc30000080fa00000006000000fa00afff0700d5
:10bc40000080fa00000006000800fa0020079800b3
:10bc500031079800baff07000080fb00000f780052
:10bc60003e0090009e0f500002003100be00900088
:10bc7000010f78000000eb00100798000900370062
:10bc80004eff0700ae009000804878002e00900024
:10bc90000000e800200798001e0090000000e80067
:10bca000100798001e0090009e0f5000f4ff39000e
:10bcb0001e0078000080fa00000006000800fa006c
:10bcc0002007980031079800bbff07000080fb00a9
:10bcd000000f78003e0090009e0f500002003100df
:10bce000be009000010f78000000eb0010079800e4
:10bcf000090037002e00900010407800ae00900040
:10bd00008100e8002107980042ff07001e00900014
:10bd10000000e800100798001e0090009e0f5000e1
:10bd2000f4ff39001e0078000080fa0000000600d1
:10bd30000400fa000000eb00000f780080ff07000d
:10bd4000204798009cff0700304798002e40900045
:10bd50000080fb000000e00003003200e90f50000b
:10bd600003003200040037001e20a000040037004a
:10bd70001e00a000020037001e10a00000000000fe
:10bd80003e4090000080fb000000e0000300320015
:10bd9000e90f500003003200040037001e30a000fd
:10bda000020037001e40a000000000001e007800c6
:10bdb0000080fa00000006000400fa001007980056
:10bdc000b14c80001e009000008f40000200370040
:10bdd0009e007800698f5000a0c820009e00780067
:10bde000808f5000faff3e001e007800104078005f
:10bdf0000080fa00000006000000fa0050ff070073
:10be00000080fb000000e9004f00de0000407800e9
:10be10000080fa00000006000000fa0066ff07003c
:10be20000080fb000000e9004f00de0000407800c9
:10be30000080fa00000006000000fa0010118000e7
:10be40000080fa00000006000400fa00008fbe0027
:10be500020042400003b88001e00be004008de00d5
:10be600000007800a00288001e0078008000eb002f
:10be70000108bb000500fc0050052000303b880095
:10be8000a00a2000303b880061e7a8000000fc0009
:10be900000000000013b80000000280000806000de
:10bea0000000e000fbff3a000080fa0000000600fe
:10beb0000600fa00008fbe00220798003000240020
:10bec000003b88001e00be004008de000000780035
:10bed000a00288001e007800ae0090000108bb00a0
:10bee0001e0078008000eb000188bb000500fc000c
:10bef00050052000303b8800a00a2000303b88001d
:10bf000061e7a8000000fc0000000000013b800089
:10bf100000002800008060000000e000fbff3a0005
:10bf20000080fa00000006000400fa00008fbe0046
:10bf30001e00be004008de0000007800a00288005d
:10bf40001e0078001000ba000080fa000000060011
:10bf50000000fa000040250011002000baff070091
:10bf6000f2ee2b000040250011002000d0ff07005a
:10bf7000c0418000d14180000000780000017800bd
:10bf80002040250011002000c9ff0700e04180008b
:10bf9000f141800000007800000178004040250059
:10bfa00011002000c2ff0700004280001142800003
:10bfb000000078000001780060402500110020009a
:10bfc000bbff070020428000314280000000780063
:10bfd000000178008040250011002000b4ff070018
:10bfe000e0498000f14980000000780000017800fd
:10bff000a040250011002000adff0700004a80008e
:10c00000114a80000000780000017800c04025003f
:10c0100011002000a6ff0700204a800000017800e0
:10c02000e040250011002000a1ff0700304a8000f9
:10c03000414a80000000780000017800004125009e
:10c04000110020009aff0700a04180000001780045
:10c05000204125001100200095ff0700b04180001d
:10c0600000017800404125001100200090ff0700ea
:10c07000504a8000614a800000007800000178008a
:10c08000604125001100200089ff0700704a8000f0
:10c09000814a80000000780000017800804125007e
:10c0a0001100200082ff0700904a8000a14a800012
:10c0b0000000780000017800a04125001100200058
:10c0c0007bff0700b04a8000c14a80000000780072
:10c0d00000017800c04125001100200074ff070016
:10c0e000e046800000017800e041250011002000ba
:10c0f0006fff070020ff2b0040f007000080fa00d0
:10c10000000006000400fa00004025001100200095
:10c1100085ff0700000f7800f0ee2b009e007800ee
:10c12000808f50000500320072000700a0002c0034
:10c1300032f007000040eb006c0037002040250083
:10c140001100200078ff07008000eb00c04188004c
:10c15000d1418800404025001100200072ff0700f7
:10c160008000eb00e0418800f1418800604025003c
:10c17000110020006cff07008000eb0000428800e7
:10c1800011428800804025001100200066ff070052
:10c190008000eb002042880031428800a04025004a
:10c1a0001100200060ff07008000eb00e0498800dc
:10c1b000f1498800c0402500110020005aff070007
:10c1c0008000eb00004a8800114a8800e04025000a
:10c1d0001100200054ff0700204a8800004125007c
:10c1e0001100200050ff07008000eb00304a88005b
:10c1f000414a880020412500110020004aff070025
:10c20000a0418800404125001100200046ff0700a2
:10c21000b0418800604125001100200042ff070066
:10c220008000eb00504a8800614a88008041250068
:10c23000110020003cff07008000eb00704a8800de
:10c24000814a8800a04125001100200036ff070028
:10c250008000eb00904a8800a14a8800c041250078
:10c260001100200030ff07008000eb00b04a88007a
:10c27000c14a8800e0412500110020002aff070084
:10c28000100798001e0090000000a20000f0a70018
:10c290000000ea000000e9004f00de00e0468800f0
:10c2a000504a8000614a800000007800b049880050
:10c2b000304a8000414a800000007800c049880070
:10c2c000504a8000614a800000007800b049880030
:10c2d000304a8000414a800000007800c049880050
:10c2e000d0022c00c5ef070010c0b3000080fa0098
:10c2f000000006000000fa00f00720000100200006
:10c30000c0418800d1418800f007200001002000d2
:10c31000e0418800f1418800f00720000100200082
:10c320000042880011428800f00720000100200030
:10c330002042880031428800f007200001002000e0
:10c34000e0498800f1498800c01220000100200067
:10c35000004a8800114a88004429ef00c0122000da
:10c3600001002000304a8800414a88003428ef004c
:10c370003628ef00a005200001002000504a880068
:10c38000614a8800f000200001002000704a880007
:10c39000814a8800c003200001002000904a8800e4
:10c3a000a14a88004006200001002000b04a880011
:0cc3b000c14a88000080fa00000006006e
:020000040000fa
:10c3bc008a0c00000400000082000000ffffff0058
:10c3cc00ff0000003a0c000020000000800000007c
:10c3dc00a60900000200000082000000ffff000020
:10c3ec00a20900000400000080000000920c000074
:10c3fc000200000080000000a809000002000000fc
:10c40c0080000000aa09000002000000800000006b
:10c41c00ac0900000200000080000000ae09000022
:10c42c000200000080000000b009000002000000c3
:10c43c0080000000940c000002000000800000004e
:10c44c00b20900000200000080000000960c000001
:10c45c000200000080000000b4090000020000008f
:10c46c0080000000780c000012000000800000002a
:10c47c00940900000e00000080000000980c0000e1
:10c48c000200000080000000b6090000020000005d
:10c49c0080000000c40a0000b6000000820000000a
:10c4ac003030300030303000303030003049430014
:10c4bc006c6173007300000031322f00322f320098
:10c4cc00360000000000000000000000000000002a
:10c4dc0000004500433137005f30300031345f00dd
:10c4ec003033390000000000000000000030300044
:10c4fc0030303000303030003030300030303000f0
:10c50c0030303000303030003030300030305700b8
:10c51c0065737300657820004c69660074206300b5
:10c52c006f204c007464000000626c00616e6b0044
:10c53c0000000000000000000000000000000000ef
:10c54c0000000000535420003030000053542000f1
:10c55c003030000053542000303000005354200081
:10c56c003030000052454300454956004544000018
:10c57c0000000000000000000000000000000000af
:10c58c00000000000000000000000000000000009f
:10c59c00000000007a0b0000480000008000000042
:10c5ac000008000036010000800000003609000081
:10c5bc005e000000820000005a002c0001140000f4
:10c5cc007f0000000064000000000100002c01004e
:10c5dc0000005a00000000000500000000050000eb
:10c5ec0000006400000000000000dc0041000000be
:10c5fc00dc411e000014000001000100006400007a
:10c60c002800960000ff00007f000200000a0000d6
:10c61c002c01640000010000b80b010000d00700e1
:10c62c00010019000001000004000a00001e0000b7
:10c63c000100010000000000b80900000200000029
:10c64c00800000005a0c00001e0000008200000058
:10c65c00286e69006c29000025006800076c090031
:10c66c004c836a009074a0007ac000008068880037
:10c67c0000846c00820081009a0c00000200000013
:10c68c0080000000ba0900000a01000082000000ce
:10c69c00000102000407030006050000ffffff0075
:10c6ac00ffffff00ffffff00ffffff00ffffff008a
:10c6bc00ffffff00ffffff00ffffff00ffffff007a
:10c6cc00ffffff00ffffff00ffffff00ffffff006a
:10c6dc00ffffff00ffffff00ffffff00ff00010057
:10c6ec0002030400050607000809ff00ffffff0016
:10c6fc00ffffff000a0b0c000d0e0f0010111200b3
:10c70c001314150016171800191a1b001c1d1e00f7
:10c71c001f2021002223ff00ffffff00ffff0a0064
:10c72c000b0c0d000e0f1000111213001415160037
:10c73c00171819001a1b1c001d1e1f002021220097
:10c74c0023ffff00ffffff00ffffff00ffffff00c5
:10c75c00ffffff00ffffff00ffffff00ffffff00d9
:10c76c00ffffff00ffffff00ffffff00ffffff00c9
:10c77c00ffffff00ffffff00ffffff00ffffff00b9
:10c78c00ffffff00ffffff00ffffff00ffffff00a9
:10c79c00ffffff00ffffff00ffffff00ffffff0099
:10c7ac00ffffff00ffffff00ffffff00ffffff0089
:10c7bc00ffffff00ffffff00ffffff00ffffff0079
:10c7cc00ffffff00ffffff00ffffff00ffffff0069
:10c7dc00ffffff00ffffff00ffffff00ffffff0059
:10c7ec00ffffff00ffffff00ffffff00ffffff0049
:10c7fc00ffff0000c20b00003c00000082000000a4
:10c80c000100030000000000000000000000000018
:10c81c000000a8003200000000000000001e3200e2
:10c82c00ac3300000000000000000000000000001d
:10c83c0000000000000000000000000000000000ec
:10c84c0000000000000000000000000000000000dc
:10c85c009c0c00000200000080000000fe0b000099
:10c86c003c000000820000000100030000000000fa
:10c87c0000000000000000000000a80032000000d2
:10c88c0000000000001e3200ac330000000000006d
:10c89c00000000000000000000000000000000008c
:10c8ac00000000000000000000000000000000007c
:10c8bc0000000000000000008e0c000004000000ce
:10c8cc00800000009e0c00000200000082000000ae
:10c8dc0001000000a00c000002000000800000001d
:04c8ec000000000048
:020000040000fa
:10c8f0000000fa0060c02100d00c8800f001200088
:10c90000e00c880000002800f00c880000052000e2
:10c91000000d8800d00c8000004078006740600067
:10c920000080fb00704d88000080fa0000000600c7
:10c930000000fa000080fa00000006000000fa0083
:10c940002104800000042000008060000000e0005e
:10c9500002003200f6ff070084c0a9000080fa0040
:10c96000000006000000fa00704d800000407800d2
:10c97000674060000080fb0067006000d20c800010
:10c9800081ff2f008100610001007000d00c880041
:10c990000080fa00000006000000fa00d10c8000c0
:10c9a00080ff2f0000806000d00c88000080fa001b
:10c9b000000006000200fa00000f78009e007800d8
:10c9c000f10c88000080fa00000006000200fa0066
:10c9d000000f78009e007800010d88000080fa00aa
:10c9e000000006000000fa00200480004600de007f
:10c9f000614060000080fb0000f0a7000000ea003a
:10ca00000000ea004f00de00004078000080fa00dd
:10ca1000000006000400fa00100798001e009000b5
:10ca2000e10f50000f003200e10f50000300390009
:10ca3000e20f5000150032001e003700d00c8000bd
:10ca40004400de00614060000080fb0000f0a700b1
:10ca50000000ea000000ea004f00de00004f78000e
:10ca600014003700d00c80004500de0061406000fb
:10ca70000080fb0000f0a7000000ea000000ea00d0
:10ca80004f00de00004f78000a003700d00c800015
:10ca90004600de00614060000080fb0000f0a7005f
:10caa0000000ea000000ea004f00de00004f7800be
:10cab000000000001e4078000080fa000000060020
:10cac0000200fa00000f78001e007800e10f50000d
:10cad00007003200e10f500003003900e20f500060
:10cae00005003200060037009a81a90004003700d3
:10caf0009aa1a900020037009ac1a9000000000015
:10cb00000080fa00000006000000fa009cc1a800a6
:10cb10000080fa00000006000000fa00e00c80002f
:10cb20004600de00614060000080fb0000f0a700ce
:10cb30000000ea000000ea004f00de00004078003c
:10cb40000080fa00000006000000fa009cc1a90065
:10cb50000080fa00000006000000fa00e0c021009a
:10cb6000800c8800f0012000900c88000008200054
:10cb7000a00c8800f00f2000b00c8800800c800012
:10cb800000407800674060000080fb00504d880046
:10cb90000080fa00000006000000fa000080fa00a1
:10cba000000006000000fa0020048000640060001d
:10cbb0000000e00002003200f7ff07008440a900f7
:10cbc0000080fa00000006000000fa00504d8000ce
:10cbd00000407800674060000080fb006700600054
:10cbe000820c800081ff2f00810061000100700035
:10cbf000800c88000080fa00000006000000fa00a7
:10cc0000810c800080ff2f0000806000800c880075
:10cc10000080fa00000006000200fa00000f780011
:10cc20009e007800a10c88000080fa000000060039
:10cc30000200fa00000f78009e007800b10c880016
:10cc40000080fa00000006000000fa0020048000c6
:10cc50004200de00614060000080fb0000f0a700a1
:10cc60000000ea000000ea004f00de00004078000b
:10cc70000080fa00000006000400fa001007980087
:10cc80001e009000e10f50000f003200e10f500035
:10cc900003003900e20f5000150032001e0037007b
:10cca000800c80004400de00614060000080fb00da
:10ccb00000f0a7000000ea000000ea004f00de00dc
:10ccc000004f780014003700800c80004500de0023
:10ccd000614060000080fb0000f0a7000000ea0057
:10cce0000000ea004f00de00004f78000a00370025
:10ccf000800c80004600de00614060000080fb0088
:10cd000000f0a7000000ea000000ea004f00de008b
:10cd1000004f7800000000001e4078000080fa00fc
:10cd2000000006000200fa00000f78001e007800e4
:10cd3000e10f500007003200e10f500003003900fe
:10cd4000e20f500005003200060037009081a90074
:10cd50000400370090a1a9000200370090c1a9008b
:10cd6000000000000080fa00000006000000fa0049
:10cd700092c1a8000080fa00000006000000fa003e
:10cd8000900c80004600de00614060000080fb00e7
:10cd900000f0a7000000ea000000ea004f00de00fb
:10cda000004078000080fa00000006000000fa0051
:0ccdb00092c1a9000080fa0000000600fb
:020000040000fa
:10cdbc000000fe00a2c820000019780001097800cc
:10cdcc00000006000000fe000000eb008000eb00fd
:10cddc00f8ff07006627ef00000006000000fe00c9
:10cdec00801f7800811f7800a1c820000600fc007d
:10cdfc0031007800303b880011007800303b88000f
:10ce0c0061e7a8000000000000000000cf007800df
:10ce1c004f00780000000600a2028000a1028800ea
:10ce2c009080ba001000ba00a20288000000060030
:10ce3c00a2028000a10288001000ba00a2028800a1
:10ce4c00000006000000fe0061e7af00feff3700a7
:10ce5c00f23f2000000161000c003a002204240083
:10ce6c00023b8800a2028000a10288000008bb00df
:10ce7c00f66602000000000061e7af00feff37001d
:10ce8c00a20288001000200061a7af000000200063
:10ce9c000000060061e7af00feff37000000a700ae
:10ceac000d003700a4028000a1028800310024008c
:10cebc00013b88000208bb000388bb00f666020039
:10cecc000000000061e7af00feff3700a4028800fd
:10cedc001000200061a7af00000020000000060039
:10ceec0061e7af00feff37000000a7000e0037001f
:10cefc0033002400033b8800a3028000a1028800b9
:10cf0c000208bb00f20f20000288bb00f66602008c
:10cf1c000000000061e7af00feff3700a3028800ad
:10cf2c001000200061a7af000000200000000600e8
:10cf3c0061e7af00feff3700f3072000808161003e
:10cf4c0010003a0013002400033b8800a302800069
:10cf5c00a1028800040420003208bb003298bb00f8
:10cf6c001400b100fcff3a00f6660200000000005d
:10cf7c0061e7af00feff3700a3028800100020001d
:10cf8c0061a7af00000020000000060061e7af00c1
:10cf9c00feff3700f30720008081610011003a008a
:10cfac0013002400033b8800a3028000a102880028
:10cfbc0004042000f10f20003208bb000198bb00d4
:10cfcc001400b100fcff3a00f666020000000000fd
:10cfdc0061e7af00feff3700a302880010002000bd
:10cfec0061a7af000000200000000600f23f200007
:10cffc00000061000000060002c02f00000061006c
:0cd00c00f2ff2f00810061000000060010
:020000040000fa
:10d018000400fa00008fbe0017e2a9001e00be003f
:10d0280000004000818048000001be000090200000
:10d03800d103200073cf0700000078000000e9004a
:10d04800a010880017e2a80000a8210061002000b5
:10d05800b00307000080fa00000006000000fa0094
:10d068001602a80000000000b010800061006000f7
:10d078000000e000fcff3a000080fa000000060013
:10d088000000fa001642a80000000000b01080005e
:10d09800640060000000e000fcff3a000080fa0035
:10d0a800000006000000fa001622a8000000000098
:10d0b800b0108000620060000000e000fcff3a0051
:10d0c8000080fa00000006000200fa00004f780015
:10d0d8001e80fb009010880000000000c110800036
:10d0e80000002400008060000000e000fbff3a0020
:10d0f800c1108000000028000080600000f0a70038
:10d108000000ea000000e9004f00de00004078005f
:10d118000080fa00000006000400fa00204798008a
:10d128001662a80000000000c010800062006000c5
:10d138000000e000fcff320000108000004f780083
:10d148002e4090000004e000020032000040eb0096
:10d158000100370010c0b3000080fb0061006000d0
:10d168004500dd00b11080000150a10001007000f1
:10d17800b01088001682a80000000000b0108000df
:10d18800700060000000e000fcff3a001e407800dc
:10d198000080fa00000006000400fa00008fbe00bc
:10d1a80007e2a9001e00be00000040008180480080
:10d1b8000001be0000902000d103200011cf07001d
:10d1c800000078000000e9002010880007e2a800ad
:10d1d80000fa2000010020004e0307000080fa003a
:10d1e800000006000000fa000602a8000000000087
:10d1f80030108000610060000000e000fcff3a0091
:10d208000080fa00000006000000fa000642a800ac
:10d218000000000030108000640060000000e000a2
:10d22800fcff3a000080fa00000006000000fa0047
:10d238000622a80000000000301080006200600094
:10d248000000e000fcff3a000080fa000000060041
:10d258000200fa00004f78001e80fb0010108800c2
:10d2680000000000411080000000240000806000e1
:10d278000000e000fbff3a00411080000000280099
:10d288000080600000f0a7000000ea000000e9004c
:10d298004f00de00004078000080fa000000060021
:10d2a8000400fa00204798000662a8000000000069
:10d2b80040108000620060000000e000fcff3200c7
:10d2c80000108000004f78002e4090000004e0001d
:10d2d800020032000040eb000100370010c0b3002c
:10d2e8000080fb00610060004500dd003110800017
:10d2f8000150a10001007000301088000682a800cb
:10d308000000000030108000700060000000e000a5
:10d31800fcff3a001e4078000080fa00000006007a
:10d328000000fa008003200020168800cc22ef00bd
:10d3380000002200a0168800a0d62000e016880071
:10d34800e422ef00ec22ef00c0202000a0178800a4
:10d35800f06e2c0000168800f0ff270040168800a9
:10d36800a00021008016880070cb2f00c01688000e
:10d37800f033200000178800e822ef003010230067
:10d38800801788005620ef005820ef005a20ef0041
:10d398005c20ef005e20ef006020ef006e20ef00c1
:10d3a8007020ef007220ef007420ef007620ef006d
:10d3b8007820ef00c622ef00ce22ef00d622ef0041
:10d3c800de22ef00e622ef00ee22ef00f622ef0069
:10d3d800e024ef00c03f200010278800e424ef007d
:10d3e80000c0200030278800002020004027880047
:10d3f800ec24ef00113a8000f00b2000008160005f
:10d408006004200071052000237420008049780002
:10d4180081497800824978002135800000fc2f007e
:10d42800008060003001b30020358800a1368000fc
:10d43800f00f2c0080806000003021000100700097
:10d44800a03688001136800000fc2f0000806000a4
:10d458002001b30010368800d1368000f00f2c0070
:10d46800808060000030200001007000d036880005
:10d47800103a8000000178000260a00060042000db
:10d4880071052000237420008049780081497800c4
:10d49800824978000080fa00000006000000fa00c7
:10d4a8000a21ef00b0092000700888000003280056
:10d4b80090088800404d80000000e00002003a001b
:10d4c800a0aa2600240007008500a9009500a8004e
:10d4d80020c920008040eb00014878000080fa0055
:10d4e800000006000200fa00000f78009e00780095
:10d4f8007108880020c920008040eb0001487800ae
:10d508000080fa00000006000000fa0070088000a1
:10d518000080fa00000006000200fa00000f780000
:10d528009e0078005108880020c920008040eb0048
:10d53800014878000080fa00000006000000fa00a8
:10d54800500880000080fa00000006000000fa0081
:10d558000080fa00000006000200fa00000f7800c0
:10d568009500a9009e007800414d88009500a8000c
:10d578000080fa00000006000000fa0020c9200020
:10d588008040eb00014878009500a80013e1a8004e
:10d598000080fa00000006000000fa0013e1a9006c
:10d5a8009500a9000080fa00000006000200fa00b9
:10d5b80020c92000104f78001e4078000004e000c9
:10d5c8000300320020c920008040eb0001487800a9
:10d5d8001e4078000080fa00000006000000fa00f3
:10d5e80030c92000104078000080fb000080fa005d
:10d5f800000006000000fa0030c920008040eb005f
:10d60800014878000080fa00000006000000fa00d7
:10d618000621ef009086210060088800000228009b
:10d6280080088800904d80000000e00002003a0069
:10d6380020b626002400070084e0a90094e0a80092
:10d6480040c920008040eb00014878000080fa00c3
:10d65800000006000200fa00000f78009e00780023
:10d668006108880040c920008040eb00014878002c
:10d678000080fa00000006000000fa006008800040
:10d688000080fa00000006000200fa00000f78008f
:10d698009e0078003108880040c920008040eb00d7
:10d6a800014878000080fa00000006000000fa0037
:10d6b800300880000080fa00000006000000fa0030
:10d6c8000080fa00000006000200fa00000f78004f
:10d6d80094e0a9009e007800914d880094e0a8008d
:10d6e8000080fa00000006000000fa0040c920008f
:10d6f8008040eb000148780094e0a80011e1a80000
:10d708000080fa00000006000000fa0011e1a900fc
:10d7180094e0a9000080fa00000006000200fa0068
:10d7280040c92000104f78001e4078000004e00037
:10d738000300320040c920008040eb000148780017
:10d748001e4078000080fa00000006000000fa0081
:10d7580050c92000104078000080fb000080fa00cb
:10d76800000006000000fa0050c920008040eb00cd
:10d77800014878000080fa00000006000000fa0066
:10d788000021ef00f07c200010088800000028002d
:10d7980020088800a04d80000000e00002003a0048
:10d7a800a0c12600240007008460a9009460a80096
:10d7b80060c920008040eb00014878000080fa0032
:10d7c800000006000200fa00000f78009e007800b2
:10d7d8001108880060c920008040eb0001487800eb
:10d7e8000080fa00000006000000fa00100880001f
:10d7f8000080fa00000006000200fa00000f78001e
:10d808009e0078000108880060c920008040eb0075
:10d81800014878000080fa00000006000000fa00c5
:10d82800000880000080fa00000006000000fa00ee
:10d838000080fa00000006000200fa00000f7800dd
:10d848009460a9009e007800a14d88009460a8000b
:10d858000080fa00000006000000fa0060c92000fd
:10d868008040eb00014878009460a80005e1a8001a
:10d878000080fa00000006000000fa0005e1a90097
:10d888009460a9000080fa00000006000200fa0077
:10d8980060c92000104f78001e4078000004e000a6
:10d8a8000300320060c920008040eb000148780086
:10d8b8001e4078000080fa00000006000000fa0010
:10d8c80070c92000104078000080fb000080fa003a
:10d8d800000006000000fa0070c920008040eb003c
:10d8e800014878000080fa00000006000000fa00f5
:10d8f8001421ef0080d02300d008880000032800fe
:10d90800f0088800b04d80000000e00002003a00f6
:10d9180020cd2600240007008760a9009760a80092
:10d9280080c920008040eb00014878000080fa00a0
:10d93800000006000200fa00000f78009e00780040
:10d94800d108880080c920008040eb000148780099
:10d958000080fa00000006000000fa00d0088000ed
:10d968000080fa00000006000200fa00000f7800ac
:10d978009e007800a108880080c920008040eb0044
:10d98800014878000080fa00000006000000fa0054
:10d99800a00880000080fa00000006000000fa00dd
:10d9a8000080fa00000006000200fa00000f78006c
:10d9b8009760a9009e007800b14d88009760a80084
:10d9c8000080fa00000006000000fa0080c920006c
:10d9d8008040eb00014878009760a8001fe1a8008c
:10d9e8000080fa00000006000000fa001fe1a9000c
:10d9f8009760a9000080fa00000006000200fa0003
:10da080080c92000104f78001e4078000004e00014
:10da18000300320080c920008040eb0001487800f4
:10da28001e4078000080fa00000006000000fa009e
:10da380090c92000104078000080fb000080fa00a8
:10da4800000006000000fa0090c920008040eb00aa
:10da5800014878000080fa00000006000000fa0083
:10da680030402000000a8800c0002000100a88000a
:10da7800000a800000407800674060000080fb00da
:10da8800804d88000080fa00000006000000fa00bf
:10da98000080fa00000006000000fa002004800060
:10daa800620060000000e00002003200f7ff07009b
:10dab8008420a9000080fa00000006000000fa0097
:10dac800804d800000407800674060000080fb00c7
:10dad80067006000020a800081ff2f00810061005a
:10dae80001007000000a88000080fa0000000600ab
:10daf8000000fa00010a800080ff2f00008060000b
:10db0800000a88000080fa00000006000000fa0001
:10db1800200a80000080fa00000006000000fa00d9
:10db280042c1a8000080fa00000006000000fa00c8
:10db3800100a80004600de00614060000080fb00a3
:10db480000f0a7000000ea000000ea004f00de0035
:10db5800004078000080fa00000006000000fa008b
:10db680042c1a9000080fa00000006000000fa0087
:10db7800000a80004400de00614060000080fb0075
:10db880000f0a7000000ea000000ea004f00de00f5
:10db9800004078000080fa00000006000000fa004b
:10dba800000a80006800600000f0a7000000ea009a
:10dbb8000000e9004f00de00004078000080fa0015
:10dbc800000006000000fa0040002800001a880043
:10dbd80080432000101a880010002000201a8800b6
:10dbe8004823ef0000f22700701a8800403f200009
:10dbf800801a88005223ef005423ef005623ef00c9
:10dc08005823ef006023ef006223ef006423ef0046
:10dc1800de24ef0080e126000600070095a0a8009a
:10dc28000080fa00000006000000fa000080fa00f8
:10dc3800000006000200fa00000f78001e007800bd
:10dc4800604d88000080fa00000006000000fa001d
:10dc58004023a8000080fa00000006000000fa0037
:10dc68004023a9000080fa00000006000800fa001e
:10dc780030079800101a80004200de007f406000e4
:10dc88000080fb0020079800003020001007980053
:10dc98000000eb00000f78000b0037001e00780032
:10dca80000004000be009000008040009e009000f0
:10dcb80091007800010878001e0090000080e800bc
:10dcc800100798001e0fe8009e0078002e009000b4
:10dcd800808f5000f1ff36001e0078000080fa00a7
:10dce800000006000000fa0051058000f0f82f003f
:10dcf800008060000050a0005005880021068000c8
:10dd0800f0f82f00008060000040a0002006880086
:10dd18005105800080ff2f00008060000000a000f7
:10dd28005005880041058000f0ff28000080600051
:10dd380000c0a0004005880061058000f0f82f00b1
:10dd480080806000000520000100700060058800e8
:10dd58006105800080ff2f00008060005000b30044
:10dd680060058800e1058000f08f2f0000806000ca
:10dd780000a0a000e0058800e1058000f0f82f0071
:10dd8800008060000060a000e00588008105800038
:10dd9800f0ff280080806000000023000100700070
:10dda800800588004105800080ff2f00008060000a
:10ddb8003000b3004005880031058000f0ff2800de
:10ddc800808060000000230001007000300588009a
:10ddd80021058000f0ff28000080600000d0a0002e
:10dde800200588000080fa00000006000200fa0002
:10ddf800000f78000300370000fa2000010020001f
:10de0800440007001e00780000f0a7000000ea00a8
:10de18000000ea004f00de00004078001e0fe90015
:10de28000004e000f4ff3a000080fa000000060059
:10de38000200fa00000f78000500370000082000f3
:10de4800010020003300070001fe2f001e8f400054
:10de58001e007800ff0f5000f8ff3e000300370057
:10de680040002000010020002a0007001e00780062
:10de780000f0a7000000ea000000ea004f00de0002
:10de8800004078001e0fe9000004e000f4ff3a00ab
:08de98000080fa000000060002
:020000040000fa
:10dea0000000fa0020fd07002ef407008fff070096
:10deb00053f607008ffe070027fb0700d5fd07007c
:10dec00055fc0700b6fc070040ff070075fd070082
:10ded00087fa0700e3fe07002afe07000080fa0029
:10dee000000006000200fa00000f78009e00780093
:10def000314d88000000fe000080fa00000006009e
:10df00000000fa00a0c320008007780020c5200090
:0cdf1000000188000080fa0000000600fc
:020000040000fa
:10df1c00f03fb1000180b10006003500ee030900ae
:10df2c0000000000403fb1000180b100fbff3d004c
:10df3c001000b000203fb000020035000080090046
:08df4c000000000000000600c7
:020000040000fa
:020000040002f8
:04aff000ffff00005f
:020000040000fa
:020000040002f8
:04aff400fffe00005c
:020000040000fa
:020000040002f8
:04aff8009f7f000037
:020000040000fa
:020000040002f8
:04affc00803f000092
:00000001FF
