:020000040000fa
:080000000002040000000000f2
:020000040000fa
:0400080030050000bf
:020000040000fa
:04000c0044030000a9
:020000040000fa
:040010008603000063
:020000040000fa
:040014006403000081
:020000040000fa
:04001800a60300003b
:020000040000fa
:04001c0030050000ab
:020000040000fa
:0400200030050000a7
:020000040000fa
:0400240030050000a3
:020000040000fa
:04002800300500009f
:020000040000fa
:04002c00300500009b
:020000040000fa
:040030003005000097
:020000040000fa
:040034007204000052
:020000040000fa
:04003800300500008f
:020000040000fa
:04003c00300500008b
:020000040000fa
:040040003005000087
:020000040000fa
:040044003c04000078
:020000040000fa
:04004800c6030000eb
:020000040000fa
:04004c00300500007b
:020000040000fa
:040050003005000077
:020000040000fa
:04005400c6040000de
:020000040000fa
:04005800a8040000f8
:020000040000fa
:04005c00fc030000a1
:020000040000fa
:040060003005000067
:020000040000fa
:040064003005000063
:020000040000fa
:04006800300500005f
:020000040000fa
:04006c00300500005b
:020000040000fa
:040070003005000057
:020000040000fa
:040074003005000053
:020000040000fa
:04007800300500004f
:020000040000fa
:04007c00300500004b
:020000040000fa
:040080003005000047
:020000040000fa
:040084003005000043
:020000040000fa
:04008800300500003f
:020000040000fa
:04008c00300500003b
:020000040000fa
:040090003005000037
:020000040000fa
:04009400fa0400006a
:020000040000fa
:04009800300500002f
:020000040000fa
:04009c00300500002b
:020000040000fa
:0400a0003005000027
:020000040000fa
:0400a4003005000023
:020000040000fa
:0400a800300500001f
:020000040000fa
:0400ac00300500001b
:020000040000fa
:0400b0003005000017
:020000040000fa
:0400b4003005000013
:020000040000fa
:0400b800300500000f
:020000040000fa
:0400bc00300500000b
:020000040000fa
:0400c0003005000007
:020000040000fa
:0400c4003005000003
:020000040000fa
:0400c80030050000ff
:020000040000fa
:0400cc0030050000fb
:020000040000fa
:0400d00030050000f7
:020000040000fa
:0400d40030050000f3
:020000040000fa
:0400d80030050000ef
:020000040000fa
:0400dc0030050000eb
:020000040000fa
:0400e00030050000e7
:020000040000fa
:0400e40030050000e3
:020000040000fa
:0400e80030050000df
:020000040000fa
:0400ec0030050000db
:020000040000fa
:0400f00030050000d7
:020000040000fa
:0400f40030050000d3
:020000040000fa
:0400f80030050000cf
:020000040000fa
:0400fc0030050000cb
:020000040000fa
:0401000030050000c6
:020000040000fa
:0401040030050000c2
:020000040000fa
:0401080030050000be
:020000040000fa
:04010c0030050000ba
:020000040000fa
:0401100030050000b6
:020000040000fa
:0401140030050000b2
:020000040000fa
:0401180030050000ae
:020000040000fa
:04011c0030050000aa
:020000040000fa
:0401200030050000a6
:020000040000fa
:0401240030050000a2
:020000040000fa
:04012800300500009e
:020000040000fa
:04012c00e4040000e7
:020000040000fa
:040130003005000096
:020000040000fa
:040134003005000092
:020000040000fa
:04013800300500008e
:020000040000fa
:04013c00300500008a
:020000040000fa
:040140003005000086
:020000040000fa
:040144003005000082
:020000040000fa
:04014800300500007e
:020000040000fa
:04014c00300500007a
:020000040000fa
:040150003005000076
:020000040000fa
:040154003005000072
:020000040000fa
:04015800300500006e
:020000040000fa
:04015c00300500006a
:020000040000fa
:040160003005000066
:020000040000fa
:040164003005000062
:020000040000fa
:04016800300500005e
:020000040000fa
:04016c00300500005a
:020000040000fa
:040170003005000056
:020000040000fa
:040174003005000052
:020000040000fa
:04017800300500004e
:020000040000fa
:04017c00300500004a
:020000040000fa
:040180003005000046
:020000040000fa
:040184003005000042
:020000040000fa
:04018800300500003e
:020000040000fa
:04018c00300500003a
:020000040000fa
:040190003005000036
:020000040000fa
:040194003005000032
:020000040000fa
:04019800300500002e
:020000040000fa
:04019c00300500002a
:020000040000fa
:0401a0003005000026
:020000040000fa
:0401a4003005000022
:020000040000fa
:0401a800300500001e
:020000040000fa
:0401ac00300500001a
:020000040000fa
:0401b0003005000016
:020000040000fa
:0401b4003005000012
:020000040000fa
:0401b800300500000e
:020000040000fa
:0401bc00300500000a
:020000040000fa
:0401c0003005000006
:020000040000fa
:0401c4003005000002
:020000040000fa
:0401c80030050000fe
:020000040000fa
:0401cc0030050000fa
:020000040000fa
:0401d00030050000f6
:020000040000fa
:0401d40030050000f2
:020000040000fa
:0401d80030050000ee
:020000040000fa
:0401dc0030050000ea
:020000040000fa
:0401e00030050000e6
:020000040000fa
:0401e40030050000e2
:020000040000fa
:0401e80030050000de
:020000040000fa
:0401ec0030050000da
:020000040000fa
:0401f00030050000d6
:020000040000fa
:0401f40030050000d2
:020000040000fa
:0401f80030050000ce
:020000040000fa
:0401fc0030050000ca
:020000040000fa
:0402080030050000bd
:020000040000fa
:04020c0044030000a7
:020000040000fa
:040210008603000061
:020000040000fa
:04021400640300007f
:020000040000fa
:04021800a603000039
:020000040000fa
:04021c0030050000a9
:020000040000fa
:0402200030050000a5
:020000040000fa
:0402240030050000a1
:020000040000fa
:04022800300500009d
:020000040000fa
:04022c003005000099
:020000040000fa
:040230003005000095
:020000040000fa
:040234007204000050
:020000040000fa
:04023800300500008d
:020000040000fa
:04023c003005000089
:020000040000fa
:040240003005000085
:020000040000fa
:040244003c04000076
:020000040000fa
:04024800c6030000e9
:020000040000fa
:04024c003005000079
:020000040000fa
:040250003005000075
:020000040000fa
:04025400c6040000dc
:020000040000fa
:04025800a8040000f6
:020000040000fa
:04025c00fc0300009f
:020000040000fa
:040260003005000065
:020000040000fa
:040264003005000061
:020000040000fa
:04026800300500005d
:020000040000fa
:04026c003005000059
:020000040000fa
:040270003005000055
:020000040000fa
:040274003005000051
:020000040000fa
:04027800300500004d
:020000040000fa
:04027c003005000049
:020000040000fa
:040280003005000045
:020000040000fa
:040284003005000041
:020000040000fa
:04028800300500003d
:020000040000fa
:04028c003005000039
:020000040000fa
:040290003005000035
:020000040000fa
:04029400fa04000068
:020000040000fa
:04029800300500002d
:020000040000fa
:04029c003005000029
:020000040000fa
:0402a0003005000025
:020000040000fa
:0402a4003005000021
:020000040000fa
:0402a800300500001d
:020000040000fa
:0402ac003005000019
:020000040000fa
:0402b0003005000015
:020000040000fa
:0402b4003005000011
:020000040000fa
:0402b800300500000d
:020000040000fa
:0402bc003005000009
:020000040000fa
:0402c0003005000005
:020000040000fa
:0402c4003005000001
:020000040000fa
:0402c80030050000fd
:020000040000fa
:0402cc0030050000f9
:020000040000fa
:0402d00030050000f5
:020000040000fa
:0402d40030050000f1
:020000040000fa
:0402d80030050000ed
:020000040000fa
:0402dc0030050000e9
:020000040000fa
:0402e00030050000e5
:020000040000fa
:0402e40030050000e1
:020000040000fa
:0402e80030050000dd
:020000040000fa
:0402ec0030050000d9
:020000040000fa
:0402f00030050000d5
:020000040000fa
:0402f40030050000d1
:020000040000fa
:0402f80030050000cd
:020000040000fa
:0402fc0030050000c9
:020000040000fa
:0403000030050000c4
:020000040000fa
:0403040030050000c0
:020000040000fa
:0403080030050000bc
:020000040000fa
:04030c0030050000b8
:020000040000fa
:0403100030050000b4
:020000040000fa
:0403140030050000b0
:020000040000fa
:0403180030050000ac
:020000040000fa
:04031c0030050000a8
:020000040000fa
:0403200030050000a4
:020000040000fa
:0403240030050000a0
:020000040000fa
:04032800300500009c
:020000040000fa
:04032c00e4040000e5
:020000040000fa
:040330003005000094
:020000040000fa
:040334003005000090
:020000040000fa
:04033800300500008c
:020000040000fa
:04033c003005000088
:020000040000fa
:040340003005000084
:020000040000fa
:040344003005000080
:020000040000fa
:04034800300500007c
:020000040000fa
:04034c003005000078
:020000040000fa
:040350003005000074
:020000040000fa
:040354003005000070
:020000040000fa
:04035800300500006c
:020000040000fa
:04035c003005000068
:020000040000fa
:040360003005000064
:020000040000fa
:040364003005000060
:020000040000fa
:04036800300500005c
:020000040000fa
:04036c003005000058
:020000040000fa
:040370003005000054
:020000040000fa
:040374003005000050
:020000040000fa
:04037800300500004c
:020000040000fa
:04037c003005000048
:020000040000fa
:040380003005000044
:020000040000fa
:040384003005000040
:020000040000fa
:04038800300500003c
:020000040000fa
:04038c003005000038
:020000040000fa
:040390003005000034
:020000040000fa
:040394003005000030
:020000040000fa
:04039800300500002c
:020000040000fa
:04039c003005000028
:020000040000fa
:0403a0003005000024
:020000040000fa
:0403a4003005000020
:020000040000fa
:0403a800300500001c
:020000040000fa
:0403ac003005000018
:020000040000fa
:0403b0003005000014
:020000040000fa
:0403b4003005000010
:020000040000fa
:0403b800300500000c
:020000040000fa
:0403bc003005000008
:020000040000fa
:0403c0003005000004
:020000040000fa
:0403c4003005000000
:020000040000fa
:0403c80030050000fc
:020000040000fa
:0403cc0030050000f8
:020000040000fa
:0403d00030050000f4
:020000040000fa
:0403d40030050000f0
:020000040000fa
:0403d80030050000ec
:020000040000fa
:0403dc0030050000e8
:020000040000fa
:0403e00030050000e4
:020000040000fa
:0403e40030050000e0
:020000040000fa
:0403e80030050000dc
:020000040000fa
:0403ec0030050000d8
:020000040000fa
:0403f00030050000d4
:020000040000fa
:0403f40030050000d0
:020000040000fa
:0403f80030050000cc
:020000040000fa
:0403fc0030050000c8
:020000040000fa
:10040000efc620000e7f22000e01880000000000d1
:10041000000020000000e000020032000001200087
:100420002002880014000700400207000000e000de
:1004300003003a00600e2500010020000200370092
:100440000000200001002000810f70000100320038
:1004500014000700000020000000e000020032004d
:1004600000000200000000004447020000000000fd
:100470000040da000000fe004440a900a065200012
:100480000000e000030032000020200090018800fe
:100490004440a800000006008a1f78008b1f7800e7
:1004a00000000600a1028800800478000000eb0034
:1004b0001f003700e284440054a0b4009905ba003c
:1004c000e284440054a0b4009906ba00e2844400d7
:1004d00054a0b4000006eb00476fde00fd07b20039
:1004e000ae018800636ce10003003a00eaff0700f8
:1004f0000000eb000e003700606ce10008003a00dd
:10050000004deb000a05e800020039003420ec0041
:100510000af0a0008b05e900f9ff3e000400370057
:100520006168e100010032000086eb000b0007006b
:1005300019c7ba001905ba000e04e00003003a001a
:100540000a00e000dbff3a0000000600fe07b200f0
:10055000ae0288008a047800f5ff37000cd0a300b3
:10056000e20f4d001c00390089027800354dba00b9
:100570000a05e800020039003420ec000af0a0006f
:100580008b05e9000f003200254dba000a05e8008e
:10059000020039003420ec000af0a0008b05e900cd
:1005a000080032000c00e0000600320015cdba0051
:1005b0000a05e800020039003420ec000af0a0002f
:1005c0008b05e9008984e80054a0b4000b00e0002a
:1005d000e2ff3a00000006009902ba00055d7800cb
:1005e0008b05e900f7ff3200c82ade00055d7800c0
:1005f0008b05e900f3ff32000c00e000f1ff320050
:1006000019ddba00eeff3700be62040000000000f2
:100610002c66040000000000766304000000000067
:100620002e64040000000000405804000000000098
:100630009058040000000000e66404000000000080
:10064000f042040000000000da1504000000000081
:10065000ae2e0400000000008c30040000000000fa
:10066000382f040000000000a82f04000000000044
:100670003c30040000000000000004000000000006
:10068000ae2e0400000000003600f800809fbe007f
:10069000829fbe00849fbe00869fbe000000fa00bd
:1006a0008020a9000000eb00f13107000080fa0073
:1006b0004f03be004f02be004f01be004f00be0000
:1006c0003600f900004006003600f800809fbe00aa
:1006d000829fbe00849fbe00869fbe000000fa007d
:1006e000ea3107008040a90010002000e031070037
:1006f0000080fa004f03be004f02be004f01be0053
:100700004f00be003600f900004006003600f80039
:10071000809fbe00829fbe00849fbe00869fbe0059
:100720000000fa008060a90020002000d0310700fe
:100730000080fa004f03be004f02be004f01be0012
:100740004f00be003600f900004006003600f800f9
:10075000809fbe00829fbe00849fbe00869fbe0019
:100760000000fa008080a90030002000c03107009e
:100770000080fa004f03be004f02be004f01be00d2
:100780004f00be003600f900004006003600f800b9
:10079000809fbe00829fbe00849fbe00869fbe00d9
:1007a0000000fa00b04b80000000e00002003200c0
:1007b000b04b800000000100f0c520001040780020
:1007c0008040e800f0c5200001487800e0c5200026
:1007d00011c0b300014878008500a9000080fa002c
:1007e0004f03be004f02be004f01be004f00be00cf
:1007f0003600f900004006003600f800809fbe0079
:10080000829fbe00849fbe00869fbe003200f8001b
:100810003400f80010002000a00188000020200013
:10082000900188000000fa002104800000002200ee
:10083000008060000000e00006003200d04b800025
:100840000000e00002003200d04b800000000100f8
:1008500085a0a9000080fa003400f9003200f900f8
:100860004f03be004f02be004f01be004f00be004e
:100870003600f900004006003600f800809fbe00f8
:10088000829fbe00849fbe00869fbe000000fa00cb
:10089000004c80000000e00002003200004c8000ac
:1008a0000000010010c62000104078008040e800e1
:1008b00010c620000148780000c6200011c0b30017
:1008c0000148780084e0a9000080fa004f03be00d0
:1008d0004f02be004f01be004f00be003600f900bf
:1008e000004006003600f800809fbe00829fbe00d8
:1008f000849fbe00869fbe000000fa00104c80005e
:100900000000e00002003200104c800000000100f6
:1009100030c62000104078008040e80030c620003b
:100920000148780020c6200011c0b30001487800bb
:100930008460a9000080fa004f03be004f02be0091
:100940004f01be004f00be003600f9000040060017
:100950003600f800809fbe00829fbe00849fbe00cc
:10096000869fbe000000fa00604b8000000001007e
:100970000080fa004f03be004f02be004f01be00d0
:100980004f00be003600f900004006003600f800b7
:10099000809fbe00829fbe00849fbe00869fbe00d7
:1009a0000000fa00704b8000000001000080fa0097
:1009b0004f03be004f02be004f01be004f00be00fd
:1009c0003600f90000400600801f78000000fa00a1
:1009d00010118000620060000000e00001003200a1
:1009e0002222a9008c20a9000080fa004f00780084
:1009f000004006003600f800809fbe00829fbe00c7
:100a0000849fbe00869fbe000000fa00204c80003c
:100a10000000e00002003200204c800000000100d5
:100a200050c62000104078008040e80050c62000ea
:100a30000148780040c6200011c0b300014878008a
:100a40008760a9000080fa004f03be004f02be007d
:100a50004f01be004f00be003600f9000040060006
:100a60000040da000000fe000a00fa000000e0008a
:100a700037003a0053638000e18f510003003200d9
:100a8000e28f51000e003a000900370000222000da
:100a90000000e00001003a000040da002002e2001d
:100aa0000b0035002822ef0021e2a80008003700e3
:100ab000002320000000e00001003a000040da00be
:100ac0003002e200020035003822ef0031e2a800d7
:100ad000020078001a003700040a2000e18f51005c
:100ae0000b003a00030037000402e90002003a005c
:100af00003003700040a20002202ab00faff320094
:100b000014118000050037000402e90002003200e1
:100b10003202ab00fcff32009411800061026200df
:100b200009003200e18f510002003a0034118000c8
:100b300001003700b4118000845878000000e900fb
:100b40000000e000e4ff3a00000051000800370018
:100b500023002000b3bf9f00c0bf9f00d1bf9f00f4
:100b6000e2bf9f006a805700d51607006fb8970054
:100b70000080fa00000006000a00fa0011002000c0
:100b8000b1bf9f00c0bf9f006a805700ce1607000c
:100b90004fb897000080fa00000006000a00fa0033
:100ba000e20f500034003e0050638000e10f50001f
:100bb00003003200e20f500011003a000c00370031
:100bc000032220000300e00001003a000040da00a8
:100bd0002002e200020035002822ef0021e2a800f6
:100be0002342ab000d003a002342a8000b0037005f
:100bf000032320000300e00001003a000040da0077
:100c00003002e200020035003822ef0031e2a80095
:100c10003342ab0001003a003342a8008201780061
:100c20000b0037003102fb00e10f500004003a00d6
:100c30002322ab00feff3a00241188000300370096
:100c40003322ab00feff3a00a41188008301e900c3
:100c50000300e000f3ff3a00e10f500003003a0008
:100c60002302ab00feff32000b0037003302ab0063
:100c7000feff32000800370033002000b3bf9f00a2
:100c8000c0bf9f00d1bf9f00e2bf9f006a80570096
:100c90008f1607006fb99700020078000080fa00f5
:100ca00000000600889fbe0080047800606380001a
:100cb0000000e00005003a000000eb000e00070015
:100cc0000084eb000000e00008003500686380004d
:100cd0000900e0000500320009004400060007009a
:100ce0000000e00001003d000084eb0008007800f7
:100cf0004f04be0000000600800078000100e00004
:100d000003003a0000002000606388000000050036
:100d10000080eb0002002000828f500002003e00a5
:100d2000616388000000eb00000006000000050081
:100d3000140020009a033700f4ff2f0098033700b7
:100d40000001be001c0007000470a70003f0a10012
:100d500003f8a30013003a006509b1001000320047
:100d6000090035006928e100020035000100280073
:100d70000000050000004000818048008502e90075
:100d8000fcff3a0000000600f88f42000500350025
:100d90008100d1000080d3008502e800fcff3a000a
:100da000000006008000eb00000005004f89de0017
:100db0008201780095033700c70ade00f107b20010
:100dc000f50fb20008003200e1cf4200020032000d
:100dd0000170a00024000500810f700001003200a6
:100de0000408050044000500810f700002003a006d
:100df000140005008502e9000000400081c04800a1
:100e0000fcff3b000170a000240005006022b80038
:100e1000060220000000d0008180d2000482d200af
:100e20008582d2000000a0000202520083825a0094
:100e3000030031000202420083824a000000a10048
:100e40000603e900f3ff3a000000060007f8270058
:100e5000078361000638e10004003a00f70720002c
:100e6000878361008703710001003a0003f0a2004c
:100e7000889fbe008a9fbe008c9fbe00470ade008e
:100e80000480a100c71ade000580a1000700280029
:100e90000785600087856100f70f20000720e100cb
:100ea0009e0032000728e1009c0032000106780015
:100eb0000400e000b4003200f707200087806000e3
:100ec0000170a0000500e000c0003200f70720001c
:100ed000878161000370a000050652000f003a00f0
:100ee0000b50e1000b0032000308e10002003a0061
:100ef0000200e1007e0032000204500083845800aa
:100f0000040031000001fd008101fd008402fd00ac
:100f10008a05fd006044b800210037000520e1008b
:100f200005003d000001fd008101fd008402fd007f
:100f30008a05fd00050652007a60e10005003500d3
:100f40000170a1004722dd00848070008a8070005b
:100f5000630037006044b800ef02660007ff2f000f
:100f6000070666000500e00006003400f08312006a
:100f70008714dd000511de00071bdd00060171008e
:100f80008519de007060e100050035000904780075
:100f900082047800030178008001eb00700656009f
:100fa0000b50e10003003a0002004000838048003b
:100fb0000400370060041400e0841c0002005800a4
:100fc000838058000188a300060032008100d10010
:100fd0000080d3008984d3000884d3000402e80091
:100fe000270037000178a30025003a000100e00047
:100ff000030032008186cf00698656000a00370060
:101000008c0020000000e00004003a000900780095
:10101000880478000004eb00700252008086cf0044
:101020000d0646000c06e9007060e1000600350080
:101030008000780009007800880478000004eb0044
:1010400070065600700252000c00e0000c003400e4
:101050008c08dd00f00316000703de0086807000b8
:101060000c00dd00074bde00060070008c4cdd003c
:101070000743de00868474000c44dd000c0252003d
:101080006120e100200035006101600007002800b8
:1010900087816400f7ff27008783640007037400db
:1010a0000300e000060032008203730004003200f7
:1010b0000000e800e08048000188a3000e003a002c
:1010c000f70f20000720e1004a003d000170a10059
:1010d0004722dd00810072008a8070000000be009f
:1010e0004f06be004f05be004f04be0000000600c4
:1010f0006000b800faff37008100d1000080d30003
:101100000402e800eeff3700040178008901740052
:10111000a10107008a807000f1ff3700f701070086
:10112000070278000001fd008101fd00f3010700c6
:1011300087027800850372000778a300040032005c
:101140000001fd008101fd0006020700e4ff3700f9
:10115000850362000768a300080032000b50e1001d
:1011600003003200f0ff2f00f1ff2700dcff370003
:101170000001fd008101fd00d9ff37000468a300d4
:10118000d7ff3200faff3700f8ff2700888360009e
:101190000b003a000000e00009003a0083036400fd
:1011a00082837300020032000200be00ccff3700d1
:1011b0000b50e100ceff3a000200be00c8ff37002e
:1011c00014002000810064003eff3700f8ff270074
:1011d0008883610004003a000200e00002003a0047
:1011e0008c007800beff37001500200083016400ea
:1011f00039ff370001f8270000002000810075004a
:10120000b7ff3700889fbe008a9fbe008c9fbe003c
:101210001b0020000202be000586680006002800b0
:10122000060666004709de00f20fb20082003200b7
:101230000243e80080003200c729de00f30fb2004d
:101240007d0032000343e8007b003200f107b2006a
:101250000170a000f507b2000570a000c708dd000e
:101260004903de00868070004700dd00c72add00ec
:101270004923de00868272004722dd00030551000b
:101280000403500085835800030031000000400033
:10129000818048000a05e9008c1f78008a9fbe0003
:1012a00004005000858058000402420085824a00f4
:1012b00000004000818048000005eb000004be00f3
:1012c0006033b8000406be000d48e100560031004e
:1012d000110009004dccd8000c01b8000d02b80077
:1012e0008481410060824a008283530003045c00d1
:1012f00084845c0060055d000a00e00025003a007f
:10130000800578000d40e100490031008800780038
:1013100007007800110009004d88d8000c01b800c2
:101320000d02b8008481410060824a006003110010
:1013300083835b0004045c00e0845c000900e0003f
:1013400021003a004f01be000300e0002b003200f4
:10135000e3016000070673008c8171000100320018
:10136000640070004200de004e5edd000c00700084
:10137000c258de0001e0a00083010700cf01780021
:10138000818071004f06be004f05be004f04be00b5
:10139000000006008c8343000d044c00e0844c00e8
:1013a00060054d000000e9000a00e000d4ff3200b3
:1013b0008c8343000d044c00e0844c0060054d001c
:1013c0000000e900ceff37000c0343008d834b0083
:1013d00060044c00e0844c000000e9000900e000db
:1013e000d8ff32000c0343008d834b0060044c0097
:1013f000e0844c000000e900d2ff37004200de002c
:101400004e5edd000c007000c258de0001e0a0005e
:10141000cf0178000300e000daff32006000100026
:10142000e0801800d7ff3700f0ff2f00aaff370039
:10143000f0ff2f00b9ff37000404be002f010700a2
:10144000870678000004fd008104fd002b010700e1
:10145000078366000678a300030032000960a70036
:101460000800be002c0037000d78a30002003200f7
:101470000800be00280037000778a30026003a00c5
:1014800001f0a10009f0a1000668a30003003200ea
:10149000f1ff2700f0ff2f00baff37000d68a3000f
:1014a000030032000800be008c807000b5ff3700da
:1014b0000768a30007003a000648a30003003200b3
:1014c000f1ff2700f0ff2f00aeff37000d48a3000b
:1014d000030032006000b8008c807000a9ff370064
:1014e0000748a3000400320001f827000000200094
:1014f0008c807000a3ff3700760107000004fd0018
:101500008104fd0002057800720107000802be0098
:101510008a01780059ff37000160a0001202200004
:10152000324c880097ff37000100e00012003200c3
:101530000500e00010003200889fbe008a9fbe00b8
:101540008c9fbe000006eb0001f8a30003003200f0
:1015500060001000e08018000cf0a00005f8a30067
:101560000300320060021200e0821a000cf0a200b8
:101570008005eb0041ff37006000b8000200050065
:10158000038368000700280007036300470ade00a2
:101590000480a100c71ade000580a100f70f20001b
:1015a0000720e100420032000728e100400032003d
:1015b000889fbe008a9fbe008c1f7800f107b20092
:1015c000f307b2000400e000640032000170a000e4
:1015d0000500e000680032000370a00085054200ad
:1015e000eb07b1000204b8000302b8008484440091
:1015f00060854a00020ab800848444000a854a00d3
:10160000030ab80004054500040033000804d000b4
:101610008984d2000a85d2008b05e9006158e10077
:101620003d00350002102000090161000308200080
:1016300089816100f70720008783640008867300b2
:10164000c84cde00c853dd00878474004855de00b6
:101650000300e0000600320082037600040032003e
:101660008904e80060054d000a88a3000c003a00d8
:10167000f70f20000758e10044003d000a70a10068
:10168000c75ddd000a8575008a00730009007800d7
:101690004f0678004f05be004f04be000000060054
:1016a0000a05d1008984d3008b05e800f0ff3700dc
:1016b000881f780006047800900007000702780071
:1016c0000001fd008101fd008c0007008702780009
:1016d000850372000778a300050032000001fd00b9
:1016e0008101fd009f0007004f0478000000060004
:1016f000850372000748a30003003200f0ff2f00ab
:10170000f1ff2700f8ff37000000200001f8270054
:1017100088807000f4ff3700880178004848dd00b9
:10172000808171004848de00c850dd000100700073
:10173000c850de00060478000b0178001600070090
:1017400088807000d2ff37000500e00005003200fd
:10175000170020003a0007009dff3700810370004a
:10176000f9ff3a00860078004f0678004f05be006a
:101770004f04be000000050083037100f9ff320032
:10178000270020002e00070094ff370001f82700f3
:1017900086807000f4ff37000100e0002600320070
:1017a000610111007810e10023003c006022b800c4
:1017b0007010e1000400350080027800010078001c
:1017c0008000eb00700151000200e00009003400cd
:1017d00070031100062add00822ade008603dd0088
:1017e000878272000200de00860bdd0007007000b9
:1017f0008208de0084817100f4ff27000482620009
:10180000848171000400280084826200610260000b
:1018100005f0a600000006000482710007003200f7
:101820000000e800e0804800000006000002be0062
:101830006000b800efff37006000b800000006004d
:10184000889fbe000004eb006138e10016003a00fa
:101850000100e00008003a00c800de004800dd009a
:10186000880020000100e00003003a00c800de000c
:101870004800dd00680444008184cf00e9845400fe
:10188000060034008908dd00f08314008703de00c1
:10189000878070000900dd00090444006102140023
:1018a0004f04be00000006000300e00008003a00fc
:1018b000c811de004811dd00880020000300e000b0
:1018c00003003a00c811de004811dd00680444003e
:1018d0008384cf00e9845400060034008919dd00b8
:1018e000f08314008713de00878171000911dd0089
:1018f00009044400e1021400e9ff3700270020003a
:1019000001f0a70017002000470bde00f60fb20021
:10191000040032000643e8000a0032004702b30028
:101920000000060001037800f607b200060370000d
:1019300002003a000703b300000006008702b3006c
:101940000000060001037800f607b20006037000ed
:10195000020032000770a000000006000760a0002f
:10196000000006000478a300040032000578a300fc
:10197000030032000168a30001003a000200be002b
:101980000160a00000000600810170002700320005
:101990008002eb0001f8a300030032006000100099
:1019a000e080180015002000f40720000202420029
:1019b00020003400f70320008703600006042000a5
:1019c0000003630002082000000161004700de0000
:1019d000c909dd0000807100c708de000600e000d4
:1019e0000800320087037100060032001000b000ca
:1019f0000180b0000188a30002003200c108de00af
:101a00000402e800f107b200f30f20000320e10018
:101a100003003d004722dd008100720029003700ed
:101a200001f827000000eb00260037006000b80036
:101a300000000600680212007f20e100020034006e
:101a40006000b8001f0037006011b8007020e1008e
:101a50000400350080017800010078008000eb0070
:101a6000700252000400e00009003400f00312008c
:101a70000719dd008419de000703dd00868171008f
:101a80000400de00070bdd00060070008408de00a5
:101a9000f7ff270083836300870371000600280097
:101aa00003036300070032000700e00003003a0070
:101ab0006101600002817300020032001000b0007a
:101ac0000180b0000500a6000000060001f0a000a3
:101ad000000006004f0ade004709de00f107b200f1
:101ae000f20fb2000b003200f207b1000170a0004b
:101af000c708dd00c901de00838070004700dd00fb
:101b00000400a6000000060060001000e08018003d
:101b100000000600810f700001003a00000006007e
:101b20008182cf000500e00010003e008082cf00df
:101b3000ee8242007028e1000400390007003e00f8
:101b4000800078000000eb000e0037007083120068
:101b50008600de000500dd000a00370070835200b9
:101b60008600dd000000eb0006003700e282520034
:101b70008508dd00708312000603de008680700099
:101b80000500dd007507b0000501ea000400a600ad
:101b90000000060060001000e08018000000060051
:101ba000889fbe008a9fbe00841f78007c000700cb
:101bb0004f00780011003300f0ff2f00838f6c007e
:101bc00006003b00040565000a00a7000800370076
:101bd00009f0a6001000200008003700820f540012
:101be000838f5c00030039001000200001003e00dc
:101bf0000000200009f0a7000000ea004f05be0029
:101c00004f04be000000e00000000600881f7800be
:101c1000030478000300e00007003d0060001000ae
:101c2000e080180060011900e081190002003b000b
:101c300001f02d00030037000400070008f0a700a2
:101c400001f0a0004f04780000000600889fbe004d
:101c50008a9fbe000082700004027100048271003d
:101c6000260032000004be000200be006011b80071
:101c70006b092000950220000182cf000a00390084
:101c80000541b1000082cf00070039000541b100d5
:101c90000982cf00040039000541b1000882cf005d
:101ca000010039000541b100054252001200320026
:101cb0000a003b0082817100610164008100d10053
:101cc0000080d3008984d3000884d3008b05e8000a
:101cd0000442e800f7ff3a00070037000804440018
:101ce00089844c0000004800818048008b05e90091
:101cf0000442e900f9ff3a00030007004f05be0067
:101d00004f04be00000006008100200061805500e5
:101d10000b003d000b00200061fe2f000100e100e0
:101d20001d00340082817100610164008904d100ca
:101d30000884d3000000e800faff3a007100200098
:101d400061006400030070000200600009003200be
:101d500061044400e0844c000988a50005003200bd
:101d60008b05e8006808e10002003a008904d10010
:101d70000884d300f20f20000258e10005003d0066
:101d8000c75ddd00f907b2008980750008007800a2
:101d9000000006000bf827008b007800000005000b
:101da0000004be0004fc07000003be000405be00e2
:101db0000200be0000fc0700844f75000000060012
:101dc0000800fa00889fbe000004be000001be00ab
:101dd0008300780001f0a10008007800a4fd200035
:101de00095f42300840f5000858f580018003e00a2
:101df000f2ff2f00f3972300820f5000838f5800cb
:101e000011003e00f2ff2f00f3072000820f500068
:101e1000838f580005003e00020020000338200098
:101e20000800be00d6fd07000400370002002000b5
:101e300003b827000800be000dfc0700c0bf9f00cc
:101e4000d1bf9f00710037000800be006800370056
:101e50004f49de0003002000143d2500b507240093
:101e6000840f5000858f58001f003e0034be2c00a8
:101e700065012400840f5000858f58000e003e003d
:101e80000200e00005003200b2fd200093fc2300b8
:101e90000800be00f6fb070059003700b2fd200025
:101ea00093fc23000800be00e8fb07005b0007006e
:101eb0000004be00550037000200e00005003200bb
:101ec000b2fd2000930424000800be00e8fb0700d8
:101ed00046003700b2fd2000930424000800be0035
:101ee000dafb070041003700541d2300250e2400b3
:101ef000840f5000858f58001d003e00f4dd2e0039
:101f0000f50a2400840f5000858f58000c003e0015
:101f10000200e0000500320042be2c0063092400ec
:101f20000800be00d2fb0700e0ff370042be2c00d5
:101f3000630924000800be00c4fb0700300037001e
:101f40000200e00005003200b2fd2000930c2400e6
:101f50000800be00c6fb070025003700b2fd2000c8
:101f6000930c24000800be00b8fb070020003700d7
:101f7000f2ff2f00f3f72700820f5000838f5800e5
:101f8000040036000801be000800be00affb0700d9
:101f9000c7ff37006c8157000800be004d000700e6
:101fa0006011b80063016000e10f5100e08f59003b
:101fb00009003200e20f5100e08f590009003200a1
:101fc000e00f5100e08f59000b003a002fb8970046
:101fd000bfb89700060037002fb89700bfb897002a
:101fe000b2ff37002fb89700bfb8970001f0a200ea
:101ff00091000700aeff37002fb89700bfb89700d9
:10200000060007000004be0009f0a2000800be00a0
:102010004f04be000080fa0000000600889fbe004a
:102020008a9fbe008c9fbe000001be0054fd0700c9
:102030000004be000001be0051fd07000005be0007
:102040000200200003f02b000800be004cfd07003a
:102050000200200003f8230085fb07000006be00f5
:10206000f2a92a00a3d223000a00be0044fd070003
:102070000001be000c00be007dfb07000006be0094
:102080000801be000a00be003dfd07000005be00bd
:1020900072a12900c37c23000800be0038fd0700a0
:1020a000f243200063ab230068fb07000001be0081
:1020b0000a00be0032fd07000001be000c00be0099
:1020c0006bfb07004f06be004f05be004f04be006d
:1020d000000006000800fa00889fbe008a9fbe002c
:1020e0008c9fbe000005be00020478000001be0007
:1020f0008300780001f0a1000a007800a2fd200012
:1021000093dc2400820f5000838f58001d003e0096
:1021100032982f0023f223000a00be0018fd0700aa
:102120000200200003b4240051fb0700020020003d
:1021300003b4240045fb07000006be00ae110700f3
:1021400080047800a2fd200093fc23000c00be0058
:102150000bfd07000001be000a00be003bfb0700ac
:102160000005be00325a2800832823000c00be0060
:1021700003fd07000001be000a00be0033fb07009c
:1021800026003700f2ff2f00f3f72700820f5000e0
:10219000838f5800060036000a01be000a00be0008
:1021a0002afb0700008cbe008004eb001c003700f7
:1021b0000a00be00500007000005be0032982f0044
:1021c00023f22300eefc07000200200003f02300ae
:1021d00027fb07005f1107000203be000002be00dc
:1021e000e4b79f00f5b79f0086bf9f0097bf9f0091
:1021f00086fe070032982f0023f2230001fc07001f
:102200000001be000a00be0010fb07006000b8001d
:102210002004980031049800efb49700008cbe00b1
:10222000090078004f06be004f05be004f04be00f7
:102230000080fa0000000600889fbe008a9fbe0052
:102240008c9fbe000005be000001be00ccfc070054
:102250000004be000a01be00c9fc07000006be0063
:102260004288280083c023000800be00c4fc070089
:10227000b2aa2a00a3e22300f4fa07000001be007c
:102280000c00be00befc07000001be000a00be003c
:10229000f7fa07000005be000801be000800be00f6
:1022a000b7fc07000001be000c00be00b4fc070034
:1022b0000006be00c2c32600636323000800be0000
:1022c000affc0700f27c200003952300dffa070033
:1022d0000001be000c00be00a9fc07000001be000a
:1022e0000a00be00e2fa07004f06be004f05be001e
:1022f0004f04be00000006006022b8006033b80042
:102300000002be00f0ff2f00f1ff2f00f2ff2f00b0
:10231000f3ff270000006200818062000201630079
:1023200083816300000006000000fa006881570006
:10233000cfb897001b0207000080fa0000000600db
:102340003f000700970007004801070070010700e1
:10235000c90007007a020700250237000000fa00d2
:1023600068815700cfb89700130207000080fa0079
:10237000000006009c04070053050700ed05070058
:1023800003060700a6053700800178000200370029
:10239000b15978000201e9000200e000fcff3a00b8
:1023a00000000600810178000002780030417800ca
:1023b000b14f510002003a000204e000f9ff3a0078
:1023c0009480fb001380fb0000805000000006009a
:1023d0008001eb000200e0001000320000027800f3
:1023e00001037800b44178000304e00008003200e3
:1023f000b14278000504e00005003200820340008d
:10240000848f53000200320085cf5100f4ff320068
:102410008381fb001680fb0080815100030078005f
:1024200000000600881f780000047800080078008b
:10243000270a0700080078004f0478000000060013
:10244000ec874700889fbe008a9fbe008c9fbe001d
:102450008e1f7800000678000104780018079000ad
:102460002805900098067800cdb79f00b805900029
:102470003202be002203be000400be000601be0000
:102480004f18de006011b8008000eb00d0b79f004d
:10249000e1b79f00f2b79f0083bf9f0080047800e0
:1024a0000900e000060032006000b8006011b800ca
:1024b00004025000858258000603590087835900a2
:1024c0000e00e000020035000d10a100cdb79f0006
:1024d0000900e00005003a004fb097000028a30073
:1024e00002003a000038a300020032008a00e9002e
:1024f000010037008a007800f8815700a200200010
:1025000008007800860007000900e00003003a0098
:10251000cfb097000128a300080032000000e900b6
:1025200000814500b1c2b3000900e00001003200a3
:10253000d1c2b30001497800050037000138a3007b
:10254000030032000000e90001c2b3008175780089
:10255000480190000201e90000015100808045001f
:102560004fb297008a0178000c0078003f02070004
:102570009c0090000188a3000400320098009000a5
:10258000810f500001003d00010078004f077800e6
:102590004f06be004f05be004f04be00cf00b10085
:1025a000000006000200fa00889fbe008a9fbe005d
:1025b000800578000104780002007800180190007e
:1025c0002805900098007800b1bf9f00b8049000e3
:1025d0000200e000020035000110a100b1bf9f0021
:1025e000ea815700820020008a0078003002be0095
:1025f0002003be0008007800490007003fb997009b
:10260000f0006100030032000000e90001c3b300e4
:10261000817478003fb99700e80061000300320040
:102620000000e90001c2b300817478004801900005
:102630000201e90000015100808044003fba970088
:102640008a0178000b007800080207009b009000c8
:102650000188a3000400320098009000810f500010
:1026600001003d00010078004f05be004f04be0090
:102670000080fa0000000600ea874700889fbe003d
:102680008a9fbe008e1f7800000478000300780047
:102690007287570084e2260055c72600049fbe00bb
:1026a000c3962200030f78006c875700004feb00a1
:1026b00011059000a1049000910578000200e0004f
:1026c00002003200020778000100370072875700cd
:1026d0000000e00002003a000e007800b109070097
:1026e0000a00e000030035008a0f500001003600a8
:1026f0000a0078000b027800890178000001780058
:102700008e00780008007800d80107004f07780095
:102710004f05be004f04be00af00b1000000060030
:10272000f4874700889fbe008a9fbe008c9fbe0032
:102730008e1f78000605be000404be0081bf9f0006
:1027400082b79f00f3b79f00b0009000e1b79f00f1
:102750001301780092b79f0090069000400090000f
:102760000000e900000678000d00e00001003d00d7
:102770001d0020008040eb00efb1970081717800d0
:102780001e0020001f0037000c06e9000fb0970064
:10279000cf80de006109b900a0b79f00b1b79f00ec
:1027a000c2b79f00d3b79f000203be000002be0065
:1027b0000800be000a01be000111070000077800f2
:1027c0000e4078000043b000efb0970080707e00ac
:1027d0008d06e9000fb997000201e90082bf9f0052
:1027e0002fb29700bfb297004fb39700dfb39700a7
:1027f0000800be000a01be00ea1007000205be0084
:102800000004be000c00e0000d003400e00f540096
:10281000e08f5c00e00f5d00e08f5d00daff3a00c2
:102820000d00e000d8ff3c008fb997000300e000e6
:10283000030034001fb097000018a300d2ff3a0035
:102840000e00e00002003a00ffb097001140a10026
:102850000c0078004f0778004f06be004f05be0001
:102860004f04be004f01b100000006000200fa0054
:10287000889fbe008a9fbe00000578000104780092
:102880000200780018019000a804900098007800d9
:10289000b1bf9f00b80590000200e00002003500c3
:1028a0000110a100b1bf9f00ea815700a2002000e3
:1028b000890078003002be002003be0008007800c6
:1028c00097ff0700480190000201e9000001510054
:1028d000808045003fba9700890178000a0078009f
:1028e000620107009a0090000188a30004003200f2
:1028f00098009000810f500001003d000100780019
:102900004f05be004f04be000080fa000000060024
:10291000fa874700889fbe008a9fbe008c9fbe003a
:102920008e1f78008004780001047800820578000a
:10293000180190002805900018077800b800900052
:102940000200e000020035000e10a1000100370077
:102950001200200070006700e0b79f0009003200fd
:102960003b02be002b03be00e00f5200e08f5a0076
:10297000e00f5b00e08f5b00020032008a86e90016
:10298000010037008a067800e8026700f5b79f006b
:10299000010032008d06e9003b02be002b03be00a1
:1029a000e4af9f00f5af9f0086b79f0097b79f00e9
:1029b000480690000c06e9000040eb0080707e00a5
:1029c000efb297007fb29700890378008104780006
:1029d000d8af9f00020478008bbf9f008a05780063
:1029e000034578002a0037000c06e9006fab97001a
:1029f0006f006300e90f500002003c000003b000cc
:102a0000010037007005b0000a03fb001604b10096
:102a1000f90f53000c003e00000378000650a000a0
:102a20001606b100f90f530007003e00b4b79f002f
:102a3000a5b79f00c7b79f0034090700cfb3970021
:102a4000afb297003fb2970080747e000804e9009f
:102a50008d06e9006fa89700ffa897000fb19700b7
:102a60009fb19700460020008301d1000281d3006e
:102a70008180d3000080d3000603e900faff3a000a
:102a8000e0af9f00f1af9f0082b79f0093b79f0018
:102a9000e10f56000f0034006fa89700ffa89700c1
:102aa0000fb197009fb19700e00f5000e08f5800e2
:102ab000e00f5900e08f5900cbff3a000800e0001a
:102ac000c9ff3c000d00e000020034000e18a30016
:102ad000c5ff3a0089007800f4b79f0087047800aa
:102ae0005fac97008a4178000b0578008fbd970096
:102af0000500e000100032003b02be002b03be00c8
:102b0000e4af9f00f5af9f0086b79f0097b79f0087
:102b1000e00f5200e08f5a00e00f5b00e08f5b0097
:102b2000050032000c06e90083707e000c06e90007
:102b300000c3b30080707e00ffb297000500e00084
:102b4000030032000c06e90000c2b30080707e0072
:102b5000480190000201e9000c0151008c80400006
:102b60000e0278008a01780009007800bf00070093
:102b7000990090000188a3000400320098009000a2
:102b8000810f500001003d00010078004f077800e0
:102b90004f06be004f05be004f04be00af01b1009e
:102ba000000006008201780001017800f1ff270093
:102bb000eb083700960637003c00fa008f017800da
:102bc000c303b1001d0009008019eb00c0a79f00de
:102bd00080b79f00a05d2100b0b79f0040fc2f0090
:102be0000f004000d00807000080fa000000060037
:102bf00084082000848f50001d0032000d003c002e
:102c000014082000848f50002700320002003c008e
:102c1000040820000400370024082000848f50009e
:102c20003400320044082000848f500043003a00f2
:102c300036003700040a2000848f5000270032003d
:102c400004003c0004092000848f50003b003a003f
:102c500028003700020c2000828f50002f00320025
:102c6000020f2000828f500034003a002b00370002
:102c70009380e9000200e00005003200810978003d
:102c80001102fb00cfa2de00612bb9002800370043
:102c900081097800114278000482fb008002eb0079
:102ca0006033b8002200370013027800e4005200bd
:102cb0000200e00005003200810978001102be0028
:102cc0004fabde00860378001900370081097800d9
:102cd0001102be006033b800150037009380e90090
:102ce0008109780011027800cfa2de00612bb900c3
:102cf0000f00370093027800e880520081097800c5
:102d00003102be002103be00090037009380e900b4
:102d10000200e00002003200f1ff37009380e9007a
:102d200081097800110278008002eb006033b8005e
:102d30000498be000690be001000050000000500cb
:102d400044082000848f50002500320008003c0019
:102d500014082000848f5000140032002408200042
:102d6000848f500024003200040820000c0037003b
:102d700004092000848f50001f00320004003c0032
:102d800084082000848f500024003a000e00370091
:102d9000040a2000848f500011003200040c20002f
:102da000848f50001d003a000d0037009380e90029
:102db000810978009100780001087800cf91de0049
:102dc0008288be00140037009380e90081097800f2
:102dd0009100780001087800824878000e003700e2
:102de0009380e9008109780091007800010878005b
:102df00082087800080037009380e9008109780094
:102e000091007800010878006112b900612bb900c7
:102e10008498be008690be001000050000000500ea
:102e2000889fbe000004780048009000820478006b
:102e3000808f54000100360080047800090178007a
:102e40005800900050fd0700580090000900400015
:102e500050049800c80090008984500049049800ec
:102e60000048eb004f04be0000000600f287470058
:102e7000889fbe008a9fbe008c9fbe008e1f780078
:102e8000800478000105780002047800830578004a
:102e90006107620002003a008b0f540008003900fd
:102ea000080178008a00780009007800ad0b07005f
:102eb0008b0f540002003900880578001e0037008f
:102ec000088655000c017800f00f5600010036000e
:102ed00002012000010220007e8057005b060700ef
:102ee0008c0678000500370002012000fe805700a4
:102ef000090078009b0b0700f0865600ef8f560004
:102f0000f9ff3e004461de0000ff2f000091b90090
:102f100002014600fe80570009007800910b07006f
:102f20000e00e00004003a00080178008a007800f2
:102f3000090078008b0b07000b0078004f07780022
:102f40004f06be004f05be004f04be002f01b1006a
:102f5000000006000000050000000500000005005c
:102f6000000178000040eb008080fb008180400081
:102f7000e3c2200063c278000404e00003003a00ca
:102f8000f0c2200060c078000000060092017800c6
:102f9000934f520004003a00f0c2200060c0780055
:102fa0000309e800010037000040e800ea4f500044
:102fb000edff360000000600f6874700889fbe0040
:102fc0008a9fbe008c9fbe008e1f7800000578008f
:102fd0000104780083057800040678000000eb0007
:102fe000c0b79f008080eb00d1b79f00e0b79f0083
:102ff000f2b79f000008200080bf9f009800780073
:10300000010078008004eb00010037008904e8002b
:10301000304178000204e0000300320053c2b300e4
:10302000834f5100f9ff3a000900e000040032002c
:10303000090178000a0078004a0b0700188c440048
:103040001807780050c2b3009e4f10003f013a00ad
:103050000e07e8000e0c780010003700cfb0970084
:103060000100a0000b003700cfb097000110a000b6
:1030700008003700cfb097000120a00005003700fe
:10308000cfb097000130a00002003700cfb097000a
:103090000140a000c1b79f00000ce80018007800b4
:1030a00090407800b2c2b30082cf5000f1ff3200ee
:1030b00007003c0002c2b30082cf5000f0ff320094
:1030c00032c2b30082cf500007003a00efff370052
:1030d000d2c2b30082cf5000e0ff320002c3b3007f
:1030e00082cf5000e0ff3200a2c2b30082cf500076
:1030f0000d003a00000ce8001c80e900000e78008a
:1031000010007800e0b79f000000e0000f003d00d5
:10311000cfb097000100a200c1b79f000000ea00f5
:10312000e0b79f000900370065050700e0b79f0082
:1031300001003700000ce800180078009000fb0048
:103140000103b100e98f5000faff36004fb097003d
:103150000008a300020032000010a100c0b79f00c9
:1031600018007800e1c2b30090cf100016003a00ba
:103170008000eb00d1b79f000000e800000c780051
:10318000a1c2b30090cf100006003a00000ce80086
:103190001c80e900000e780010007800d0b79f0076
:1031a0000900370046050700d0b79f00010037002f
:1031b000000ce800180078009000fb000103b1004b
:1031c000e98f5000faff36000800780064ff07001e
:1031d00080467800180078001000fb0044070700c4
:1031e00091062000810f50003800320012003c0090
:1031f00041062000810f5000340032000a003c00dc
:1032000011062000810f50002000320031062000fe
:10321000810f5000a000320051022000810f5000a9
:10322000bc003a00b400370071062000810f500046
:10323000b8003c008800370001072000810f5000d3
:103240005c00320007003c00e1062000810f5000c6
:103250007a003200f1062000810f5000ad003a00e4
:103260003900370051072000810f5000270032003d
:1032700081072000810f50004200320031072000fa
:10328000810f5000a3003a008f0037008d80fb00b3
:103290000c01780000fe2f000f00400055070700ca
:1032a0000000e000a800320018007800000ce800e0
:1032b0009041780002fe2f000f014100f880570076
:1032c0000a00780024ff07000e0037008d80fb0005
:1032d0008c0178001200200000fe2f000f0040003b
:1032e00043fe07000000e00097003200180ce800e1
:1032f00002fe2f000f014100f88057000a007800fd
:103300004ffc070080844400900037008d80fb0054
:103310008c0178000001eb0000fe2f000f00400040
:1033200033fe07000000e00087003200180ce800c0
:1033300002fe2f000f014100f88057000a007800bc
:103340004afd0700efff37008d80fb008c017800fd
:103350000001eb0000fe2f000f00400024fe0700dc
:103360000000e00078003200180ce80002fe2f0098
:103370000f014100f88057000a00780089fc07001f
:10338000e0ff37008d80fb008c0178000001eb002e
:1033900000fe2f000f00400015fe07000000e000b7
:1033a0006900320018007800000ce80090417800b5
:1033b0001c0037008c0178000001eb00010f200099
:1033c00000fe2f000f00400009fe07000000e00093
:1033d0005d003200180ce8000fb097009fb0970016
:1033e0002fb19700bfb19700e00f5000e08f580059
:1033f000e00f5900e08f590009003a00cfb597005f
:103400006fb4970060c22000660607000b027800c8
:10341000880178000001780061c220004700370071
:1034200083c7b30002fe2f000f014100f880570050
:103430000a00780036fd0700b2ff37000b81440018
:103440008d80fb008c01780000fe2f000f004000f3
:103450003bfe07003c0037008d80fb000c0178002c
:1034600000fe2f000f004000e20607000000e00011
:103470003500320018007800000ce8009041780018
:1034800002fe2f000f014100f88057000a0078006b
:10349000b1fe07009bff370000c8b30080cf560085
:1034a00029003a00180ce8001c80e900000e7800a2
:1034b00010407800e0df9f0013002000e2fd2f00a5
:1034c0000f0141000800370000c8b30080cf56004c
:1034d0001d003a00180ce8001c80e900000e78007e
:1034e0008001eb0010017800f88057000a00780096
:1034f00061fc070083ff370000c8b30080cf56008f
:1035000011003a00180ce8004fb29700efb1970095
:10351000080037000e0c78000000eb00c0b79f00d9
:10352000e0b79f000080eb00d0b79f000002eb00e7
:103530008401780012002000c1c220000a00780037
:103540004afe07006fff3700180ce80009007800fa
:103550004f0778004f06be004f05be004f04be0067
:103560006f01b100000006008200fa00889fbe00d3
:103570008a1f78000005780082047800c13f9f0010
:103580000004eb0010003700090278008801780081
:10359000a2f72f000f01410081f72f008f8040001c
:1035a0000a00780084fe070008004000880f5000e1
:1035b00004003d00b0042000306388000084eb006c
:1035c00004003700000478004f3897001004e00032
:1035d000edff3a00080078004f0578004f04be0068
:1035e0000080fa00000006000200fa00889fbe007a
:1035f0008104780082007800030178003104900093
:10360000f3060700e10f40000b003200a20020008b
:10361000e68057000800780027060700809cbe005f
:103620008294be0010002000dfb89700810f540084
:1036300001003a00e0ff2f004f04be000080fa00b6
:1036400000000600ea874700889fbe008a9fbe00f0
:103650008c9fbe008e1f7800000478000105780062
:1036600083bf9f00a205900042009000e0b79f003a
:10367000b2049000830078001106780008007800fa
:10368000bb0107008fb897008c0840000b00e000da
:1036900004003a006fb097000000e900f0b79f0007
:1036a00001003700fbb79f00ad0020000007eb00d2
:1036b0001b00370078089000b8109000810f500070
:1036c00003003100b085fb00700c98000800370043
:1036d00008007800e604070080057800e18f4500c7
:1036e00003003a000c00e0005c003c006f00370073
:1036f0000c00e0000c003a00b0022000808f550062
:1037000003003200d0022000808f550006003a00ee
:103710008b4c78008fb897009108e8001e002000bd
:103720000e067800460037008e0f560029003a003a
:103730000c07e800ea8f560004003a00000320005e
:10374000808f550022003a001f003700e88f560096
:103750001f003a008b0078000150a0008007200075
:10376000808f50001a003a00f8089000381090003e
:10377000808f5000030031003180fb00710c9800f5
:103780000200370008007800b9040700b810900064
:103790000100e00003003200f80890008100e90019
:1037a000710c9800ec0307000000e00013003200e9
:1037b0008b747e000fb897001008e8000e067800a2
:1037c0000d0120001e0037008d0020000100370091
:1037d0000007eb0000fd2f000b004000e90f500038
:1037e0000d003600f08f560004003a000b00780000
:1037f000d90307000000e0000d003a0038109000e7
:103800000000e00015003200780890000000e90098
:10381000700c980011003700e88f560004003a0041
:1038200070032000808f550001003400ad0020009f
:103830008b747e000c06e8008fb897009108e800b2
:103840007fb09700800f560004003d00efb0970056
:103850000100e900800f560096ff35000040eb00a4
:1038600080747e00ea8f560005003a000d01780052
:10387000f6805700090078008f0507000400370024
:103880000d017800f68057000900780086050700d2
:10389000009dbe000295be001b0020005fb0970097
:1038a000808f540001003a00ebff2f000b007800de
:1038b0004f0778004f06be004f05be004f04be0004
:1038c000af00b10000000600e6874700889fbe00f9
:1038d0008a9fbe008c9fbe008e1f78000004780077
:1038e000010578000306780022079000420090004e
:1038f00080bf9f00b20490009c057800080078000b
:103900001b0107000b0e40000e00e00002003a0011
:103910008fb897000107e900890678008005eb0061
:103920001c003700f808900038109000808f50007d
:10393000030031003180fb00710c98000700370054
:10394000080078004a040700e10f400003003a0035
:103950000b00e00015003c002100370001fd2f00a6
:1039600080804000e78f500007003600381090003c
:103970000000e0000d003200780890000000e9002f
:10398000700c980009003700805e78008b05e80015
:103990001c0ee8008e8f550004003d008fb8970084
:1039a0000100e900808f5500deff35000040eb008c
:1039b00080f47d0082002000f2805700090078002a
:1039c00039050700009dbe000295be0010002000d2
:1039d000ffb09700818f540001003a00e0ff2f00f4
:1039e0004f0778004f06be004f05be004f04be00d3
:1039f0006f00b10000000600800078001000200079
:103a000002022000828f500004003200e980500042
:103a1000e48f5000010036000000eb0000000600bb
:103a2000889fbe008a9fbe008c9fbe008e1f7800bc
:103a30000004be000205be00840678000a00e00013
:103a4000040032001b06780008007800c800070058
:103a50008c0d4000290790008004eb002100370006
:103a600078089000b8109000810f500003003100da
:103a70003086fb00700c98000800370008007800c2
:103a8000fb03070000067800e10f460003003a0040
:103a90000900e00017003a00200037000a00e000ab
:103aa0000b0032000c007800d3ff07000000e0009c
:103ab00007003200381090000000e0000d003200d6
:103ac000780890000000e900700c980009003700a9
:103ad0000d00e000010032008cf67c008904e80053
:103ae0009b0de8000e00e000ddff32008e8f5400d9
:103af000dbff35000d00e000040032000a00e000aa
:103b0000020032000040eb0080f67c0009f0a700c4
:103b10008904ea000906ea004f66de000c0078001e
:103b20004f0778004f06be004f05be004f04be0091
:103b3000000006000200fa00889fbe0081047800a1
:103b4000820078000301780031049000a00507008e
:103b5000e10f40000b003200a2002000e680570079
:103b600008007800d0040700809cbe008294be004c
:103b700010002000dfb89700810f540001003a00c8
:103b8000e0ff2f004f04be000080fa000000060096
:103b9000e8874700889fbe008a9fbe008c9fbe00ba
:103ba0008e1f7800000478000105780083067800f5
:103bb000a205900042009000f0b79f00b204900070
:103bc0001d06780008007800690007008c0e400090
:103bd0000b00e00004003a00ffb097008100e9000c
:103be00081bf9f00010037008bbf9f00090778004d
:103bf0000006eb003900370078089000b8109000fc
:103c0000810f500003003100b085fb00700c98005c
:103c10000800370008007800950307008005780049
:103c2000e18f450003003a000c00e00032003c0048
:103c30003e0037000b007800c70207000000e000dc
:103c400023003a00e10f56001a003a000b007800fa
:103c5000a704070081072000810f500015003a00db
:103c600000c3b300994f100012003a00f80890000a
:103c700038109000808f5000030031003180fb002d
:103c8000710c9800020037000800780078030700e4
:103c9000b81090000100e00003003200f808900026
:103ca0008100e900710c9800ab0207000000e00001
:103cb00007003a00381090000000e0000e003200cb
:103cc000780890000000e900700c98000a003700a6
:103cd0000b5f78000c06e8009d0ee8000fb8970017
:103ce000800f560004003d00ffb097000100e9007e
:103cf000800f5600c0ff35000040eb0080747e004e
:103d000002012000f48057000900780066040700d3
:103d1000009dbe000295be001b0020006fb0970002
:103d2000808f540001003a00ebff2f000b00780059
:103d30004f0778004f06be004f05be004f04be007f
:103d40008f00b10000000600800078001000200005
:103d500002022000828f500004003200e9805000ef
:103d6000e48f5000010036000000eb000000060068
:103d7000889fbe00000478008004eb000b00370031
:103d8000f1ff07000000e00007003a003810900043
:103d90000000e00010003200780890000000e90008
:103da000700c98000c0037008904e800f8089000b7
:103db00038109000808f5000030031003180fb00ec
:103dc000710c9800eeff3700080078002803070008
:103dd000e10f4000eaff3a00090078004f04be00fe
:103de00000000600889fbe008a1f78000004be0005
:103df000190078001000fb00d3ff07000005eb005e
:103e00000000e0000900320008007800d8ff070039
:103e1000000578001900e800800c78001000fb0015
:103e2000c9ff07000000e000faff3a000a0078002e
:103e30004f0578004f04be00000006001801fa008c
:103e4000889fbe008a9fbe008c9fbe000005780040
:103e500001047800830578000406780068004700b4
:103e6000040009000018eb00720798000008200009
:103e7000000f9800880078000a007800d9ff07003a
:103e800080067800190037007a089000ba10900078
:103e9000810f500003003100b084fb00700d9800ca
:103ea000050037000a007800f1020700800478005e
:103eb000e18f440007003200180078001000fb007a
:103ec000808f5400030032003a109000e9ff2f0069
:103ed000110137009b0de800180ce80088007800fd
:103ee0000a007800bfff07008086460018007800af
:103ef000904078000104e0000300320052c2b30099
:103f000082cf5000e0ff3a009b8d460051c2b300c3
:103f100090cf10008f013a000000e800000c7800fc
:103f20008000eb006107980081067800a1c2b30011
:103f300090cf100002003a00000ce8001d002000a5
:103f400018007800de010700600798006102b900e0
:103f5000612bb9000a007800a002070001003700b9
:103f6000000ce800180078009000fb000103b1008d
:103f7000e98f5000faff360008007800f8fb0700d0
:103f800040579a00180078001000fb00d803070083
:103f900091062000810f50003a00320015003c00cd
:103fa00031062000810f5000a20032000a003c00c0
:103fb000b1052000810f5000dd0032001106200005
:103fc000810f50008900320051022000810f500003
:103fd0005f013a00bb00370041062000810f50000e
:103fe0001900320071062000810f500058013c007a
:103ff0007e00370001072000810f50005b00320077
:1040000007003c00e1062000810f500067003200ed
:10401000f1062000810f50004d013a0033003700b7
:1040200051072000810f50002a0032008107200034
:10403000810f50003e00320031072000810f5000f8
:1040400043013a008e0037008b0178006801470079
:104050008e0078000a00780063fd07008004780075
:104060000900e0003e013500180ce8008004eb0078
:104070000d00e0003a013a004e5192008280fb00b0
:104080000e0037008b017800680147008e00780031
:104090000a0078006bfd0700800478000900e0004a
:1040a0002f013500180ce8008004eb000d00e00043
:1040b0002b013a004e5092008080fb008c0178006a
:1040c000120020000e007800080407008004780029
:1040d000230137008b017800680147008e007800cb
:1040e0000a00780093fe0700160037008b01780065
:1040f000680147008e0078000a007800f2fd070092
:10410000800478000900e00015013500180ce80073
:104110008004eb000d00e00011013a004e509200c7
:104120008080fb008c01780009017800e5ff3700f2
:104130008b017800680147008e0078000a00780043
:1041400093fe0700800478000900e00004013500b8
:10415000180ce8008004eb000d00e00000013a00bc
:104160004e5192008280fb00eeff37008b017800f9
:10417000680147008e0078000a00780084fe07007e
:10418000800478000900e000f5003500180ce80014
:104190008004eb000d00e000f1003a008c01780093
:1041a00009017800010f2000c6ff3700180ce80055
:1041b0001b007800cf80de006109b900009fbe00bf
:1041c0000297be008004eb000d00e000e4003a001e
:1041d0004e5092008080fb008c017800090178002d
:1041e0000e007800c1030700dd0037008b01780066
:1041f000680147008e0078000a007800de000700a2
:10420000800478000900e000d5003500180ce800b3
:104210008004eb000d00e000d1003a004e51920006
:104220008280fb000c0178000e00780090030700ec
:10423000a6ff370000c8b300ce50920080cf5000d8
:10424000c3003a006e0090000000e00002003a0057
:104250001000200060079800180ce8000002eb0036
:104260000d00e00003003a001c80e900000e780019
:10427000100278008b0178000001eb000d00370080
:1042800000c8b3004e519200804f5100b0003a0078
:10429000180ce8000002eb000d00e00003003a00fb
:1042a0001c80e900000e7800100278008b01780075
:1042b00012002000e80047000a007800d8fd07003f
:1042c00082ff370000c8b300ce50920080cf50006c
:1042d0009f003a00180ce800fa0890003a1090008d
:1042e000808f5000030031003180fb00710d980079
:1042f000020037000a007800dd01070051022000ab
:10430000810f500002003a009b0de8009300370037
:104310003a1090008004eb000000e00090003200b2
:104320007a0890000000e900700d98008c003700ba
:1043300000c8b3004e519200804f510084003a00f3
:104340000002eb000d00e00003003a001c80e900d1
:10435000000e7800100278001800e800000c7800c9
:104360008004eb00e1c5b30090cf100002003a00da
:10437000000ce800190020001210200089007800cd
:1043800072004700340f9900300107000040eb0035
:10439000205798001800780090407800d2c2b300ef
:1043a0003e0a910082cf500005003a00000ce80060
:1043b00010c0b3000940500000c798002800370023
:1043c000d2c5b30082cf500025003a00000ce800af
:1043d00010c0b3000940500000f7980020003700db
:1043e0000004e00023003200d3c2b300834f50002a
:1043f00014003a0018009000104078000004e0001b
:1044000010003200814f50000e0032000201e8001f
:10441000020c780078b897001000fb00f20047000b
:10442000008040000200370011c0b30009e85000ce
:10443000f2014700830150009200fb00818f510080
:10444000f9ff3500180078009000fb00810047005c
:1044500012c0b30009415100b2509800000ce800ae
:104460001801780012407800d1c5b300814f500088
:10447000dbff3a000400e0001800320084067800f8
:104480000006eb0003003700895e78000c06e800a8
:104490009b0de8007a089000ba109000810f500040
:1044a00003003100b084fb00700d98000500370058
:1044b0000a007800340f99006d010700800478002d
:1044c0003e0a910009004700305090000004e000cf
:1044d000edff3a00120037009b0de8007a089000cb
:1044e000ba109000810f500003003100b084fb002f
:1044f000700d9800050037000a007800340f99000d
:104500005b010700800478003e0a91000900470023
:10451000305090000004e000efff3a000006eb008e
:104520003a1090000000e000030032007a0890008a
:104530000000e900700d98000c00e000040032005b
:104540000400e000020032000040eb0000727e0038
:10455000180ce800e18f4400010032008004eb00f9
:10456000090078004f06be004f05be004f04be0094
:104570000080fa00000006000000050000000500b1
:104580008400fa00889fbe008a1f7800000578002a
:1045900082047800b13f9f000000eb00c03f9f0005
:1045a000000478000d0037000902780083f72f001f
:1045b0008f814100a2f72f000f01410061f72f000a
:1045c0008f8040000a0078001cfe07008001780000
:1045d0000300e00004003500030444003f38970066
:1045e0001004e000f0ff3a00e18f410003003a00c0
:1045f0000800e00001003a00030478000800780099
:104600004f0578004f04be000080fa00000006004d
:10461000889fbe008a9fbe008c9fbe0080057800e8
:104620008106780002067800eb0c9000081020004c
:104630000c044400080178008000eb0009007800b9
:10464000520007000000e0000100320009045000a1
:10465000080578008c0f5400010036000c05780026
:104660000a017800890078000d00780046f70700fd
:104670000a804400f00d98000884440088159800d2
:10468000e80d98000a0078004f06be004f05be00f6
:104690004f04be00000006008000780010002000db
:1046a00002022000828f500004003200e980500096
:1046b000e48f5000010036000000eb00000006000f
:1046c000889fbe008a1f7800000578000a047800e1
:1046d000984478000805e8000900fb00eeff070099
:1046e0000000e000f9ff3a00b0c2b30080cf5400f0
:1046f00005003200d0c2b3008000eb0080cf540030
:1047000005003a00020037008000eb00010037008e
:10471000110020000804e8000000eb00030037004f
:104720006a02b900020052000003b0003801fb0029
:1047300003fd2f0082814100e98f5100f8ff360010
:104740000100e00001003a000000ea004f05780097
:104750004f04be00000006008000780002fd2f001c
:104760000101410010002000e90f51000500360052
:104770000150a0001106b100e58f50000100360085
:104780000000eb0000000600f3ff37008180fb0013
:10479000010037000201e900800178000008a30051
:1047a000060032000200e000230032003082fb00ed
:1047b000810f5200f7ff3a00030037000000eb00c2
:1047c0000200e0001e0032001380fb00810f500049
:1047d0001c00320014102000048ab9008402780002
:1047e000010037000281e90003007800e10f510069
:1047f0000a00360033826a00f6ef2f0004034300fc
:104800000482ea000402630006082800060262002f
:10481000f4ff3200010037000201e9008001780056
:104820000200e000050032003082fb00810f5200e0
:10483000f9ff3a0003003700000005000000eb001c
:10484000000006000300780000000600889fbe00fc
:104850008a9fbe00800478000200e0005b00320006
:1048600001407800814c780082814400f1f99f007a
:10487000e20f51005500360091449800a144980081
:10488000e1f99f00d1f99f00e60f51004f0036007b
:10489000b1449800c1f99f00e80f51004b00360069
:1048a0000905ea00630565000a8444000a05510011
:1048b000c1ff2f00010565000080fb008000eb00b8
:1048c000121020001310200017080700008cbe00f3
:1048d0000a01440060b99f0071b99f00e80f5500bc
:1048e0003a003600200498003104980040049800f3
:1048f0005104980020b99f0031b99f0040b99f0032
:1049000051b99f00f80f5500300036006004980040
:1049100071049800000c9800110c9800200c98006d
:10492000310c9800400c9800510c980020b19f0069
:1049300031b19f0040b19f0051b19f0060b19f0015
:1049400071b19f0000b99f0011b99f00640164001c
:104950007801410002044400020555006011b800ce
:104960000203be000002be000403be006022b800c5
:104970000000720081807200020173008381730065
:1049800010003700009cbe000294be004004980056
:10499000510498006204980073049800000c980079
:1049a000110c9800220c9800330c9800400c9800d1
:1049b000510c9800620c9800730c98000a02b10028
:1049c0000802b000ff0f5500eeff3e00090078001e
:1049d0004f05be004f04be0000000600889fbe00c9
:1049e0008a9fbe00441098005510980066109800e9
:1049f00077109800f0089000200490000104540003
:104a0000cfc4de00614db90008189800191898004d
:104a10002a1898003b189800e00f5200e08f5a00c7
:104a2000e00f5b00e08f5b000c0032000014900090
:104a300001045400cfc4de00614db9000440e10020
:104a400005c8e10006d0e10007d8e100030034000a
:104a5000048240003410980002003700801090005b
:104a6000311098004f05be004f04be000000060044
:104a70002800fa00889fbe008a1f78000004780092
:104a8000f80890002800900000805000081a90005c
:104a9000981a9000281b9000b81b9000cf80de0071
:104aa000040240008582480006834800878348004e
:104ab00048109000d810900068119000f8119000f4
:104ac000e00f5000e08f5800e00f5900e08f5900d0
:104ad000050032000020e10001a8e10002b0e10081
:104ae00003b8e1000d003d0008007800d4b79f0036
:104af000e5b79f00f6b79f0087bf9f00070207003a
:104b0000800478005fb29700efb297007fb3970000
:104b10008fbb97000900e00016003d007808900068
:104b2000a8009000808050004f89de000482400081
:104b3000850249000603490087034900041c9800c8
:104b4000151c9800261c9800371c980030149800fb
:104b5000f0ff2f00f1ff2f000001be00401498006d
:104b60005114980062149800731498008084eb002c
:104b70005200370061004200e0804a0060014b00b3
:104b8000e0814b0090bf9f00a1bf9f00b2bf9f007c
:104b9000c3bf9f0048129000d81290006813900085
:104ba000f813900094b79f00a5b79f00b6b79f0079
:104bb000c7b79f00e00f5200e08f5a00e00f5b0084
:104bc000e08f5b0028003200780d90000811900003
:104bd0000a0151006112b900612bb900d4af9f00e6
:104be000e5af9f00f6af9f0087b79f001fb097000b
:104bf000afb097003fb19700cfb197001fba9700b1
:104c0000afba97003fbb9700cfbb9700040050009e
:104c100085805800060159008781590090af9f0098
:104c2000a1af9f00b2af9f00c3af9f005faa9700e4
:104c3000efaa97007fab97008fb397000020e100a9
:104c400001a8e10002b0e10003b8e1000600340071
:104c50009fb297001fbb970006815200820045005b
:104c60003114980002003700881390003714980020
:104c700028019000f8089000810151001fba9700a8
:104c8000afba97003fbb9700cfbb97004f98de00ad
:104c9000048241008502480006034800870348005b
:104ca000041c9800151c9800261c9800371c9800be
:104cb000828f500001003e00f9f89f000900780043
:104cc0004f0578004f04be000080fa000000060087
:104cd000881f7800810178000002780080826800d7
:104ce0000508a30002003200210037000201e9009c
:104cf00003007800040478000308a30007003200d2
:104d00000200e00021003200b3407800015a780030
:104d10000104e000f5ff3a00020037000200e00065
:104d20001a0032001004e00003003a0017003700b8
:104d3000031c78000281e90080007800e10f510037
:104d400008003600b0017800f5ef2f0083824200a2
:104d50000382ea000482620005082800050262005e
:104d6000f3ff320008007800010037000201e9007b
:104d7000000478000200e00004003200b141780035
:104d8000035878000304e000f8ff3a008000eb00cd
:104d900008007800adfe0700080078004f04780096
:104da0000000060080007800040037003104e000b5
:104db00002003a00000051000000060001017800e6
:104dc0000108a300f9ff3a00810178003101780061
:104dd000f4ef2f00020242000281ea0002016200a9
:104de0000408280004016100f7ff32008300780006
:104df000010178003104e000fdff3a00000051009d
:104e0000000006004400fa00889fbe008a1f780058
:104e10000004be000205780094bf9f00a5bf9f005c
:104e2000b6bf9f00c7bf9f000000eb00c09f9f0060
:104e3000a8af9f00d89f9f000080eb00b0af9f00fd
:104e40006022b8006033b80060fb2f000f00400004
:104e5000e2fe07001fba9700afba97003fbb97006a
:104e6000cfbb9700120020008a00780060fb2f0063
:104e70000f004000480107000900e0000600320072
:104e80003fb29700afaa970004824200df9a9700d2
:104e900005025200840c44004f0578004f04be0008
:104ea0000080fa0000000600f4ff2f00f5ff2f003d
:104eb0000403be00d3ff37006022b80006002000c4
:104ec00007002800cfff3700f4ff2f00f5ff2f0069
:104ed0006033b800cbff3700040020000500280035
:104ee0006033b800c7ff3700f3ff3700eeff37002d
:104ef000f1fb2f0080804000f98f500001003e0040
:104f00000050a00000000600f9ff3700f1f92f0063
:104f100080804000f98f500001003e00f005b20093
:104f200000000600f9ff37000200fa00881f780031
:104f300000047800e2bf9f006481570008007800f9
:104f40008ffd0700980090000148a3000100320087
:104f50000080eb004f0478000080fa00000006009b
:104f6000f28747008e1f7800020278000301780064
:104f70000000e00002003200000778000100370066
:104f8000728757008002eb000100e0000100320050
:104f90008102e90070805700060009000018eb004c
:104fa0000080eb0080bf9f002310200093bf9f0074
:104fb000aebf9f00b1bf9f00c5bf9f000100e000d2
:104fc00003003d00b1042000316388000600370073
:104fd000004feb00eebf9f00debf9f008400780013
:104fe000708057003c0307004f0778002f01b10085
:104ff00000000600881f78000004780000082000e8
:10500000808f50001700350010082000808f50005e
:105010000b00340030082000808f500011003a004f
:105020009200780068805000000978003002be00cd
:105030002003be00049cbe000694be00070037009b
:105040009202780064805200000978001000be00cf
:10505000a1050700009cbe000294be0010002000c5
:10506000010037000000eb004f047800000006004c
:10507000881f780013082000838f50000f00320033
:1050800033082000838f5000040032000308200002
:10509000838f500012003a00080037009280e90028
:1050a00001097800910078003002be002003be00a4
:1050b0008498be008690be00070037009280e90009
:1050c00001097800110478005001be004000be00c4
:1050d000ea050700008cbe00100020000100370028
:1050e0000000eb004f047800000006008408200058
:1050f000848f50001d0032000d003c001408200079
:10510000848f50001e00320002003c000408200082
:105110000400370024082000848f50001e00320055
:1051200044082000848f500028003a0022003700f5
:10513000040a2000848f50001f00320004003c004d
:1051400004092000848f500020003a00120037002c
:10515000020c2000828f500017003200020f200046
:10516000828f500019003a00130037009380e90045
:10517000810978009100780090487800120037008b
:105180009380e9008109780091007800b0187800d8
:10519000a01078000c0037009380e90081097800a6
:1051a000910078003002be002003be008498be004b
:1051b0008690be00040037009380e90081097800e2
:1051c00091007800900878001000050000000500ac
:1051d000889fbe008a9fbe008c9fbe00000478009e
:1051e0000205780021069000c1069000b1059000ec
:1051f0009a04780008007800ddfa0700090d4000e5
:105200000c00e00001003a000d06e9008004eb000c
:1052100028003700f808900038109000808f500068
:10522000030031003180fb00710c9800070037004b
:10523000080078000efe0700e10f400003003a006e
:105240000900e00020003c00220037000900e000d7
:105250000a003a00b1022000810f50000300320022
:10526000d1022000810f500004003a00804d7800e8
:105270001a0de800190020000e00370001fd2f0074
:1052800080804000e98f5000070036003810900001
:105290000000e0000c003200780890000000e900f7
:1052a000700c98000800370080f57c008904e80045
:1052b0001a0de8008c8f540003003d000d00e9003a
:1052c000808f5400d3ff35000040eb0080f57c0058
:1052d0000000eb004f06be004f05be004f04be00ad
:1052e00000000600c06090000141e90081407100ab
:1052f0004160980010019000e40061000400320059
:105300000240a000120098000080eb0000000600a0
:105310000110980071089800000005000200fa00d2
:10532000889fbe000004780008007800be030700d4
:105330008084eb000000e00009003a009811900022
:1053400012002000e68057000800780003000100ea
:10535000e10f500002003a002ff897008084fb0014
:10536000090078004f04be000080fa00000006002b
:10537000800078001000200002022000828f500080
:1053800004003200e9805000e48f50000100360034
:105390000000eb00000006006f02b000889fbe0016
:1053a0008a9fbe008c9fbe008e1f7800000678008a
:1053b0000107780082047800d4af9f00e5af9f001a
:1053c000f6af9f0087b79f0040022000800f570074
:1053d0007d003e00e10f57007b0032007c0890000a
:1053e000bc109000810f500003003100b086fb001c
:1053f000700e9800030037000c0078009cfd070039
:10540000800678000d007800d9ff07000000e0005a
:10541000f2ff3a00b0022000808f560005003200f3
:105420008002eb0085af9f00d0022000808f5600e5
:1054300010003a00dd82b2000df0a7008d06ea00f0
:105440008d06e900cfeede008daf9f007c08900056
:10545000bc109000810f500003003100b086fb00ab
:10546000700e9800030037000c00780080fd0700e4
:10547000800678000e00e00002003200f00f5700b6
:1054800042003a0000032000808f56003c003a00a2
:105490007c089000bc109000810f50000300310088
:1054a000b086fb00700e9800030037000c007800f7
:1054b0006ffd0700800678008d0078000150a00085
:1054c00080072000808f50002a003a007c0890005e
:1054d000bc109000810f500003003100b086fb002b
:1054e000700e9800030037000c00780060fd070084
:1054f00080067800209920006d4078000e01200081
:10550000ef4f50008d0036003c1090000000e0008e
:1055100003003200fc0890008100e900710e980041
:105520000900e0000c0032006022b8006033b800cf
:10553000d4af9f00e5af9f00f6af9f0087b79f00f5
:105540000000e000a10132007c0890000000e900aa
:10555000700e98009d0137006022b8006033b800db
:105560000c0078001dfd07006000b8006011b80055
:10557000920137000e00e0009e0132001700370054
:105580000e00e00001003a00ae002000209920004b
:105590006d4078000080fb008e0f50000f00390036
:1055a0003c1090000000e000030032007c089000f6
:1055b0000000e900700e98006022b8006033b80067
:1055c0000c00780005fd07006001200030638800b2
:1055d0006022b8006033b80071013700ea0f57004d
:1055e00056003a000004eb000d0078000d00370073
:1055f0006a44b9000800400008fd2f000004440080
:10560000fc0890003c109000808f50000300310097
:105610003180fb00710e9800020037000c0078000a
:1056200013fd070001fd2f0080804000e98f50002e
:1056300003003e0081992100810f5400ecff3600e9
:10564000800678008004eb006055b8001200370037
:105650001faa9700afaa97003fab9700cfab970068
:105660000004420081844a0002054b0083854b0000
:105670007c089000bc109000810f500003003100a6
:10568000b086fb00700e9800030037000c00780015
:10569000f7fc07008006780005fd2f008582460094
:1056a00095af9f00e98f520009013e0090992900b3
:1056b0009199290092992900939921000040e100d5
:1056c00001c8e10002d0e10003d8e100db003e00a8
:1056d000a4002000050020006033b8000800be00d0
:1056e0000a01be00980507001faa97008002eb0080
:1056f0006033b80094af9f00a5af9f00b6af9f0086
:10570000c7af9f000482ea008582ea000683ea00b0
:105710008783ea00d4b79f00e5b79f00f6b79f00e4
:1057200087bf9f000400e1000588e1000690e100ca
:105730000798e100c6ff3600c00037000e00e90000
:105740000e006000030032000004eb000d00780042
:10575000650037007770b9004500de006700600023
:1057600081982000e14078008100fb000004eb00fc
:105770000d007800810478000b0037000944dd003b
:1057800001047400fc0890003c109000808f5000d1
:10579000030031003180fb00710e980002003700d9
:1057a0000c007800b2fc070021992000e0c07800ce
:1057b0008180fb008e8f500003003100f27f2000bb
:1057c000820f5400edff36008006780089007800d3
:1057d0008004eb006055b800f4ff2f00f5ff2f00a8
:1057e0000403be00010078000000e900050033005a
:1057f0008703d1000683d3008582d3000482d300bf
:10580000f9ff37000d00780081067800200037008e
:105810000d0178000201e900050033000804d00002
:105820008984d2000a85d2008b85d200f9ff370027
:105830000180fb008000eb006011b80008047000dc
:10584000898470000a0571008b857100fc08900046
:105850003c109000808f5000030031003180fb002d
:10586000710e98000a0037000c00780094b79f0072
:10587000a5b79f00b6b79f00c7b79f007cfc070085
:10588000cfb397003fb39700afb297001fb2970016
:1058900021992000e0c078000181fb008e0f5100ab
:1058a000600031000440e10005c8e10006d0e100dd
:1058b00007d8e100d6ff36005a0037000ec4b90001
:1058c00008844000fc0890003c109000808f50003d
:1058d000030031003180fb00710e98000200370098
:1058e0000c00780062fc070021992000e0c07800dd
:1058f0008180fb008e8f500003003100b2712000c8
:10590000820f5400edff3600800678008004eb0023
:105910006055b80098af9f00a9af9f00baaf9f0035
:10592000cbaf9f00120037000002440081824c0080
:1059300002034d0083834d0094af9f00a5af9f00ed
:10594000b6af9f00c7af9f007c089000bc109000ce
:10595000810f500003003100b086fb00700e9800ec
:10596000030037000c00780041fc07008006780037
:10597000209920006d407800e0cf9f0080427800a1
:105980000580fb008e0f5000280031006174b800c4
:105990006055b8000802be000a03be00f0ff2f00e9
:1059a000f1ff2f000001be007e0407001faa970030
:1059b000afaa97003fab9700cfab97000020e10064
:1059c00001a8e10002b0e10003b8e10017003e00c9
:1059d0000802be000a03be001fa89700afa89700e8
:1059e0003fa99700cfa99700d7040700efca9700f7
:1059f0000584fb008004eb006055b8000882ea00d3
:105a00008982ea000a83ea008b83ea000400e1004d
:105a10000588e1000690e1000798e100c2ff36002a
:105a20000200370080067800040037001fac9700a2
:105a3000afac97003fad9700cfad97002099200005
:105a40006d4078000080fb008e0f50002000310078
:105a50000d00780009003700fc0890003c10900011
:105a6000808f5000030031003180fb00710e9800e0
:105a7000020037000c007800fdfb07002199200090
:105a800060c078000080fb008e0f5000f2ff3900ec
:105a900020022000306388005fab97000608a30057
:105aa000070032005fac9700efac97007fad970026
:105ab0008fb597008003eb0087af9f00040037008d
:105ac0005fac9700efac97007fad97008fb5970064
:105ad0003c1090000000e000030032007c089000c1
:105ae0000000e900700e98005fa89700efa89700eb
:105af0007fa997008fb197000040e10001c8e10045
:105b000002d0e10003d8e1001c0039000008a30026
:105b10000e003a008fa897000100e0000b003a0049
:105b200020022000306388005faa9700efaa970048
:105b30007fab97008fb3970061025200e0825a005a
:105b400060035b00e0835b00150037005fa89700ef
:105b5000efa897007fa997008fb197000040e10060
:105b600001c8e10002d0e10003d8e10003003600e3
:105b70002002200030638800140037008fa89700af
:105b8000e18f40000b003a006000b8006011b800df
:105b900008025000898258000a0359008b8359007b
:105ba000d4af9f00e5af9f00f6af9f0087b79f007f
:105bb000060037000800be000a01be00d0af9f00fb
:105bc000e1af9f00f2af9f0083b79f005fa89700ef
:105bd000efa897007fa997008fb197004f07780033
:105be0004f06be004f05be004f04be006f02b1005d
:105bf000000006008e002000d0fe3700881f7800cd
:105c000040442000ad010700000478000800e000d7
:105c100013003200c20320008000eb00080078006f
:105c20000afb0700e0ea2200300c9800c0082300bd
:105c3000400c980080f322007004980080fa220043
:105c40001014980000c0eb00205c98004004200075
:105c50000800400020049800004020003004980014
:105c6000080078004f04780000000600889fbe00fe
:105c70008a9fbe00100290008002eb000418a3006f
:105c800003003a0080129000700990008282520056
:105c9000d00190006001900002845100088442000d
:105ca000cfc4de00614db9008898be008a90be0066
:105cb0000000eb000468a300040032001000200084
:105cc000828f510001003e000000eb004f05be0036
:105cd0004f04be00000006000200fa00881f780092
:105ce00000047800e2bf9f0064815700080078003c
:105cf0001df60700980090000148a3000100320043
:105d00000080eb004f0478000080fa0000000600dd
:105d1000889fbe000004780048009000820478004c
:105d2000808f54000100360080047800090178005b
:105d30005800900094f107005800900009004000be
:105d400050049800c80090008984500049049800cd
:105d50000048eb004f04be00000006001000780071
:105d60008eeb3700900190000388a3000100320001
:105d7000e7ff37000348a30001003a0005020700cf
:105d80000000060001017800920090000158a30075
:105d900003003a0082007800910107000f003700ed
:105da0008080fb00a25990008301fb00838f50008c
:105db00007003200d2019000220a9000848f510027
:105dc0000300310080597800530198000400370027
:105dd0008000780002007800f4010700800078005d
:105de000010078000000060000000600e0b8200076
:105df00000000600889fbe000004be000000eb000b
:105e00000800e00018003200180090000058a300bd
:105e10000d003200d800900068009000808f500084
:105e200009003600b80990000001eb0082007800fc
:105e30000800780003000100d80090000080eb000b
:105e40000100e000080032000000eb00200c980088
:105e500060049800500498000900e000020032003d
:105e60001800780044eb07004f04be000000060055
:105e7000889fbe000004be000000eb000800e000a8
:105e800025003200180090000058a30011003200d5
:105e9000d800900068009000808f50000900360004
:105ea000b80990000001eb0082007800080078003b
:105eb00003000100d80090000080eb000100e0002a
:105ec000150032000000eb00200c980060049800e0
:105ed00050049800780a900008109000800f52003b
:105ee000060031000002520011002000cfa2de00a7
:105ef000612bb90018007800330107000000eb00a7
:105f000000149800700c98000900e00002003200b4
:105f10001800780018eb07004f04be0000000600d0
:105f20000000060000000500fdff07004063800040
:105f30008000eb0063010700406380008000eb00fd
:105f400060010700406380008000eb005d013700c6
:105f50000800fa00889fbe008a1f780000047800bd
:105f6000010578008204780038009000a8009000b5
:105f70009abf9f000001780002f0a7000201ea002a
:105f80000201ea004f11de0002815400a2bf9f000f
:105f9000b1bf9f00c0bf9f0022002000ee805700cd
:105fa00018007800260107000000e00006003c0011
:105fb000f80060000130a20018019000828070009b
:105fc00011049800110037002fb99700820f50007c
:105fd0000e003600a8009000710c980002005000de
:105fe0000080400000149800380090000000e0009d
:105ff000070032000905450001007800b040780034
:1060000071fd9f00700c980001003700800478003b
:10601000090078004f0578004f04be000080fa00a8
:1060200000000600881f780000047800180078003f
:10603000e50007000203be000002be00f0ff2f00d3
:10604000f1ff2f000001be00e00f5200e08f5a0068
:10605000e00f5b00e08f5b0005003500180090004a
:106060000030a100100498006000b8006011b80072
:106070004f047800000006000800fa00889fbe0068
:106080008a1f78000004be00180090000058a3008a
:106090001b003200d800900068009000808f5000f4
:1060a00013003600b80990000001eb008200780070
:1060b0000800780094bf9f00a5bf9f00b6bf9f0057
:1060c000c7bf9f000300010058059000f0ff2f009c
:1060d000f1ff2f000001be001fba9700afba970072
:1060e0003fbb9700cfbb97000a00e00006003200dc
:1060f0000000eb00200c9800600498005004980009
:106100000800be00c7ff07004f0578004f04be001f
:106110000080fa00000006000800fa00889fbe0018
:106120008a1f78000004be00e18f540008003a0086
:10613000881090007808900000805000cf80de002a
:106140000002520081825a0001035b0081835b00e0
:10615000180090000058a3001b003200d8009000e7
:1061600068009000808f500013003600b80990003e
:106170000001eb00820078000800780094bf9f00c7
:10618000a5bf9f00b6bf9f00c7bf9f0003000100cf
:1061900058059000f0ff2f00f1ff2f000001be0016
:1061a0001fba9700afba97003fbb9700cfbb9700cd
:1061b0000a00e000150032000000eb00200c9800ff
:1061c00060049800500498000800be0095ff070086
:1061d0000203be000002be00f0ff2f00f1ff2f00ff
:1061e0000001be00e00f5200e08f5a00e00f5b009c
:1061f000e08f5b00050035000000eb000014980004
:10620000700c98006000b8006011b8004f0578006d
:106210004f04be000080fa000000060000000600e7
:10622000a0bc200000000600881f78000004780051
:10623000486090008040e90000c070004064980011
:10624000d800900068009000808f50000500360054
:10625000b80990000001eb00820078000800780087
:10626000030001000000eb00200c9800600498007f
:1062700050049800980090000118a3000300320019
:106280000140a00011049800080037002801900088
:10629000380090000000410000149800700c980035
:1062a0000000eb000138a300010032000080eb0089
:1062b0004f047800000006001bff37000200fa00c0
:1062c000889fbe000000e00001003a00100020009e
:1062d0000004e8000800a100e06280000000e8007f
:1062e0000000a100e0628800000020000000e00043
:1062f0000f003200e10f540006003600e20f4400a8
:1063000005003a00c0002000306388000000eb0068
:106310002a003700280020000800780038e707002e
:10632000290020000000e00024003a0001003700ae
:106330008004eb00e0628000d162800000805000a9
:10634000800f54001300360008804400d0bf9f0027
:1063500066805700cc000700800078000000eb004a
:106360000100e000150032000100e8000000a1007b
:10637000d1628000810f500001003200e06288008d
:10638000dfb89700010040000000e8000000a10015
:10639000d0628800e16280000900e0000300320062
:1063a000010078000818780001003700010078002b
:1063b0000884440088804000e16288004f04be00e9
:1063c0000080fa0000000600a0fd2f00f1ff2f0062
:1063d000320007004f89de008201780000000600cd
:1063e0000200fa0081017800e0ff9f009300900016
:1063f0000188a30005003200d30090008058780087
:106400000080fb00d10198000a0037001200200034
:106410008f80e900030078005e00070080007800ac
:106420000080eb000100e00002003200eff897006e
:106430000180fb000080fa000000060051fe3700da
:10644000889fbe008a9fbe008c1f780000067800df
:1064500082057800010478008004eb0009057800cb
:106460000700370018019000980078000c007800b1
:106470007de90700808444000a05e80064044400c4
:106480008b0f5500f7ff3500090078004f067800a4
:106490004f05be004f04be000000060002002f00a2
:1064a000f3ff2f00820f5000838f58000400360046
:1064b0000000ea00306388000080eb008080eb0081
:1064c000000006008001eb000000e0000500320043
:1064d000700190000200e0000200320002000100a2
:1064e0008001780003007800000006006000b8001a
:1064f0006011b80000000600881f7800c00120006d
:106500006eff0700000478000800e0000a00320077
:10651000c20120008000eb0008007800cbf80700e3
:10652000e0ea2200300c9800c0032300400c9800e1
:1065300000c0eb00205c9800080078004f04780051
:1065400000000600adfd3700400990000240010048
:10655000d00190006001900002825100cfa2de00c5
:10656000612bb9008498be008690be009000900018
:106570000000eb000168a3000400320010002000be
:10658000828f510001003e000000eb000000060079
:10659000b6fd3700b00990000300e00001003200b2
:1065a00003400100100078007ce937000200fa0087
:1065b000881f780000047800c1ff9f002808900021
:1065c0000000e00006003a00080078002000070004
:1065d000800078000080eb000100e00018003a0025
:1065e000d800900028089000808f500009003100ea
:1065f0004ff997000280fb00a85990008301fb002f
:10660000830f500003003200825878005104980034
:106610000b003700b809900012002000e4805700fa
:106620000800780003000100800078000080eb0083
:10663000e18f500002003a00cff897000180fb0084
:106640004f0478000080fa000000060000000500fa
:10665000881f7800000478000800780021fb0700fc
:106660000000e00006003a00a800900061049800d5
:10667000510498003801900082804000210c98005d
:106680004f04780000000600900078000000eb0046
:106690000100e000050035000100780081e90700f5
:1066a000e10f400001003a000000eb00000006008e
:1066b00000000600feff0700fdff0700fcff37009b
:1066c00000c0da000000060000c0da00000006008a
:1066d00000c0da000000060081037800b6e9070078
:1066e0000001be006000b8000478a30013003a0067
:1066f0006220e10015003e000d0039008301d10049
:106700000281d3008180d3008301d1000281d300b4
:106710008180d3008301d1000281d3008180d30026
:106720000538b000c42add00f300b2008381720096
:1067300007f0a70003f0a0000000060083ff270079
:10674000020020006110b900f9ff370003ff2700a5
:10675000f7ff37000003be0097e907006011b8009b
:106760000470a70007f0a1006509b1001b0032000a
:1067700012003500860220000628e10008003500de
:10678000f3ff2700f2ff2f006110b9000700e000bf
:1067900018003b00030028006000b800020005005c
:1067a00000004000818048000201490083814900c7
:1067b0008502e900faff3a0008003700f88f42002e
:1067c00002003c008000eb00000005008100d100c9
:1067d0000080d3008502e800fcff3a000700e000db
:1067e00004003b0060001000e08018006001190008
:1067f000e0811900000006000001be006ee90700fc
:106800000470a70003f0a1006509b1001600320072
:106810000d0035006828e10006003500f0ff2f006c
:10682000f1ff27000300e00013003b0001002800f7
:106830000000050000004000818048008502e9005a
:10684000fcff3a0008003700f88f420002003c00cd
:106850008000eb00000005008100d1000080d30023
:106860008502e800fcff3a000300e00002003b0064
:1068700060001000e0801800000006001400fa001c
:10688000889fbe008a9fbe008c9fbe000005be0090
:106890000206be00680047000c90be000a90be00d1
:1068a000520107006400e1001a00320016003e00a9
:1068b0006100e1001a0032006e049000fe049000b6
:1068c0000e0b90009e0b90006011b8009e0590008a
:1068d0000b38b100d5012000828171006101640094
:1068e0008703d1000683d3008984d3000884d300b2
:1068f0008502e900f8ff3a0003ed07000df0a7005c
:1069000001f0a0007401370001fc27000000200006
:10691000faff370001f8270000002000f7ff3700da
:106920006000b800f5ff3700020ab900001bb9008b
:106930000200b80081004200810043000000060010
:10694000889fbe008a9fbe0030044200b0844a0087
:1069500030054b0090854b006000b1000898be00e8
:106960000a90be000440e10005c8e10006d0e10045
:1069700007d8e10002003100680040001008e8007c
:106980004f05be004f04be0000000600889fbe00f9
:106990008a9fbe003004be002005be0004185400cb
:1069a00005985c0006185d0007985d001100200046
:1069b0000440e10005c8e10006d0e10007d8e1008d
:1069c000010039008000eb00108810004f05be0068
:1069d0004f04be00000006001200fa00889fbe00af
:1069e0008a9fbe008c9fbe00e0b79f00f1b79f005a
:1069f00082bf9f0093bf9f000605be000404be0037
:106a00000000eb00d0b79f00c0b79f00b0b79f0059
:106a1000a0b79f0090b79f00000678005fb1970075
:106a2000cfb09700820141003fb097000200e00024
:106a300004003d00370007007e805700c0ff0700bc
:106a400003003700330007007e805700cfff0700a8
:106a5000dfb697000d00e0000c0035006fb2970024
:106a6000ffb297000fbb97009fbb9700100020005c
:106a7000010020006011b8000002720081827200e3
:106a800002037300838373001b0007000c06e800f9
:106a900001042000810f5600e0ff3a000d00e000e5
:106aa00004003d000802be000a03be007e805700bd
:106ab000a3ff07005fa897000000e00005003a0070
:106ac0001fb29700afb297003fb39700cfb39700c4
:106ad000090007006fb09700ffb097000fb997004b
:106ae0009fb997004f06be004f05be004f04be0081
:106af0000080fa0000000600010007000000060008
:106b0000a4b79f00b5b79f00c6b79f00d7b79f0037
:106b1000000006004f09de0082817100b3b79f00bc
:106b20004f01de008180400082807000a1b79f008d
:106b30008fb097004f09de00000040000200700097
:106b400090b79f007fa897004f01de008180400032
:106b50008280700081b79f000d0007004f3ade0071
:106b60000000400004007000f0af9f000800070024
:106b70000402420085824a0006034b0087834b00d3
:106b8000dfff07000802be000a03be000000060087
:106b90002fb29700bfb297004fb39700dfb39700b3
:106ba00000000600881f780018002000881f780069
:106bb00089ff07008f87e9004f0478000000060076
:106bc000801feb0084ff07008f87e90000000600ac
:106bd000889fbe008a9fbe00e00f5000e08f5800e3
:106be000e00f5900e08f59000c003d006044b800f0
:106bf0006055b8000000540081805c0002015d0017
:106c000083815d00180020001500070008003d008a
:106c1000180007000004eb00050037000004eb003b
:106c20000f00070002003d001200070018002000be
:106c3000dcff07000800e000060032006022b80018
:106c40006033b8000000520081805a0002015b00ee
:106c500083815b004f05be004f04be0000000600ac
:106c6000e00f5200e08f5a00e00f5b00e08f5b0006
:106c7000000006006044b8006055b80004025400eb
:106c800085825c0006035d0087835d0000000600ce
:106c9000889fbe008a9fbe008c1f7800e00f5000c6
:106ca000e08f5800e00f5900e08f59000d003d00c3
:106cb0006044b8006055b8000000540081805c005a
:106cc00002015d0083815d001c0020000820e100be
:106cd00009a8e1000ab0e1000bb8e1000d003d0099
:106ce000080037000006eb00e00f5200e08f5a006a
:106cf000e00f5b00e08f5b0006003d006044b800e1
:106d00006055b8000402540085825c0006035d00f3
:106d100087835d00aaff07000c00e0000600320038
:106d20006022b8006033b8000000520081805a0031
:106d300002015b0083815b004f0678004f05be00b7
:106d40004f04be0000000600889fbe008a9fbe0060
:106d50008c1f78000006eb00e00f5000e08f580019
:106d6000e00f5900e08f590007003d006044b80073
:106d70006055b8000000540081805c0002015d0095
:106d800083815d001c002000e00f5200e08f5a005c
:106d9000e00f5b00e08f5b0007003d006044b8003f
:106da0006055b8000402540085825c0006035d0053
:106db00087835d000c00a2004c0007000c00e0007f
:106dc000060032006022b8006033b80000005200b4
:106dd00081805a0002015b0083815b004f067800ce
:106de0004f05be004f04be00000006008000780082
:106df0005002be005003be004439de00f700b2006e
:106e0000f37f200003016100090032000218e10055
:106e100016003a00850172008301730083817300bc
:106e20000008200015003a00400020001300370041
:106e300085017200830173008381730005003a00ad
:106e400004a8be0006a8be00100020000b003700fa
:106e50000201e9000402420085824a0006034b0059
:106e600087834b000748a300f9ff32000740a000ca
:106e700004a8be0006a8be002000200080009800e4
:106e80009200980000000600680447000294be00cb
:106e90000094be00fc0447008694be008494be00ab
:106ea00009007800d1ff070008007800cfff070035
:106eb00099007800814f70000b003b000800be0075
:106ec0002c0007004f00b10003003700f3ff27003c
:106ed000f2ff2f006110b9004f06be004f05be0043
:106ee0004f04be000080fa0000000600889fbe002c
:106ef0008a9fbe008c9fbe000404b8000506b8003f
:106f00008904460060854e000606b8000a05460062
:106f1000e0854e000706b8008b054600040eb80059
:106f2000890446000a854e00e0854d00050eb80034
:106f30000a0546008b854e00060eb8008b054600fc
:106f40000416b8000a0546008b854e000516b800e9
:106f50008b054600041eb8008b0546000800be00e5
:106f60000a01be004f06be004f05be004f04be0022
:106f700000000600e48240001078a3000700320001
:106f8000640240001178a3003400be001401be006a
:106f9000040032000330a700000006003500be00e8
:0c6fa0001501be000330a0000000060038
:020000040000fa
:106fac0025750000004400006f6f00007220000087
:106fbc00756e00006c6f0000636b00006564000070
:106fcc000d0a0000005400004f5000000052000059
:106fdc004553000045540000004f000054000000d1
:106fec000d0a0000004400004d0000004657000050
:106ffc000073000065720000696100006c00000005
:10700c005242000030300000007200006169000044
:10701c006e6200006f770000206c00006967000052
:10702c0068740000732000006f660000662000008a
:10703c00005200004230000031000000726100007c
:10704c00696e0000626f0000772000006c69000020
:10705c006768000074730000206f00006e00000071
:10706c004c5200002000000052610000772000000c
:10707c007265000064200000696e000070750000ed
:10708c00743a0000200000004c5200002025000043
:10709c003278000000720000656400005057000058
:1070ac004d200000757000006461000074650000e4
:1070bc00640d00000a000000496e000076610000bb
:1070cc006c69000064200000726500006420000000
:1070dc006865000078200000766100006c75000087
:1070ec00650d00000a0000004c4700002000000065
:1070fc004c470000202500003278000000470000bb
:10710c0072650000656e000020500000574d0000b5
:10711c00207500007064000061740000656400005c
:10712c000d0a0000004900006e760000616c000042
:10713c00696400002067000072650000656e000045
:10714c00206800006578000020760000616c00006b
:10715c00756500000d0a0000004c00004220000084
:10716c00004c000042200000253200007800000096
:10717c00626c00007565000020500000574d000047
:10718c0020750000706400006174000065640000ec
:10719c000d0a0000004900006e760000616c0000d2
:1071ac0069640000206200006c750000652000001e
:1071bc006865000078200000766100006c750000a6
:1071cc00650d00000a0000004c5700002000000074
:1071dc004c5700002025000032780000007700009a
:1071ec00686900007465000020500000574d0000d5
:1071fc00207500007064000061740000656400007c
:10720c000d0a0000004900006e760000616c000061
:10721c006964000020770000686900007465000054
:10722c00206800006578000020760000616c00008a
:10723c00756500000d0a000000440000532000009a
:10724c0000440000532000002532000078000000ac
:10725c00646f00006f720000207300007065000006
:10726c00656400002075000070640000617400000b
:10727c00656400000d0a0000004900006e760000f5
:10728c00616c000069640000206400006f6f0000f6
:10729c00722000007370000065650000642000001f
:1072ac006865000078200000766100006c750000b5
:1072bc00650d00000a0000004c4f0000434b00001d
:1072cc00535400004154000055530000004c000082
:1072dc004f4300004b3a0000205500004e4c00007c
:1072ec004f4300004b4500004420000028000000e4
:1072fc0020740000696300006b73000020720000b2
:10730c00656d0000616900006e6900006e67000029
:10731c00290d00000a0000004c4f0000434b0000f8
:10732c003a2000004c4f0000434b00004544000045
:10733c000d0a0000005500004e4c00004f430000a9
:10734c004b4e00004f570000004d0000616e0000d6
:10735c00756100006c200000756e00006c6f000001
:10736c00636b0000206900006e6900007469000006
:10737c0061740000656400000d0a00000044000008
:10738c0045420000554700003a200000004600002e
:10739c006c6f00006f7200003d000000594500004a
:1073ac0053200000004e00004f2000002000000081
:1073bc00446f00006f7200003d0000004944000063
:1073cc004c45000020200000200000004f50000021
:1073dc00454e0000494e0000470000004f50000091
:1073ec00454e00002020000020000000434c00000f
:1073fc004f530000494e000047000000434c000072
:10740c004f5300004544000020000000204c0000b9
:10741c006f6300006b3d0000005500004e4c0000f7
:10742c004f4300004b450000440000004c4f00004f
:10743c00434b0000454400002020000000200000c9
:10744c0041720000725500006e6c00006f6300000a
:10745c006b540000696d0000657200003d00000077
:10746c00554100005254000020520000656100009c
:10747c00647900000d0a00000072000065640000d1
:10748c002068000061730000206300006861000048
:10749c006e670000656400000d0a000000670000c4
:1074ac0072650000656e00002068000061730000ca
:1074bc0020630000686100006e67000065640000d6
:1074cc000d0a0000006200006c75000065200000d1
:1074dc00686100007320000063680000616e0000aa
:1074ec0067650000640d00000a000000776800006a
:1074fc0069740000652000006861000073200000c2
:10750c0063680000616e000067650000640d000098
:10751c000a000000417200007269000076650000ec
:10752c006420000061740000207400006f70000083
:10753c00206600006c6f00006f720000202d0000b0
:10754c002077000061690000746900006e6700001c
:10755c002031000020730000656300006f6e000096
:10756c00640d00000a00000053540000203200009b
:10757c003100000041720000726900007665000065
:10758c006420000061740000206200006f74000031
:10759c00746f00006d200000666c00006f6f0000bf
:1075ac00722000002d20000077610000697400003b
:1075bc00696e000067200000312000007365000038
:1075cc00636f00006e6400000d0a000000530000a1
:1075dc0054200000314600000053000054200000ed
:1075ec0032370000005300005420000031360000f8
:1075fc00003100002d730000656300006f6e000009
:10760c0064200000646500006c61000079200000bb
:10761c00636f00006d7000006c6500007465000005
:10762c00202d0000206400006f6f0000722000000d
:10763c006f700000656e0000696e0000672000002e
:10764c0072650000717500006573000074650000c0
:10765c00640d00000a000000444f00004f5200006f
:10766c003a2000005374000061720000746900003d
:10767c006e670000206f0000706500006e690000ee
:10768c006e670000207300006571000075650000d6
:10769c006e630000650d00000a00000053540000ea
:1076ac0020300000380d00000a0000004f50000090
:1076bc00454e0000494e0000472000002d200000e0
:1076cc00505700004d3a0000200000002028000018
:1076dc0000250000290d00000a00000052410000a6
:1076ec004d5000003a20000052650000616300001c
:1076fc006865000064200000353000002520000083
:10770c00505700004d2000007461000072670000ab
:10771c00657400000d0a0000004400004f4f00008b
:10772c00523a000020460000756c00006c79000095
:10773c00206f0000706500006e2c000020730000ac
:10774c00746f000070700000696e0000672000000c
:10775c006d6f0000746f0000720d00000a000000d5
:10776c005354000020300000390d00000a000000c6
:10777c00444f00004f5200003a20000053740000a8
:10778c0061720000746900006e67000020630000e5
:10779c006c6f0000736900006e67000020730000be
:1077ac0065710000756500006e630000650d0000da
:1077bc000a000000524100004d5000003a20000029
:1077cc0030250000202d00003e2000003530000048
:1077dc0025200000505700004d2000006f7600005f
:1077ec006572000020320000207300006563000009
:1077fc006f6e0000647300000d0a0000005300005f
:10780c0054200000304100000d0a0000004300002d
:10781c004c4f0000534900004e470000202d000043
:10782c0020500000574d00003a200000004400009a
:10783c004f4f0000523a000020460000756c0000cb
:10784c006c790000206300006c6f00007365000011
:10785c00642c000020730000746f00007070000036
:10786c00696e0000672000006d6f0000746f0000ef
:10787c00720d00000a00000053540000203000007c
:10788c00420d00000a000000466c00006f6f000003
:10789c0072200000617200007269000076610000c5
:1078ac006c200000646500007465000063740000c7
:1078bc0065640000202d000020730000746100003e
:1078cc0072740000696e00006720000031730000c4
:1078dc00207500006e6c00006f6300006b200000d0
:1078ec00646500006c610000790d00000a00000066
:1078fc003173000020640000656c000061790000a9
:10790c00206300006f6d0000706c00006574000057
:10791c00652000002d200000756e00006c6f0000cb
:10792c00636b0000696e000067200000646f00004c
:10793c006f720000206600006f72000020330000a0
:10794c00730d00000a000000436100006c6c000025
:10795c002062000075740000746f00006e2000003f
:10796c0070720000657300007365000064200000f5
:10797c002d200000756e00006c6f0000636b000022
:10798c00696e000067200000646f00006f720000d9
:10799c000d0a0000004400006f6f00007220000010
:1079ac006c6f0000636b000020720000656c0000bf
:1079bc006561000073650000640d00000a000000a2
:1079cc0041750000746f00002d6300006c6f0000a7
:1079dc007365000020740000696d00006572000082
:1079ec00206500007870000069720000656400007a
:1079fc000d0a000000540000726100007665000062
:107a0c006c2000007374000061720000746500004b
:107a1c00640d00000a0000005354000020320000e6
:107a2c00330d00000a0000004c6500007665000074
:107a3c006c6c0000696e0000673a00002053000077
:107a4c00746100007274000065640000206c00001a
:107a5c006f77000065720000696e0000670d000012
:107a6c000a0000004c650000766500006c6c00009c
:107a7c00696e0000673a00002000000020740000ce
:107a8c00696300006b73000020280000002e0000ca
:107a9c0000730000290d00000a0000004c65000076
:107aac00766500006c6c0000696e0000673a00009f
:107abc00204300006f6d0000706c000065740000c6
:107acc00652000002d20000055700000206c000087
:107adc00696d00006974000020720000656100008f
:107aec0063680000656400000d0a0000005300008c
:107afc0054200000323100000d0a00000053000039
:107b0c0054200000313600000d0a00000045000032
:107b1c00525200004f5200003a2000004c65000009
:107b2c00766500006c6c0000696e00006720000038
:107b3c00746900006d6500006f7500007420000012
:107b4c002d20000055700000206c0000696d0000b5
:107b5c0069740000207300007769000074630000f2
:107b6c006820000066610000756c0000740d000058
:107b7c000a0000004c650000766500006c6c00008b
:107b8c00696e0000673a0000205200006561000039
:107b9c0064790000206600006f720000206e000007
:107bac0065780000742000006f70000065720000a2
:107bbc0061740000696f00006e0d00000a00000087
:107bcc004c650000766500006c6c0000696e00006e
:107bdc00673a000020450000727200006f720000ce
:107bec00206300006c650000617200006564000099
:107bfc000d0a000000450000525200004f520000d8
:107c0c003a2000004c650000766500006c6c0000aa
:107c1c00696e000067200000616200006f72000056
:107c2c0074650000642000002d20000053610000ea
:107c3c006665000074790000206900006e74000015
:107c4c00657200006c6f0000636b00000d0a000091
:047c5c000000000024
:020000040000fa
:107c60000000fa004023a9000080fa00000006008e
:107c70000400fa00100798001e0090008000eb003e
:107c8000e200200003002000820f5000838f580084
:107c90003d003e00006001000e003700100037007c
:107ca00012003700140037001600370018003700a4
:107cb0001a0037001c0037001e0037002000370074
:107cc0002200370024003700260037002800370044
:107cd0002a00370001188000010f78002b003700c0
:107ce00011188000010f780028003700211880004b
:107cf000010f78002500370031188000010f78004f
:107d00002200370041188000010f78001f00370063
:107d100051188000010f78001c00370061188000a6
:107d2000010f78001900370071188000010f7800ea
:107d30001600370081188000010f7800130037000b
:107d400091188000010f780010003700a118800002
:107d5000010f78000d003700b1188000010f780086
:107d60000a003700c1188000010f780007003700b3
:107d7000d1188000010f780004003700e11880005e
:107d8000010f780001003700000000001e0078009d
:107d90000080fa00000006000a00fa0020079800a0
:107da00031079800420798004e0090000000e8005c
:107db000104078000000fb00c800dd004e0090007d
:107dc000104078000000fb00810070002e00900041
:107dd0000108bb002e0090008000eb000188bb0072
:107de0004e00900063004000104078000000fb004f
:107df000c800dd004e0090000080e80010407800d0
:107e00000000fb00810070002e0090000080e80060
:107e10000108bb002e0090000080e8008000eb000d
:107e20000188bb004e0090006500400010407800c3
:107e30000000fb00c800dd004e0090006400400020
:107e4000104078000000fb00810070002e009000c0
:107e5000640040000108bb002e0090006400400058
:107e60008000eb000188bb0010002400003b88006c
:107e70002e019000be019000028fbe000500fc00a4
:107e800050052000303b8800a00a2000303b8800cd
:107e900061e7a8000000fc0000000000013b80003a
:107ea00000002800008060000000e000fbff3a00b6
:107eb0000080fa00000006000800fa002007980081
:107ec000310798002e009000100fba002e0090008d
:107ed0001080ba00204798002e4090000080fb00e0
:107ee0008000eb00c001dd00020020001e007800d1
:107ef0008000eb0000007100818071000080fa00ba
:107f0000000006000a00fa003007980041079800b8
:107f10000000eb00000f78001d0037001e00780005
:107f2000000040006101b9003e009000ce009000ca
:107f30000200400083804800dfff07001007980020
:107f4000210798001e007800000040009e0090006d
:107f50000141780081b42000827078001e00780012
:107f6000000040000001e8001e009000ae009000fc
:107f7000c809dd004800de0000807100c808de008e
:107f80008040780080b42000017079001e0fe80066
:107f90001e007800e20f5000e0ff34000080fa007d
:107fa000000006001600fa00200f9800ae089000ae
:107fb000811f7800607d2b00801f78000e00780004
:107fc000d9e80700e48757000e0078000200070098
:107fd0000080fa00000006000200fa00000f78009e
:107fe0000b0037000000000011118000002020006d
:107ff000008060000000e000fbff3a001e007800f7
:10800000104078000000fb00201188001e0fe800df
:108010001e007800104078000004e000f1ff3a00f4
:108020000080fa00000006000200fa00004f78000d
:10803000000000001111800000202000008060007e
:108040000000e000fbff3a001e00fb00201188004a
:108050000080fa00000006000400fa00004f7800db
:1080600011479800224798000602a800000000006f
:1080700030108000610060000000e000fcff3a006a
:108080001e80fb000000400010108800000000006f
:108090004110800000002400008060000000e0002b
:1080a000fbff3a001e4090000080fb00101088008b
:1080b00000000000411080000000240000806000eb
:1080c0000000e000fbff3a002e4090000080fb0023
:1080d0001010880000000000411080000000240003
:1080e000008060000000e000fbff3a000642a800ac
:1080f0000000000030108000640060000000e0001c
:10810000fcff3a000080fa00000006000400fa00bc
:1081100020479800314798003e1007002e409000fd
:1081200000404000561007003e40900054100700e9
:108130002e4090000080fb000000400000407800ce
:108140000004a0004e1007000040eb006010070084
:10815000004f7800381007001e4078000080fa00b9
:10816000000006000000fa0002c1b30031c0b300f5
:1081700000c4b300b8ff070032c0b300e1cfb300c2
:1081800000c4b300b4ff07000041eb008040eb00e7
:1081900000c4b300b0ff070042c0b30011c0b30079
:1081a00000c4b300acff07000080fa000000060026
:1081b0000800fa002047980021079800320798002d
:1081c0002e4090004200dd00664f40002e009000df
:1081d00000407800004178009e40780000c4b30061
:1081e0009dff07002e0090004800de0080407800d0
:1081f0001e40e800014178008040780000c4b300d0
:1082000095ff07003e009000804078001ec0e80007
:10821000014178008040780000c4b3008eff070061
:108220003e0090004800de00804078001e4178004b
:1082300063404100014178008040780000c4b300f1
:1082400085ff07000080fa00000006000200fa0027
:108250000000eb00000f7800240037001e017800ba
:108260008000eb000040eb00d1ff070000c42900b4
:10827000010020000c1307001e0178008000eb00b5
:1082800010c0b300caff070000c42900010020008d
:10829000051307001e0178008000eb0020c0b3002a
:1082a000c3ff070000c4290001002000fe120700e0
:1082b0001e0178008000eb0030c0b300bcff070057
:1082c00000c4290001002000f7120700f0ff200081
:1082d0009e007800808f5000020036000000eb0006
:1082e000000f78009e007800708f40000000210091
:1082f0009e007800808f5000d8ff36000080fa0082
:10830000000006000600fa00000f78001107980030
:10831000220798001e0178008000eb000040eb006f
:10832000a3ff07001e0190008000eb0010c0b30007
:108330009fff07002e0190008000eb0020c0b300db
:108340009bff07000080fa00000006000a00fa0008
:10835000881f78006000b800008fbe000100370061
:10836000000000001e00be0095e60700020020008d
:1083700003f82300bee2070002002e00f34f2400a2
:108380007fe407006ee207002007980062aa200041
:10839000630024001e00be00b5e2070088e6070067
:1083a0000200200003f82300b1e2070002002e00c3
:1083b000f34f240072e4070061e2070030079800e1
:1083c00062aa2000630824001e00be00a8e2070085
:1083d0007be607000200200003f82300a4e2070068
:1083e00002002e00f34f240065e4070054e207006a
:1083f000400798004e019000be0090002e009000b3
:10840000c0ff070000c4290001002000a6120700d9
:10841000a2702d0033c223001e00be0094e20700ac
:10842000008fbe0018c0b30092ff2000930c240000
:108430001e00be0040e207000000e00001003c001a
:108440000044eb000804e000c5ff320092ff20006a
:10845000930c24001e00be007ce20700008fbe00cb
:10846000c0ff37000200fa00004f7800070f070036
:1084700080c7b300200f07000040eb001e0f07006d
:108480001e4078001c0f0700090f07008000200025
:1084900001002000841207000080fa00000006009e
:1084a0000200fa00004f7800f80e070080c7b30002
:1084b000110f070000c4b3000f0f07001e40780023
:1084c0000d0f0700fa0e0700003220000100200007
:1084d000751207000080fa00000006000000fa0094
:1084e00000a82100610020006f12070080c3b300c4
:1084f000dcff070090c3b300daff070000a82100eb
:10850000610020006812070040c1b300d5ff0700da
:10851000f0c7b300d3ff0700f0c5b300d1ff0700d9
:1085200000482800e10120005f120700c0c6b30028
:10853000ccff070000882300110020005a1207001a
:1085400080c3b300c7ff070000882300110020008c
:1085500055120700d0c0b300c2ff070000882300f7
:10856000110020005012070010c0b300bdff07002b
:1085700000882300110020004b12070060c0b300e8
:10858000b8ff070000c429000100200046120700c0
:1085900000c4b300b3ff070000482800e101200039
:1085a000411207000080fa00000006000200fa00f5
:1085b000000f7800040037001e007800104078009b
:1085c0001e0fe800b6ff07001e007800104078007c
:1085d0000004e000f8ff3a000080fa000000060006
:1085e0000000fa009efd07000080fa00000006006f
:1085f0000000fa00111680000020200000806000ba
:108600000000e0000c003a00111680000004200079
:10861000008060000000e0000700320011168000ba
:1086200000022000008060000000e0000200320034
:1086300010002000120037001116800000042000f6
:10864000008060000000e0000c003a00111680007d
:1086500000202000008060000000e00007003200e1
:108660001116800000022000008060000000e00081
:108670000200320010002000010037000000eb0073
:108680000080fa00000006000000fa00304580007b
:108690000000e00007003a0010002000304588008c
:1086a000a828ef001000200010458800907d2b00c6
:1086b00049fe07000080fa00000006000000fa00f2
:1086c0003410070010002000c04788001000200070
:1086d000d047880010002000f047880010002000dc
:1086e000604688001000200020458800100020000f
:1086f0001043880010002000204388001000200054
:10870000a04788001000200090448800100020003e
:108710007047880010002000b042880000478000a9
:108720000000e80000478800a04580000000e80045
:10873000a0458800004680000000e8000046880050
:10874000604380000000e800604388000080fa0079
:10875000000006000000fa00b20f07000080fa00d7
:10876000000006000000fa00c21007000300070026
:108770000b0007000080fa00000006000000fa006d
:10878000a1458000804a8000808f500002003500a3
:108790004e29ef00b428ef000080fa000000060028
:1087a0000000fa000146800060488000808f500081
:1087b0000300350010002000f0458800c028ef00bd
:1087c000f0458000e10f500003003a00ed02a900df
:1087d000ec02a80002003700ed02a800ec02a9009c
:1087e000d116800000002200008060000000e00040
:1087f00002003200be28ef00c028ef000080fa001f
:10880000000006000000fa0001478000f04a8000e6
:10881000808f500012003500e028ef00c482a800cd
:10882000d442a800dd22a800d442a800c482a80037
:10883000a01780004e00de00614060000004a2002e
:10884000614060000080fb00610060004e00dd00c0
:10885000a117800001e0a10001007000a0178800ae
:108860000080fa00000006002000fa00700f980057
:1088700000a82100610020008b110700917e2b00d1
:108880007e089000c7e607000000e00020013200eb
:10889000d17e2b007e089000c2e607000000e000b9
:1088a0001b013200317f2b007e089000bde60700df
:1088b0000000e00005003a0060488000b9fd0700b4
:1088c000607f2b00c4fd070011013700917f2b0052
:1088d0007e089000b3e607000000e00005003a00c3
:1088e00070488000affd0700607f2b00bafd0700d5
:1088f00007013700c17f2b007e089000a9e6070022
:108900000000e00005003a0060ab2000b2fd070067
:10891000607f2b00b0fd0700fd003700f17f2b00ca
:108920007e0890009fe607000000e00005003a0086
:1089300060ab2000a8fd0700607f2b00a6fd0700ac
:10894000f300370061802b007e08900095e6070059
:108950000000e00008003a00004080000000e00055
:1089600005003a001000200000408800b0802b0075
:1089700099fd0700e6003700f1812b007e0890008a
:1089800088e607000000e00007003a000040800091
:10899000e10f500004003a000028ef0040822b0055
:1089a0008dfd0700da0037003200200061832b00c4
:1089b0007e08900086e607000000e00025003a00ef
:1089c0007e089000630040002200200080007800b4
:1089d0000e00780093e607000040eb002047980067
:1089e000a0832b007cfd07007e0890007afd070025
:1089f000607f2b0078fd070064004700801f78002f
:108a0000a0842b00801f78007e08900053e60700aa
:108a1000e4875700e10f50000b003a002e00900051
:108a2000cf80de00104188002141880010852b0096
:108a300069fd07001041800021418000000078009e
:108a400058fd0700b200370020862b0062fd0700aa
:108a5000af00370032002000a1872b007e08900075
:108a60005be607000000e0001e003a007e08900070
:108a7000e3004000660047002200200069e607008e
:108a80000040eb00004f98006a004700801f78000c
:108a9000e0872b00801f78007e0890002fe60700fb
:108aa000e4875700e10f50000b003a005e00900091
:108ab000cf80de00304188004141880050882b0083
:108ac00045fd0700304180004141800000007800f2
:108ad00034fd07008e00370090892b003efd070013
:108ae0008b00370032002000318b2b007e08900075
:108af00037e607000000e0001e003a007e08900004
:108b0000e30040006c0047002200200045e607001b
:108b10000040eb00604f980070004700801f780015
:108b2000708b2b00801f78007e0890000be60700fa
:108b3000e4875700e10f50000b003a000e08900048
:108b4000cf80de005041880061418800e08b2b001f
:108b500021fd070050418000614180000000780045
:108b600010fd07006a003700108d2b001afd07006a
:108b70006700370032002000a18e2b007e08900095
:108b800013e607000000e0001e003a007e08900097
:108b9000e3004000720047002200200021e60700a9
:108ba0000040eb004057980076004700801f780097
:108bb000e08e2b00801f78007e089000e7e507001c
:108bc000e4875700e10f50000b003a003e08900088
:108bd000cf80de007041880081418800508f2b00db
:108be000fdfc07007041800081418000000078009a
:108bf000ecfc07004600370090902b00f6fc0700c5
:108c0000430037003200200031922b007e08900094
:108c1000efe507000000e0001e003a007e0890002b
:108c2000e30040007800470022002000fde5070037
:108c30000040eb00205f98007c004700801f780018
:108c400070922b00801f78007e089000c3e507001b
:108c5000e4875700e10f50000b003a006e089000c7
:108c6000cf80de008048880091488800e0922b0089
:108c7000d9fc0700804880009148800000007800ff
:108c8000c8fc07002200370030942b00d2fc0700fc
:108c90001f00370021962b007e089000c1e50700d9
:108ca0000000e0000e003a00304580000000e000c7
:108cb00008003200d0962b00c7fc0700404580001a
:108cc0007e001000b7fc0700e0972b00c2fc0700f5
:108cd0000f00370020992b00bffc07000c00370065
:108ce000119a2b007e089000aee507000000e0001e
:108cf00007003a001000200030458800a828ef0047
:108d00001000200010458800b09a2b00b2fc07002c
:108d10000080fa00000006000000fa001116800032
:108d200000022000008060000000e00003003a0024
:108d300080448000e10f500002003a001000200043
:108d4000010037000000eb000080fa000000060080
:108d50000000fa00104380000000e00048003200ec
:108d6000504880000000e8005048880050488000cb
:108d7000e40f5000420034000a29ef00509c2b0001
:108d800095fc0700d09c2b0093fc07001116800077
:108d900000042000008060000000e00005003200b8
:108da0001116800000202000008060000000e0001c
:108db00002003a00409d2b0001003700909d2b00df
:108dc00085fc0700e09d2b0083fc0700a04180008c
:108dd000e20f500012003200e20f500005003e008a
:108de0000000e00008003200e10f500009003200ee
:108df00014003700e30f50000c003200e40f500065
:108e00000d0032000f003700409e2b0072fc07005f
:108e10000c003700c09e2b006ffc070009003700d4
:108e2000409f2b006cfc070006003700c09f2b0002
:108e300069fc07000300370040a02b0066fc070018
:108e400000000000c0a02b0063fc0700304580003c
:108e50000000e0000200320030a12b0001003700ca
:108e6000c0a12b005cfc070050a22b005afc07009d
:108e7000504580004bfc0700607f2b0056fc07002c
:108e80000080fa00000006001400fa00881f780035
:108e9000e60f070000a82100610020000210070073
:108ea000540f070056080700006a28001100200030
:108eb000c50c070000a8210061002000fa0f070080
:108ec0003a0e0700dd0d0700800d0700930e070026
:108ed0006d0e0700100e0700b30d0700c60e070049
:108ee0005ffb0700002f2400a70d0700240b0700dd
:108ef0003f0b070040002000570b07000010200028
:108f00004f0b070000482800e1012000e60f070092
:108f100094fc0700c482a800d442a800d482a9000f
:108f2000dcc2a900dd22a800dd62a800e402a900dd
:108f3000e4a2a900e4e2a900e4c2a900ec22a8008e
:108f4000ec02a800ec42a900ec62a900ec82a900a6
:108f5000eca2a900ecc2a900ece2a900ed02a90074
:108f6000ed82a800f4e2a800f5c2a900f5e2a9008c
:108f7000103a8000000178000260a1006004200027
:108f80007105200023742000804978008149780011
:108f9000824978001136800000fc2f0000806000bc
:108fa0003000b300103688002135800000fc2f000f
:108fb000008060003000b30020358800103a800047
:108fc000000178000260a00060042000710520000c
:108fd0002374200080497800814978008249780014
:108fe00060a32b00fcfb0700a00020001a0b070069
:108ff0000000eb00000f780032408000434080000a
:109000001041800021418000800f5100818f590064
:109010000e00320010418000214180003040880065
:109020004140880030a42b00ebfb0700304080005b
:1090300041408000000078004400dd00000178001d
:109040008000eb0020c0b30059fc07007240800094
:10905000834080003041800041418000800f5100fa
:10906000818f59000e003200304180004141800064
:10907000704088008140880050a52b00d6fb070077
:109080007040800081408000000078004400dd00d6
:10909000000178008000eb0010c0b30044fc070022
:1090a0005240800063408000504180006141800058
:1090b000800f5100818f59000e0032005041800016
:1090c00061418000504088006140880090a62b00dc
:1090d000c1fb070050408000614080000000780024
:1090e0004400dd00000178008000eb000040eb0050
:1090f0002ffc070092408000a34080007041800058
:1091000081418000800f5100818f59000e00320094
:10911000704180008141800090408800a14088001b
:10912000c0a72b00acfb070090408000a14080004e
:10913000000078004400dd00000178008000eb00b2
:1091400030c0b3001afc0700470807000004e00025
:109150002300320019080700004f98000e489000c5
:10916000ea4f5000030032000e489000ed4f5000cf
:109170000d003a0005c8bf000080fb00e1b42000ec
:109180000041eb0082707800e0b4200092fb070001
:10919000607f2b0090fb0700e0b42000b2fd0700c9
:1091a0000568ef000e0037005180200091407800e4
:1091b000e0c3b30080cf500008003e0005c8bf00e8
:1091c0008080fb00e2b420008e49900003f178001b
:1091d0000040e80005e8b700010037000568ef002f
:1091e0001116800000042000008060000000e000f4
:1091f0001b003a0011168000002020000080600053
:109200000000e000160032000000eb00100798009c
:109210001e0078000000e000050032009428ef00f6
:1092200010002000b044880000a92b006afb070052
:10923000a1ab2b0070b120005ae407000000e00051
:109240005000320062002000a1ab2b0070b1200062
:109250004de40700100020006047880049003700f7
:109260001116800000202000008060000000e00057
:109270001b003a00111680000004200000806000ee
:109280000000e000160032001000200010079800d7
:109290001e007800e10f5000050032009428ef0016
:1092a00010002000b044880000ac2b004afb0700ef
:1092b000d1ae2b0070b120003ae407000000e000be
:1092c0003000320062002000d1ae2b0070b12000cf
:1092d0002de40700100020006047880029003700b7
:1092e0001116800000202000008060000000e000d7
:1092f000150032001116800000042000008060007c
:109300000000e0001000320020002000100798004c
:109310009628ef009428ef0031af2b0070b12000a9
:1093200020e407000000e000160032006200200088
:1093300031af2b0070b1200013e4070010002000b3
:10934000604788000f0037003000200010079800a9
:109350009628ef009428ef0091af2b0070b1200009
:1093600010e407000000e000060032006200200068
:1093700091af2b0070b1200003e407001000200023
:1093800060478800b04480000000e0001000320018
:10939000104380000000e0000d0032006228ef0062
:1093a000a04480000000e800a0448800a0448000a1
:1093b000e90f5000060034001000200080448800af
:1093c0009628ef009428ef00f0af2b0002fb070077
:1093d0001116800000042000008060000000e00002
:1093e000050032001116800000202000008060007f
:1093f0000000e000fd003a00a0418000e20f5000b4
:1094000083003200e20f500005003e000000e00043
:1094100008003200e10f500028003200fe00370043
:10942000e30f500099003200e40f5000eb003200cf
:10943000f900370051168000000022000080600013
:109440000000e0001c003a0033fe07000000e000ce
:1094500003003a00804480000000e0001600320063
:1094600020b32b00dcfa0700e4a2a900ecc2a9009b
:1094700010002000a04188008828ef008a28ef0013
:109480008c28ef0040448000f30907009028ef008b
:1094900040b52b00d0fa0700ec62a90030458000ef
:1094a0000000e00003003200a628ef00a828ef002b
:1094b000ec82a800ac28ef00cb00370020438000ee
:1094c0000000e0002f0032006428ef0060448000bc
:1094d0000000e8006044880061448000304a800059
:1094e000808f50002700350041448000204a8000d2
:1094f000808f500020003c0041448000404a8000a2
:10950000008040004044880041448000204a8000a0
:10951000808f500002003500204a800040448800bf
:1095200040448000cc0907004144800040062000f0
:109530000088b90080007800f0ff2000000178006a
:10954000110009008200d80050079800c0b52b0018
:10955000a1fa07004044800092fa0700c0b62b0031
:109560009dfa07005e0090008efa0700f0b62b000f
:1095700099fa07000200370040b72b0096fa07005f
:109580008c28ef0051168000000021000080600050
:109590000000e0001d003a0030b92b008efa0700f1
:1095a00043448000230798000d0037002e009000f0
:1095b0000000e00002003d000000eb0020079800e2
:1095c0002e009000a409070000c42900010020001b
:1095d000350e07002e0090004006b10020079800cd
:1095e0002e0090000000e000f0ff3d00ecc2a8005b
:1095f0000000eb009809070020002000a04188002f
:109600009028ef0060bb2b0073fa0700760037004c
:10961000c1fd07000000e000050032005116800087
:1096200000002100008060000000e0000600320021
:10963000e04080000000e00013003200c0448000e1
:109640000000e00010003200e0bb2b0062fa0700cf
:10965000e4a2a900ecc2a80030002000a0418800cc
:109660008828ef008a28ef008c28ef004044800013
:109670007909070000be2b0057fa07009828ef0071
:1096800050c02b0054fa07005700370020438000d9
:109690000000e0002f0032006428ef0060448000ea
:1096a0000000e8006044880061448000304a800087
:1096b000808f50002700350041448000204a800000
:1096c000808f500020003d0041448000404a8000cf
:1096d000008040004044880041448000204a8000cf
:1096e000808f500002003400204a800040448800ef
:1096f0004044800058090700414480004006200093
:109700000088b90080007800f0ff20000001780098
:10971000110009008200d80060079800d0c02b001b
:109720002dfa0700404480001efa0700c0b62b0047
:1097300029fa07006e0090001afa0700f0b62b0015
:1097400025fa07000200370040b72b0022fa070075
:109750008c28ef005116800000002200008060007d
:109760000000e0001c003a00d0c12b001afa0700ec
:1097700043448000330798000d0037003e009000fe
:109780000000e00002003d000000eb003007980000
:109790003e0090003009070000c4290001002000ad
:1097a000c10d07003e0090004006b1003007980050
:1097b0003e0090000000e000f0ff3d000000eb00e4
:1097c0002509070040002000a041880020c42b008c
:1097d00001fa0700ec62a800030037003428ef000c
:1097e0009028ef00000000000b003700e4a2a90061
:1097f000a0002000180907008428ef007c28ef0053
:109800005a28ef003428ef009028ef009428ef004a
:109810009628ef00ec62a9009e009000010f7800ee
:109820001116800000042000008060000000e000ad
:10983000050032001116800000202000008060002a
:109840000000e00037003a00a0418000e40f500023
:1098500003003200a04180000000e0001d003a003b
:10986000b04480000000e000080032006045800045
:109870000000e00005003a00aa28ef0010002000d8
:1098800060458800a0c42b00d3f907006045800024
:109890000000e0000f003200104380000000e000f4
:1098a0000c0032006228ef00504580000000e80004
:1098b0005045880050458000e90f500005003400f5
:1098c00071fb0700ac28ef00aa28ef00e0c72b00cf
:1098d000c1f90700a0418000e40f500003003200ee
:1098e000a04180000000e00012003a0040fb0700a9
:1098f0000000e00009003200704580000000e00038
:109900000e003a0010002000704588005efb070042
:10991000a0ca2b00b0f9070009003700ae28ef00fd
:1099200007003700ac28ef00aa28ef00ae28ef00b0
:1099300003003700000000000100370000000000b5
:10994000304580000000e0000f003200204580001c
:109950000000e0000c003200a428ef004045800029
:109960000000e8004045880040458000fd0f5000a1
:1099700005003400a628ef00a228ef00a828ef0079
:1099800010cd2b0094f90700304580000000e00066
:1099900002003200ec82a80001003700ec82a9002e
:1099a000a0418000e20f500017003a00e040800024
:1099b0000000e00014003200104380000000e000ce
:1099c000150032006228ef00d04480000000e8005b
:1099d000d0448800d04480006101b900a0488000d4
:1099e000b1488000800f5100818f59000900390073
:1099f00010002000c04488009a28ef0060ce2b00a1
:109a000075f90700040037009a28ef009828ef0046
:109a1000010037000000000040478000e10f5000c7
:109a200003003a00b0b020006bf90700e828ef000f
:109a300050478000e10f500003003a0010b12000b1
:109a400065f90700ea28ef0060478000e10f500049
:109a500003003a0070b120005ff90700ec28ef0026
:109a60006000200082f80700f0418800f04180008b
:109a7000cf80de00cddc070002002000e3332400ad
:109a8000bfde070002002f00f3572400dddd0700d2
:109a900070079800010f98006049800071498000ac
:109aa000d2cc2c00c3e42300e8dc070018c0b300cc
:109ab0007e0190008e0990009fdc07000000e0000e
:109ac00001003c000044eb000804e0000e003a00f6
:109ad0006049800071498000d2cc2c00c3e423008f
:109ae000e3dc070018c0b3007e0190008e099000ef
:109af0008fdc07000000e000010035000044eb00af
:109b00000804e000040032007e0190008e099000fd
:109b100062498800734988006000200054f80700fb
:109b2000b0418800d1168000000024000080600051
:109b30000000e00001003a00e228ef00d1168000aa
:109b400000002400008060000000e00002003200fd
:109b5000100020001047880010178000610060008e
:109b60000000e00005003a001117800000102000fe
:109b7000008060000000e0000200320010002000c1
:109b8000010037000000eb00100f980050428000e9
:109b9000e10f50000f003200e10f500003003900c8
:109ba000e20f5000170032002e0037004e28ef0061
:109bb000f4e2a8001e0890000000e000240032003b
:109bc000100020005042880010d02b0002f907003e
:109bd000240037004e28ef00f4e2a8001e08900091
:109be0000000e0001c003a002000200050428800e5
:109bf0004c28ef001000200070428800f4e2a90019
:109c0000180037001000200070428800f4e2a9001c
:109c100070478000e10f500004003a00ee28ef008a
:109c2000604280000000e8006042880061428000dd
:109c3000a0498000808f5000090035004a28ef00bd
:109c40004c28ef004e28ef00f4e2a8000500370092
:109c50000000000003003700000000000100370092
:109c600000000000704280000000e00002003200ae
:109c7000ec42a80001003700ec42a90080428000bd
:109c8000e10f50001a003200e10f500005003900ca
:109c9000e20f50006a003200e30f500074003200ff
:109ca0008f0037005828ef001116800000002800b0
:109cb000008060000000e000820032001000200000
:109cc000804288005228ef005428ef001000200046
:109cd000c0428800ec02a800ec22a80020d12b0092
:109ce000bdf80700a0d12b00bbf807007c003700af
:109cf00010002000c0428800ec02a800ec22a8005e
:109d0000b0428000e10f50002f003a005628ef00cb
:109d1000904280000000e80090428800914280005c
:109d20005000200080017800110009008300d80055
:109d30008000fd000000e00023003a0080d32b00eb
:109d4000a5f807009042800096f8070040d42b0049
:109d5000a1f8070091428000400620000088b90069
:109d600080007800803e200000017800110009008a
:109d70008200d8008bf80700d0d42b0096f807009b
:109d800091428000400620000088b90080007800e1
:109d9000803e200080017800110009008300d80077
:109da0008000fd0000017800b04721000090b9005c
:109db000c388de004f90de000080500079f8070075
:109dc000f0d42b0084f80700111680000004200056
:109dd000008060000000e00008003a002000200041
:109de000804288005228ef00ec02a90040d52b00e9
:109df00079f80700d0d72b0077f807009142800050
:109e0000b0498000808f50003000350030002000c5
:109e10008042880010002000a0428800ec02a900c7
:109e200050d82b006cf80700d0d82b006af8070038
:109e3000ed02a9001000200020478800280037000c
:109e40005828ef00ec02a90011168000000028003d
:109e5000008060000000e0001e003a005028ef0083
:109e60005228ef0000dc2b005bf807001c003700d5
:109e70005828ef00ec02a900ed02a900d1168000dd
:109e800000002200008060000000e00005003a00b1
:109e90001116800000002800008060000000e00033
:109ea0000e003a005028ef005428ef00e428ef009d
:109eb0005228ef00ed02a80060de2b0046f80700f4
:109ec0000700370000000000050037000000000018
:109ed0000300370000000000010037000000000010
:109ee00080428000e10f500010003a0051168000bf
:109ef00000002200008060000000e00003003a0043
:109f000010478000e10f50000800320030002000b0
:109f10008042880010002000a04288005828ef00ee
:109f2000ec02a90010e02b002bf80700dd22a800ae
:109f3000d442a80060178000620060000000e000ca
:109f400003003200d482a800e4e2a8000200370037
:109f5000d482a900e4e2a90010178000620060002a
:109f60000000e00001003200ece2a80010178000c1
:109f7000620060000000e00001003a00ece2a9008d
:109f8000d0168000d01680005117800000002200fb
:109f9000008060000000e0000c003200111680001c
:109fa00000042000008060000000e0000700320094
:109fb0001116800000202000008060000000e000fa
:109fc00002003200ec22a800ec42a80051178000e9
:109fd00000002200008060000000e0000700320066
:109fe0001116800000042000008060000000e000e6
:109ff00002003a00ec22a900ec42a80051178000b0
:10a0000000002200008060000000e0000c00320030
:10a010001116800000202000008060000000e00099
:10a0200007003a0090168000680060000000e00021
:10a0300003003a0010002000d0468800e4c2a800c7
:10a040005117800000002200008060000000e00046
:10a0500004003a00da28ef00dc28ef00e4c2a9008f
:10a06000e4e2a800704680000000e00007003a002b
:10a070001116800000042000008060000000e00055
:10a0800002003a0010002000304688003046800070
:10a09000e10f50000f003a0060468000e10f5000d1
:10a0a0000c003a00404680000000e800404688006e
:10a0b000cc28ef0041468000c04a8000808f5000cd
:10a0c000040035001000200070468800c828ef000a
:10a0d000c628ef00c04680000000e00007003a00fc
:10a0e0001116800000202000008060000000e000c9
:10a0f00002003a0010002000904688009046800040
:10a10000e10f50000f003a00f0478000e10f5000cf
:10a110000c003a00a04680000000e800a04688003d
:10a12000fe28ef00a1468000e04a8000808f5000aa
:10a1300004003500d428ef00d228ef0010002000e2
:10a14000c04688008d090700e10f500001003a0069
:10a150005af907002d090700e10f500001003a00ed
:10a160007cf907000146800060488000808f500025
:10a170000300350010002000f0458800c028ef00e3
:10a18000f0458000e10f500002003a00ed02a90006
:10a19000ec02a800f04580000000e00002003a0058
:10a1a000ed02a800ec02a900d116800000002200f8
:10a1b000008060000000e00002003200be28ef00d6
:0ca1c000c028ef00e2fa07008bfb37001c
:020000040000fa
:10a1cc00560c00000400000082000000ffffff009e
:10a1dc00ff000000060c00002000000080000000c2
:10a1ec00740900000200000082000000ffff000064
:10a1fc007009000004000000800000005e0c0000ec
:10a20c00020000008000000076090000020000003f
:10a21c0080000000780900000200000080000000af
:10a22c007a09000002000000800000007c09000098
:10a23c0002000000800000007e0900000200000007
:10a24c0080000000600c0000020000008000000094
:10a25c00800900000200000080000000620c000079
:10a26c0002000000800000008209000002000000d3
:10a27c0080000000440c0000120000008000000070
:10a28c00620900000e00000080000000640c000059
:10a29c0002000000800000008409000002000000a1
:10a2ac0080000000920a0000ae0000008200000056
:10a2bc003030300030303000000075006e6b6e00b6
:10a2cc006f776e0000312f00312f3100393830009c
:10a2dc000000000000000000000000000000000072
:10a2ec0045433100375f3000303134005f3031008e
:10a2fc003200000000000000000030003030300060
:10a30c003030300030303000303030003030300001
:10a31c003030300030303000303030005765730052
:10a32c0073657800204c690066742000636f200010
:10a33c004c746400000062006c616e006b000000e5
:10a34c000000000000000000000000000000000001
:10a35c0000535400203030000053540020303000a3
:10a36c000053540020303000005245004345490052
:10a37c0056454400000000000000000000000000f2
:10a38c0000000000000000000000000000000000c1
:10a39c000000000000000000400b00004e00000018
:10a3ac00800000000c090000560000008200000034
:10a3bc005a002c00017f000000002c00010000005e
:10a3cc002c010000005a000000000f0000000000eb
:10a3dc000f000000002c01000000000000dc410018
:10a3ec000000dc00411e0000140001000001000010
:10a3fc006400280000960000ff007f0000020000af
:10a40c0002002c00010a00000100b8000b01000042
:10a41c00d00701000019000001003200000a000002
:10a42c001e000000000800000c010000800000006d
:10a43c00860900000200000080000000260c0000cd
:10a44c001e00000082000000286e69006c290000cc
:10a45c0025006800076c09004c836a009074a0000a
:10a46c007ac000008068880000846c008200810043
:10a47c00660c00000200000080000000880900004b
:10a48c000a01000082000000000102000407030022
:10a49c0006050000ffffff00ffffff00ffffff00ae
:10a4ac00ffffff00ffffff00ffffff00ffffff00ac
:10a4bc00ffffff00ffffff00ffffff00ffffff009c
:10a4cc00ffffff00ffffff00ffffff00ffffff008c
:10a4dc00ffffff00ff000100020304000506070058
:10a4ec000809ff00ffffff00ffffff000a0b0c0035
:10a4fc000d0e0f0010111200131415001617180072
:10a50c00191a1b001c1d1e001f2021002223ff00f6
:10a51c00ffffff00ffff0a000b0c0d000e0f1000d9
:10a52c001112130014151600171819001a1b1c0011
:10a53c001d1e1f002021220023ffff00ffffff0034
:10a54c00ffffff00ffffff00ffffff00ffffff000b
:10a55c00ffffff00ffffff00ffffff00ffffff00fb
:10a56c00ffffff00ffffff00ffffff00ffffff00eb
:10a57c00ffffff00ffffff00ffffff00ffffff00db
:10a58c00ffffff00ffffff00ffffff00ffffff00cb
:10a59c00ffffff00ffffff00ffffff00ffffff00bb
:10a5ac00ffffff00ffffff00ffffff00ffffff00ab
:10a5bc00ffffff00ffffff00ffffff00ffffff009b
:10a5cc00ffffff00ffffff00ffffff00ffffff008b
:10a5dc00ffffff00ffffff00ffffff00ffffff007b
:10a5ec00ffffff00ffffff00ffff00008e0b0000ce
:10a5fc003c0000008200000001000300000000008d
:10a60c000000000000000000000038002f000000d7
:10a61c000000000000ae2e003c30000000000000e6
:10a62c00000000000000000000000000000000001e
:10a63c00000000000000000000000000000000000e
:10a64c000000000000000000680c00000200000088
:10a65c0080000000ca0b00003c00000082000000db
:10a66c0001000300000000000000000000000000da
:10a67c00000038002f0000000000000000ae2e008b
:10a68c003c30000000000000000000000000000052
:10a69c0000000000000000000000000000000000ae
:10a6ac00000000000000000000000000000000009e
:10a6bc005a0c000004000000800000006a0c00002e
:10a6cc000200000082000000010000006c0c000081
:0ca6dc00020000008000000000000000f0
:020000040000fa
:10a6e8000000fa0021068000f0f82f0000806000ca
:10a6f8000040a000200688005105800080ff2f0040
:10a70800008060000000a00050058800410580001e
:10a71800f0ff28000080600000c0a000400588000d
:10a7280051058000f0f82f00008060000050a00064
:10a738005005880061058000f0f82f0080806000d7
:10a748000005200001007000600588006105800098
:10a7580080ff2f00008060005000b3006005880073
:10a76800e1058000f08f2f000080600000a0a000ad
:10a77800e0058800e1058000f0f82f000080600007
:10a788000060a000e005880081058000f0ff280037
:10a7980080806000000023000100700080058800b0
:10a7a8004105800080ff2f00008060003000b3006a
:10a7b8004005880031058000f0ff28008080600097
:10a7c800000023000100700030058800210580008a
:10a7d800f0ff28000080600000d0a000200588005d
:08a7e8000080fa0000000600e9
:020000040000fa
:10a800000000000000000000000000000000000048
:10a810000000000000000000000000000000000038
:10a820000000000000000000000000000000000028
:10a830000000000000000000000000000000000018
:10a840000000000000000000000000000000000008
:10a8500000000000000000000000000000000000f8
:10a8600000000000000000000000000000000000e8
:10a8700000000000000000000000000000000000d8
:10a8800000000000000000000000000000000000c8
:10a8900000000000000000000000000000000000b8
:10a8a00000000000000000000000000000000000a8
:10a8b0000000000000000000000000000000000098
:10a8c0000000000000000000000000000000000088
:10a8d0000000000000000000000000000000000078
:10a8e0000000000000000000000000000000000068
:10a8f0000000000000000000000000000000000058
:10a900000000000000000000000000000000000047
:10a910000000000000000000000000000000000037
:10a920000000000000000000000000000000000027
:10a930000000000000000000000000000000000017
:10a940000000000000000000000000000000000007
:10a9500000000000000000000000000000000000f7
:10a9600000000000000000000000000000000000e7
:10a9700000000000000000000000000000000000d7
:10a9800000000000000000000000000000000000c7
:10a9900000000000000000000000000000000000b7
:10a9a00000000000000000000000000000000000a7
:10a9b0000000000000000000000000000000000097
:10a9c0000000000000000000000000000000000087
:10a9d0000000000000000000000000000000000077
:10a9e0000000000000000000000000000000000067
:10a9f0000000000000000000000000000000000057
:10aa00000000000000000000000000000000000046
:10aa10000000000000000000000000000000000036
:10aa20000000000000000000000000000000000026
:10aa30000000000000000000000000000000000016
:10aa40000000000000000000000000000000000006
:10aa500000000000000000000000000000000000f6
:10aa600000000000000000000000000000000000e6
:10aa700000000000000000000000000000000000d6
:10aa800000000000000000000000000000000000c6
:10aa900000000000000000000000000000000000b6
:10aaa00000000000000000000000000000000000a6
:10aab0000000000000000000000000000000000096
:10aac0000000000000000000000000000000000086
:10aad0000000000000000000000000000000000076
:10aae0000000000000000000000000000000000066
:10aaf0000000000000000000000000000000000056
:10ab00000000000000000000000000000000000045
:10ab10000000000000000000000000000000000035
:10ab20000000000000000000000000000000000025
:10ab30000000000000000000000000000000000015
:10ab40000000000000000000000000000000000005
:10ab500000000000000000000000000000000000f5
:10ab600000000000000000000000000000000000e5
:10ab700000000000000000000000000000000000d5
:10ab800000000000000000000000000000000000c5
:10ab900000000000000000000000000000000000b5
:10aba00000000000000000000000000000000000a5
:10abb0000000000000000000000000000000000095
:10abc0000000000000000000000000000000000085
:10abd0000000000000000000000000000000000075
:10abe0000000000000000000000000000000000065
:10abf0000000000000000000000000000000000055
:10ac00000000000000000000000000000000000044
:10ac10000000000000000000000000000000000034
:10ac20000000000000000000000000000000000024
:10ac30000000000000000000000000000000000014
:10ac40000000000000000000000000000000000004
:10ac500000000000000000000000000000000000f4
:10ac600000000000000000000000000000000000e4
:10ac700000000000000000000000000000000000d4
:10ac800000000000000000000000000000000000c4
:10ac900000000000000000000000000000000000b4
:10aca00000000000000000000000000000000000a4
:10acb0000000000000000000000000000000000094
:10acc0000000000000000000000000000000000084
:10acd0000000000000000000000000000000000074
:10ace0000000000000000000000000000000000064
:10acf0000000000000000000000000000000000054
:10ad00000000000000000000000000000000000043
:10ad10000000000000000000000000000000000033
:10ad20000000000000000000000000000000000023
:10ad30000000000000000000000000000000000013
:10ad40000000000000000000000000000000000003
:10ad500000000000000000000000000000000000f3
:10ad600000000000000000000000000000000000e3
:10ad700000000000000000000000000000000000d3
:10ad800000000000000000000000000000000000c3
:10ad900000000000000000000000000000000000b3
:10ada00000000000000000000000000000000000a3
:10adb0000000000000000000000000000000000093
:10adc0000000000000000000000000000000000083
:10add0000000000000000000000000000000000073
:10ade0000000000000000000000000000000000063
:10adf0000000000000000000000000000000000053
:10ae00000000000000000000000000000000000042
:10ae10000000000000000000000000000000000032
:10ae20000000000000000000000000000000000022
:10ae30000000000000000000000000000000000012
:10ae40000000000000000000000000000000000002
:10ae500000000000000000000000000000000000f2
:10ae600000000000000000000000000000000000e2
:10ae700000000000000000000000000000000000d2
:10ae800000000000000000000000000000000000c2
:10ae900000000000000000000000000000000000b2
:10aea00000000000000000000000000000000000a2
:10aeb0000000000000000000000000000000000092
:10aec0000000000000000000000000000000000082
:10aed0000000000000000000000000000000000072
:10aee0000000000000000000000000000000000062
:10aef0000000000000000000000000000000000052
:10af00000000000000000000000000000000000041
:10af10000000000000000000000000000000000031
:10af20000000000000000000000000000000000021
:10af30000000000000000000000000000000000011
:10af40000000000000000000000000000000000001
:10af500000000000000000000000000000000000f1
:10af600000000000000000000000000000000000e1
:10af700000000000000000000000000000000000d1
:10af800000000000000000000000000000000000c1
:10af900000000000000000000000000000000000b1
:10afa00000000000000000000000000000000000a1
:10afb0000000000000000000000000000000000091
:10afc0000000000000000000000000000000000081
:10afd0000000000000000000000000000000000071
:10afe0000000000000000000000000000000000061
:10aff0000000000000000000000000000000000051
:020000040000fa
:10b000000000fa009580a9009560a900800020004a
:10b01000001188002222ef007006200040118800f5
:10b0200040c42000404b880040c42000304b8800c2
:10b03000d0c42000204b8800d0c42000104b8800d2
:10b040006a69ef00008425000700070000892500d9
:10b050002d0007009560a80021e2a8002342a80067
:10b060000080fa00000006000200fa00000f7800dd
:10b070001e007800604b88000080fa000000060087
:10b080000000fa00414b8000304b8000808f500060
:10b0900002003a009580a900190037008580a900b8
:10b0a00010003700404b8000904078008180fb000a
:10b0b000211188000000e800404b8800414b8000cf
:10b0c000d0c42000808f500002003a0040c420000d
:10b0d000404b8800414b8000304b8000808f5000f7
:10b0e0000600320011118000002020000080600066
:10b0f0000000e000ebff320001003700000000001c
:10b100000080fa00000006000200fa00000f78003c
:10b110001e007800704b88000080fa0000000600d6
:10b120000000fa001e003700104b80003111800033
:10b130008140780001487800114b800050c5200004
:10b14000808f500009003200104b80008000e80022
:10b15000204b8000808f500004003200104b800094
:10b160000000e800104b88000d003700114b8000f4
:10b1700050c52000808f500007003a00214b80000e
:10b18000d0c42000808f500003003200d0c42000c3
:10b19000104b88000200370010c0b3006ae9b70006
:10b1a00010118000610060000000e000deff3a0046
:10b1b0008560a9000080fa00000006000200fa0085
:10b1c0000040eb00004f780000000000214b8000a1
:10b1d000104b8000808f5000fcff3200204b80001d
:10b1e000104f7800204b80000000e800204b8800c2
:10b1f000214b800060c52000808f500002003a0083
:10b20000d0c42000204b88001e4078000080fa0047
:10b21000000006000200fa00004f78000000000065
:10b220001c0007000004a2000004e000fcff3a003c
:10b23000304b80001e487800304b80000000e80052
:10b24000304b8800314b8000d0c42000808f5000ec
:10b2500002003a0040c42000304b88009580a800ce
:10b260000080fa00000006000000fa00214b800078
:10b27000104b80000080680000f0a7000000ea008a
:10b280000000ea004f00de00004078000080fa0075
:10b29000000006000400fa00414b800011079800ee
:10b2a000314b80001e009000808f5000060031005e
:10b2b0009e009000304b8000008050000000e900ac
:10b2c000000f7800050037009e009000304b800092
:10b2d0000080500068004000000f78001e007800d9
:10b2e00000f0a7000000ea000000ea004f00de00c6
:10b2f000004078000080fa00000006000000fa001c
:10b30000314b8000404b8000808f500009003a0094
:10b3100011118000001020000080600000f0a700e4
:10b320000000ea000000ea004f00de000040780064
:10b33000010037000040eb000080fa00000006002a
:10b340000400fa00114b800011079800204b800088
:10b350009e009000808f5000060031009e009000fb
:10b36000204b80000080500069004000000f7800f2
:10b37000030037009e009000204b8000008f50009b
:10b38000f00f20009e007800808f500002003600f1
:10b3900000c0eb00020037001e007800004078007b
:10b3a0000080fa00000006000000fa00e4ff070039
:10b3b0000080fa00000006000400fa00414b800003
:10b3c00011079800314b80001e009000808f5000c4
:10b3d000060031009e009000304b8000008050003d
:10b3e0000000e900000f7800050037009e00900083
:10b3f000304b80000080500068004000000f780053
:10b40000f00f20009e007800808f50000200360070
:10b4100000c0eb00020037001e00780000407800fa
:10b420000080fa00000006000000fa00e2ff0700ba
:10b430000080fa00000006000000fa00afff0700dd
:10b440000080fa00000006000800fa0020079800bb
:10b4500031079800baff07000080fb00000f78005a
:10b460003e0090009e0f500002003100be00900090
:10b47000010f78000000eb0010079800090037006a
:10b480004eff0700ae009000804878002e0090002c
:10b490000000e800200798001e0090000000e8006f
:10b4a000100798001e0090009e0f5000f4ff390016
:10b4b0001e0078000080fa00000006000800fa0074
:10b4c0002007980031079800bbff07000080fb00b1
:10b4d000000f78003e0090009e0f500002003100e7
:10b4e000be009000010f78000000eb0010079800ec
:10b4f000090037002e00900010407800ae00900048
:10b500008100e8002107980042ff07001e0090001c
:10b510000000e800100798001e0090009e0f5000e9
:10b52000f4ff39001e0078000080fa0000000600d9
:10b530000400fa000000eb00000f780080ff070015
:10b54000204798009cff0700304798002e4090004d
:10b550000080fb000000e00003003200e90f500013
:10b5600003003200040037001e20a0000400370052
:10b570001e00a000020037001e10a0000000000006
:10b580003e4090000080fb000000e000030032001d
:10b59000e90f500003003200040037001e30a00005
:10b5a000020037001e40a000000000001e007800ce
:10b5b0000080fa00000006000400fa00100798005e
:10b5c000214b80001e009000008f400002003700d9
:10b5d0009e007800698f500060c520009e007800b2
:10b5e000808f5000faff3e001e0078001040780067
:10b5f0000080fa00000006000000fa0050ff07007b
:10b600000080fb000000e9004f00de0000407800f1
:10b610000080fa00000006000000fa0066ff070044
:10b620000080fb000000e9004f00de0000407800d1
:10b630000080fa00000006000000fa0010118000ef
:08b640000080fa000000060082
:020000040000fa
:10b648000000fa00ffff37000000fa00ffff370094
:10b658001600fa00881f78006000b8006011b80072
:10b668003007980041079800520798006307980030
:10b678006000b8006011b80070079800010f9800ca
:10b68800120f9800230f9800044025000510200091
:10b698000400be0063020700008fbe0050052000b2
:10b6a800a10a2000ce0107001e00be00f10107001c
:10b6b800404798004e4090000004a2000004e000bb
:10b6c80001003200deff07003023220011012000b4
:10b6d8003007980041079800605625004104200073
:10b6e80050079800610798003e009000ce00900037
:10b6f8000001be001e00be00f1010700404798008f
:10b708004e4090000084fb005e009000ee00900028
:10b7180022002000030020003e024100ae824900c2
:10b728000001be000400be00e50107000080fb0028
:10b738000000640000f0a7000000ea000000ea0032
:10b748004f00de00404798004e4090000004a200e1
:10b758000004e00001003200b9ff0700a50107005e
:10b768001e00be00b701070070079800010f98007f
:10b7780022002000030020003e004100ae80490066
:10b78800b0010700100f9800210f98003e019000ab
:10b79800ce0190007e0090008e089000800f51002e
:10b7a800818f590007003a005e019000ee01900079
:10b7b8001e089000ae089000800f5100818f59003c
:10b7c80001003200a0ff07004f0478000080fa0053
:10b7d800000006000e00fa000040250001102000bd
:10b7e8001002070020079800310798005005200034
:10b7f800a10a20007a0107002e009000be009000e8
:10b808009c010700004f98000e4890000004a20019
:10b818000004e0000100320089ff07006000b80062
:10b82800008fbe00110037002e009000be0090006f
:10b838003e014000ae8148000200be001e01be006d
:10b848009f010700004f98000e4890000004a200d6
:10b858000004e0000100320079ff07002200200008
:10b86800030020001e0f41005e974900f03f2000b2
:10b87800010020001e01be00800f5100818f590079
:10b88800e9ff36005b0107006000b800008fbe00ca
:10b89800120037002e009000be0090003e014000cc
:10b8a800ae8148000200be006601070050079800fc
:10b8b800610798005e009000ee009000be0f5000f7
:10b8c800ae8f5800010032005fff07002200200001
:10b8d800030020001e0f41005e974900f03f200042
:10b8e800010020001e01be00800f5100818f590009
:10b8f800e8ff36000080fa00000006000000fa00a9
:10b9080053ff0700b3ff07000080fa00000006009d
:10b918000000fa0060c02100d00c8800f00120006f
:10b92800e00c880000002800f00c880000052000ca
:10b93800000d8800d00c800000407800674060004f
:10b948000080fb00e04b88000080fa000000060041
:10b958000000fa000080fa00000006000000fa006b
:10b968002104800000042000008060000000e00046
:10b9780002003200f6ff070084c0a9000080fa0028
:10b98800000006000000fa00e04b8000004078004c
:10b99800674060000080fb0067006000d20c8000f8
:10b9a80081ff2f008100610001007000d00c880029
:10b9b8000080fa00000006000000fa00d10c8000a8
:10b9c80080ff2f0000806000d00c88000080fa0003
:10b9d800000006000200fa00000f78009e007800c0
:10b9e800f10c88000080fa00000006000200fa004e
:10b9f800000f78009e007800010d88000080fa0092
:10ba0800000006000000fa00200480004600de0066
:10ba1800614060000080fb0000f0a7000000ea0021
:10ba28000000ea004f00de00004078000080fa00c5
:10ba3800000006000400fa00100798001e0090009d
:10ba4800e10f50000f003200e10f500003003900f1
:10ba5800e20f5000150032001e003700d00c8000a5
:10ba68004400de00614060000080fb0000f0a70099
:10ba78000000ea000000ea004f00de00004f7800f6
:10ba880014003700d00c80004500de0061406000e3
:10ba98000080fb0000f0a7000000ea000000ea00b8
:10baa8004f00de00004f78000a003700d00c8000fd
:10bab8004600de00614060000080fb0000f0a70047
:10bac8000000ea000000ea004f00de00004f7800a6
:10bad800000000001e4078000080fa000000060008
:10bae8000200fa00000f78001e007800e10f5000f5
:10baf80007003200e10f500003003900e20f500048
:10bb080005003200060037009a81a90004003700ba
:10bb18009aa1a900020037009ac1a90000000000fc
:10bb28000080fa00000006000000fa009cc1a8008e
:10bb38000080fa00000006000000fa00e00c800017
:10bb48004600de00614060000080fb0000f0a700b6
:10bb58000000ea000000ea004f00de000040780024
:10bb68000080fa00000006000000fa009cc1a9004d
:10bb78000080fa00000006000000fa00e0c0210082
:10bb8800800c8800f0012000900c8800000820003c
:10bb9800a00c8800f00f2000b00c8800800c8000fa
:10bba80000407800674060000080fb00c04b8800c0
:10bbb8000080fa00000006000000fa000080fa0089
:10bbc800000006000000fa00200480006400600005
:10bbd8000000e00002003200f7ff07008440a900df
:10bbe8000080fa00000006000000fa00c04b800048
:10bbf80000407800674060000080fb00670060003c
:10bc0800820c800081ff2f0081006100010070001c
:10bc1800800c88000080fa00000006000000fa008e
:10bc2800810c800080ff2f0000806000800c88005d
:10bc38000080fa00000006000200fa00000f7800f9
:10bc48009e007800a10c88000080fa000000060021
:10bc58000200fa00000f78009e007800b10c8800fe
:10bc68000080fa00000006000000fa0020048000ae
:10bc78004200de00614060000080fb0000f0a70089
:10bc88000000ea000000ea004f00de0000407800f3
:10bc98000080fa00000006000400fa00100798006f
:10bca8001e009000e10f50000f003200e10f50001d
:10bcb80003003900e20f5000150032001e00370063
:10bcc800800c80004400de00614060000080fb00c2
:10bcd80000f0a7000000ea000000ea004f00de00c4
:10bce800004f780014003700800c80004500de000b
:10bcf800614060000080fb0000f0a7000000ea003f
:10bd08000000ea004f00de00004f78000a0037000c
:10bd1800800c80004600de00614060000080fb006f
:10bd280000f0a7000000ea000000ea004f00de0073
:10bd3800004f7800000000001e4078000080fa00e4
:10bd4800000006000200fa00000f78001e007800cc
:10bd5800e10f500007003200e10f500003003900e6
:10bd6800e20f500005003200060037009081a9005c
:10bd78000400370090a1a9000200370090c1a90073
:10bd8800000000000080fa00000006000000fa0031
:10bd980092c1a8000080fa00000006000000fa0026
:10bda800900c80004600de00614060000080fb00cf
:10bdb80000f0a7000000ea000000ea004f00de00e3
:10bdc800004078000080fa00000006000000fa0039
:0cbdd80092c1a9000080fa0000000600e3
:020000040000fa
:10bde4000000fe0062c520000019780001097800f7
:10bdf400000006000000fe000000eb008000eb00e5
:10be0400f8ff07006627ef00000006000000fe00b0
:10be1400801f7800811f780061c520000600fc00a7
:10be240031007800303b880011007800303b8800f6
:10be340061e7a8000000000000000000cf007800c7
:10be44004f00780000000600a2028000a1028800d2
:10be54009080ba001000ba00a20288000000060018
:10be6400a2028000a10288001000ba00a202880089
:10be7400000006000000fe0061e7af00feff37008f
:10be8400f23f2000000161000c003a00220424006b
:10be9400023b8800a2028000a10288000008bb00c7
:10bea4000a5f02000000000061e7af00feff3700f8
:10beb400a20288001000200061a7af00000020004b
:10bec4000000060061e7af00feff37000000a70096
:10bed4000d003700a4028000a10288003100240074
:10bee400013b88000208bb000388bb000a5f020014
:10bef4000000000061e7af00feff3700a4028800e5
:10bf04001000200061a7af00000020000000060020
:10bf140061e7af00feff37000000a7000e00370006
:10bf240033002400033b8800a3028000a1028800a0
:10bf34000208bb00f20f20000288bb000a5f020067
:10bf44000000000061e7af00feff3700a302880095
:10bf54001000200061a7af000000200000000600d0
:10bf640061e7af00feff3700f30720008081610026
:10bf740010003a0013002400033b8800a302800051
:10bf8400a1028800040420003208bb003298bb00e0
:10bf94001400b100fcff3a000a5f02000000000038
:10bfa40061e7af00feff3700a30288001000200005
:10bfb40061a7af00000020000000060061e7af00a9
:10bfc400feff3700f30720008081610011003a0072
:10bfd40013002400033b8800a3028000a102880010
:10bfe40004042000f10f20003208bb000198bb00bc
:10bff4001400b100fcff3a000a5f020000000000d8
:10c0040061e7af00feff3700a302880010002000a4
:10c0140061a7af000000200000000600f23f2000ee
:10c02400000061000000060002c02f000000610053
:0cc03400f2ff2f008100610000000600f8
:020000040000fa
:10c040000400fa00008fbe0017e2a9001e00be0027
:10c0500000004000818048000001be0000902000e8
:10c06000d103200069d30700000078000000e90038
:10c07000a010880017e2a80000a82100610020009d
:10c08000890307000080fa00000006000000fa00a3
:10c090001602a80000000000b010800061006000df
:10c0a0000000e000fcff3a000080fa0000000600fb
:10c0b0000000fa001642a80000000000b010800046
:10c0c000640060000000e000fcff3a000080fa001d
:10c0d000000006000000fa001622a8000000000080
:10c0e000b0108000620060000000e000fcff3a0039
:10c0f0000080fa00000006000200fa00004f7800fd
:10c100001e80fb009010880000000000c11080001d
:10c1100000002400008060000000e000fbff3a0007
:10c12000c1108000000028000080600000f0a7001f
:10c130000000ea000000e9004f00de000040780047
:10c140000080fa00000006000400fa002047980072
:10c150001662a80000000000c010800062006000ad
:10c160000000e000fcff320000108000004f78006b
:10c170002e4090000004e000020032000040eb007e
:10c180000100370010c0b3000080fb0061006000b8
:10c190004500dd00b11080000150a10001007000d9
:10c1a000b01088001682a80000000000b0108000c7
:10c1b000700060000000e000fcff3a001e407800c4
:10c1c0000080fa00000006000400fa00008fbe00a4
:10c1d00007e2a9001e00be00000040008180480068
:10c1e0000001be0000902000d103200007d307000b
:10c1f000000078000000e9002010880007e2a80095
:10c2000000fa200001002000270307000080fa0048
:10c21000000006000000fa000602a800000000006e
:10c2200030108000610060000000e000fcff3a0078
:10c230000080fa00000006000000fa000642a80094
:10c240000000000030108000640060000000e0008a
:10c25000fcff3a000080fa00000006000000fa002f
:10c260000622a8000000000030108000620060007c
:10c270000000e000fcff3a000080fa000000060029
:10c280000200fa00004f78001e80fb0010108800aa
:10c2900000000000411080000000240000806000c9
:10c2a0000000e000fbff3a00411080000000280081
:10c2b0000080600000f0a7000000ea000000e90034
:10c2c0004f00de00004078000080fa000000060009
:10c2d0000400fa00204798000662a8000000000051
:10c2e00040108000620060000000e000fcff3200af
:10c2f00000108000004f78002e4090000004e00005
:10c30000020032000040eb000100370010c0b30013
:10c310000080fb00610060004500dd0031108000fe
:10c320000150a10001007000301088000682a800b2
:10c330000000000030108000700060000000e0008d
:10c34000fcff3a001e4078000080fa000000060062
:10c350000000fa008003200020168800cc22ef00a5
:10c3600000002200a0168800a0d62000e016880059
:10c37000e422ef00ec22ef00c0202000a01788008c
:10c38000f06e2c00001688000080eb00401688003c
:10c39000a00021008016880070cb2f00c0168800f6
:10c3a000f031200000178800e822ef003010230051
:10c3b000801788005620ef005820ef005a20ef0029
:10c3c0005c20ef005e20ef006020ef006e20ef00a9
:10c3d0007020ef007220ef007420ef007620ef0055
:10c3e0007820ef00c622ef00ce22ef00d622ef0029
:10c3f000de22ef00e622ef00ee22ef00f622ef0051
:10c40000e024ef00c03f200010278800e424ef0064
:10c4100000c020003027880000202000402788002e
:10c42000ec24ef00113a8000f00b20000081600046
:10c4300060042000710520002374200080497800ea
:10c440008149780082497800d1368000f00f2c00b5
:10c45000808060000030200001007000d03688002d
:10c46000a1368000f00f2c00808060000030210099
:10c4700001007000a03688001136800000fc2f00fb
:10c48000008060002001b300103688002135800054
:10c4900000fc2f00008060003001b30020358800d0
:10c4a000103a8000000178000260a00060042000c3
:10c4b00071052000237420008049780081497800ac
:10c4c000824978000080fa00000006000000fa00af
:10c4d0000a21ef00c0302000700888000003280007
:10c4e00090088800b04b80000000e00002003a0095
:10c4f000e02b2600240007008500a9009500a80075
:10c50000e0c520008040eb00014878000080fa0080
:10c51000000006000200fa00000f78009e0078007c
:10c5200071088800e0c520008040eb0001487800d9
:10c530000080fa00000006000000fa007008800089
:10c540000080fa00000006000200fa00000f7800e8
:10c550009e00780051088800e0c520008040eb0074
:10c56000014878000080fa00000006000000fa0090
:10c57000500880000080fa00000006000000fa0069
:10c580000080fa00000006000200fa00000f7800a8
:10c590009500a9009e007800b14b88009500a80086
:10c5a0000080fa00000006000000fa00e0c520004c
:10c5b0008040eb00014878009500a80013e1a80036
:10c5c0000080fa00000006000000fa0013e1a90054
:10c5d0009500a9000080fa00000006000200fa00a1
:10c5e000e0c52000104f78001e4078000004e000f5
:10c5f00003003200e0c520008040eb0001487800d5
:10c600001e4078000080fa00000006000000fa00da
:10c61000f0c52000104078000080fb000080fa0088
:10c62000000006000000fa00f0c520008040eb008a
:10c63000014878000080fa00000006000000fa00bf
:10c640000621ef0090862100600888000002280083
:10c6500080088800004c80000000e00002003a00e2
:10c66000603726002400070084e0a90094e0a800b9
:10c6700000c620008040eb00014878000080fa00ee
:10c68000000006000200fa00000f78009e0078000b
:10c690006108880000c620008040eb000148780057
:10c6a0000080fa00000006000000fa006008800028
:10c6b0000080fa00000006000200fa00000f780077
:10c6c0009e0078003108880000c620008040eb0002
:10c6d000014878000080fa00000006000000fa001f
:10c6e000300880000080fa00000006000000fa0018
:10c6f0000080fa00000006000200fa00000f780037
:10c7000094e0a9009e007800014c880094e0a80005
:10c710000080fa00000006000000fa0000c62000b9
:10c720008040eb000148780094e0a80011e1a800e7
:10c730000080fa00000006000000fa0011e1a900e4
:10c7400094e0a9000080fa00000006000200fa0050
:10c7500000c62000104f78001e4078000004e00062
:10c760000300320000c620008040eb000148780042
:10c770001e4078000080fa00000006000000fa0069
:10c7800010c62000104078000080fb000080fa00f6
:10c79000000006000000fa0010c620008040eb00f8
:10c7a000014878000080fa00000006000000fa004e
:10c7b0000021ef00f07c2000100888000000280015
:10c7c00020088800104c80000000e00002003a00c1
:10c7d000e0422600240007008460a9009460a800bd
:10c7e00020c620008040eb00014878000080fa005d
:10c7f000000006000200fa00000f78009e0078009a
:10c800001108880020c620008040eb000148780015
:10c810000080fa00000006000000fa001008800006
:10c820000080fa00000006000200fa00000f780005
:10c830009e0078000108880020c620008040eb00a0
:10c84000014878000080fa00000006000000fa00ad
:10c85000000880000080fa00000006000000fa00d6
:10c860000080fa00000006000200fa00000f7800c5
:10c870009460a9009e007800114c88009460a80084
:10c880000080fa00000006000000fa0020c6200028
:10c890008040eb00014878009460a80005e1a80002
:10c8a0000080fa00000006000000fa0005e1a9007f
:10c8b0009460a9000080fa00000006000200fa005f
:10c8c00020c62000104f78001e4078000004e000d1
:10c8d0000300320020c620008040eb0001487800b1
:10c8e0001e4078000080fa00000006000000fa00f8
:10c8f00030c62000104078000080fb000080fa0065
:10c90000000006000000fa0030c620008040eb0066
:10c91000014878000080fa00000006000000fa00dc
:10c920001421ef0080d02300d008880000032800e5
:10c93000f0088800204c80000000e00002003a006f
:10c94000604e2600240007008760a9009760a800b9
:10c9500040c620008040eb00014878000080fa00cb
:10c96000000006000200fa00000f78009e00780028
:10c97000d108880040c620008040eb0001487800c4
:10c980000080fa00000006000000fa00d0088000d5
:10c990000080fa00000006000200fa00000f780094
:10c9a0009e007800a108880040c620008040eb006f
:10c9b000014878000080fa00000006000000fa003c
:10c9c000a00880000080fa00000006000000fa00c5
:10c9d0000080fa00000006000200fa00000f780054
:10c9e0009760a9009e007800214c88009760a800fd
:10c9f0000080fa00000006000000fa0040c6200097
:10ca00008040eb00014878009760a8001fe1a80073
:10ca10000080fa00000006000000fa001fe1a900f3
:10ca20009760a9000080fa00000006000200fa00ea
:10ca300040c62000104f78001e4078000004e0003f
:10ca40000300320040c620008040eb00014878001f
:10ca50001e4078000080fa00000006000000fa0086
:10ca600050c62000104078000080fb000080fa00d3
:10ca7000000006000000fa0050c620008040eb00d5
:10ca8000014878000080fa00000006000000fa006b
:10ca900030402000000a8800c0002000100a8800f2
:10caa000000a800000407800674060000080fb00c2
:10cab000f04b88000080fa00000006000000fa0039
:10cac0000080fa00000006000000fa002004800048
:10cad000620060000000e00002003200f7ff070083
:10cae0008420a9000080fa00000006000000fa007f
:10caf000f04b800000407800674060000080fb0041
:10cb000067006000020a800081ff2f008100610041
:10cb100001007000000a88000080fa000000060092
:10cb20000000fa00010a800080ff2f0000806000f2
:10cb3000000a88000080fa00000006000000fa00e9
:10cb4000200a80000080fa00000006000000fa00c1
:10cb500042c1a8000080fa00000006000000fa00b0
:10cb6000100a80004600de00614060000080fb008b
:10cb700000f0a7000000ea000000ea004f00de001d
:10cb8000004078000080fa00000006000000fa0073
:10cb900042c1a9000080fa00000006000000fa006f
:10cba000000a80004400de00614060000080fb005d
:10cbb00000f0a7000000ea000000ea004f00de00dd
:10cbc000004078000080fa00000006000000fa0033
:10cbd000000a80006800600000f0a7000000ea0082
:10cbe0000000e9004f00de00004078000080fa00fd
:10cbf000000006000000fa0040002800001a88002b
:10cc000080432000101a880010002000201a88009d
:10cc10004823ef0000f22700701a8800403f2000f0
:10cc2000801a88005223ef005423ef005623ef00b0
:10cc30005823ef006023ef006223ef006423ef002e
:10cc4000de24ef00c06226000600070095a0a800c1
:10cc50000080fa00000006000000fa000080fa00e0
:10cc6000000006000200fa00000f78001e007800a5
:10cc7000d04b88000080fa00000006000000fa0097
:10cc80004023a8000080fa00000006000000fa001f
:10cc90004023a9000080fa00000006000800fa0006
:10cca00030079800101a80004200de007f406000cc
:10ccb0000080fb002007980000302000100798003b
:10ccc0000000eb00000f78000b0037001e0078001a
:10ccd00000004000be009000008040009e009000d8
:10cce00091007800010878001e0090000080e800a4
:10ccf000100798001e0fe8009e0078002e0090009c
:10cd0000808f5000f1ff36001e0078000080fa008e
:04cd10000000060019
:020000040000fa
:10cd14000200fa00000f78000300370000fa200038
:10cd2400010020005f0007001e00780000f0a7004b
:10cd34000000ea000000ea004f00de000040780036
:10cd44001e0fe9000004e000f4ff3a000080fa003e
:10cd5400000006000200fa00000f7800050037000a
:10cd640000082000010020004e00070001fe2f00f3
:10cd74001e8f40001e007800ff0f5000f8ff3e0099
:10cd84000300370040002000010020004500070098
:10cd94001e00780000f0a7000000ea000000ea008e
:10cda4004f00de00004078001e0fe9000004e000a0
:10cdb400f4ff3a000080fa00000006000000fa00c8
:10cdc40000002300203a88004827ef004e27ef0098
:10cdd4007027ef007227ef007427ef007627ef002b
:10cde4007a27ef007c27ef007200200080072000e4
:10cdf400a10920003374200080497800814978001b
:10ce0400824978000001eb006004200071052000d5
:10ce14002374200080497800814978008249780091
:10ce24000080fa00000006000000fa0047fd070039
:10ce3400e2ff07002bf6070070f80700b6fe0700b4
:10ce44004efb0700fcfd07007cfc0700ddfc07002f
:10ce540067ff07009cfd0700aefa07000aff070002
:10ce640051fe07000080fa00000006000200fa00ec
:10ce7400000f78009e007800a14b88000000fe009f
:10ce84000080fa00000006000000fa0060c02000e4
:10ce940080077800e0c12000000188000080fa00cb
:04cea4000000060084
:020000040000fa
:10cea800f03fb1000180b10006003500ee03090033
:10ceb80000000000403fb1000180b100fbff3d00d1
:10cec8001000b000203fb0000200350000800900cb
:08ced80000000000000006004c
:020000040000fa
:10cee000809fbe00ec80570031007800804b8800a6
:10cef0001100780072e9b7004f00be000000060084
:020000040000fa
:020000040002f8
:04aff000ffff00005f
:020000040000fa
:020000040002f8
:04aff400fffe00005c
:020000040000fa
:020000040002f8
:04aff8009f7f000037
:020000040000fa
:020000040002f8
:04affc00803f000092
:00000001FF
