:020000040000fa
:080000000002040000000000f2
:020000040000fa
:0400080030050000bf
:020000040000fa
:04000c0044030000a9
:020000040000fa
:040010008603000063
:020000040000fa
:040014006403000081
:020000040000fa
:04001800a60300003b
:020000040000fa
:04001c0030050000ab
:020000040000fa
:0400200030050000a7
:020000040000fa
:0400240030050000a3
:020000040000fa
:04002800300500009f
:020000040000fa
:04002c00300500009b
:020000040000fa
:040030003005000097
:020000040000fa
:040034007204000052
:020000040000fa
:04003800300500008f
:020000040000fa
:04003c00300500008b
:020000040000fa
:040040003005000087
:020000040000fa
:040044003c04000078
:020000040000fa
:04004800c6030000eb
:020000040000fa
:04004c00300500007b
:020000040000fa
:040050003005000077
:020000040000fa
:04005400c6040000de
:020000040000fa
:04005800a8040000f8
:020000040000fa
:04005c00fc030000a1
:020000040000fa
:040060003005000067
:020000040000fa
:040064003005000063
:020000040000fa
:04006800300500005f
:020000040000fa
:04006c00300500005b
:020000040000fa
:040070003005000057
:020000040000fa
:040074003005000053
:020000040000fa
:04007800300500004f
:020000040000fa
:04007c00300500004b
:020000040000fa
:040080003005000047
:020000040000fa
:040084003005000043
:020000040000fa
:04008800300500003f
:020000040000fa
:04008c00300500003b
:020000040000fa
:040090003005000037
:020000040000fa
:04009400fa0400006a
:020000040000fa
:04009800300500002f
:020000040000fa
:04009c00300500002b
:020000040000fa
:0400a0003005000027
:020000040000fa
:0400a4003005000023
:020000040000fa
:0400a800300500001f
:020000040000fa
:0400ac00300500001b
:020000040000fa
:0400b0003005000017
:020000040000fa
:0400b4003005000013
:020000040000fa
:0400b800300500000f
:020000040000fa
:0400bc00300500000b
:020000040000fa
:0400c0003005000007
:020000040000fa
:0400c4003005000003
:020000040000fa
:0400c80030050000ff
:020000040000fa
:0400cc0030050000fb
:020000040000fa
:0400d00030050000f7
:020000040000fa
:0400d40030050000f3
:020000040000fa
:0400d80030050000ef
:020000040000fa
:0400dc0030050000eb
:020000040000fa
:0400e00030050000e7
:020000040000fa
:0400e40030050000e3
:020000040000fa
:0400e80030050000df
:020000040000fa
:0400ec0030050000db
:020000040000fa
:0400f00030050000d7
:020000040000fa
:0400f40030050000d3
:020000040000fa
:0400f80030050000cf
:020000040000fa
:0400fc0030050000cb
:020000040000fa
:0401000030050000c6
:020000040000fa
:0401040030050000c2
:020000040000fa
:0401080030050000be
:020000040000fa
:04010c0030050000ba
:020000040000fa
:0401100030050000b6
:020000040000fa
:0401140030050000b2
:020000040000fa
:0401180030050000ae
:020000040000fa
:04011c0030050000aa
:020000040000fa
:0401200030050000a6
:020000040000fa
:0401240030050000a2
:020000040000fa
:04012800300500009e
:020000040000fa
:04012c00e4040000e7
:020000040000fa
:040130003005000096
:020000040000fa
:040134003005000092
:020000040000fa
:04013800300500008e
:020000040000fa
:04013c00300500008a
:020000040000fa
:040140003005000086
:020000040000fa
:040144003005000082
:020000040000fa
:04014800300500007e
:020000040000fa
:04014c00300500007a
:020000040000fa
:040150003005000076
:020000040000fa
:040154003005000072
:020000040000fa
:04015800300500006e
:020000040000fa
:04015c00300500006a
:020000040000fa
:040160003005000066
:020000040000fa
:040164003005000062
:020000040000fa
:04016800300500005e
:020000040000fa
:04016c00300500005a
:020000040000fa
:040170003005000056
:020000040000fa
:040174003005000052
:020000040000fa
:04017800300500004e
:020000040000fa
:04017c00300500004a
:020000040000fa
:040180003005000046
:020000040000fa
:040184003005000042
:020000040000fa
:04018800300500003e
:020000040000fa
:04018c00300500003a
:020000040000fa
:040190003005000036
:020000040000fa
:040194003005000032
:020000040000fa
:04019800300500002e
:020000040000fa
:04019c00300500002a
:020000040000fa
:0401a0003005000026
:020000040000fa
:0401a4003005000022
:020000040000fa
:0401a800300500001e
:020000040000fa
:0401ac00300500001a
:020000040000fa
:0401b0003005000016
:020000040000fa
:0401b4003005000012
:020000040000fa
:0401b800300500000e
:020000040000fa
:0401bc00300500000a
:020000040000fa
:0401c0003005000006
:020000040000fa
:0401c4003005000002
:020000040000fa
:0401c80030050000fe
:020000040000fa
:0401cc0030050000fa
:020000040000fa
:0401d00030050000f6
:020000040000fa
:0401d40030050000f2
:020000040000fa
:0401d80030050000ee
:020000040000fa
:0401dc0030050000ea
:020000040000fa
:0401e00030050000e6
:020000040000fa
:0401e40030050000e2
:020000040000fa
:0401e80030050000de
:020000040000fa
:0401ec0030050000da
:020000040000fa
:0401f00030050000d6
:020000040000fa
:0401f40030050000d2
:020000040000fa
:0401f80030050000ce
:020000040000fa
:0401fc0030050000ca
:020000040000fa
:0402080030050000bd
:020000040000fa
:04020c0044030000a7
:020000040000fa
:040210008603000061
:020000040000fa
:04021400640300007f
:020000040000fa
:04021800a603000039
:020000040000fa
:04021c0030050000a9
:020000040000fa
:0402200030050000a5
:020000040000fa
:0402240030050000a1
:020000040000fa
:04022800300500009d
:020000040000fa
:04022c003005000099
:020000040000fa
:040230003005000095
:020000040000fa
:040234007204000050
:020000040000fa
:04023800300500008d
:020000040000fa
:04023c003005000089
:020000040000fa
:040240003005000085
:020000040000fa
:040244003c04000076
:020000040000fa
:04024800c6030000e9
:020000040000fa
:04024c003005000079
:020000040000fa
:040250003005000075
:020000040000fa
:04025400c6040000dc
:020000040000fa
:04025800a8040000f6
:020000040000fa
:04025c00fc0300009f
:020000040000fa
:040260003005000065
:020000040000fa
:040264003005000061
:020000040000fa
:04026800300500005d
:020000040000fa
:04026c003005000059
:020000040000fa
:040270003005000055
:020000040000fa
:040274003005000051
:020000040000fa
:04027800300500004d
:020000040000fa
:04027c003005000049
:020000040000fa
:040280003005000045
:020000040000fa
:040284003005000041
:020000040000fa
:04028800300500003d
:020000040000fa
:04028c003005000039
:020000040000fa
:040290003005000035
:020000040000fa
:04029400fa04000068
:020000040000fa
:04029800300500002d
:020000040000fa
:04029c003005000029
:020000040000fa
:0402a0003005000025
:020000040000fa
:0402a4003005000021
:020000040000fa
:0402a800300500001d
:020000040000fa
:0402ac003005000019
:020000040000fa
:0402b0003005000015
:020000040000fa
:0402b4003005000011
:020000040000fa
:0402b800300500000d
:020000040000fa
:0402bc003005000009
:020000040000fa
:0402c0003005000005
:020000040000fa
:0402c4003005000001
:020000040000fa
:0402c80030050000fd
:020000040000fa
:0402cc0030050000f9
:020000040000fa
:0402d00030050000f5
:020000040000fa
:0402d40030050000f1
:020000040000fa
:0402d80030050000ed
:020000040000fa
:0402dc0030050000e9
:020000040000fa
:0402e00030050000e5
:020000040000fa
:0402e40030050000e1
:020000040000fa
:0402e80030050000dd
:020000040000fa
:0402ec0030050000d9
:020000040000fa
:0402f00030050000d5
:020000040000fa
:0402f40030050000d1
:020000040000fa
:0402f80030050000cd
:020000040000fa
:0402fc0030050000c9
:020000040000fa
:0403000030050000c4
:020000040000fa
:0403040030050000c0
:020000040000fa
:0403080030050000bc
:020000040000fa
:04030c0030050000b8
:020000040000fa
:0403100030050000b4
:020000040000fa
:0403140030050000b0
:020000040000fa
:0403180030050000ac
:020000040000fa
:04031c0030050000a8
:020000040000fa
:0403200030050000a4
:020000040000fa
:0403240030050000a0
:020000040000fa
:04032800300500009c
:020000040000fa
:04032c00e4040000e5
:020000040000fa
:040330003005000094
:020000040000fa
:040334003005000090
:020000040000fa
:04033800300500008c
:020000040000fa
:04033c003005000088
:020000040000fa
:040340003005000084
:020000040000fa
:040344003005000080
:020000040000fa
:04034800300500007c
:020000040000fa
:04034c003005000078
:020000040000fa
:040350003005000074
:020000040000fa
:040354003005000070
:020000040000fa
:04035800300500006c
:020000040000fa
:04035c003005000068
:020000040000fa
:040360003005000064
:020000040000fa
:040364003005000060
:020000040000fa
:04036800300500005c
:020000040000fa
:04036c003005000058
:020000040000fa
:040370003005000054
:020000040000fa
:040374003005000050
:020000040000fa
:04037800300500004c
:020000040000fa
:04037c003005000048
:020000040000fa
:040380003005000044
:020000040000fa
:040384003005000040
:020000040000fa
:04038800300500003c
:020000040000fa
:04038c003005000038
:020000040000fa
:040390003005000034
:020000040000fa
:040394003005000030
:020000040000fa
:04039800300500002c
:020000040000fa
:04039c003005000028
:020000040000fa
:0403a0003005000024
:020000040000fa
:0403a4003005000020
:020000040000fa
:0403a800300500001c
:020000040000fa
:0403ac003005000018
:020000040000fa
:0403b0003005000014
:020000040000fa
:0403b4003005000010
:020000040000fa
:0403b800300500000c
:020000040000fa
:0403bc003005000008
:020000040000fa
:0403c0003005000004
:020000040000fa
:0403c4003005000000
:020000040000fa
:0403c80030050000fc
:020000040000fa
:0403cc0030050000f8
:020000040000fa
:0403d00030050000f4
:020000040000fa
:0403d40030050000f0
:020000040000fa
:0403d80030050000ec
:020000040000fa
:0403dc0030050000e8
:020000040000fa
:0403e00030050000e4
:020000040000fa
:0403e40030050000e0
:020000040000fa
:0403e80030050000dc
:020000040000fa
:0403ec0030050000d8
:020000040000fa
:0403f00030050000d4
:020000040000fa
:0403f40030050000d0
:020000040000fa
:0403f80030050000cc
:020000040000fa
:0403fc0030050000c8
:020000040000fa
:100400000fc720000e7f22000e01880000000000b0
:10041000000020000000e000020032000001200087
:100420002002880014000700400207000000e000de
:1004300003003a004032250001002000020037008e
:100440000000200001002000810f70000100320038
:1004500014000700000020000000e000020032004d
:1004600000000200000000003c4502000000000007
:100470000040da000000fe004440a900a042200035
:100480000000e000030032000020200090018800fe
:100490004440a800000006008a1f78008b1f7800e7
:1004a00000000600a1028800800478000000eb0034
:1004b0001f003700e284440054a0b4009905ba003c
:1004c000e284440054a0b4009906ba00e2844400d7
:1004d00054a0b4000006eb00476fde00fd07b20039
:1004e000ae018800636ce10003003a00eaff0700f8
:1004f0000000eb000e003700606ce10008003a00dd
:10050000004deb000a05e800020039003420ec0041
:100510000af0a0008b05e900f9ff3e000400370057
:100520006168e100010032000086eb000b0007006b
:1005300019c7ba001905ba000e04e00003003a001a
:100540000a00e000dbff3a0000000600fe07b200f0
:10055000ae0288008a047800f5ff37000cd0a300b3
:10056000e20f4d001c00390089027800354dba00b9
:100570000a05e800020039003420ec000af0a0006f
:100580008b05e9000f003200254dba000a05e8008e
:10059000020039003420ec000af0a0008b05e900cd
:1005a000080032000c00e0000600320015cdba0051
:1005b0000a05e800020039003420ec000af0a0002f
:1005c0008b05e9008984e80054a0b4000b00e0002a
:1005d000e2ff3a00000006009902ba00055d7800cb
:1005e0008b05e900f7ff3200c82ade00055d7800c0
:1005f0008b05e900f3ff32000c00e000f1ff320050
:1006000019ddba00eeff37004c5d04000000000069
:10061000944b040000000000045e04000000000091
:10062000bc5e040000000000405004000000000018
:100630009050040000000000745f040000000000ff
:10064000c040040000000000da15040000000000b3
:10065000ae2e0400000000008c30040000000000fa
:10066000382f040000000000a82f04000000000044
:100670003c30040000000000000004000000000006
:10068000ae2e0400000000003600f800809fbe007f
:10069000829fbe00849fbe00869fbe000000fa00bd
:1006a0008020a9000000eb00322f07000080fa0034
:1006b0004f03be004f02be004f01be004f00be0000
:1006c0003600f900004006003600f800809fbe00aa
:1006d000829fbe00849fbe00869fbe000000fa007d
:1006e0002b2f07008040a90010002000212f0700b9
:1006f0000080fa004f03be004f02be004f01be0053
:100700004f00be003600f900004006003600f80039
:10071000809fbe00829fbe00849fbe00869fbe0059
:100720000000fa008060a90020002000112f0700bf
:100730000080fa004f03be004f02be004f01be0012
:100740004f00be003600f900004006003600f800f9
:10075000809fbe00829fbe00849fbe00869fbe0019
:100760000000fa008080a90030002000012f07005f
:100770000080fa004f03be004f02be004f01be00d2
:100780004f00be003600f900004006003600f800b9
:10079000809fbe00829fbe00849fbe00869fbe00d9
:1007a0000000fa00c04b80000000e00002003200b0
:1007b000c04b80000000010010c6200010407800ef
:1007c0008040e80010c620000148780000c62000e4
:1007d00011c0b300014878008500a9000080fa002c
:1007e0004f03be004f02be004f01be004f00be00cf
:1007f0003600f900004006003600f800809fbe0079
:10080000829fbe00849fbe00869fbe003200f8001b
:100810003400f80010002000a00188000020200013
:10082000900188000000fa002104800000002200ee
:10083000008060000000e00006003200e04b800015
:100840000000e00002003200e04b800000000100e8
:1008500085a0a9000080fa003400f9003200f900f8
:100860004f03be004f02be004f01be004f00be004e
:100870003600f900004006003600f800809fbe00f8
:10088000829fbe00849fbe00869fbe000000fa00cb
:10089000104c80000000e00002003200104c80008c
:1008a0000000010030c62000104078008040e800c1
:1008b00030c620000148780020c6200011c0b300d7
:1008c0000148780084e0a9000080fa004f03be00d0
:1008d0004f02be004f01be004f00be003600f900bf
:1008e000004006003600f800809fbe00829fbe00d8
:1008f000849fbe00869fbe000000fa00204c80004e
:100900000000e00002003200204c800000000100e6
:1009100050c62000104078008040e80050c62000fb
:100920000148780040c6200011c0b300014878009b
:100930008460a9000080fa004f03be004f02be0091
:100940004f01be004f00be003600f9000040060017
:100950003600f800809fbe00829fbe00849fbe00cc
:10096000869fbe000000fa00704b8000000001006e
:100970000080fa004f03be004f02be004f01be00d0
:100980004f00be003600f900004006003600f800b7
:10099000809fbe00829fbe00849fbe00869fbe00d7
:1009a0000000fa00804b8000000001000080fa0087
:1009b0004f03be004f02be004f01be004f00be00fd
:1009c0003600f90000400600801f78000000fa00a1
:1009d00010118000620060000000e00001003200a1
:1009e0002222a9008c20a9000080fa004f00780084
:1009f000004006003600f800809fbe00829fbe00c7
:100a0000849fbe00869fbe000000fa00304c80002c
:100a10000000e00002003200304c800000000100c5
:100a200070c62000104078008040e80070c62000aa
:100a30000148780060c6200011c0b300014878006a
:100a40008760a9000080fa004f03be004f02be007d
:100a50004f01be004f00be003600f9000040060006
:100a60000040da000000fe000a00fa000000e0008a
:100a700037003a0063638000e18f510003003200c9
:100a8000e28f51000e003a000900370000222000da
:100a90000000e00001003a000040da002002e2001d
:100aa0000b0035002822ef0021e2a80008003700e3
:100ab000002320000000e00001003a000040da00be
:100ac0003002e200020035003822ef0031e2a800d7
:100ad000020078001a003700040a2000e18f51005c
:100ae0000b003a00030037000402e90002003a005c
:100af00003003700040a20002202ab00faff320094
:100b000014118000050037000402e90002003200e1
:100b10003202ab00fcff32009411800061026200df
:100b200009003200e18f510002003a0034118000c8
:100b300001003700b4118000845878000000e900fb
:100b40000000e000e4ff3a00000051000800370018
:100b500023002000b3bf9f00c0bf9f00d1bf9f00f4
:100b6000e2bf9f006a805700d51607006fb8970054
:100b70000080fa00000006000a00fa0011002000c0
:100b8000b1bf9f00c0bf9f006a805700ce1607000c
:100b90004fb897000080fa00000006000a00fa0033
:100ba000e20f500034003e0060638000e10f50000f
:100bb00003003200e20f500011003a000c00370031
:100bc000032220000300e00001003a000040da00a8
:100bd0002002e200020035002822ef0021e2a800f6
:100be0002342ab000d003a002342a8000b0037005f
:100bf000032320000300e00001003a000040da0077
:100c00003002e200020035003822ef0031e2a80095
:100c10003342ab0001003a003342a8008201780061
:100c20000b0037003102fb00e10f500004003a00d6
:100c30002322ab00feff3a00241188000300370096
:100c40003322ab00feff3a00a41188008301e900c3
:100c50000300e000f3ff3a00e10f500003003a0008
:100c60002302ab00feff32000b0037003302ab0063
:100c7000feff32000800370033002000b3bf9f00a2
:100c8000c0bf9f00d1bf9f00e2bf9f006a80570096
:100c90008f1607006fb99700020078000080fa00f5
:100ca00000000600889fbe0080047800706380000a
:100cb0000000e00005003a000000eb000e00070015
:100cc0000084eb000000e00008003500786380003d
:100cd0000900e0000500320009004400060007009a
:100ce0000000e00001003d000084eb0008007800f7
:100cf0004f04be0000000600800078000100e00004
:100d000003003a0000002000706388000000050026
:100d10000080eb0002002000828f500002003e00a5
:100d2000716388000000eb00000006000000050071
:100d3000140020009a033700f4ff2f0098033700b7
:100d40000001be001c0007000470a70003f0a10012
:100d500003f8a30013003a006509b1001000320047
:100d6000090035006928e100020035000100280073
:100d70000000050000004000818048008502e90075
:100d8000fcff3a0000000600f88f42000500350025
:100d90008100d1000080d3008502e800fcff3a000a
:100da000000006008000eb00000005004f89de0017
:100db0008201780095033700c70ade00f107b20010
:100dc000f50fb20008003200e1cf4200020032000d
:100dd0000170a00024000500810f700001003200a6
:100de0000408050044000500810f700002003a006d
:100df000140005008502e9000000400081c04800a1
:100e0000fcff3b000170a000240005006022b80038
:100e1000060220000000d0008180d2000482d200af
:100e20008582d2000000a0000202520083825a0094
:100e3000030031000202420083824a000000a10048
:100e40000603e900f3ff3a000000060007f8270058
:100e5000078361000638e10004003a00f70720002c
:100e6000878361008703710001003a0003f0a2004c
:100e7000889fbe008a9fbe008c9fbe00470ade008e
:100e80000480a100c71ade000580a1000700280029
:100e90000785600087856100f70f20000720e100cb
:100ea0009e0032000728e1009c0032000106780015
:100eb0000400e000b4003200f707200087806000e3
:100ec0000170a0000500e000c0003200f70720001c
:100ed000878161000370a000050652000f003a00f0
:100ee0000b50e1000b0032000308e10002003a0061
:100ef0000200e1007e0032000204500083845800aa
:100f0000040031000001fd008101fd008402fd00ac
:100f10008a05fd006044b800210037000520e1008b
:100f200005003d000001fd008101fd008402fd007f
:100f30008a05fd00050652007a60e10005003500d3
:100f40000170a1004722dd00848070008a8070005b
:100f5000630037006044b800ef02660007ff2f000f
:100f6000070666000500e00006003400f08312006a
:100f70008714dd000511de00071bdd00060171008e
:100f80008519de007060e100050035000904780075
:100f900082047800030178008001eb00700656009f
:100fa0000b50e10003003a0002004000838048003b
:100fb0000400370060041400e0841c0002005800a4
:100fc000838058000188a300060032008100d10010
:100fd0000080d3008984d3000884d3000402e80091
:100fe000270037000178a30025003a000100e00047
:100ff000030032008186cf00698656000a00370060
:101000008c0020000000e00004003a000900780095
:10101000880478000004eb00700252008086cf0044
:101020000d0646000c06e9007060e1000600350080
:101030008000780009007800880478000004eb0044
:1010400070065600700252000c00e0000c003400e4
:101050008c08dd00f00316000703de0086807000b8
:101060000c00dd00074bde00060070008c4cdd003c
:101070000743de00868474000c44dd000c0252003d
:101080006120e100200035006101600007002800b8
:1010900087816400f7ff27008783640007037400db
:1010a0000300e000060032008203730004003200f7
:1010b0000000e800e08048000188a3000e003a002c
:1010c000f70f20000720e1004a003d000170a10059
:1010d0004722dd00810072008a8070000000be009f
:1010e0004f06be004f05be004f04be0000000600c4
:1010f0006000b800faff37008100d1000080d30003
:101100000402e800eeff3700040178008901740052
:10111000a10107008a807000f1ff3700f701070086
:10112000070278000001fd008101fd00f3010700c6
:1011300087027800850372000778a300040032005c
:101140000001fd008101fd0006020700e4ff3700f9
:10115000850362000768a300080032000b50e1001d
:1011600003003200f0ff2f00f1ff2700dcff370003
:101170000001fd008101fd00d9ff37000468a300d4
:10118000d7ff3200faff3700f8ff2700888360009e
:101190000b003a000000e00009003a0083036400fd
:1011a00082837300020032000200be00ccff3700d1
:1011b0000b50e100ceff3a000200be00c8ff37002e
:1011c00014002000810064003eff3700f8ff270074
:1011d0008883610004003a000200e00002003a0047
:1011e0008c007800beff37001500200083016400ea
:1011f00039ff370001f8270000002000810075004a
:10120000b7ff3700889fbe008a9fbe008c9fbe003c
:101210001b0020000202be000586680006002800b0
:10122000060666004709de00f20fb20082003200b7
:101230000243e80080003200c729de00f30fb2004d
:101240007d0032000343e8007b003200f107b2006a
:101250000170a000f507b2000570a000c708dd000e
:101260004903de00868070004700dd00c72add00ec
:101270004923de00868272004722dd00030551000b
:101280000403500085835800030031000000400033
:10129000818048000a05e9008c1f78008a9fbe0003
:1012a00004005000858058000402420085824a00f4
:1012b00000004000818048000005eb000004be00f3
:1012c0006033b8000406be000d48e100560031004e
:1012d000110009004dccd8000c01b8000d02b80077
:1012e0008481410060824a008283530003045c00d1
:1012f00084845c0060055d000a00e00025003a007f
:10130000800578000d40e100490031008800780038
:1013100007007800110009004d88d8000c01b800c2
:101320000d02b8008481410060824a006003110010
:1013300083835b0004045c00e0845c000900e0003f
:1013400021003a004f01be000300e0002b003200f4
:10135000e3016000070673008c8171000100320018
:10136000640070004200de004e5edd000c00700084
:10137000c258de0001e0a00083010700cf01780021
:10138000818071004f06be004f05be004f04be00b5
:10139000000006008c8343000d044c00e0844c00e8
:1013a00060054d000000e9000a00e000d4ff3200b3
:1013b0008c8343000d044c00e0844c0060054d001c
:1013c0000000e900ceff37000c0343008d834b0083
:1013d00060044c00e0844c000000e9000900e000db
:1013e000d8ff32000c0343008d834b0060044c0097
:1013f000e0844c000000e900d2ff37004200de002c
:101400004e5edd000c007000c258de0001e0a0005e
:10141000cf0178000300e000daff32006000100026
:10142000e0801800d7ff3700f0ff2f00aaff370039
:10143000f0ff2f00b9ff37000404be002f010700a2
:10144000870678000004fd008104fd002b010700e1
:10145000078366000678a300030032000960a70036
:101460000800be002c0037000d78a30002003200f7
:101470000800be00280037000778a30026003a00c5
:1014800001f0a10009f0a1000668a30003003200ea
:10149000f1ff2700f0ff2f00baff37000d68a3000f
:1014a000030032000800be008c807000b5ff3700da
:1014b0000768a30007003a000648a30003003200b3
:1014c000f1ff2700f0ff2f00aeff37000d48a3000b
:1014d000030032006000b8008c807000a9ff370064
:1014e0000748a3000400320001f827000000200094
:1014f0008c807000a3ff3700760107000004fd0018
:101500008104fd0002057800720107000802be0098
:101510008a01780059ff37000160a0001202200004
:10152000424c880097ff37000100e00012003200b3
:101530000500e00010003200889fbe008a9fbe00b8
:101540008c9fbe000006eb0001f8a30003003200f0
:1015500060001000e08018000cf0a00005f8a30067
:101560000300320060021200e0821a000cf0a200b8
:101570008005eb0041ff37006000b8000200050065
:10158000038368000700280007036300470ade00a2
:101590000480a100c71ade000580a100f70f20001b
:1015a0000720e100420032000728e100400032003d
:1015b000889fbe008a9fbe008c1f7800f107b20092
:1015c000f307b2000400e000640032000170a000e4
:1015d0000500e000680032000370a00085054200ad
:1015e000eb07b1000204b8000302b8008484440091
:1015f00060854a00020ab800848444000a854a00d3
:10160000030ab80004054500040033000804d000b4
:101610008984d2000a85d2008b05e9006158e10077
:101620003d00350002102000090161000308200080
:1016300089816100f70720008783640008867300b2
:10164000c84cde00c853dd00878474004855de00b6
:101650000300e0000600320082037600040032003e
:101660008904e80060054d000a88a3000c003a00d8
:10167000f70f20000758e10044003d000a70a10068
:10168000c75ddd000a8575008a00730009007800d7
:101690004f0678004f05be004f04be000000060054
:1016a0000a05d1008984d3008b05e800f0ff3700dc
:1016b000881f780006047800900007000702780071
:1016c0000001fd008101fd008c0007008702780009
:1016d000850372000778a300050032000001fd00b9
:1016e0008101fd009f0007004f0478000000060004
:1016f000850372000748a30003003200f0ff2f00ab
:10170000f1ff2700f8ff37000000200001f8270054
:1017100088807000f4ff3700880178004848dd00b9
:10172000808171004848de00c850dd000100700073
:10173000c850de00060478000b0178001600070090
:1017400088807000d2ff37000500e00005003200fd
:10175000170020003a0007009dff3700810370004a
:10176000f9ff3a00860078004f0678004f05be006a
:101770004f04be000000050083037100f9ff320032
:10178000270020002e00070094ff370001f82700f3
:1017900086807000f4ff37000100e0002600320070
:1017a000610111007810e10023003c006022b800c4
:1017b0007010e1000400350080027800010078001c
:1017c0008000eb00700151000200e00009003400cd
:1017d00070031100062add00822ade008603dd0088
:1017e000878272000200de00860bdd0007007000b9
:1017f0008208de0084817100f4ff27000482620009
:10180000848171000400280084826200610260000b
:1018100005f0a600000006000482710007003200f7
:101820000000e800e0804800000006000002be0062
:101830006000b800efff37006000b800000006004d
:10184000889fbe000004eb006138e10016003a00fa
:101850000100e00008003a00c800de004800dd009a
:10186000880020000100e00003003a00c800de000c
:101870004800dd00680444008184cf00e9845400fe
:10188000060034008908dd00f08314008703de00c1
:10189000878070000900dd00090444006102140023
:1018a0004f04be00000006000300e00008003a00fc
:1018b000c811de004811dd00880020000300e000b0
:1018c00003003a00c811de004811dd00680444003e
:1018d0008384cf00e9845400060034008919dd00b8
:1018e000f08314008713de00878171000911dd0089
:1018f00009044400e1021400e9ff3700270020003a
:1019000001f0a70017002000470bde00f60fb20021
:10191000040032000643e8000a0032004702b30028
:101920000000060001037800f607b200060370000d
:1019300002003a000703b300000006008702b3006c
:101940000000060001037800f607b20006037000ed
:10195000020032000770a000000006000760a0002f
:10196000000006000478a300040032000578a300fc
:10197000030032000168a30001003a000200be002b
:101980000160a00000000600810170002700320005
:101990008002eb0001f8a300030032006000100099
:1019a000e080180015002000f40720000202420029
:1019b00020003400f70320008703600006042000a5
:1019c0000003630002082000000161004700de0000
:1019d000c909dd0000807100c708de000600e000d4
:1019e0000800320087037100060032001000b000ca
:1019f0000180b0000188a30002003200c108de00af
:101a00000402e800f107b200f30f20000320e10018
:101a100003003d004722dd008100720029003700ed
:101a200001f827000000eb00260037006000b80036
:101a300000000600680212007f20e100020034006e
:101a40006000b8001f0037006011b8007020e1008e
:101a50000400350080017800010078008000eb0070
:101a6000700252000400e00009003400f00312008c
:101a70000719dd008419de000703dd00868171008f
:101a80000400de00070bdd00060070008408de00a5
:101a9000f7ff270083836300870371000600280097
:101aa00003036300070032000700e00003003a0070
:101ab0006101600002817300020032001000b0007a
:101ac0000180b0000500a6000000060001f0a000a3
:101ad000000006004f0ade004709de00f107b200f1
:101ae000f20fb2000b003200f207b1000170a0004b
:101af000c708dd00c901de00838070004700dd00fb
:101b00000400a6000000060060001000e08018003d
:101b100000000600810f700001003a00000006007e
:101b20008182cf000500e00010003e008082cf00df
:101b3000ee8242007028e1000400390007003e00f8
:101b4000800078000000eb000e0037007083120068
:101b50008600de000500dd000a00370070835200b9
:101b60008600dd000000eb0006003700e282520034
:101b70008508dd00708312000603de008680700099
:101b80000500dd007507b0000501ea000400a600ad
:101b90000000060060001000e08018000000060051
:101ba000889fbe008a9fbe00841f78007c000700cb
:101bb0004f00780011003300f0ff2f00838f6c007e
:101bc00006003b00040565000a00a7000800370076
:101bd00009f0a6001000200008003700820f540012
:101be000838f5c00030039001000200001003e00dc
:101bf0000000200009f0a7000000ea004f05be0029
:101c00004f04be000000e00000000600881f7800be
:101c1000030478000300e00007003d0060001000ae
:101c2000e080180060011900e081190002003b000b
:101c300001f02d00030037000400070008f0a700a2
:101c400001f0a0004f04780000000600889fbe004d
:101c50008a9fbe000082700004027100048271003d
:101c6000260032000004be000200be006011b80071
:101c70006b092000950220000182cf000a00390084
:101c80000541b1000082cf00070039000541b100d5
:101c90000982cf00040039000541b1000882cf005d
:101ca000010039000541b100054252001200320026
:101cb0000a003b0082817100610164008100d10053
:101cc0000080d3008984d3000884d3008b05e8000a
:101cd0000442e800f7ff3a00070037000804440018
:101ce00089844c0000004800818048008b05e90091
:101cf0000442e900f9ff3a00030007004f05be0067
:101d00004f04be00000006008100200061805500e5
:101d10000b003d000b00200061fe2f000100e100e0
:101d20001d00340082817100610164008904d100ca
:101d30000884d3000000e800faff3a007100200098
:101d400061006400030070000200600009003200be
:101d500061044400e0844c000988a50005003200bd
:101d60008b05e8006808e10002003a008904d10010
:101d70000884d300f20f20000258e10005003d0066
:101d8000c75ddd00f907b2008980750008007800a2
:101d9000000006000bf827008b007800000005000b
:101da0000004be0004fc07000003be000405be00e2
:101db0000200be0000fc0700844f75000000060012
:101dc0000800fa00889fbe000004be000001be00ab
:101dd0008300780001f0a10008007800a4fd200035
:101de00095f42300840f5000858f580018003e00a2
:101df000f2ff2f00f3972300820f5000838f5800cb
:101e000011003e00f2ff2f00f3072000820f500068
:101e1000838f580005003e00020020000338200098
:101e20000800be00d6fd07000400370002002000b5
:101e300003b827000800be000dfc0700c0bf9f00cc
:101e4000d1bf9f00710037000800be006800370056
:101e50004f49de0003002000143d2500b507240093
:101e6000840f5000858f58001f003e0034be2c00a8
:101e700065012400840f5000858f58000e003e003d
:101e80000200e00005003200b2fd200093fc2300b8
:101e90000800be00f6fb070059003700b2fd200025
:101ea00093fc23000800be00e8fb07005b0007006e
:101eb0000004be00550037000200e00005003200bb
:101ec000b2fd2000930424000800be00e8fb0700d8
:101ed00046003700b2fd2000930424000800be0035
:101ee000dafb070041003700541d2300250e2400b3
:101ef000840f5000858f58001d003e00f4dd2e0039
:101f0000f50a2400840f5000858f58000c003e0015
:101f10000200e0000500320042be2c0063092400ec
:101f20000800be00d2fb0700e0ff370042be2c00d5
:101f3000630924000800be00c4fb0700300037001e
:101f40000200e00005003200b2fd2000930c2400e6
:101f50000800be00c6fb070025003700b2fd2000c8
:101f6000930c24000800be00b8fb070020003700d7
:101f7000f2ff2f00f3f72700820f5000838f5800e5
:101f8000040036000801be000800be00affb0700d9
:101f9000c7ff37006c8157000800be004d000700e6
:101fa0006011b80063016000e10f5100e08f59003b
:101fb00009003200e20f5100e08f590009003200a1
:101fc000e00f5100e08f59000b003a002fb8970046
:101fd000bfb89700060037002fb89700bfb897002a
:101fe000b2ff37002fb89700bfb8970001f0a200ea
:101ff00091000700aeff37002fb89700bfb89700d9
:10200000060007000004be0009f0a2000800be00a0
:102010004f04be000080fa0000000600889fbe004a
:102020008a9fbe008c9fbe000001be0054fd0700c9
:102030000004be000001be0051fd07000005be0007
:102040000200200003f02b000800be004cfd07003a
:102050000200200003f8230085fb07000006be00f5
:10206000f2a92a00a3d223000a00be0044fd070003
:102070000001be000c00be007dfb07000006be0094
:102080000801be000a00be003dfd07000005be00bd
:1020900072a12900c37c23000800be0038fd0700a0
:1020a000f243200063ab230068fb07000001be0081
:1020b0000a00be0032fd07000001be000c00be0099
:1020c0006bfb07004f06be004f05be004f04be006d
:1020d000000006000800fa00889fbe008a9fbe002c
:1020e0008c9fbe000005be00020478000001be0007
:1020f0008300780001f0a1000a007800a2fd200012
:1021000093dc2400820f5000838f58001d003e0096
:1021100032982f0023f223000a00be0018fd0700aa
:102120000200200003b4240051fb0700020020003d
:1021300003b4240045fb07000006be00ae110700f3
:1021400080047800a2fd200093fc23000c00be0058
:102150000bfd07000001be000a00be003bfb0700ac
:102160000005be00325a2800832823000c00be0060
:1021700003fd07000001be000a00be0033fb07009c
:1021800026003700f2ff2f00f3f72700820f5000e0
:10219000838f5800060036000a01be000a00be0008
:1021a0002afb0700008cbe008004eb001c003700f7
:1021b0000a00be00500007000005be0032982f0044
:1021c00023f22300eefc07000200200003f02300ae
:1021d00027fb07005f1107000203be000002be00dc
:1021e000e4b79f00f5b79f0086bf9f0097bf9f0091
:1021f00086fe070032982f0023f2230001fc07001f
:102200000001be000a00be0010fb07006000b8001d
:102210002004980031049800efb49700008cbe00b1
:10222000090078004f06be004f05be004f04be00f7
:102230000080fa0000000600889fbe008a9fbe0052
:102240008c9fbe000005be000001be00ccfc070054
:102250000004be000a01be00c9fc07000006be0063
:102260004288280083c023000800be00c4fc070089
:10227000b2aa2a00a3e22300f4fa07000001be007c
:102280000c00be00befc07000001be000a00be003c
:10229000f7fa07000005be000801be000800be00f6
:1022a000b7fc07000001be000c00be00b4fc070034
:1022b0000006be00c2c32600636323000800be0000
:1022c000affc0700f27c200003952300dffa070033
:1022d0000001be000c00be00a9fc07000001be000a
:1022e0000a00be00e2fa07004f06be004f05be001e
:1022f0004f04be00000006006022b8006033b80042
:102300000002be00f0ff2f00f1ff2f00f2ff2f00b0
:10231000f3ff270000006200818062000201630079
:1023200083816300000006000000fa006881570006
:10233000cfb897001b0207000080fa0000000600db
:102340003f000700970007004801070070010700e1
:10235000c90007007a020700250237000000fa00d2
:1023600068815700cfb89700130207000080fa0079
:10237000000006009c04070053050700ed05070058
:1023800003060700a6053700800178000200370029
:10239000b15978000201e9000200e000fcff3a00b8
:1023a00000000600810178000002780030417800ca
:1023b000b14f510002003a000204e000f9ff3a0078
:1023c0009480fb001380fb0000805000000006009a
:1023d0008001eb000200e0001000320000027800f3
:1023e00001037800b44178000304e00008003200e3
:1023f000b14278000504e00005003200820340008d
:10240000848f53000200320085cf5100f4ff320068
:102410008381fb001680fb0080815100030078005f
:1024200000000600881f780000047800080078008b
:10243000270a0700080078004f0478000000060013
:10244000ec874700889fbe008a9fbe008c9fbe001d
:102450008e1f7800000678000104780018079000ad
:102460002805900098067800cdb79f00b805900029
:102470003202be002203be000400be000601be0000
:102480004f18de006011b8008000eb00d0b79f004d
:10249000e1b79f00f2b79f0083bf9f0080047800e0
:1024a0000900e000060032006000b8006011b800ca
:1024b00004025000858258000603590087835900a2
:1024c0000e00e000020035000d10a100cdb79f0006
:1024d0000900e00005003a004fb097000028a30073
:1024e00002003a000038a300020032008a00e9002e
:1024f000010037008a007800f8815700a200200010
:1025000008007800860007000900e00003003a0098
:10251000cfb097000128a300080032000000e900b6
:1025200000814500b1c2b3000900e00001003200a3
:10253000d1c2b30001497800050037000138a3007b
:10254000030032000000e90001c2b3008175780089
:10255000480190000201e90000015100808045001f
:102560004fb297008a0178000c0078003f02070004
:102570009c0090000188a3000400320098009000a5
:10258000810f500001003d00010078004f077800e6
:102590004f06be004f05be004f04be00cf00b10085
:1025a000000006000200fa00889fbe008a9fbe005d
:1025b000800578000104780002007800180190007e
:1025c0002805900098007800b1bf9f00b8049000e3
:1025d0000200e000020035000110a100b1bf9f0021
:1025e000ea815700820020008a0078003002be0095
:1025f0002003be0008007800490007003fb997009b
:10260000f0006100030032000000e90001c3b300e4
:10261000817478003fb99700e80061000300320040
:102620000000e90001c2b300817478004801900005
:102630000201e90000015100808044003fba970088
:102640008a0178000b007800080207009b009000c8
:102650000188a3000400320098009000810f500010
:1026600001003d00010078004f05be004f04be0090
:102670000080fa0000000600ea874700889fbe003d
:102680008a9fbe008e1f7800000478000300780047
:102690007287570084e2260055c72600049fbe00bb
:1026a000c3962200030f78006c875700004feb00a1
:1026b00011059000a1049000910578000200e0004f
:1026c00002003200020778000100370072875700cd
:1026d0000000e00002003a000e007800b109070097
:1026e0000a00e000030035008a0f500001003600a8
:1026f0000a0078000b027800890178000001780058
:102700008e00780008007800d80107004f07780095
:102710004f05be004f04be00af00b1000000060030
:10272000f4874700889fbe008a9fbe008c9fbe0032
:102730008e1f78000605be000404be0081bf9f0006
:1027400082b79f00f3b79f00b0009000e1b79f00f1
:102750001301780092b79f0090069000400090000f
:102760000000e900000678000d00e00001003d00d7
:102770001d0020008040eb00efb1970081717800d0
:102780001e0020001f0037000c06e9000fb0970064
:10279000cf80de006109b900a0b79f00b1b79f00ec
:1027a000c2b79f00d3b79f000203be000002be0065
:1027b0000800be000a01be000111070000077800f2
:1027c0000e4078000043b000efb0970080707e00ac
:1027d0008d06e9000fb997000201e90082bf9f0052
:1027e0002fb29700bfb297004fb39700dfb39700a7
:1027f0000800be000a01be00ea1007000205be0084
:102800000004be000c00e0000d003400e00f540096
:10281000e08f5c00e00f5d00e08f5d00daff3a00c2
:102820000d00e000d8ff3c008fb997000300e000e6
:10283000030034001fb097000018a300d2ff3a0035
:102840000e00e00002003a00ffb097001140a10026
:102850000c0078004f0778004f06be004f05be0001
:102860004f04be004f01b100000006000200fa0054
:10287000889fbe008a9fbe00000578000104780092
:102880000200780018019000a804900098007800d9
:10289000b1bf9f00b80590000200e00002003500c3
:1028a0000110a100b1bf9f00ea815700a2002000e3
:1028b000890078003002be002003be0008007800c6
:1028c00097ff0700480190000201e9000001510054
:1028d000808045003fba9700890178000a0078009f
:1028e000620107009a0090000188a30004003200f2
:1028f00098009000810f500001003d000100780019
:102900004f05be004f04be000080fa000000060024
:10291000fa874700889fbe008a9fbe008c9fbe003a
:102920008e1f78008004780001047800820578000a
:10293000180190002805900018077800b800900052
:102940000200e000020035000e10a1000100370077
:102950001200200070006700e0b79f0009003200fd
:102960003b02be002b03be00e00f5200e08f5a0076
:10297000e00f5b00e08f5b00020032008a86e90016
:10298000010037008a067800e8026700f5b79f006b
:10299000010032008d06e9003b02be002b03be00a1
:1029a000e4af9f00f5af9f0086b79f0097b79f00e9
:1029b000480690000c06e9000040eb0080707e00a5
:1029c000efb297007fb29700890378008104780006
:1029d000d8af9f00020478008bbf9f008a05780063
:1029e000034578002a0037000c06e9006fab97001a
:1029f0006f006300e90f500002003c000003b000cc
:102a0000010037007005b0000a03fb001604b10096
:102a1000f90f53000c003e00000378000650a000a0
:102a20001606b100f90f530007003e00b4b79f002f
:102a3000a5b79f00c7b79f0034090700cfb3970021
:102a4000afb297003fb2970080747e000804e9009f
:102a50008d06e9006fa89700ffa897000fb19700b7
:102a60009fb19700460020008301d1000281d3006e
:102a70008180d3000080d3000603e900faff3a000a
:102a8000e0af9f00f1af9f0082b79f0093b79f0018
:102a9000e10f56000f0034006fa89700ffa89700c1
:102aa0000fb197009fb19700e00f5000e08f5800e2
:102ab000e00f5900e08f5900cbff3a000800e0001a
:102ac000c9ff3c000d00e000020034000e18a30016
:102ad000c5ff3a0089007800f4b79f0087047800aa
:102ae0005fac97008a4178000b0578008fbd970096
:102af0000500e000100032003b02be002b03be00c8
:102b0000e4af9f00f5af9f0086b79f0097b79f0087
:102b1000e00f5200e08f5a00e00f5b00e08f5b0097
:102b2000050032000c06e90083707e000c06e90007
:102b300000c3b30080707e00ffb297000500e00084
:102b4000030032000c06e90000c2b30080707e0072
:102b5000480190000201e9000c0151008c80400006
:102b60000e0278008a01780009007800bf00070093
:102b7000990090000188a3000400320098009000a2
:102b8000810f500001003d00010078004f077800e0
:102b90004f06be004f05be004f04be00af01b1009e
:102ba000000006008201780001017800f1ff270093
:102bb000eb083700960637003c00fa008f017800da
:102bc000c303b1001d0009008019eb00c0a79f00de
:102bd00080b79f00a05d2100b0b79f0040fc2f0090
:102be0000f004000d00807000080fa000000060037
:102bf00084082000848f50001d0032000d003c002e
:102c000014082000848f50002700320002003c008e
:102c1000040820000400370024082000848f50009e
:102c20003400320044082000848f500043003a00f2
:102c300036003700040a2000848f5000270032003d
:102c400004003c0004092000848f50003b003a003f
:102c500028003700020c2000828f50002f00320025
:102c6000020f2000828f500034003a002b00370002
:102c70009380e9000200e00005003200810978003d
:102c80001102fb00cfa2de00612bb9002800370043
:102c900081097800114278000482fb008002eb0079
:102ca0006033b8002200370013027800e4005200bd
:102cb0000200e00005003200810978001102be0028
:102cc0004fabde00860378001900370081097800d9
:102cd0001102be006033b800150037009380e90090
:102ce0008109780011027800cfa2de00612bb900c3
:102cf0000f00370093027800e880520081097800c5
:102d00003102be002103be00090037009380e900b4
:102d10000200e00002003200f1ff37009380e9007a
:102d200081097800110278008002eb006033b8005e
:102d30000498be000690be001000050000000500cb
:102d400044082000848f50002500320008003c0019
:102d500014082000848f5000140032002408200042
:102d6000848f500024003200040820000c0037003b
:102d700004092000848f50001f00320004003c0032
:102d800084082000848f500024003a000e00370091
:102d9000040a2000848f500011003200040c20002f
:102da000848f50001d003a000d0037009380e90029
:102db000810978009100780001087800cf91de0049
:102dc0008288be00140037009380e90081097800f2
:102dd0009100780001087800824878000e003700e2
:102de0009380e9008109780091007800010878005b
:102df00082087800080037009380e9008109780094
:102e000091007800010878006112b900612bb900c7
:102e10008498be008690be001000050000000500ea
:102e2000889fbe000004780048009000820478006b
:102e3000808f54000100360080047800090178007a
:102e40005800900050fd0700580090000900400015
:102e500050049800c80090008984500049049800ec
:102e60000048eb004f04be0000000600f287470058
:102e7000889fbe008a9fbe008c9fbe008e1f780078
:102e8000800478000105780002047800830578004a
:102e90006107620002003a008b0f540008003900fd
:102ea000080178008a00780009007800ad0b07005f
:102eb0008b0f540002003900880578001e0037008f
:102ec000088655000c017800f00f5600010036000e
:102ed00002012000010220007e8057005b060700ef
:102ee0008c0678000500370002012000fe805700a4
:102ef000090078009b0b0700f0865600ef8f560004
:102f0000f9ff3e004461de0000ff2f000091b90090
:102f100002014600fe80570009007800910b07006f
:102f20000e00e00004003a00080178008a007800f2
:102f3000090078008b0b07000b0078004f07780022
:102f40004f06be004f05be004f04be002f01b1006a
:102f5000000006000000050000000500000005005c
:102f6000000178000040eb008080fb008180400081
:102f700003c3200063c278000404e00003003a00a9
:102f800010c3200060c078000000060092017800a5
:102f9000934f520004003a0010c3200060c0780034
:102fa0000309e800010037000040e800ea4f500044
:102fb000edff360000000600f6874700889fbe0040
:102fc0008a9fbe008c9fbe008e1f7800000578008f
:102fd0000104780083057800040678000000eb0007
:102fe000c0b79f008080eb00d1b79f00e0b79f0083
:102ff000f2b79f000008200080bf9f009800780073
:10300000010078008004eb00010037008904e8002b
:10301000304178000204e0000300320053c2b300e4
:10302000834f5100f9ff3a000900e000040032002c
:10303000090178000a0078004a0b0700188c440048
:103040001807780050c2b3009e4f10003f013a00ad
:103050000e07e8000e0c780010003700cfb0970084
:103060000100a0000b003700cfb097000110a000b6
:1030700008003700cfb097000120a00005003700fe
:10308000cfb097000130a00002003700cfb097000a
:103090000140a000c1b79f00000ce80018007800b4
:1030a00090407800b2c2b30082cf5000f1ff3200ee
:1030b00007003c0002c2b30082cf5000f0ff320094
:1030c00032c2b30082cf500007003a00efff370052
:1030d000d2c2b30082cf5000e0ff320002c3b3007f
:1030e00082cf5000e0ff3200a2c2b30082cf500076
:1030f0000d003a00000ce8001c80e900000e78008a
:1031000010007800e0b79f000000e0000f003d00d5
:10311000cfb097000100a200c1b79f000000ea00f5
:10312000e0b79f000900370065050700e0b79f0082
:1031300001003700000ce800180078009000fb0048
:103140000103b100e98f5000faff36004fb097003d
:103150000008a300020032000010a100c0b79f00c9
:1031600018007800e1c2b30090cf100016003a00ba
:103170008000eb00d1b79f000000e800000c780051
:10318000a1c2b30090cf100006003a00000ce80086
:103190001c80e900000e780010007800d0b79f0076
:1031a0000900370046050700d0b79f00010037002f
:1031b000000ce800180078009000fb000103b1004b
:1031c000e98f5000faff36000800780064ff07001e
:1031d00080467800180078001000fb0044070700c4
:1031e00091062000810f50003800320012003c0090
:1031f00041062000810f5000340032000a003c00dc
:1032000011062000810f50002000320031062000fe
:10321000810f5000a000320051022000810f5000a9
:10322000bc003a00b400370071062000810f500046
:10323000b8003c008800370001072000810f5000d3
:103240005c00320007003c00e1062000810f5000c6
:103250007a003200f1062000810f5000ad003a00e4
:103260003900370051072000810f5000270032003d
:1032700081072000810f50004200320031072000fa
:10328000810f5000a3003a008f0037008d80fb00b3
:103290000c01780000fe2f000f00400055070700ca
:1032a0000000e000a800320018007800000ce800e0
:1032b0009041780002fe2f000f014100f880570076
:1032c0000a00780024ff07000e0037008d80fb0005
:1032d0008c0178001200200000fe2f000f0040003b
:1032e00043fe07000000e00097003200180ce800e1
:1032f00002fe2f000f014100f88057000a007800fd
:103300004ffc070080844400900037008d80fb0054
:103310008c0178000001eb0000fe2f000f00400040
:1033200033fe07000000e00087003200180ce800c0
:1033300002fe2f000f014100f88057000a007800bc
:103340004afd0700efff37008d80fb008c017800fd
:103350000001eb0000fe2f000f00400024fe0700dc
:103360000000e00078003200180ce80002fe2f0098
:103370000f014100f88057000a00780089fc07001f
:10338000e0ff37008d80fb008c0178000001eb002e
:1033900000fe2f000f00400015fe07000000e000b7
:1033a0006900320018007800000ce80090417800b5
:1033b0001c0037008c0178000001eb00010f200099
:1033c00000fe2f000f00400009fe07000000e00093
:1033d0005d003200180ce8000fb097009fb0970016
:1033e0002fb19700bfb19700e00f5000e08f580059
:1033f000e00f5900e08f590009003a00cfb597005f
:103400006fb4970080c22000660607000b027800a8
:10341000880178000001780081c220004700370051
:1034200083c7b30002fe2f000f014100f880570050
:103430000a00780036fd0700b2ff37000b81440018
:103440008d80fb008c01780000fe2f000f004000f3
:103450003bfe07003c0037008d80fb000c0178002c
:1034600000fe2f000f004000e20607000000e00011
:103470003500320018007800000ce8009041780018
:1034800002fe2f000f014100f88057000a0078006b
:10349000b1fe07009bff370000c8b30080cf560085
:1034a00029003a00180ce8001c80e900000e7800a2
:1034b00010407800e0df9f0013002000e2fd2f00a5
:1034c0000f0141000800370000c8b30080cf56004c
:1034d0001d003a00180ce8001c80e900000e78007e
:1034e0008001eb0010017800f88057000a00780096
:1034f00061fc070083ff370000c8b30080cf56008f
:1035000011003a00180ce8004fb29700efb1970095
:10351000080037000e0c78000000eb00c0b79f00d9
:10352000e0b79f000080eb00d0b79f000002eb00e7
:103530008401780012002000e1c220000a00780017
:103540004afe07006fff3700180ce80009007800fa
:103550004f0778004f06be004f05be004f04be0067
:103560006f01b100000006008200fa00889fbe00d3
:103570008a1f78000005780082047800c13f9f0010
:103580000004eb0010003700090278008801780081
:10359000a2f72f000f01410081f72f008f8040001c
:1035a0000a00780084fe070008004000880f5000e1
:1035b00004003d00b0042000406388000084eb005c
:1035c00004003700000478004f3897001004e00032
:1035d000edff3a00080078004f0578004f04be0068
:1035e0000080fa00000006000200fa00889fbe007a
:1035f0008104780082007800030178003104900093
:10360000f3060700e10f40000b003200a20020008b
:10361000e68057000800780027060700809cbe005f
:103620008294be0010002000dfb89700810f540084
:1036300001003a00e0ff2f004f04be000080fa00b6
:1036400000000600ea874700889fbe008a9fbe00f0
:103650008c9fbe008e1f7800000478000105780062
:1036600083bf9f00a205900042009000e0b79f003a
:10367000b2049000830078001106780008007800fa
:10368000bb0107008fb897008c0840000b00e000da
:1036900004003a006fb097000000e900f0b79f0007
:1036a00001003700fbb79f00ad0020000007eb00d2
:1036b0001b00370078089000b8109000810f500070
:1036c00003003100b085fb00700c98000800370043
:1036d00008007800e604070080057800e18f4500c7
:1036e00003003a000c00e0005c003c006f00370073
:1036f0000c00e0000c003a00b0022000808f550062
:1037000003003200d0022000808f550006003a00ee
:103710008b4c78008fb897009108e8001e002000bd
:103720000e067800460037008e0f560029003a003a
:103730000c07e800ea8f560004003a00000320005e
:10374000808f550022003a001f003700e88f560096
:103750001f003a008b0078000150a0008007200075
:10376000808f50001a003a00f8089000381090003e
:10377000808f5000030031003180fb00710c9800f5
:103780000200370008007800b9040700b810900064
:103790000100e00003003200f80890008100e90019
:1037a000710c9800ec0307000000e00013003200e9
:1037b0008b747e000fb897001008e8000e067800a2
:1037c0000d0120001e0037008d0020000100370091
:1037d0000007eb0000fd2f000b004000e90f500038
:1037e0000d003600f08f560004003a000b00780000
:1037f000d90307000000e0000d003a0038109000e7
:103800000000e00015003200780890000000e90098
:10381000700c980011003700e88f560004003a0041
:1038200070032000808f550001003400ad0020009f
:103830008b747e000c06e8008fb897009108e800b2
:103840007fb09700800f560004003d00efb0970056
:103850000100e900800f560096ff35000040eb00a4
:1038600080747e00ea8f560005003a000d01780052
:10387000f6805700090078008f0507000400370024
:103880000d017800f68057000900780086050700d2
:10389000009dbe000295be001b0020005fb0970097
:1038a000808f540001003a00ebff2f000b007800de
:1038b0004f0778004f06be004f05be004f04be0004
:1038c000af00b10000000600e6874700889fbe00f9
:1038d0008a9fbe008c9fbe008e1f78000004780077
:1038e000010578000306780022079000420090004e
:1038f00080bf9f00b20490009c057800080078000b
:103900001b0107000b0e40000e00e00002003a0011
:103910008fb897000107e900890678008005eb0061
:103920001c003700f808900038109000808f50007d
:10393000030031003180fb00710c98000700370054
:10394000080078004a040700e10f400003003a0035
:103950000b00e00015003c002100370001fd2f00a6
:1039600080804000e78f500007003600381090003c
:103970000000e0000d003200780890000000e9002f
:10398000700c980009003700805e78008b05e80015
:103990001c0ee8008e8f550004003d008fb8970084
:1039a0000100e900808f5500deff35000040eb008c
:1039b00080f47d0082002000f2805700090078002a
:1039c00039050700009dbe000295be0010002000d2
:1039d000ffb09700818f540001003a00e0ff2f00f4
:1039e0004f0778004f06be004f05be004f04be00d3
:1039f0006f00b10000000600800078001000200079
:103a000002022000828f500004003200e980500042
:103a1000e48f5000010036000000eb0000000600bb
:103a2000889fbe008a9fbe008c9fbe008e1f7800bc
:103a30000004be000205be00840678000a00e00013
:103a4000040032001b06780008007800c800070058
:103a50008c0d4000290790008004eb002100370006
:103a600078089000b8109000810f500003003100da
:103a70003086fb00700c98000800370008007800c2
:103a8000fb03070000067800e10f460003003a0040
:103a90000900e00017003a00200037000a00e000ab
:103aa0000b0032000c007800d3ff07000000e0009c
:103ab00007003200381090000000e0000d003200d6
:103ac000780890000000e900700c980009003700a9
:103ad0000d00e000010032008cf67c008904e80053
:103ae0009b0de8000e00e000ddff32008e8f5400d9
:103af000dbff35000d00e000040032000a00e000aa
:103b0000020032000040eb0080f67c0009f0a700c4
:103b10008904ea000906ea004f66de000c0078001e
:103b20004f0778004f06be004f05be004f04be0091
:103b3000000006000200fa00889fbe0081047800a1
:103b4000820078000301780031049000a00507008e
:103b5000e10f40000b003200a2002000e680570079
:103b600008007800d0040700809cbe008294be004c
:103b700010002000dfb89700810f540001003a00c8
:103b8000e0ff2f004f04be000080fa000000060096
:103b9000e8874700889fbe008a9fbe008c9fbe00ba
:103ba0008e1f7800000478000105780083067800f5
:103bb000a205900042009000f0b79f00b204900070
:103bc0001d06780008007800690007008c0e400090
:103bd0000b00e00004003a00ffb097008100e9000c
:103be00081bf9f00010037008bbf9f00090778004d
:103bf0000006eb003900370078089000b8109000fc
:103c0000810f500003003100b085fb00700c98005c
:103c10000800370008007800950307008005780049
:103c2000e18f450003003a000c00e00032003c0048
:103c30003e0037000b007800c70207000000e000dc
:103c400023003a00e10f56001a003a000b007800fa
:103c5000a704070081072000810f500015003a00db
:103c600000c3b300994f100012003a00f80890000a
:103c700038109000808f5000030031003180fb002d
:103c8000710c9800020037000800780078030700e4
:103c9000b81090000100e00003003200f808900026
:103ca0008100e900710c9800ab0207000000e00001
:103cb00007003a00381090000000e0000e003200cb
:103cc000780890000000e900700c98000a003700a6
:103cd0000b5f78000c06e8009d0ee8000fb8970017
:103ce000800f560004003d00ffb097000100e9007e
:103cf000800f5600c0ff35000040eb0080747e004e
:103d000002012000f48057000900780066040700d3
:103d1000009dbe000295be001b0020006fb0970002
:103d2000808f540001003a00ebff2f000b00780059
:103d30004f0778004f06be004f05be004f04be007f
:103d40008f00b10000000600800078001000200005
:103d500002022000828f500004003200e9805000ef
:103d6000e48f5000010036000000eb000000060068
:103d7000889fbe00000478008004eb000b00370031
:103d8000f1ff07000000e00007003a003810900043
:103d90000000e00010003200780890000000e90008
:103da000700c98000c0037008904e800f8089000b7
:103db00038109000808f5000030031003180fb00ec
:103dc000710c9800eeff3700080078002803070008
:103dd000e10f4000eaff3a00090078004f04be00fe
:103de00000000600889fbe008a1f78000004be0005
:103df000190078001000fb00d3ff07000005eb005e
:103e00000000e0000900320008007800d8ff070039
:103e1000000578001900e800800c78001000fb0015
:103e2000c9ff07000000e000faff3a000a0078002e
:103e30004f0578004f04be00000006001801fa008c
:103e4000889fbe008a9fbe008c9fbe000005780040
:103e500001047800830578000406780068004700b4
:103e6000040009000018eb00720798000008200009
:103e7000000f9800880078000a007800d9ff07003a
:103e800080067800190037007a089000ba10900078
:103e9000810f500003003100b084fb00700d9800ca
:103ea000050037000a007800f1020700800478005e
:103eb000e18f440007003200180078001000fb007a
:103ec000808f5400030032003a109000e9ff2f0069
:103ed000110137009b0de800180ce80088007800fd
:103ee0000a007800bfff07008086460018007800af
:103ef000904078000104e0000300320052c2b30099
:103f000082cf5000e0ff3a009b8d460051c2b300c3
:103f100090cf10008f013a000000e800000c7800fc
:103f20008000eb006107980081067800a1c2b30011
:103f300090cf100002003a00000ce8001d002000a5
:103f400018007800de010700600798006102b900e0
:103f5000612bb9000a007800a002070001003700b9
:103f6000000ce800180078009000fb000103b1008d
:103f7000e98f5000faff360008007800f8fb0700d0
:103f800040579a00180078001000fb00d803070083
:103f900091062000810f50003a00320015003c00cd
:103fa00031062000810f5000a20032000a003c00c0
:103fb000b1052000810f5000dd0032001106200005
:103fc000810f50008900320051022000810f500003
:103fd0005f013a00bb00370041062000810f50000e
:103fe0001900320071062000810f500058013c007a
:103ff0007e00370001072000810f50005b00320077
:1040000007003c00e1062000810f500067003200ed
:10401000f1062000810f50004d013a0033003700b7
:1040200051072000810f50002a0032008107200034
:10403000810f50003e00320031072000810f5000f8
:1040400043013a008e0037008b0178006801470079
:104050008e0078000a00780063fd07008004780075
:104060000900e0003e013500180ce8008004eb0078
:104070000d00e0003a013a004e5192008280fb00b0
:104080000e0037008b017800680147008e00780031
:104090000a0078006bfd0700800478000900e0004a
:1040a0002f013500180ce8008004eb000d00e00043
:1040b0002b013a004e5092008080fb008c0178006a
:1040c000120020000e007800080407008004780029
:1040d000230137008b017800680147008e007800cb
:1040e0000a00780093fe0700160037008b01780065
:1040f000680147008e0078000a007800f2fd070092
:10410000800478000900e00015013500180ce80073
:104110008004eb000d00e00011013a004e509200c7
:104120008080fb008c01780009017800e5ff3700f2
:104130008b017800680147008e0078000a00780043
:1041400093fe0700800478000900e00004013500b8
:10415000180ce8008004eb000d00e00000013a00bc
:104160004e5192008280fb00eeff37008b017800f9
:10417000680147008e0078000a00780084fe07007e
:10418000800478000900e000f5003500180ce80014
:104190008004eb000d00e000f1003a008c01780093
:1041a00009017800010f2000c6ff3700180ce80055
:1041b0001b007800cf80de006109b900009fbe00bf
:1041c0000297be008004eb000d00e000e4003a001e
:1041d0004e5092008080fb008c017800090178002d
:1041e0000e007800c1030700dd0037008b01780066
:1041f000680147008e0078000a007800de000700a2
:10420000800478000900e000d5003500180ce800b3
:104210008004eb000d00e000d1003a004e51920006
:104220008280fb000c0178000e00780090030700ec
:10423000a6ff370000c8b300ce50920080cf5000d8
:10424000c3003a006e0090000000e00002003a0057
:104250001000200060079800180ce8000002eb0036
:104260000d00e00003003a001c80e900000e780019
:10427000100278008b0178000001eb000d00370080
:1042800000c8b3004e519200804f5100b0003a0078
:10429000180ce8000002eb000d00e00003003a00fb
:1042a0001c80e900000e7800100278008b01780075
:1042b00012002000e80047000a007800d8fd07003f
:1042c00082ff370000c8b300ce50920080cf50006c
:1042d0009f003a00180ce800fa0890003a1090008d
:1042e000808f5000030031003180fb00710d980079
:1042f000020037000a007800dd01070051022000ab
:10430000810f500002003a009b0de8009300370037
:104310003a1090008004eb000000e00090003200b2
:104320007a0890000000e900700d98008c003700ba
:1043300000c8b3004e519200804f510084003a00f3
:104340000002eb000d00e00003003a001c80e900d1
:10435000000e7800100278001800e800000c7800c9
:104360008004eb00e1c5b30090cf100002003a00da
:10437000000ce800190020001210200089007800cd
:1043800072004700340f9900300107000040eb0035
:10439000205798001800780090407800d2c2b300ef
:1043a0003e0a910082cf500005003a00000ce80060
:1043b00010c0b3000940500000c798002800370023
:1043c000d2c5b30082cf500025003a00000ce800af
:1043d00010c0b3000940500000f7980020003700db
:1043e0000004e00023003200d3c2b300834f50002a
:1043f00014003a0018009000104078000004e0001b
:1044000010003200814f50000e0032000201e8001f
:10441000020c780078b897001000fb00f20047000b
:10442000008040000200370011c0b30009e85000ce
:10443000f2014700830150009200fb00818f510080
:10444000f9ff3500180078009000fb00810047005c
:1044500012c0b30009415100b2509800000ce800ae
:104460001801780012407800d1c5b300814f500088
:10447000dbff3a000400e0001800320084067800f8
:104480000006eb0003003700895e78000c06e800a8
:104490009b0de8007a089000ba109000810f500040
:1044a00003003100b084fb00700d98000500370058
:1044b0000a007800340f99006d010700800478002d
:1044c0003e0a910009004700305090000004e000cf
:1044d000edff3a00120037009b0de8007a089000cb
:1044e000ba109000810f500003003100b084fb002f
:1044f000700d9800050037000a007800340f99000d
:104500005b010700800478003e0a91000900470023
:10451000305090000004e000efff3a000006eb008e
:104520003a1090000000e000030032007a0890008a
:104530000000e900700d98000c00e000040032005b
:104540000400e000020032000040eb0000727e0038
:10455000180ce800e18f4400010032008004eb00f9
:10456000090078004f06be004f05be004f04be0094
:104570000080fa00000006000000050000000500b1
:104580008400fa00889fbe008a1f7800000578002a
:1045900082047800b13f9f000000eb00c03f9f0005
:1045a000000478000d0037000902780083f72f001f
:1045b0008f814100a2f72f000f01410061f72f000a
:1045c0008f8040000a0078001cfe07008001780000
:1045d0000300e00004003500030444003f38970066
:1045e0001004e000f0ff3a00e18f410003003a00c0
:1045f0000800e00001003a00030478000800780099
:104600004f0578004f04be000080fa00000006004d
:10461000889fbe008a9fbe008c9fbe0080057800e8
:104620008106780002067800eb0c9000081020004c
:104630000c044400080178008000eb0009007800b9
:10464000520007000000e0000100320009045000a1
:10465000080578008c0f5400010036000c05780026
:104660000a017800890078000d00780046f70700fd
:104670000a804400f00d98000884440088159800d2
:10468000e80d98000a0078004f06be004f05be00f6
:104690004f04be00000006008000780010002000db
:1046a00002022000828f500004003200e980500096
:1046b000e48f5000010036000000eb00000006000f
:1046c000889fbe008a1f7800000578000a047800e1
:1046d000984478000805e8000900fb00eeff070099
:1046e0000000e000f9ff3a00b0c2b30080cf5400f0
:1046f00005003200d0c2b3008000eb0080cf540030
:1047000005003a00020037008000eb00010037008e
:10471000110020000804e8000000eb00030037004f
:104720006a02b900020052000003b0003801fb0029
:1047300003fd2f0082814100e98f5100f8ff360010
:104740000100e00001003a000000ea004f05780097
:104750004f04be00000006008000780002fd2f001c
:104760000101410010002000e90f51000500360052
:104770000150a0001106b100e58f50000100360085
:104780000000eb0000000600f3ff37008180fb0013
:10479000010037000201e900800178000008a30051
:1047a000060032000200e000230032003082fb00ed
:1047b000810f5200f7ff3a00030037000000eb00c2
:1047c0000200e0001e0032001380fb00810f500049
:1047d0001c00320014102000048ab9008402780002
:1047e000010037000281e90003007800e10f510069
:1047f0000a00360033826a00f6ef2f0004034300fc
:104800000482ea000402630006082800060262002f
:10481000f4ff3200010037000201e9008001780056
:104820000200e000050032003082fb00810f5200e0
:10483000f9ff3a0003003700000005000000eb001c
:10484000000006000300780000000600889fbe00fc
:104850008a9fbe00800478000200e0005b00320006
:1048600001407800814c780082814400f1f99f007a
:10487000e20f51005500360091449800a144980081
:10488000e1f99f00d1f99f00e60f51004f0036007b
:10489000b1449800c1f99f00e80f51004b00360069
:1048a0000905ea00630565000a8444000a05510011
:1048b000c1ff2f00010565000080fb008000eb00b8
:1048c000121020001310200017080700008cbe00f3
:1048d0000a01440060b99f0071b99f00e80f5500bc
:1048e0003a003600200498003104980040049800f3
:1048f0005104980020b99f0031b99f0040b99f0032
:1049000051b99f00f80f5500300036006004980040
:1049100071049800000c9800110c9800200c98006d
:10492000310c9800400c9800510c980020b19f0069
:1049300031b19f0040b19f0051b19f0060b19f0015
:1049400071b19f0000b99f0011b99f00640164001c
:104950007801410002044400020555006011b800ce
:104960000203be000002be000403be006022b800c5
:104970000000720081807200020173008381730065
:1049800010003700009cbe000294be004004980056
:10499000510498006204980073049800000c980079
:1049a000110c9800220c9800330c9800400c9800d1
:1049b000510c9800620c9800730c98000a02b10028
:1049c0000802b000ff0f5500eeff3e00090078001e
:1049d0004f05be004f04be0000000600889fbe00c9
:1049e0008a9fbe00441098005510980066109800e9
:1049f00077109800f0089000200490000104540003
:104a0000cfc4de00614db90008189800191898004d
:104a10002a1898003b189800e00f5200e08f5a00c7
:104a2000e00f5b00e08f5b000c0032000014900090
:104a300001045400cfc4de00614db9000440e10020
:104a400005c8e10006d0e10007d8e100030034000a
:104a5000048240003410980002003700801090005b
:104a6000311098004f05be004f04be000000060044
:104a70002800fa00889fbe008a1f78000004780092
:104a8000f80890002800900000805000081a90005c
:104a9000981a9000281b9000b81b9000cf80de0071
:104aa000040240008582480006834800878348004e
:104ab00048109000d810900068119000f8119000f4
:104ac000e00f5000e08f5800e00f5900e08f5900d0
:104ad000050032000020e10001a8e10002b0e10081
:104ae00003b8e1000d003d0008007800d4b79f0036
:104af000e5b79f00f6b79f0087bf9f00070207003a
:104b0000800478005fb29700efb297007fb3970000
:104b10008fbb97000900e00016003d007808900068
:104b2000a8009000808050004f89de000482400081
:104b3000850249000603490087034900041c9800c8
:104b4000151c9800261c9800371c980030149800fb
:104b5000f0ff2f00f1ff2f000001be00401498006d
:104b60005114980062149800731498008084eb002c
:104b70005200370061004200e0804a0060014b00b3
:104b8000e0814b0090bf9f00a1bf9f00b2bf9f007c
:104b9000c3bf9f0048129000d81290006813900085
:104ba000f813900094b79f00a5b79f00b6b79f0079
:104bb000c7b79f00e00f5200e08f5a00e00f5b0084
:104bc000e08f5b0028003200780d90000811900003
:104bd0000a0151006112b900612bb900d4af9f00e6
:104be000e5af9f00f6af9f0087b79f001fb097000b
:104bf000afb097003fb19700cfb197001fba9700b1
:104c0000afba97003fbb9700cfbb9700040050009e
:104c100085805800060159008781590090af9f0098
:104c2000a1af9f00b2af9f00c3af9f005faa9700e4
:104c3000efaa97007fab97008fb397000020e100a9
:104c400001a8e10002b0e10003b8e1000600340071
:104c50009fb297001fbb970006815200820045005b
:104c60003114980002003700881390003714980020
:104c700028019000f8089000810151001fba9700a8
:104c8000afba97003fbb9700cfbb97004f98de00ad
:104c9000048241008502480006034800870348005b
:104ca000041c9800151c9800261c9800371c9800be
:104cb000828f500001003e00f9f89f000900780043
:104cc0004f0578004f04be000080fa000000060087
:104cd000881f7800810178000002780080826800d7
:104ce0000508a30002003200210037000201e9009c
:104cf00003007800040478000308a30007003200d2
:104d00000200e00021003200b3407800015a780030
:104d10000104e000f5ff3a00020037000200e00065
:104d20001a0032001004e00003003a0017003700b8
:104d3000031c78000281e90080007800e10f510037
:104d400008003600b0017800f5ef2f0083824200a2
:104d50000382ea000482620005082800050262005e
:104d6000f3ff320008007800010037000201e9007b
:104d7000000478000200e00004003200b141780035
:104d8000035878000304e000f8ff3a008000eb00cd
:104d900008007800adfe0700080078004f04780096
:104da0000000060080007800040037003104e000b5
:104db00002003a00000051000000060001017800e6
:104dc0000108a300f9ff3a00810178003101780061
:104dd000f4ef2f00020242000281ea0002016200a9
:104de0000408280004016100f7ff32008300780006
:104df000010178003104e000fdff3a00000051009d
:104e0000000006004400fa00889fbe008a1f780058
:104e10000004be000205780094bf9f00a5bf9f005c
:104e2000b6bf9f00c7bf9f000000eb00c09f9f0060
:104e3000a8af9f00d89f9f000080eb00b0af9f00fd
:104e40006022b8006033b80060fb2f000f00400004
:104e5000e2fe07001fba9700afba97003fbb97006a
:104e6000cfbb9700120020008a00780060fb2f0063
:104e70000f004000480107000900e0000600320072
:104e80003fb29700afaa970004824200df9a9700d2
:104e900005025200840c44004f0578004f04be0008
:104ea0000080fa0000000600f4ff2f00f5ff2f003d
:104eb0000403be00d3ff37006022b80006002000c4
:104ec00007002800cfff3700f4ff2f00f5ff2f0069
:104ed0006033b800cbff3700040020000500280035
:104ee0006033b800c7ff3700f3ff3700eeff37002d
:104ef000f1fb2f0080804000f98f500001003e0040
:104f00000050a00000000600f9ff3700f1f92f0063
:104f100080804000f98f500001003e00f005b20093
:104f200000000600f9ff37000200fa00881f780031
:104f300000047800e2bf9f006481570008007800f9
:104f40008ffd0700980090000148a3000100320087
:104f50000080eb004f0478000080fa00000006009b
:104f6000f28747008e1f7800020278000301780064
:104f70000000e00002003200000778000100370066
:104f8000728757008002eb000100e0000100320050
:104f90008102e90070805700060009000018eb004c
:104fa0000080eb0080bf9f002310200093bf9f0074
:104fb000aebf9f00b1bf9f00c5bf9f000100e000d2
:104fc00003003d00b1042000416388000600370063
:104fd000004feb00eebf9f00debf9f008400780013
:104fe000708057003c0307004f0778002f01b10085
:104ff00000000600881f78000004780000082000e8
:10500000808f50001700350010082000808f50005e
:105010000b00340030082000808f500011003a004f
:105020009200780068805000000978003002be00cd
:105030002003be00049cbe000694be00070037009b
:105040009202780064805200000978001000be00cf
:10505000a1050700009cbe000294be0010002000c5
:10506000010037000000eb004f047800000006004c
:10507000881f780013082000838f50000f00320033
:1050800033082000838f5000040032000308200002
:10509000838f500012003a00080037009280e90028
:1050a00001097800910078003002be002003be00a4
:1050b0008498be008690be00070037009280e90009
:1050c00001097800110478005001be004000be00c4
:1050d000ea050700008cbe00100020000100370028
:1050e0000000eb004f047800000006008408200058
:1050f000848f50001d0032000d003c001408200079
:10510000848f50001e00320002003c000408200082
:105110000400370024082000848f50001e00320055
:1051200044082000848f500028003a0022003700f5
:10513000040a2000848f50001f00320004003c004d
:1051400004092000848f500020003a00120037002c
:10515000020c2000828f500017003200020f200046
:10516000828f500019003a00130037009380e90045
:10517000810978009100780090487800120037008b
:105180009380e9008109780091007800b0187800d8
:10519000a01078000c0037009380e90081097800a6
:1051a000910078003002be002003be008498be004b
:1051b0008690be00040037009380e90081097800e2
:1051c00091007800900878001000050000000500ac
:1051d000889fbe008a9fbe008c9fbe00000478009e
:1051e0000205780021069000c1069000b1059000ec
:1051f0009a04780008007800ddfa0700090d4000e5
:105200000c00e00001003a000d06e9008004eb000c
:1052100028003700f808900038109000808f500068
:10522000030031003180fb00710c9800070037004b
:10523000080078000efe0700e10f400003003a006e
:105240000900e00020003c00220037000900e000d7
:105250000a003a00b1022000810f50000300320022
:10526000d1022000810f500004003a00804d7800e8
:105270001a0de800190020000e00370001fd2f0074
:1052800080804000e98f5000070036003810900001
:105290000000e0000c003200780890000000e900f7
:1052a000700c98000800370080f57c008904e80045
:1052b0001a0de8008c8f540003003d000d00e9003a
:1052c000808f5400d3ff35000040eb0080f57c0058
:1052d0000000eb004f06be004f05be004f04be00ad
:1052e00000000600c06090000141e90081407100ab
:1052f0004160980010019000e40061000400320059
:105300000240a000120098000080eb0000000600a0
:105310000110980071089800000005000200fa00d2
:10532000889fbe000004780008007800be030700d4
:105330008084eb000000e00009003a009811900022
:1053400012002000e68057000800780003000100ea
:10535000e10f500002003a002ff897008084fb0014
:10536000090078004f04be000080fa00000006002b
:10537000800078001000200002022000828f500080
:1053800004003200e9805000e48f50000100360034
:105390000000eb00000006006f02b000889fbe0016
:1053a0008a9fbe008c9fbe008e1f7800000678008a
:1053b0000107780082047800d4af9f00e5af9f001a
:1053c000f6af9f0087b79f0040022000800f570074
:1053d0007d003e00e10f57007b0032007c0890000a
:1053e000bc109000810f500003003100b086fb001c
:1053f000700e9800030037000c0078009cfd070039
:10540000800678000d007800d9ff07000000e0005a
:10541000f2ff3a00b0022000808f560005003200f3
:105420008002eb0085af9f00d0022000808f5600e5
:1054300010003a00dd82b2000df0a7008d06ea00f0
:105440008d06e900cfeede008daf9f007c08900056
:10545000bc109000810f500003003100b086fb00ab
:10546000700e9800030037000c00780080fd0700e4
:10547000800678000e00e00002003200f00f5700b6
:1054800042003a0000032000808f56003c003a00a2
:105490007c089000bc109000810f50000300310088
:1054a000b086fb00700e9800030037000c007800f7
:1054b0006ffd0700800678008d0078000150a00085
:1054c00080072000808f50002a003a007c0890005e
:1054d000bc109000810f500003003100b086fb002b
:1054e000700e9800030037000c00780060fd070084
:1054f00080067800409920006d4078000e01200061
:10550000ef4f50008d0036003c1090000000e0008e
:1055100003003200fc0890008100e900710e980041
:105520000900e0000c0032006022b8006033b800cf
:10553000d4af9f00e5af9f00f6af9f0087b79f00f5
:105540000000e000a10132007c0890000000e900aa
:10555000700e98009d0137006022b8006033b800db
:105560000c0078001dfd07006000b8006011b80055
:10557000920137000e00e0009e0132001700370054
:105580000e00e00001003a00ae002000409920002b
:105590006d4078000080fb008e0f50000f00390036
:1055a0003c1090000000e000030032007c089000f6
:1055b0000000e900700e98006022b8006033b80067
:1055c0000c00780005fd07006001200040638800a2
:1055d0006022b8006033b80071013700ea0f57004d
:1055e00056003a000004eb000d0078000d00370073
:1055f0006a44b9000800400008fd2f000004440080
:10560000fc0890003c109000808f50000300310097
:105610003180fb00710e9800020037000c0078000a
:1056200013fd070001fd2f0080804000e98f50002e
:1056300003003e0081992100810f5400ecff3600e9
:10564000800678008004eb006055b8001200370037
:105650001faa9700afaa97003fab9700cfab970068
:105660000004420081844a0002054b0083854b0000
:105670007c089000bc109000810f500003003100a6
:10568000b086fb00700e9800030037000c00780015
:10569000f7fc07008006780005fd2f008582460094
:1056a00095af9f00e98f520009013e0090992900b3
:1056b0009199290092992900939921000040e100d5
:1056c00001c8e10002d0e10003d8e100db003e00a8
:1056d000a4002000050020006033b8000800be00d0
:1056e0000a01be00980507001faa97008002eb0080
:1056f0006033b80094af9f00a5af9f00b6af9f0086
:10570000c7af9f000482ea008582ea000683ea00b0
:105710008783ea00d4b79f00e5b79f00f6b79f00e4
:1057200087bf9f000400e1000588e1000690e100ca
:105730000798e100c6ff3600c00037000e00e90000
:105740000e006000030032000004eb000d00780042
:10575000650037007770b9004500de006700600023
:10576000a1982000e14078008100fb000004eb00dc
:105770000d007800810478000b0037000944dd003b
:1057800001047400fc0890003c109000808f5000d1
:10579000030031003180fb00710e980002003700d9
:1057a0000c007800b2fc070041992000e0c07800ae
:1057b0008180fb008e8f500003003100f27f2000bb
:1057c000820f5400edff36008006780089007800d3
:1057d0008004eb006055b800f4ff2f00f5ff2f00a8
:1057e0000403be00010078000000e900050033005a
:1057f0008703d1000683d3008582d3000482d300bf
:10580000f9ff37000d00780081067800200037008e
:105810000d0178000201e900050033000804d00002
:105820008984d2000a85d2008b85d200f9ff370027
:105830000180fb008000eb006011b80008047000dc
:10584000898470000a0571008b857100fc08900046
:105850003c109000808f5000030031003180fb002d
:10586000710e98000a0037000c00780094b79f0072
:10587000a5b79f00b6b79f00c7b79f007cfc070085
:10588000cfb397003fb39700afb297001fb2970016
:1058900041992000e0c078000181fb008e0f51008b
:1058a000600031000440e10005c8e10006d0e100dd
:1058b00007d8e100d6ff36005a0037000ec4b90001
:1058c00008844000fc0890003c109000808f50003d
:1058d000030031003180fb00710e98000200370098
:1058e0000c00780062fc070041992000e0c07800bd
:1058f0008180fb008e8f500003003100b2712000c8
:10590000820f5400edff3600800678008004eb0023
:105910006055b80098af9f00a9af9f00baaf9f0035
:10592000cbaf9f00120037000002440081824c0080
:1059300002034d0083834d0094af9f00a5af9f00ed
:10594000b6af9f00c7af9f007c089000bc109000ce
:10595000810f500003003100b086fb00700e9800ec
:10596000030037000c00780041fc07008006780037
:10597000409920006d407800e0cf9f008042780081
:105980000580fb008e0f5000280031006174b800c4
:105990006055b8000802be000a03be00f0ff2f00e9
:1059a000f1ff2f000001be007e0407001faa970030
:1059b000afaa97003fab9700cfab97000020e10064
:1059c00001a8e10002b0e10003b8e10017003e00c9
:1059d0000802be000a03be001fa89700afa89700e8
:1059e0003fa99700cfa99700d7040700efca9700f7
:1059f0000584fb008004eb006055b8000882ea00d3
:105a00008982ea000a83ea008b83ea000400e1004d
:105a10000588e1000690e1000798e100c2ff36002a
:105a20000200370080067800040037001fac9700a2
:105a3000afac97003fad9700cfad970040992000e5
:105a40006d4078000080fb008e0f50002000310078
:105a50000d00780009003700fc0890003c10900011
:105a6000808f5000030031003180fb00710e9800e0
:105a7000020037000c007800fdfb07004199200070
:105a800060c078000080fb008e0f5000f2ff3900ec
:105a900020022000406388005fab97000608a30047
:105aa000070032005fac9700efac97007fad970026
:105ab0008fb597008003eb0087af9f00040037008d
:105ac0005fac9700efac97007fad97008fb5970064
:105ad0003c1090000000e000030032007c089000c1
:105ae0000000e900700e98005fa89700efa89700eb
:105af0007fa997008fb197000040e10001c8e10045
:105b000002d0e10003d8e1001c0039000008a30026
:105b10000e003a008fa897000100e0000b003a0049
:105b200020022000406388005faa9700efaa970038
:105b30007fab97008fb3970061025200e0825a005a
:105b400060035b00e0835b00150037005fa89700ef
:105b5000efa897007fa997008fb197000040e10060
:105b600001c8e10002d0e10003d8e10003003600e3
:105b70002002200040638800140037008fa897009f
:105b8000e18f40000b003a006000b8006011b800df
:105b900008025000898258000a0359008b8359007b
:105ba000d4af9f00e5af9f00f6af9f0087b79f007f
:105bb000060037000800be000a01be00d0af9f00fb
:105bc000e1af9f00f2af9f0083b79f005fa89700ef
:105bd000efa897007fa997008fb197004f07780033
:105be0004f06be004f05be004f04be006f02b1005d
:105bf000000006008e002000d0fe3700881f7800cd
:105c000040442000ad010700000478000800e000d7
:105c100013003200c20320008000eb00080078006f
:105c20000afb0700e0ea2200300c9800c0082300bd
:105c3000400c980080f322007004980080fa220043
:105c40001014980000c0eb00205c98004004200075
:105c50000800400020049800004020003004980014
:105c6000080078004f04780000000600889fbe00fe
:105c70008a9fbe00100290008002eb000418a3006f
:105c800003003a0080129000700990008282520056
:105c9000d00190006001900002845100088442000d
:105ca000cfc4de00614db9008898be008a90be0066
:105cb0000000eb000468a300040032001000200084
:105cc000828f510001003e000000eb004f05be0036
:105cd0004f04be00000006000200fa00881f780092
:105ce00000047800e2bf9f0064815700080078003c
:105cf0001df60700980090000148a3000100320043
:105d00000080eb004f0478000080fa0000000600dd
:105d1000889fbe000004780048009000820478004c
:105d2000808f54000100360080047800090178005b
:105d30005800900094f107005800900009004000be
:105d400050049800c80090008984500049049800cd
:105d50000048eb004f04be00000006001000780071
:105d60008eeb3700900190000388a3000100320001
:105d7000e7ff37000348a30001003a0005020700cf
:105d80000000060001017800920090000158a30075
:105d900003003a0082007800910107000f003700ed
:105da0008080fb00a25990008301fb00838f50008c
:105db00007003200d2019000220a9000848f510027
:105dc0000300310080597800530198000400370027
:105dd0008000780002007800f4010700800078005d
:105de00001007800000006000000060000b9200055
:105df00000000600889fbe000004be000000eb000b
:105e00000800e00018003200180090000058a300bd
:105e10000d003200d800900068009000808f500084
:105e200009003600b80990000001eb0082007800fc
:105e30000800780003000100d80090000080eb000b
:105e40000100e000080032000000eb00200c980088
:105e500060049800500498000900e000020032003d
:105e60001800780044eb07004f04be000000060055
:105e7000889fbe000004be000000eb000800e000a8
:105e800025003200180090000058a30011003200d5
:105e9000d800900068009000808f50000900360004
:105ea000b80990000001eb0082007800080078003b
:105eb00003000100d80090000080eb000100e0002a
:105ec000150032000000eb00200c980060049800e0
:105ed00050049800780a900008109000800f52003b
:105ee000060031000002520011002000cfa2de00a7
:105ef000612bb90018007800330107000000eb00a7
:105f000000149800700c98000900e00002003200b4
:105f10001800780018eb07004f04be0000000600d0
:105f20000000060000000500fdff07005063800030
:105f30008000eb0063010700506380008000eb00ed
:105f400060010700506380008000eb005d013700b6
:105f50000800fa00889fbe008a1f780000047800bd
:105f6000010578008204780038009000a8009000b5
:105f70009abf9f000001780002f0a7000201ea002a
:105f80000201ea004f11de0002815400a2bf9f000f
:105f9000b1bf9f00c0bf9f0022002000ee805700cd
:105fa00018007800260107000000e00006003c0011
:105fb000f80060000130a20018019000828070009b
:105fc00011049800110037002fb99700820f50007c
:105fd0000e003600a8009000710c980002005000de
:105fe0000080400000149800380090000000e0009d
:105ff000070032000905450001007800b040780034
:1060000071fd9f00700c980001003700800478003b
:10601000090078004f0578004f04be000080fa00a8
:1060200000000600881f780000047800180078003f
:10603000e50007000203be000002be00f0ff2f00d3
:10604000f1ff2f000001be00e00f5200e08f5a0068
:10605000e00f5b00e08f5b0005003500180090004a
:106060000030a100100498006000b8006011b80072
:106070004f047800000006000800fa00889fbe0068
:106080008a1f78000004be00180090000058a3008a
:106090001b003200d800900068009000808f5000f4
:1060a00013003600b80990000001eb008200780070
:1060b0000800780094bf9f00a5bf9f00b6bf9f0057
:1060c000c7bf9f000300010058059000f0ff2f009c
:1060d000f1ff2f000001be001fba9700afba970072
:1060e0003fbb9700cfbb97000a00e00006003200dc
:1060f0000000eb00200c9800600498005004980009
:106100000800be00c7ff07004f0578004f04be001f
:106110000080fa00000006000800fa00889fbe0018
:106120008a1f78000004be00e18f540008003a0086
:10613000881090007808900000805000cf80de002a
:106140000002520081825a0001035b0081835b00e0
:10615000180090000058a3001b003200d8009000e7
:1061600068009000808f500013003600b80990003e
:106170000001eb00820078000800780094bf9f00c7
:10618000a5bf9f00b6bf9f00c7bf9f0003000100cf
:1061900058059000f0ff2f00f1ff2f000001be0016
:1061a0001fba9700afba97003fbb9700cfbb9700cd
:1061b0000a00e000150032000000eb00200c9800ff
:1061c00060049800500498000800be0095ff070086
:1061d0000203be000002be00f0ff2f00f1ff2f00ff
:1061e0000001be00e00f5200e08f5a00e00f5b009c
:1061f000e08f5b00050035000000eb000014980004
:10620000700c98006000b8006011b8004f0578006d
:106210004f04be000080fa000000060000000600e7
:10622000c0bc200000000600881f78000004780031
:10623000486090008040e90000c070004064980011
:10624000d800900068009000808f50000500360054
:10625000b80990000001eb00820078000800780087
:10626000030001000000eb00200c9800600498007f
:1062700050049800980090000118a3000300320019
:106280000140a00011049800080037002801900088
:10629000380090000000410000149800700c980035
:1062a0000000eb000138a300010032000080eb0089
:1062b0004f047800000006001bff37000200fa00c0
:1062c000889fbe000000e00001003a00100020009e
:1062d0000004e8000800a100f06280000000e8006f
:1062e0000000a100f0628800000020000000e00033
:1062f0000f003200e10f540006003600e20f4400a8
:1063000005003a00c0002000406388000000eb0058
:106310002a003700280020000800780038e707002e
:10632000290020000000e00024003a0001003700ae
:106330008004eb00f0628000e16280000080500089
:10634000800f54001300360008804400d0bf9f0027
:1063500066805700cc000700800078000000eb004a
:106360000100e000150032000100e8000000a1007b
:10637000e1628000810f500001003200f06288006d
:10638000dfb89700010040000000e8000000a10015
:10639000e0628800f16280000900e0000300320042
:1063a000010078000818780001003700010078002b
:1063b0000884440088804000f16288004f04be00d9
:1063c0000080fa0000000600a0fd2f00f1ff2f0062
:1063d000320007004f89de008201780000000600cd
:1063e0000200fa0081017800e0ff9f009300900016
:1063f0000188a30005003200d30090008058780087
:106400000080fb00d10198000a0037001200200034
:106410008f80e900030078005e00070080007800ac
:106420000080eb000100e00002003200eff897006e
:106430000180fb000080fa000000060051fe3700da
:10644000889fbe008a9fbe008c1f780000067800df
:1064500082057800010478008004eb0009057800cb
:106460000700370018019000980078000c007800b1
:106470007de90700808444000a05e80064044400c4
:106480008b0f5500f7ff3500090078004f067800a4
:106490004f05be004f04be000000060002002f00a2
:1064a000f3ff2f00820f5000838f58000400360046
:1064b0000000ea00406388000080eb008080eb0071
:1064c000000006008001eb000000e0000500320043
:1064d000700190000200e0000200320002000100a2
:1064e0008001780003007800000006006000b8001a
:1064f0006011b80000000600881f7800c00120006d
:106500006eff0700000478000800e0000a00320077
:10651000c20120008000eb0008007800cbf80700e3
:10652000e0ea2200300c9800c0032300400c9800e1
:1065300000c0eb00205c9800080078004f04780051
:1065400000000600adfd3700400990000240010048
:10655000d00190006001900002825100cfa2de00c5
:10656000612bb9008498be008690be009000900018
:106570000000eb000168a3000400320010002000be
:10658000828f510001003e000000eb000000060079
:10659000b6fd3700b00990000300e00001003200b2
:1065a00003400100100078007ce937000200fa0087
:1065b000881f780000047800c1ff9f002808900021
:1065c0000000e00006003a00080078002000070004
:1065d000800078000080eb000100e00018003a0025
:1065e000d800900028089000808f500009003100ea
:1065f0004ff997000280fb00a85990008301fb002f
:10660000830f500003003200825878005104980034
:106610000b003700b809900012002000e4805700fa
:106620000800780003000100800078000080eb0083
:10663000e18f500002003a00cff897000180fb0084
:106640004f0478000080fa000000060000000500fa
:10665000881f7800000478000800780021fb0700fc
:106660000000e00006003a00a800900061049800d5
:10667000510498003801900082804000210c98005d
:106680004f04780000000600900078000000eb0046
:106690000100e000050035000100780081e90700f5
:1066a000e10f400001003a000000eb00000006008e
:1066b00000000600feff0700fdff0700fcff37009b
:1066c00000c0da000000060000c0da00000006008a
:1066d00000c0da000000060081037800b6e9070078
:1066e0000001be006000b8000478a30013003a0067
:1066f0006220e10015003e000d0039008301d10049
:106700000281d3008180d3008301d1000281d300b4
:106710008180d3008301d1000281d3008180d30026
:106720000538b000c42add00f300b2008381720096
:1067300007f0a70003f0a0000000060083ff270079
:10674000020020006110b900f9ff370003ff2700a5
:10675000f7ff37000003be0097e907006011b8009b
:106760000470a70007f0a1006509b1001b0032000a
:1067700012003500860220000628e10008003500de
:10678000f3ff2700f2ff2f006110b9000700e000bf
:1067900018003b00030028006000b800020005005c
:1067a00000004000818048000201490083814900c7
:1067b0008502e900faff3a0008003700f88f42002e
:1067c00002003c008000eb00000005008100d100c9
:1067d0000080d3008502e800fcff3a000700e000db
:1067e00004003b0060001000e08018006001190008
:1067f000e0811900000006000001be006ee90700fc
:106800000470a70003f0a1006509b1001600320072
:106810000d0035006828e10006003500f0ff2f006c
:10682000f1ff27000300e00013003b0001002800f7
:106830000000050000004000818048008502e9005a
:10684000fcff3a0008003700f88f420002003c00cd
:106850008000eb00000005008100d1000080d30023
:106860008502e800fcff3a000300e00002003b0064
:1068700060001000e0801800000006001400fa001c
:10688000889fbe008a9fbe008c9fbe000005be0090
:106890000206be00680047000c90be000a90be00d1
:1068a000520107006400e1001a00320016003e00a9
:1068b0006100e1001a0032006e049000fe049000b6
:1068c0000e0b90009e0b90006011b8009e0590008a
:1068d0000b38b100d5012000828171006101640094
:1068e0008703d1000683d3008984d3000884d300b2
:1068f0008502e900f8ff3a0003ed07000df0a7005c
:1069000001f0a0007401370001fc27000000200006
:10691000faff370001f8270000002000f7ff3700da
:106920006000b800f5ff3700020ab900001bb9008b
:106930000200b80081004200810043000000060010
:10694000889fbe008a9fbe0030044200b0844a0087
:1069500030054b0090854b006000b1000898be00e8
:106960000a90be000440e10005c8e10006d0e10045
:1069700007d8e10002003100680040001008e8007c
:106980004f05be004f04be0000000600889fbe00f9
:106990008a9fbe003004be002005be0004185400cb
:1069a00005985c0006185d0007985d001100200046
:1069b0000440e10005c8e10006d0e10007d8e1008d
:1069c000010039008000eb00108810004f05be0068
:1069d0004f04be00000006001200fa00889fbe00af
:1069e0008a9fbe008c9fbe00e0b79f00f1b79f005a
:1069f00082bf9f0093bf9f000605be000404be0037
:106a00000000eb00d0b79f00c0b79f00b0b79f0059
:106a1000a0b79f0090b79f00000678005fb1970075
:106a2000cfb09700820141003fb097000200e00024
:106a300004003d00370007007e805700c0ff0700bc
:106a400003003700330007007e805700cfff0700a8
:106a5000dfb697000d00e0000c0035006fb2970024
:106a6000ffb297000fbb97009fbb9700100020005c
:106a7000010020006011b8000002720081827200e3
:106a800002037300838373001b0007000c06e800f9
:106a900001042000810f5600e0ff3a000d00e000e5
:106aa00004003d000802be000a03be007e805700bd
:106ab000a3ff07005fa897000000e00005003a0070
:106ac0001fb29700afb297003fb39700cfb39700c4
:106ad000090007006fb09700ffb097000fb997004b
:106ae0009fb997004f06be004f05be004f04be0081
:106af0000080fa0000000600010007000000060008
:106b0000a4b79f00b5b79f00c6b79f00d7b79f0037
:106b1000000006004f09de0082817100b3b79f00bc
:106b20004f01de008180400082807000a1b79f008d
:106b30008fb097004f09de00000040000200700097
:106b400090b79f007fa897004f01de008180400032
:106b50008280700081b79f000d0007004f3ade0071
:106b60000000400004007000f0af9f000800070024
:106b70000402420085824a0006034b0087834b00d3
:106b8000dfff07000802be000a03be000000060087
:106b90002fb29700bfb297004fb39700dfb39700b3
:106ba00000000600881f780018002000881f780069
:106bb00089ff07008f87e9004f0478000000060076
:106bc000801feb0084ff07008f87e90000000600ac
:106bd000889fbe008a9fbe00e00f5000e08f5800e3
:106be000e00f5900e08f59000c003d006044b800f0
:106bf0006055b8000000540081805c0002015d0017
:106c000083815d00180020001500070008003d008a
:106c1000180007000004eb00050037000004eb003b
:106c20000f00070002003d001200070018002000be
:106c3000dcff07000800e000060032006022b80018
:106c40006033b8000000520081805a0002015b00ee
:106c500083815b004f05be004f04be0000000600ac
:106c6000e00f5200e08f5a00e00f5b00e08f5b0006
:106c7000000006006044b8006055b80004025400eb
:106c800085825c0006035d0087835d0000000600ce
:106c9000889fbe008a9fbe008c1f7800e00f5000c6
:106ca000e08f5800e00f5900e08f59000d003d00c3
:106cb0006044b8006055b8000000540081805c005a
:106cc00002015d0083815d001c0020000820e100be
:106cd00009a8e1000ab0e1000bb8e1000d003d0099
:106ce000080037000006eb00e00f5200e08f5a006a
:106cf000e00f5b00e08f5b0006003d006044b800e1
:106d00006055b8000402540085825c0006035d00f3
:106d100087835d00aaff07000c00e0000600320038
:106d20006022b8006033b8000000520081805a0031
:106d300002015b0083815b004f0678004f05be00b7
:106d40004f04be0000000600889fbe008a9fbe0060
:106d50008c1f78000006eb00e00f5000e08f580019
:106d6000e00f5900e08f590007003d006044b80073
:106d70006055b8000000540081805c0002015d0095
:106d800083815d001c002000e00f5200e08f5a005c
:106d9000e00f5b00e08f5b0007003d006044b8003f
:106da0006055b8000402540085825c0006035d0053
:106db00087835d000c00a2004c0007000c00e0007f
:106dc000060032006022b8006033b80000005200b4
:106dd00081805a0002015b0083815b004f067800ce
:106de0004f05be004f04be00000006008000780082
:106df0005002be005003be004439de00f700b2006e
:106e0000f37f200003016100090032000218e10055
:106e100016003a00850172008301730083817300bc
:106e20000008200015003a00400020001300370041
:106e300085017200830173008381730005003a00ad
:106e400004a8be0006a8be00100020000b003700fa
:106e50000201e9000402420085824a0006034b0059
:106e600087834b000748a300f9ff32000740a000ca
:106e700004a8be0006a8be002000200080009800e4
:106e80009200980000000600680447000294be00cb
:106e90000094be00fc0447008694be008494be00ab
:106ea00009007800d1ff070008007800cfff070035
:106eb00099007800814f70000b003b000800be0075
:106ec0002c0007004f00b10003003700f3ff27003c
:106ed000f2ff2f006110b9004f06be004f05be0043
:106ee0004f04be000080fa0000000600889fbe002c
:106ef0008a9fbe008c9fbe000404b8000506b8003f
:106f00008904460060854e000606b8000a05460062
:106f1000e0854e000706b8008b054600040eb80059
:106f2000890446000a854e00e0854d00050eb80034
:106f30000a0546008b854e00060eb8008b054600fc
:106f40000416b8000a0546008b854e000516b800e9
:106f50008b054600041eb8008b0546000800be00e5
:106f60000a01be004f06be004f05be004f04be0022
:106f700000000600e48240001078a3000700320001
:106f8000640240001178a3003400be001401be006a
:106f9000040032000330a700000006003500be00e8
:0c6fa0001501be000330a0000000060038
:020000040000fa
:106fac0025750000004400006f6f00007220000087
:106fbc00756e00006c6f0000636b00006564000070
:106fcc000d0a00000055000050000000444e000067
:106fdc0000580000580000005245000053450000c6
:106fec00540000004f540000000d00000a00000087
:106ffc00444d00000046000057000000736500007f
:10700c0072690000616c0000005200004230000008
:10701c003000000072610000696e0000626f0000b9
:10702c00772000006c690000676800007473000032
:10703c00206f000066660000200000005242000035
:10704c003031000000720000616900006e620000c7
:10705c006f770000206c0000696700006874000006
:10706c00732000006f6e0000004c000052200000e6
:10707c00005200006177000020720000656400007f
:10708c00206900006e700000757400003a2000004a
:10709c00004c000052200000253200007800000057
:1070ac007265000064500000574d00002075000010
:1070bc007064000061740000656400000d0a00003b
:1070cc00004900006e760000616c000069640000ed
:1070dc0020720000656400002068000065780000e4
:1070ec0020760000616c0000756500000d0a000040
:1070fc00004c000047200000004c0000472000001e
:10710c002532000078000000477200006565000021
:10711c006e200000505700004d20000075700000dc
:10712c006461000074650000640d00000a0000003a
:10713c00496e0000766100006c690000642000005c
:10714c0067720000656500006e2000006865000035
:10715c0078200000766100006c750000650d000061
:10716c000a0000004c420000200000004c420000cd
:10717c002025000032780000006200006c750000d1
:10718c0065200000505700004d2000007570000075
:10719c006461000074650000640d00000a000000ca
:1071ac00496e0000766100006c69000064200000ec
:1071bc00626c0000756500002068000065780000b6
:1071cc0020760000616c0000756500000d0a00005f
:1071dc00004c000057200000004c0000572000001d
:1071ec002532000078000000776800006974000008
:1071fc0065200000505700004d2000007570000005
:10720c006461000074650000640d00000a00000059
:10721c00496e0000766100006c690000642000007b
:10722c007768000069740000652000006865000044
:10723c0078200000766100006c750000650d000080
:10724c000a000000445300002000000044530000da
:10725c002025000032780000006400006f6f0000f1
:10726c00722000007370000065650000642000004f
:10727c00757000006461000074650000640d00000e
:10728c000a000000496e0000766100006c69000085
:10729c0064200000646f00006f7200002073000017
:1072ac0070650000656400002068000065780000cf
:1072bc0020760000616c0000756500000d0a00006e
:1072cc00004c00004f4300004b53000054410000a1
:1072dc0054550000530000004c4f0000434b00007d
:1072ec003a200000554e00004c4f0000434b00006c
:1072fc0045440000202800000020000074690000b4
:10730c00636b000073200000726500006d6100006b
:10731c00696e0000696e0000672900000d0a00000c
:10732c00004c00004f4300004b3a0000204c000082
:10733c004f4300004b450000440d00000a000000c4
:10734c00554e00004c4f0000434b00004e4f0000c8
:10735c00570000004d6100006e750000616c00006c
:10736c00207500006e6c00006f6300006b20000045
:10737c00696e0000697400006961000074650000aa
:10738c00640d00000a000000444500004255000056
:10739c00473a000020000000466c00006f6f0000b0
:1073ac00723d000000590000455300002000000011
:1073bc004e4f000020200000004400006f6f0000c2
:1073cc00723d000000490000444c000045200000c4
:1073dc0020200000004f0000504500004e490000e6
:1073ec004e470000004f0000504500004e200000aa
:1073fc0020200000004300004c4f000053490000c7
:10740c004e470000004300004c4f00005345000065
:10741c0044200000002000004c6f0000636b000053
:10742c003d000000554e00004c4f0000434b000047
:10743c0045440000004c00004f4300004b45000049
:10744c004420000020000000204100007272000067
:10745c00556e00006c6f0000636b000054690000f7
:10746c006d650000723d00000055000041520000a7
:10747c00542000005265000061640000790d00008a
:10748c000a000000726500006420000068610000c2
:10749c007320000063680000616e000067650000e7
:1074ac00640d00000a0000006772000065650000b2
:1074bc006e2000006861000073200000636800000b
:1074cc00616e000067650000640d00000a0000009a
:1074dc00626c00007565000020680000617300009c
:1074ec0020630000686100006e67000065640000a6
:1074fc000d0a000000770000686900007465000048
:10750c0020680000617300002063000068610000c7
:10751c006e670000656400000d0a00000041000069
:10752c007272000069760000656400002061000042
:10753c0074200000746f000070200000666c000066
:10754c006f6f0000722000002d200000776100009a
:10755c0069740000696e0000672000003120000093
:10756c0073650000636f00006e6400000d0a00007c
:10757c000053000054200000323100000041000094
:10758c0072720000697600006564000020610000e2
:10759c0074200000626f0000747400006f6d0000b6
:1075ac00206600006c6f00006f720000202d000040
:1075bc002077000061690000746900006e670000ac
:1075cc002031000020730000656300006f6e000026
:1075dc00640d00000a00000053540000203100002c
:1075ec004600000053540000203200003700000019
:1075fc00535400002031000036000000312d0000f3
:10760c0073650000636f00006e640000206400006e
:10761c00656c000061790000206300006f6d000054
:10762c00706c000065740000652000002d200000c7
:10763c00646f00006f720000206f00007065000026
:10764c006e6900006e67000020720000657100001a
:10765c007565000073740000656400000d0a00007d
:10766c00004600006c6f00006f720000206100008b
:10767c007272000069760000616c000020640000ea
:10768c0065740000656300007465000064200000f0
:10769c002d200000737400006172000074690000fa
:1076ac006e6700002031000073200000756e000032
:1076bc006c6f0000636b000020640000656c0000c0
:1076cc00617900000d0a00000031000073200000f9
:1076dc00646500006c61000079200000636f00009d
:1076ec006d7000006c65000074650000202d0000ba
:1076fc00207500006e6c00006f6300006b69000069
:10770c006e670000206400006f6f000072200000a4
:10771c00666f000072200000337300000d0a000039
:10772c0000430000616c00006c20000062750000da
:10773c00747400006f6e0000207000007265000011
:10774c007373000065640000202d0000207500009c
:10775c006e6c00006f6300006b6900006e670000c8
:10776c00206400006f6f0000720d00000a00000022
:10777c00446f00006f720000206c00006f6300000b
:10778c006b200000726500006c65000061730000e6
:10779c00656400000d0a00000041000075740000d3
:1077ac006f2d0000636c00006f73000065200000fb
:1077bc00746900006d65000072200000657800009f
:1077cc007069000072650000640d00000a00000082
:1077dc005472000061760000656c0000207300009c
:1077ec007461000072740000656400000d0a0000f2
:0477fc000000000089
:020000040000fa
:107800000000fa004023a9000080fa0000000600f2
:107810000400fa00100798001e0090008000eb00a2
:10782000e200200003002000820f5000838f5800e8
:107830003d003e00006001000e00370010003700e0
:107840001200370014003700160037001800370008
:107850001a0037001c0037001e00370020003700d8
:1078600022003700240037002600370028003700a8
:107870002a00370001188000010f78002b00370024
:1078800011188000010f78002800370021188000af
:10789000010f78002500370031188000010f7800b3
:1078a0002200370041188000010f78001f003700c8
:1078b00051188000010f78001c003700611880000b
:1078c000010f78001900370071188000010f78004f
:1078d0001600370081188000010f78001300370070
:1078e00091188000010f780010003700a118800067
:1078f000010f78000d003700b1188000010f7800eb
:107900000a003700c1188000010f78000700370017
:10791000d1188000010f780004003700e1188000c2
:10792000010f780001003700000000001e00780001
:107930000080fa00000006000a00fa002007980004
:1079400031079800420798004e0090000000e800c0
:10795000104078000000fb00c800dd004e009000e1
:10796000104078000000fb00810070002e009000a5
:107970000108bb002e0090008000eb000188bb00d6
:107980004e00900063004000104078000000fb00b3
:10799000c800dd004e0090000080e8001040780034
:1079a0000000fb00810070002e0090000080e800c5
:1079b0000108bb002e0090000080e8008000eb0072
:1079c0000188bb004e009000650040001040780028
:1079d0000000fb00c800dd004e0090006400400085
:1079e000104078000000fb00810070002e00900025
:1079f000640040000108bb002e00900064004000bd
:107a00008000eb000188bb0010002400003b8800d0
:107a10002e019000be019000028fbe000500fc0008
:107a200050052000303b8800a00a2000303b880031
:107a300061e7a8000000fc0000000000013b80009e
:107a400000002800008060000000e000fbff3a001a
:107a50000080fa00000006000800fa0020079800e5
:107a6000310798002e009000100fba002e009000f1
:107a70001080ba00204798002e4090000080fb0044
:107a80008000eb00c001dd00020020001e00780035
:107a90008000eb0000007100818071000080fa001e
:107aa000000006000a00fa0030079800410798001d
:107ab0000000eb00000f78001d0037001e0078006a
:107ac000000040006101b9003e009000ce0090002f
:107ad0000200400083804800dfff07001007980085
:107ae000210798001e007800000040009e009000d2
:107af00001417800a1b42000827078001e00780057
:107b0000000040000001e8001e009000ae00900060
:107b1000c809dd004800de0000807100c808de00f2
:107b200080407800a0b42000017079001e0fe800aa
:107b30001e007800e20f5000e0ff34000080fa00e1
:107b4000000006001600fa00200f9800ae08900012
:107b5000811f7800607d2b00801f78000e00780068
:107b6000f1e90700e48757000e00780002000700e3
:107b70000080fa00000006000200fa00000f780002
:107b80000b003700000000001111800000202000d1
:107b9000008060000000e000fbff3a001e0078005b
:107ba000104078000000fb00201188001e0fe80044
:107bb0001e007800104078000004e000f1ff3a0059
:107bc0000080fa00000006000200fa00004f780072
:107bd00000000000111180000020200000806000e3
:107be0000000e000fbff3a001e00fb0020118800af
:107bf0000080fa00000006000400fa00004f780040
:107c000011479800224798000602a80000000000d3
:107c100030108000610060000000e000fcff3a00ce
:107c20001e80fb00000040001010880000000000d3
:107c30004110800000002400008060000000e0008f
:107c4000fbff3a001e4090000080fb0010108800ef
:107c5000000000004110800000002400008060004f
:107c60000000e000fbff3a002e4090000080fb0087
:107c70001010880000000000411080000000240067
:107c8000008060000000e000fbff3a000642a80010
:107c90000000000030108000640060000000e00080
:107ca000fcff3a000080fa00000006000400fa0021
:107cb00020479800314798009d0e07002e40900005
:107cc00000404000b50e07003e409000b30e070094
:107cd0002e4090000080fb00000040000040780033
:107ce0000004a000ad0e07000040eb00bf0e07002f
:107cf000004f7800970e07001e4078000080fa00c1
:107d0000000006000000fa0002c1b30031c0b30059
:107d100000c4b300b8ff070032c0b300e1cfb30026
:107d200000c4b300b4ff07000041eb008040eb004b
:107d300000c4b300b0ff070042c0b30011c0b300dd
:107d400000c4b300acff07000080fa00000006008a
:107d50000800fa0020479800210798003207980091
:107d60002e4090004200dd00664f40002e00900043
:107d700000407800004178009e40780000c4b300c5
:107d80009dff07002e0090004800de008040780034
:107d90001e40e800014178008040780000c4b30034
:107da00095ff07003e009000804078001ec0e8006c
:107db000014178008040780000c4b3008eff0700c6
:107dc0003e0090004800de00804078001e417800b0
:107dd00063404100014178008040780000c4b30056
:107de00085ff07000080fa00000006000200fa008c
:107df0000000eb00000f7800240037001e0178001f
:107e00008000eb000040eb00d1ff070000c4290018
:107e100001002000651107001e0178008000eb00c2
:107e200010c0b300caff070000c4290001002000f1
:107e30005e1107001e0178008000eb0020c0b30037
:107e4000c3ff070000c429000100200057110700ec
:107e50001e0178008000eb0030c0b300bcff0700bb
:107e600000c429000100200050110700f0ff20008d
:107e70009e007800808f5000020036000000eb006a
:107e8000000f78009e007800708f400000002100f5
:107e90009e007800808f5000d8ff36000080fa00e6
:107ea000000006000600fa00000f78001107980095
:107eb000220798001e0178008000eb000040eb00d4
:107ec000a3ff07001e0190008000eb0010c0b3006c
:107ed0009fff07002e0190008000eb0020c0b30040
:107ee0009bff07000080fa00000006000a00fa006d
:107ef000881f78006000b800008fbe0001003700c6
:107f0000000000001e00be00ade7070002002000d8
:107f100003f82300d6e3070002002e00f34f2400ed
:107f200097e5070086e307002007980062aa200073
:107f3000630024001e00be00cde30700a0e7070099
:107f40000200200003f82300c9e3070002002e000e
:107f5000f34f24008ae5070079e307003007980013
:107f600062aa2000630824001e00be00c0e30700d0
:107f700093e707000200200003f82300bce307009a
:107f800002002e00f34f24007de507006ce307009c
:107f9000400798004e019000be0090002e00900017
:107fa000c0ff070000c4290001002000ff100700e7
:107fb000a2702d0033c223001e00be00ace30700f8
:107fc000008fbe0018c0b30092ff2000930c240065
:107fd0001e00be0058e307000000e00001003c0066
:107fe0000044eb000804e000c5ff320092ff2000cf
:107ff000930c24001e00be0094e30700008fbe0017
:10800000c0ff37000200fa00004f7800660d07003d
:1080100080c7b3007f0d07000040eb007d0d070017
:108020001e4078007b0d0700680d070080002000cf
:1080300001002000dd1007000080fa0000000600ab
:108040000200fa00004f7800570d070080c7b30008
:10805000700d070000c4b3006e0d07001e407800cd
:108060006c0d0700590d07000032200001002000b0
:10807000ce1007000080fa00000006000000fa00a1
:1080800000a8210061002000c810070080c3b300d1
:10809000dcff070090c3b300daff070000a821004f
:1080a00061002000c110070040c1b300d5ff0700e8
:1080b000f0c7b300d3ff0700f0c5b300d1ff07003e
:1080c00000482800e1012000b8100700c0c6b30036
:1080d000ccff07000088230011002000b310070028
:1080e00080c3b300c7ff07000088230011002000f1
:1080f000ae100700d0c0b300c2ff07000088230005
:1081000011002000a910070010c0b300bdff070038
:108110000088230011002000a410070060c0b300f5
:10812000b8ff070000c42900010020009f100700cd
:1081300000c4b300b3ff070000482800e10120009d
:108140009a1007000080fa00000006000200fa0002
:10815000000f7800040037001e00780010407800ff
:108160001e0fe800b6ff07001e00780010407800e0
:108170000004e000f8ff3a000080fa00000006006a
:108180000000fa009efd07000080fa0000000600d3
:108190000000fa001116800000202000008060001e
:1081a0000000e0000c003a001116800000042000de
:1081b000008060000000e00007003200111680001f
:1081c00000022000008060000000e0000200320099
:1081d000100020001200370011168000000420005b
:1081e000008060000000e0000c003a0011168000e2
:1081f00000202000008060000000e0000700320046
:108200001116800000022000008060000000e000e5
:108210000200320010002000010037000000eb00d7
:108220000080fa00000006000000fa0030458000df
:108230000000e00007003a001000200030458800f0
:10824000a828ef001000200010458800907d2b002a
:1082500049fe07000080fa00000006000000fa0056
:10826000930e070010002000204588001000200019
:108270001043880010002000704788001000200084
:10828000f0478800100020006046880010002000a1
:10829000c047880010002000204388001000200004
:1082a000d047880010002000a04788001000200060
:1082b0009044880010002000b042880000478000f1
:1082c0000000e80000478800a04580000000e800aa
:1082d000a0458800004680000000e80000468800b5
:1082e000604380000000e800604388006048800030
:1082f0000000e800604888006148800030062000e7
:10830000808f5000010034000c29ef000080fa003b
:10831000000006000000fa00090e07000080fa00c5
:10832000000006000000fa00190f07000300070014
:108330000b0007000080fa00000006000000fa00b1
:10834000a1458000904a8000808f500002003500d7
:108350005029ef00b428ef000080fa00000006006a
:108360000000fa000146800070488000808f5000b5
:108370000300350010002000f0458800c028ef0001
:10838000f0458000e10f500003003a00ed02a90023
:10839000ec02a80002003700ed02a800ec02a900e0
:1083a000d116800000002200008060000000e00084
:1083b00002003200be28ef00c028ef000080fa0063
:1083c000000006000000fa0001478000004b80001a
:1083d000808f500003003500e028ef00c482a80021
:1083e000d442a8000080fa00000006002c00fa0029
:1083f0005017980000a8210061002000eb0f070033
:10840000917e2b005e109000e6e707000000e00080
:1084100005003a0010002000000f78000000eb007b
:108420001007980036013700c17e2b005e109000c7
:10843000dce707000000e00005003a001000200023
:10844000200798000000eb00300798002c0137004f
:10845000f17e2b005e109000d2e707000000e000e4
:1084600005003a000000eb00400798000000eb0018
:108470005007980022013700217f2b005e109000ea
:10848000c8e707000000e0001d013200817f2b00db
:108490005e109000c3e707000000e00005003a000e
:1084a00070488000a7fd0700b07f2b00b2fd0700d9
:1084b00013013700e17f2b005e109000b9e7070041
:1084c0000000e00005003a00804880009dfd0700a4
:1084d000b07f2b00a8fd07000901370011802b0099
:1084e0005e109000afe707000000e00005003a00d2
:1084f00080ab2000a0fd0700b07f2b009efd070091
:10850000ff00370041802b005e109000a5e70700b8
:108510000000e00005003a0080ab200096fd070057
:10852000b07f2b0094fd0700f5003700b1802b00d1
:108530005e1090009be707000000e00008003a0092
:10854000004080000000e00005003a00100020001c
:108550000040880000812b0087fd0700e8003700fd
:1085600041822b005e1090008ee707000000e000c3
:1085700007003a0000408000e10f500004003a007c
:108580000028ef0090822b007bfd0700dc00370005
:1085900032002000b1832b005e1090008ce70700b2
:1085a0000000e00024003a005e109000e30040006c
:1085b0006c004700220020009ae707000040eb0013
:1085c000604f9800f0832b006bfd07005e10900059
:1085d00069fd0700b07f2b0067fd070070004700b2
:1085e000801f7800f0842b00801f78005e109000c0
:1085f0005ae70700e4875700e10f50000b003a00ec
:108600000e089000cf80de001041880021418800d4
:1086100060852b0058fd070010418000214180003b
:108620000000780047fd0700b500370070862b007a
:1086300051fd0700b200370032002000f1872b0007
:108640005e10900062e707000000e0001e003a00a4
:108650005e109000e30040007200470022002000fe
:1086600070e707000040eb00405798007600470095
:10867000801f780030882b00801f78005e109000eb
:1086800036e70700e4875700e10f50000b003a007f
:108690003e089000cf80de003041880041418800d4
:1086a000a0882b0034fd070030418000414180004c
:1086b0000000780023fd070091003700e0892b00bf
:1086c0002dfd07008e00370032002000818b2b002b
:1086d0005e1090003ee707000000e0001e003a0038
:1086e0005e109000e3004000780047002200200068
:1086f0004ce707000040eb00205f98007c0047003b
:10870000801f7800c08b2b00801f78005e109000c7
:1087100012e70700e4875700e10f50000b003a0012
:108720006e089000cf80de005041880061418800d3
:10873000308c2b0010fd070050418000614180000b
:1087400000007800fffc07006d003700608d2b00f3
:1087500009fd07006a00370032002000f18e2b006f
:108760005e1090001ae707000000e0001f003a00ca
:108770005e109000e30040007e00470022002000d1
:1087800028e707000040eb00006798002002200067
:108790000e004000801f7800308f2b00801f780073
:1087a0005e109000ede60700e4875700e10f5000ef
:1087b0000b003a001e109000cf80de007041880050
:1087c00081418800a08f2b00ebfc070070418000e6
:1087d0008141800000007800dafc07004800370083
:1087e000e0902b00e4fc0700450037003200200039
:1087f00081922b005e109000f5e607000000e0007b
:1088000020003a005e109000e3004000400220008b
:108810000e0040002200200002e707000040eb00ad
:1088200060679800800220000e004000801f7800e2
:10883000c0922b00801f78005e109000c7e60700f2
:10884000e4875700e10f50000b003a004e109000f3
:10885000cf80de0090488800a148880030932b002c
:10886000c5fc070090488000a14880000000780007
:10887000b4fc07002200370080942b00befc0700e8
:108880001f00370071962b005e109000c5e60700b0
:108890000000e0000e003a00304580000000e000db
:1088a0000800320020972b00b3fc070040458000f1
:1088b0007e001000a3fc070030982b00aefc0700e0
:1088c0000f00370070992b00abfc07000c0037003d
:1088d000619a2b005e109000b2e607000000e000f5
:1088e00007003a001000200030458800a828ef005b
:1088f0001000200010458800009b2b009efc070004
:108900000080fa00000006000000fa001116800046
:1089100000022000008060000000e00003003a0038
:1089200080448000e10f500002003a001000200057
:10893000010037000000eb000080fa000000060094
:108940000000fa00104380000000e0004800320000
:10895000504880000000e8005048880050488000df
:10896000e40f5000420034000a29ef00a09c2b00c5
:1089700081fc0700209d2b007ffc07001116800062
:1089800000042000008060000000e00005003200cc
:108990001116800000202000008060000000e00030
:1089a00002003a00909d2b0001003700e09d2b0053
:1089b00071fc0700309e2b006ffc0700a041800077
:1089c000e20f500012003200e20f500005003e009e
:1089d0000000e00008003200e10f50000900320002
:1089e00014003700e30f50000c003200e40f500079
:1089f0000d0032000f003700909e2b005efc070038
:108a00000c003700109f2b005bfc070009003700ab
:108a1000909f2b0058fc07000600370010a02b0089
:108a200055fc07000300370090a02b0052fc070004
:108a30000000000010a12b004ffc07003045800013
:108a40000000e0000200320080a12b00010037008e
:108a500010a22b0048fc0700a0a22b0046fc070038
:108a60005045800037fc0700b07f2b0042fc070018
:108a70000080fa00000006000c00fa00881f780051
:108a80002b0e070000a8210061002000470e070000
:108a90000c0307005a050700006a28001100200097
:108aa000100b070000a82100610020003f0e070006
:108ab000850c0700280c0700cb0b0700de0c070015
:108ac000b80c07005b0c0700fe0b0700110d070038
:108ad0004bfb0700000c2400f20b07006f09070096
:108ae0008a09070040002000a209070000102000aa
:108af0009a09070000482800e10120002b0e07001a
:108b000080fc0700c402a900c422a900c482a800f6
:108b1000d442a800d482a900dcc2a900dd22a800aa
:108b2000dd62a800e402a900e4a2a900e4e2a90031
:108b3000e4c2a900ec22a800ec02a800ec42a900c3
:108b4000ec62a900ec82a900eca2a900ecc2a90089
:108b5000ece2a900ed02a900ed82a800f4e2a80071
:108b6000f5c2a900f5e2a900103a800000017800e2
:108b70000260a10060042000710520002374200021
:108b80008049780081497800824978001136800058
:108b900000fc2f00008060003000b3001036880019
:108ba0002135800000fc2f00008060003000b30001
:108bb00020358800103a8000000178000260a00093
:108bc0006004200071052000237420008049780093
:108bd0008149780082497800b0a32b00e6fb0700aa
:108be000a0002000630907000000eb00000f7800e0
:108bf00032408000434080001041800021418000cd
:108c0000800f5100818f59000e003200104180000a
:108c100021418000304088004140880080a42b0022
:108c2000d5fb070030408000414080000000780004
:108c30004400dd00000178008000eb0020c0b3009c
:108c400043fc070072408000834080003041800078
:108c500041418000800f5100818f59000e00320089
:108c60003041800041418000704088008140880090
:108c7000a0a52b00c0fb0700704080008140800051
:108c8000000078004400dd00000178008000eb0067
:108c900010c0b3002efc07005240800063408000eb
:108ca0005041800061418000800f5100818f590048
:108cb0000e00320050418000614180005040880029
:108cc00061408800e0a62b00abfb0700504080000d
:108cd00061408000000078004400dd000001780061
:108ce0008000eb000040eb0019fc07009240800080
:108cf000a34080007041800081418000800f5100be
:108d0000818f59000e003200704180008141800047
:108d100090408800a140880010a82b0096fb070017
:108d200090408000a1408000000078004400dd00f9
:108d3000000178008000eb0030c0b30004fc0700a5
:108d4000490507000004e000230032001b0507006e
:108d5000204798002e409000ea4f50000300320058
:108d60002e409000ed4f50000d003a0005c8bf00a6
:108d70000080fb0001b520000041eb00827078000c
:108d800000b520007cfb0700b07f2b007afb0700ba
:108d900000b5200095fd07000568ef000e003700c4
:108da0005180200091407800e0c3b30080cf500094
:108db00008003e0005c8bf008080fb0002b520000f
:108dc000ae41900003f178000040e80005e8b700ec
:108dd000010037000568ef00111680000004200034
:108de000008060000000e0001b003a0011168000c7
:108df00000202000008060000000e000160032002b
:108e00000000eb00200798001e0078000000e00042
:108e1000050032009428ef0010002000b0448800c4
:108e200050a92b0054fb0700f1ab2b0090b12000a0
:108e30005ce507000000e000500032006200200006
:108e4000f1ab2b0090b120004fe50700100020008f
:108e5000604788004900370011168000002020007c
:108e6000008060000000e0001b003a001116800046
:108e700000042000008060000000e00016003200c6
:108e800010002000200798001e007800e10f50001d
:108e9000050032009428ef0010002000b044880044
:108ea00050ac2b0034fb070021af2b0090b1200009
:108eb0003ce507000000e0003000320062002000c6
:108ec00021af2b0090b120002fe5070010002000fb
:108ed000604788002900370011168000002020001c
:108ee000008060000000e0001500320011168000d4
:108ef00000042000008060000000e000100032004c
:108f000020002000200798009628ef009428ef000a
:108f100081af2b0090b1200022e507000000e000a7
:108f2000160032006200200081af2b0090b12000bb
:108f300015e5070010002000604788000f0037008b
:108f400030002000200798009628ef009428ef00ba
:108f5000e1af2b0090b1200012e507000000e00017
:108f60000600320062002000e1af2b0090b120002b
:108f700005e507001000200060478800b04480002d
:108f80000000e00010003200104380000000e0000c
:108f90000d0032006228ef00a04480000000e800cd
:108fa000a0448800a0448000e90f5000060034006f
:108fb00010002000804488009628ef009428ef00dd
:108fc00040b02b00ecfa07001116800000042000ce
:108fd000008060000000e0000500320011168000f3
:108fe00000202000008060000000e00037003a0010
:108ff000a0418000e40f500003003200a041800037
:109000000000e0001d003a00b04480000000e000d5
:1090100008003200604580000000e00005003a00d2
:10902000aa28ef00100020006045880070b32b00d4
:10903000d1fa0700604580000000e0000f00320018
:10904000104380000000e0000c0032006228ef00b6
:10905000504580000000e8005045880050458000e1
:10906000e90f5000050034006ffc0700ac28ef004a
:10907000aa28ef00b0b62b00bffa0700a04180007d
:10908000e40f500003003200a04180000000e00027
:1090900012003a003efc07000000e0000900320028
:1090a000704580000000e0000e003a001000200033
:1090b000704588005cfc070070b92b00aefa070011
:1090c00009003700ae28ef0007003700ac28ef009a
:1090d000aa28ef00ae28ef000300370000000000d0
:1090e0000100370000000000304580000000e00073
:1090f0000f003200204580000000e0000c0032002c
:10910000a428ef00404580000000e80040458800aa
:1091100040458000fd0f500005003400a628ef00f8
:10912000a228ef00a828ef00e0bb2b0092fa07006e
:10913000304580000000e00002003200ec82a80010
:1091400001003700ec82a900a0418000e20f50002e
:1091500017003a00e04080000000e00014003200f8
:10916000104380000000e000150032006228ef008c
:10917000d04480000000e800d0448800d044800043
:109180006101b900b0488000c1488000800f5100e3
:10919000818f59000900390010002000c044880068
:1091a0009a28ef0030bd2b0073fa07000400370047
:1091b0009a28ef009828ef00010037000000000017
:1091c00040478000e10f500003003a00d0b020007b
:1091d00069fa0700e828ef0050478000e10f5000cf
:1091e00003003a0030b1200063fa0700ea28ef00dc
:1091f00060478000e10f500003003a0090b120006a
:109200005dfa0700ec28ef006000200080f90700fd
:10921000f0418800f0418000cf80de00e3de0700ef
:1092200002002000e3332400d5e0070002002f00f5
:10923000f3572400f3df0700300798004107980038
:109240007049800081498000d2cc2c00c3e4230007
:10925000fede070018c0b3003e019000ce01900072
:10926000b5de07000000e00001003c000044eb0018
:109270000804e0000e003a00704980008149800037
:10928000d2cc2c00c3e42300f9de070018c0b300e1
:109290003e019000ce019000a5de07000000e00036
:1092a000010035000044eb000804e0000400320037
:1092b0003e019000ce0190007249880083498800e9
:1092c0006000200052f90700b0418800d1168000ec
:1092d00000002400008060000000e00001003a006f
:1092e000e228ef00d116800000002400008060001a
:1092f0000000e0000200320010002000104788004b
:1093000010178000610060000000e00005003a00d6
:109310001117800000102000008060000000e000b5
:109320000200320010002000010037000000eb00b6
:109330005007980050428000e10f50000f003200ab
:10934000e10f500003003900e20f50001700320017
:109350002e0037004e28ef00f4e2a8005e009000d7
:109360000000e0002400320010002000504288007d
:10937000e0be2b0000fa0700240037004e28ef0063
:10938000f4e2a8005e0090000000e0001c003a003b
:1093900020002000504288004c28ef0010002000e0
:1093a00070428800f4e2a900180037001000200085
:1093b00070428800f4e2a90070478000e10f50007d
:1093c00004003a00ee28ef00604280000000e80050
:1093d0006042880061428000b0498000808f500068
:1093e000090035004a28ef004c28ef004e28ef0016
:1093f000f4e2a80005003700000000000300370079
:1094000000000000010037000000000070428000f2
:109410000000e00002003200ec42a800010037002a
:10942000ec42a900dd22a800d442a800c482a80012
:1094300010178000620060000000e00001003200b0
:10944000ece2a80010178000620060000000e0005d
:1094500001003a00ece2a900d0168000d01680008e
:109460005117800000002200008060000000e00032
:109470000c00320011168000000420000080600003
:109480000000e000070032001116800000202000dc
:10949000008060000000e00002003200ec22a80022
:1094a000ec42a800511780000000220000806000fc
:1094b0000000e000070032001116800000042000c8
:1094c000008060000000e00002003a00ec22a900e9
:1094d000ec42a800511780000000220000806000cc
:1094e0000000e0000c003200111680000020200077
:1094f000008060000000e00007003a009016800045
:10950000680060000000e00003003a001000200046
:10951000d0468800e4c2a800511780000000220055
:10952000008060000000e00004003a00da28ef004c
:10953000dc28ef00e4c2a900e4e2a8007046800045
:109540000000e00007003a0011168000000420002f
:10955000008060000000e00002003a0010002000df
:109560003046880030468000e10f50000f003a007e
:1095700060468000e10f50000c003a004046800039
:109580000000e80040468800cc28ef0041468000fb
:10959000d04a8000808f5000040035001000200069
:1095a00070468800c828ef00c628ef00c04680003b
:1095b0000000e00007003a001116800000202000a3
:1095c000008060000000e00002003a00100020006f
:1095d0009046880090468000e10f50000f003a004e
:1095e000f0478000e10f50000c003a00a0468000d8
:1095f0000000e800a0468800fe28ef00a146800099
:10960000f04a8000808f500004003500d428ef001d
:10961000d228ef0010002000c04688009e090700f5
:10962000e10f500001003a000cfb07003e09070063
:10963000e10f500001003a0036fb070001468000b0
:1096400070488000808f500003003500100020001b
:10965000f0458800c028ef00f0458000e10f500081
:1096600002003a00ed02a900ec02a800f0458000db
:109670000000e00002003a00ed02a800ec02a900a0
:10968000d116800000002200008060000000e00091
:1096900002003200be28ef00c028ef0090168000c4
:1096a000680060000000e00003003200d482a800df
:1096b000e4e2a9004efd3700d482a900e4e2a8004c
:0496c0004bfd370027
:020000040000fa
:1096c4000000fa0040002800001a880080432000af
:1096d400101a880010002000201a88004823ef0088
:1096e40000f22700701a8800403f2000801a88008a
:1096f4005223ef005423ef005623ef005823ef00ca
:109704006023ef006223ef006423ef00de24ef0008
:1097140040b924000600070095a0a8000080fa00c4
:10972400000006000000fa000080fa0000000600b5
:109734000200fa00000f78001e007800e04b880059
:109744000080fa00000006000000fa004023a80090
:109754000080fa00000006000000fa004023a9007f
:109764000080fa00000006000800fa0030079800a4
:10977400101a80004200de007f4060000080fb0081
:109784002007980000302000100798000000eb002c
:10979400000f78000b0037001e0078000000400026
:1097a400be009000008040009e0090009100780070
:1097b400010878001e0090000080e800100798005f
:1097c4001e0fe8009e0078002e009000808f50004d
:1097d400f1ff36001e0078000080fa000000060049
:020000040000fa
:109800000000000000000000000000000000000058
:109810000000000000000000000000000000000048
:109820000000000000000000000000000000000038
:109830000000000000000000000000000000000028
:109840000000000000000000000000000000000018
:109850000000000000000000000000000000000008
:1098600000000000000000000000000000000000f8
:1098700000000000000000000000000000000000e8
:1098800000000000000000000000000000000000d8
:1098900000000000000000000000000000000000c8
:1098a00000000000000000000000000000000000b8
:1098b00000000000000000000000000000000000a8
:1098c0000000000000000000000000000000000098
:1098d0000000000000000000000000000000000088
:1098e0000000000000000000000000000000000078
:1098f0000000000000000000000000000000000068
:109900000000000000000000000000000000000057
:109910000000000000000000000000000000000047
:109920000000000000000000000000000000000037
:109930000000000000000000000000000000000027
:109940000000000000000000000000000000000017
:109950000000000000000000000000000000000007
:1099600000000000000000000000000000000000f7
:1099700000000000000000000000000000000000e7
:1099800000000000000000000000000000000000d7
:1099900000000000000000000000000000000000c7
:1099a00000000000000000000000000000000000b7
:1099b00000000000000000000000000000000000a7
:1099c0000000000000000000000000000000000097
:1099d0000000000000000000000000000000000087
:1099e0000000000000000000000000000000000077
:1099f0000000000000000000000000000000000067
:109a00000000000000000000000000000000000056
:109a10000000000000000000000000000000000046
:109a20000000000000000000000000000000000036
:109a30000000000000000000000000000000000026
:109a40000000000000000000000000000000000016
:109a50000000000000000000000000000000000006
:109a600000000000000000000000000000000000f6
:109a700000000000000000000000000000000000e6
:109a800000000000000000000000000000000000d6
:109a900000000000000000000000000000000000c6
:109aa00000000000000000000000000000000000b6
:109ab00000000000000000000000000000000000a6
:109ac0000000000000000000000000000000000096
:109ad0000000000000000000000000000000000086
:109ae0000000000000000000000000000000000076
:109af0000000000000000000000000000000000066
:109b00000000000000000000000000000000000055
:109b10000000000000000000000000000000000045
:109b20000000000000000000000000000000000035
:109b30000000000000000000000000000000000025
:109b40000000000000000000000000000000000015
:109b50000000000000000000000000000000000005
:109b600000000000000000000000000000000000f5
:109b700000000000000000000000000000000000e5
:109b800000000000000000000000000000000000d5
:109b900000000000000000000000000000000000c5
:109ba00000000000000000000000000000000000b5
:109bb00000000000000000000000000000000000a5
:109bc0000000000000000000000000000000000095
:109bd0000000000000000000000000000000000085
:109be0000000000000000000000000000000000075
:109bf0000000000000000000000000000000000065
:109c00000000000000000000000000000000000054
:109c10000000000000000000000000000000000044
:109c20000000000000000000000000000000000034
:109c30000000000000000000000000000000000024
:109c40000000000000000000000000000000000014
:109c50000000000000000000000000000000000004
:109c600000000000000000000000000000000000f4
:109c700000000000000000000000000000000000e4
:109c800000000000000000000000000000000000d4
:109c900000000000000000000000000000000000c4
:109ca00000000000000000000000000000000000b4
:109cb00000000000000000000000000000000000a4
:109cc0000000000000000000000000000000000094
:109cd0000000000000000000000000000000000084
:109ce0000000000000000000000000000000000074
:109cf0000000000000000000000000000000000064
:109d00000000000000000000000000000000000053
:109d10000000000000000000000000000000000043
:109d20000000000000000000000000000000000033
:109d30000000000000000000000000000000000023
:109d40000000000000000000000000000000000013
:109d50000000000000000000000000000000000003
:109d600000000000000000000000000000000000f3
:109d700000000000000000000000000000000000e3
:109d800000000000000000000000000000000000d3
:109d900000000000000000000000000000000000c3
:109da00000000000000000000000000000000000b3
:109db00000000000000000000000000000000000a3
:109dc0000000000000000000000000000000000093
:109dd0000000000000000000000000000000000083
:109de0000000000000000000000000000000000073
:109df0000000000000000000000000000000000063
:109e00000000000000000000000000000000000052
:109e10000000000000000000000000000000000042
:109e20000000000000000000000000000000000032
:109e30000000000000000000000000000000000022
:109e40000000000000000000000000000000000012
:109e50000000000000000000000000000000000002
:109e600000000000000000000000000000000000f2
:109e700000000000000000000000000000000000e2
:109e800000000000000000000000000000000000d2
:109e900000000000000000000000000000000000c2
:109ea00000000000000000000000000000000000b2
:109eb00000000000000000000000000000000000a2
:109ec0000000000000000000000000000000000092
:109ed0000000000000000000000000000000000082
:109ee0000000000000000000000000000000000072
:109ef0000000000000000000000000000000000062
:109f00000000000000000000000000000000000051
:109f10000000000000000000000000000000000041
:109f20000000000000000000000000000000000031
:109f30000000000000000000000000000000000021
:109f40000000000000000000000000000000000011
:109f50000000000000000000000000000000000001
:109f600000000000000000000000000000000000f1
:109f700000000000000000000000000000000000e1
:109f800000000000000000000000000000000000d1
:109f900000000000000000000000000000000000c1
:109fa00000000000000000000000000000000000b1
:109fb00000000000000000000000000000000000a1
:109fc0000000000000000000000000000000000091
:109fd0000000000000000000000000000000000081
:109fe0000000000000000000000000000000000071
:109ff0000000000000000000000000000000000061
:020000040000fa
:10a000000000fa009580a9009560a900800020005a
:10a01000001188002222ef00700620004011880005
:10a0200060c42000504b880060c42000404b880072
:10a03000f0c42000304b8800f0c42000204b880082
:10a040006c69ef00000425000700070000092500e7
:10a050002d0007009560a80021e2a8002342a80077
:10a060000080fa00000006000200fa00000f7800ed
:10a070001e007800704b88000080fa000000060087
:10a080000000fa00514b8000404b8000808f500050
:10a0900002003a009580a900190037008580a900c8
:10a0a00010003700504b8000904078008180fb000a
:10a0b000211188000000e800504b8800514b8000bf
:10a0c000f0c42000808f500002003a0060c42000dd
:10a0d000504b8800514b8000404b8000808f5000d7
:10a0e0000600320011118000002020000080600076
:10a0f0000000e000ebff320001003700000000002c
:10a100000080fa00000006000200fa00000f78004c
:10a110001e007800804b88000080fa0000000600d6
:10a120000000fa001e003700204b80003111800033
:10a130008140780001487800214b800070c52000e4
:10a14000808f500009003200204b80008000e80022
:10a15000304b8000808f500004003200204b800084
:10a160000000e800204b88000d003700214b8000e4
:10a1700070c52000808f500007003a00314b8000ee
:10a18000f0c42000808f500003003200f0c4200093
:10a19000204b88000200370010c0b3006ce9b70004
:10a1a00010118000610060000000e000deff3a0056
:10a1b0008560a9000080fa00000006000200fa0095
:10a1c0000040eb00004f780000000000314b8000a1
:10a1d000204b8000808f5000fcff3200304b80000d
:10a1e000104f7800304b80000000e800304b8800b2
:10a1f000314b800080c52000808f500002003a0063
:10a20000f0c42000304b88001e4078000080fa0027
:10a21000000006000200fa00004f78000000000075
:10a220001c0007000004a2000004e000fcff3a004c
:10a23000404b80001e487800404b80000000e80042
:10a24000404b8800414b8000f0c42000808f5000bc
:10a2500002003a0060c42000404b88009580a800ae
:10a260000080fa00000006000000fa00314b800078
:10a27000204b80000080680000f0a7000000ea008a
:10a280000000ea004f00de00004078000080fa0085
:10a29000000006000400fa00514b800011079800ee
:10a2a000414b80001e009000808f5000060031005e
:10a2b0009e009000404b8000008050000000e900ac
:10a2c000000f7800050037009e009000404b800092
:10a2d0000080500068004000000f78001e007800e9
:10a2e00000f0a7000000ea000000ea004f00de00d6
:10a2f000004078000080fa00000006000000fa002c
:10a30000414b8000504b8000808f500009003a0084
:10a3100011118000001020000080600000f0a700f4
:10a320000000ea000000ea004f00de000040780074
:10a33000010037000040eb000080fa00000006003a
:10a340000400fa00214b800011079800304b800078
:10a350009e009000808f5000060031009e0090000b
:10a36000304b80000080500069004000000f7800f2
:10a37000030037009e009000304b8000008f50009b
:10a38000f00f20009e007800808f50000200360001
:10a3900000c0eb00020037001e007800004078008b
:10a3a0000080fa00000006000000fa00e4ff070049
:10a3b0000080fa00000006000400fa00514b800003
:10a3c00011079800414b80001e009000808f5000c4
:10a3d000060031009e009000404b8000008050003d
:10a3e0000000e900000f7800050037009e00900093
:10a3f000404b80000080500068004000000f780053
:10a40000f00f20009e007800808f50000200360080
:10a4100000c0eb00020037001e007800004078000a
:10a420000080fa00000006000000fa00e2ff0700ca
:10a430000080fa00000006000000fa00afff0700ed
:10a440000080fa00000006000800fa0020079800cb
:10a4500031079800baff07000080fb00000f78006a
:10a460003e0090009e0f500002003100be009000a0
:10a47000010f78000000eb0010079800090037007a
:10a480004eff0700ae009000804878002e0090003c
:10a490000000e800200798001e0090000000e8007f
:10a4a000100798001e0090009e0f5000f4ff390026
:10a4b0001e0078000080fa00000006000800fa0084
:10a4c0002007980031079800bbff07000080fb00c1
:10a4d000000f78003e0090009e0f500002003100f7
:10a4e000be009000010f78000000eb0010079800fc
:10a4f000090037002e00900010407800ae00900058
:10a500008100e8002107980042ff07001e0090002c
:10a510000000e800100798001e0090009e0f5000f9
:10a52000f4ff39001e0078000080fa0000000600e9
:10a530000400fa000000eb00000f780080ff070025
:10a54000204798009cff0700304798002e4090005d
:10a550000080fb000000e00003003200e90f500023
:10a5600003003200040037001e20a0000400370062
:10a570001e00a000020037001e10a0000000000016
:10a580003e4090000080fb000000e000030032002d
:10a59000e90f500003003200040037001e30a00015
:10a5a000020037001e40a000000000001e007800de
:10a5b0000080fa00000006000400fa00100798006e
:10a5c000314b80001e009000008f400002003700d9
:10a5d0009e007800698f500080c520009e007800a2
:10a5e000808f5000faff3e001e0078001040780077
:10a5f0000080fa00000006000000fa0050ff07008b
:10a600000080fb000000e9004f00de000040780001
:10a610000080fa00000006000000fa0066ff070054
:10a620000080fb000000e9004f00de0000407800e1
:10a630000080fa00000006000000fa0010118000ff
:08a640000080fa000000060092
:020000040000fa
:10a64800580c00000400000082000000ffffff001b
:10a65800ff000000080c000020000000800000003f
:10a66800760900000200000082000000ffff0000e1
:10a67800720900000400000080000000600c000067
:10a6880002000000800000007809000002000000bd
:10a69800800000007a09000002000000800000002d
:10a6a8007c09000002000000800000007e09000014
:10a6b8000200000080000000800900000200000085
:10a6c80080000000620c0000020000008000000012
:10a6d800820900000200000080000000640c0000f5
:10a6e8000200000080000000840900000200000051
:10a6f80080000000460c00001200000080000000ee
:10a70800640900000e00000080000000660c0000d4
:10a71800020000008000000086090000020000001e
:10a7280080000000940a0000ae00000082000000d3
:10a738003030300030303000000075006e6b6e0035
:10a748006f776e0000312f00312f3100393830001b
:10a7580000000000000000000000000000000000f1
:10a7680045433100375f3000303134005f3031000d
:10a7780032000000000000000000300030303000df
:10a788003030300030303000303030003030300081
:10a7980030303000303030003030300057657300d2
:10a7a80073657800204c690066742000636f200090
:10a7b8004c746400000062006c616e006b00000065
:10a7c8000000000000000000000000000000000081
:10a7d8000053540020303000005354002030300023
:10a7e80000535400203030000052450043454900d2
:10a7f8005645440000000000000000000000000072
:10a808000000000000000000000000000000000040
:10a818000000000000000000420b00004e00000095
:10a82800800000000e0900005600000082000000b1
:10a838005a002c00017f000000002c0001000000dd
:10a848002c010000005a000000000f00000000006a
:10a858000f000000002c01000000000000dc410097
:10a868000000dc00411e000014000100000100008f
:10a878006400280000960000ff007f00000200002e
:10a8880002002c00010a00000100b8000b010000c2
:10a89800d00701000019000001003200000a000082
:10a8a8001e000000000800000e01000080000000eb
:10a8b800880900000200000080000000280c000049
:10a8c8001e00000082000000286e69006c2900004c
:10a8d80025006800076c09004c836a009074a0008a
:10a8e8007ac000008068880000846c0082008100c3
:10a8f800680c000002000000800000008a090000c7
:10a908000a010000820000000001020004070300a1
:10a9180006050000ffffff00ffffff00ffffff002d
:10a92800ffffff00ffffff00ffffff00ffffff002b
:10a93800ffffff00ffffff00ffffff00ffffff001b
:10a94800ffffff00ffffff00ffffff00ffffff000b
:10a95800ffffff00ff0001000203040005060700d7
:10a968000809ff00ffffff00ffffff000a0b0c00b4
:10a978000d0e0f00101112001314150016171800f1
:10a98800191a1b001c1d1e001f2021002223ff0076
:10a99800ffffff00ffff0a000b0c0d000e0f100059
:10a9a8001112130014151600171819001a1b1c0091
:10a9b8001d1e1f002021220023ffff00ffffff00b4
:10a9c800ffffff00ffffff00ffffff00ffffff008b
:10a9d800ffffff00ffffff00ffffff00ffffff007b
:10a9e800ffffff00ffffff00ffffff00ffffff006b
:10a9f800ffffff00ffffff00ffffff00ffffff005b
:10aa0800ffffff00ffffff00ffffff00ffffff004a
:10aa1800ffffff00ffffff00ffffff00ffffff003a
:10aa2800ffffff00ffffff00ffffff00ffffff002a
:10aa3800ffffff00ffffff00ffffff00ffffff001a
:10aa4800ffffff00ffffff00ffffff00ffffff000a
:10aa5800ffffff00ffffff00ffffff00ffffff00fa
:10aa6800ffffff00ffffff00ffff0000900b00004b
:10aa78003c0000008200000001000300000000000c
:10aa88000000000000000000000038002f00000057
:10aa98000000000000ae2e003c3000000000000066
:10aaa800000000000000000000000000000000009e
:10aab800000000000000000000000000000000008e
:10aac80000000000000000006a0c00000200000006
:10aad80080000000cc0b00003c0000008200000059
:10aae800010003000000000000000000000000005a
:10aaf800000038002f0000000000000000ae2e000b
:10ab08003c300000000000000000000000000000d1
:10ab1800000000000000000000000000000000002d
:10ab2800000000000000000000000000000000001d
:10ab38005c0c000004000000800000006c0c0000a9
:10ab48000200000082000000010000006e0c0000fe
:0cab58000200000080000000000000006f
:020000040000fa
:10ab64000000fa00ffff37000000fa00ffff370083
:10ab74001600fa00881f78006000b8006011b80061
:10ab8400300798004107980052079800630798001f
:10ab94006000b8006011b80070079800010f9800b9
:10aba400120f9800230f980004c024000510200001
:10abb4000400be0063020700008fbe0050052000a1
:10abc400a10a2000ce0107001e00be00f10107000b
:10abd400404798004e4090000004a2000004e000aa
:10abe40001003200deff07003023220011012000a3
:10abf4003007980041079800605625004104200062
:10ac040050079800610798003e009000ce00900025
:10ac14000001be001e00be00f1010700404798007d
:10ac24004e4090000084fb005e009000ee00900017
:10ac340022002000030020003e024100ae824900b1
:10ac44000001be000400be00e50107000080fb0017
:10ac54000000640000f0a7000000ea000000ea0021
:10ac64004f00de00404798004e4090000004a200d0
:10ac74000004e00001003200b9ff0700a50107004d
:10ac84001e00be00b701070070079800010f98006e
:10ac940022002000030020003e004100ae80490055
:10aca400b0010700100f9800210f98003e0190009a
:10acb400ce0190007e0090008e089000800f51001d
:10acc400818f590007003a005e019000ee01900068
:10acd4001e089000ae089000800f5100818f59002b
:10ace40001003200a0ff07004f0478000080fa0042
:10acf400000006000e00fa0000c02400011020002d
:10ad04001002070020079800310798005005200022
:10ad1400a10a20007a0107002e009000be009000d6
:10ad24009c010700004f98000e4890000004a20008
:10ad34000004e0000100320089ff07006000b80051
:10ad4400008fbe00110037002e009000be0090005e
:10ad54003e014000ae8148000200be001e01be005c
:10ad64009f010700004f98000e4890000004a200c5
:10ad74000004e0000100320079ff070022002000f7
:10ad8400030020001e0f41005e974900f03f2000a1
:10ad9400010020001e01be00800f5100818f590068
:10ada400e9ff36005b0107006000b800008fbe00b9
:10adb400120037002e009000be0090003e014000bb
:10adc400ae8148000200be006601070050079800eb
:10add400610798005e009000ee009000be0f5000e6
:10ade400ae8f5800010032005fff070022002000f0
:10adf400030020001e0f41005e974900f03f200031
:10ae0400010020001e01be00800f5100818f5900f7
:10ae1400e8ff36000080fa00000006000000fa0097
:10ae240053ff0700b3ff07000080fa00000006008c
:10ae34000000fa0060c02100d00c8800f00120005e
:10ae4400e00c880000002800f00c880000052000b9
:10ae5400000d8800d00c800000407800674060003e
:10ae64000080fb00f04b88000080fa000000060020
:10ae74000000fa000080fa00000006000000fa005a
:10ae84002104800000042000008060000000e00035
:10ae940002003200f6ff070084c0a9000080fa0017
:10aea400000006000000fa00f04b8000004078002b
:10aeb400674060000080fb0067006000d20c8000e7
:10aec40081ff2f008100610001007000d00c880018
:10aed4000080fa00000006000000fa00d10c800097
:10aee40080ff2f0000806000d00c88000080fa00f2
:10aef400000006000200fa00000f78009e007800af
:10af0400f10c88000080fa00000006000200fa003c
:10af1400000f78009e007800010d88000080fa0080
:10af2400000006000000fa00200480004600de0055
:10af3400614060000080fb0000f0a7000000ea0010
:10af44000000ea004f00de00004078000080fa00b4
:10af5400000006000400fa00100798001e0090008c
:10af6400e10f50000f003200e10f500003003900e0
:10af7400e20f5000150032001e003700d00c800094
:10af84004400de00614060000080fb0000f0a70088
:10af94000000ea000000ea004f00de00004f7800e5
:10afa40014003700d00c80004500de0061406000d2
:10afb4000080fb0000f0a7000000ea000000ea00a7
:10afc4004f00de00004f78000a003700d00c8000ec
:10afd4004600de00614060000080fb0000f0a70036
:10afe4000000ea000000ea004f00de00004f780095
:10aff400000000001e4078000080fa0000000600f7
:10b004000200fa00000f78001e007800e10f5000e3
:10b0140007003200e10f500003003900e20f500036
:10b0240005003200060037009a81a90004003700a9
:10b034009aa1a900020037009ac1a90000000000eb
:10b044000080fa00000006000000fa009cc1a8007d
:10b054000080fa00000006000000fa00e00c800006
:10b064004600de00614060000080fb0000f0a700a5
:10b074000000ea000000ea004f00de000040780013
:10b084000080fa00000006000000fa009cc1a9003c
:10b094000080fa00000006000000fa00e0c0210071
:10b0a400800c8800f0012000900c8800000820002b
:10b0b400a00c8800f00f2000b00c8800800c8000e9
:10b0c40000407800674060000080fb00d04b88009f
:10b0d4000080fa00000006000000fa000080fa0078
:10b0e400000006000000fa002004800064006000f4
:10b0f4000000e00002003200f7ff07008440a900ce
:10b104000080fa00000006000000fa00d04b800026
:10b1140000407800674060000080fb00670060002a
:10b12400820c800081ff2f0081006100010070000b
:10b13400800c88000080fa00000006000000fa007d
:10b14400810c800080ff2f0000806000800c88004c
:10b154000080fa00000006000200fa00000f7800e8
:10b164009e007800a10c88000080fa000000060010
:10b174000200fa00000f78009e007800b10c8800ed
:10b184000080fa00000006000000fa00200480009d
:10b194004200de00614060000080fb0000f0a70078
:10b1a4000000ea000000ea004f00de0000407800e2
:10b1b4000080fa00000006000400fa00100798005e
:10b1c4001e009000e10f50000f003200e10f50000c
:10b1d40003003900e20f5000150032001e00370052
:10b1e400800c80004400de00614060000080fb00b1
:10b1f40000f0a7000000ea000000ea004f00de00b3
:10b20400004f780014003700800c80004500de00f9
:10b21400614060000080fb0000f0a7000000ea002d
:10b224000000ea004f00de00004f78000a003700fb
:10b23400800c80004600de00614060000080fb005e
:10b2440000f0a7000000ea000000ea004f00de0062
:10b25400004f7800000000001e4078000080fa00d3
:10b26400000006000200fa00000f78001e007800bb
:10b27400e10f500007003200e10f500003003900d5
:10b28400e20f500005003200060037009081a9004b
:10b294000400370090a1a9000200370090c1a90062
:10b2a400000000000080fa00000006000000fa0020
:10b2b40092c1a8000080fa00000006000000fa0015
:10b2c400900c80004600de00614060000080fb00be
:10b2d40000f0a7000000ea000000ea004f00de00d2
:10b2e400004078000080fa00000006000000fa0028
:0cb2f40092c1a9000080fa0000000600d2
:020000040000fa
:10b300000000fe0082c520000019780001097800c5
:10b31000000006000000fe000000eb008000eb00d3
:10b32000f8ff07006627ef00000006000000fe009f
:10b33000801f7800811f780081c520000600fc0076
:10b3400031007800303b880011007800303b8800e5
:10b3500061e7a8000000000000000000cf007800b6
:10b360004f00780000000600a2028000a1028800c1
:10b370009080ba001000ba00a20288000000060007
:10b38000a2028000a10288001000ba00a202880078
:10b39000000006000000fe0061e7af00feff37007e
:10b3a000f23f2000000161000c003a00220424005a
:10b3b000023b8800a2028000a10288000008bb00b6
:10b3c000985902000000000061e7af00feff37005f
:10b3d000a20288001000200061a7af00000020003a
:10b3e0000000060061e7af00feff37000000a70085
:10b3f0000d003700a4028000a10288003100240063
:10b40000013b88000208bb000388bb00985902007a
:10b410000000000061e7af00feff3700a4028800d3
:10b420001000200061a7af0000002000000006000f
:10b4300061e7af00feff37000000a7000e003700f5
:10b4400033002400033b8800a3028000a10288008f
:10b450000208bb00f20f20000288bb0098590200ce
:10b460000000000061e7af00feff3700a302880084
:10b470001000200061a7af000000200000000600bf
:10b4800061e7af00feff3700f30720008081610015
:10b4900010003a0013002400033b8800a302800040
:10b4a000a1028800040420003208bb003298bb00cf
:10b4b0001400b100fcff3a0098590200000000009f
:10b4c00061e7af00feff3700a302880010002000f4
:10b4d00061a7af00000020000000060061e7af0098
:10b4e000feff3700f30720008081610011003a0061
:10b4f00013002400033b8800a3028000a1028800ff
:10b5000004042000f10f20003208bb000198bb00aa
:10b510001400b100fcff3a0098590200000000003e
:10b5200061e7af00feff3700a30288001000200093
:10b5300061a7af000000200000000600f23f2000dd
:10b54000000061000000060002c02f000000610042
:0cb55000f2ff2f008100610000000600e7
:020000040000fa
:10b55c000400fa00008fbe0017e2a9001e00be0016
:10b56c0000004000818048000001be0000902000d7
:10b57c00d103200022d60700000078000000e9006b
:10b58c00a010880017e2a80000a82100610020008c
:10b59c00830307000080fa00000006000000fa0098
:10b5ac001602a80000000000b010800061006000ce
:10b5bc000000e000fcff3a000080fa0000000600ea
:10b5cc000000fa001642a80000000000b010800035
:10b5dc00640060000000e000fcff3a000080fa000c
:10b5ec00000006000000fa001622a800000000006f
:10b5fc00b0108000620060000000e000fcff3a0028
:10b60c000080fa00000006000200fa00004f7800eb
:10b61c001e80fb009010880000000000c11080000c
:10b62c0000002400008060000000e000fbff3a00f6
:10b63c00c1108000000028000080600000f0a7000e
:10b64c000000ea000000e9004f00de000040780036
:10b65c000080fa00000006000400fa002047980061
:10b66c001662a80000000000c0108000620060009c
:10b67c000000e000fcff320000108000004f78005a
:10b68c002e4090000004e000020032000040eb006d
:10b69c000100370010c0b3000080fb0061006000a7
:10b6ac004500dd00b11080000150a10001007000c8
:10b6bc00b01088001682a80000000000b0108000b6
:10b6cc00700060000000e000fcff3a001e407800b3
:10b6dc000080fa00000006000400fa00008fbe0093
:10b6ec0007e2a9001e00be00000040008180480057
:10b6fc000001be0000902000d1032000c0d507003f
:10b70c00000078000000e9002010880007e2a80083
:10b71c0000fa200001002000210307000080fa003d
:10b72c00000006000000fa000602a800000000005d
:10b73c0030108000610060000000e000fcff3a0067
:10b74c000080fa00000006000000fa000642a80083
:10b75c000000000030108000640060000000e00079
:10b76c00fcff3a000080fa00000006000000fa001e
:10b77c000622a8000000000030108000620060006b
:10b78c000000e000fcff3a000080fa000000060018
:10b79c000200fa00004f78001e80fb001010880099
:10b7ac0000000000411080000000240000806000b8
:10b7bc000000e000fbff3a00411080000000280070
:10b7cc000080600000f0a7000000ea000000e90023
:10b7dc004f00de00004078000080fa0000000600f8
:10b7ec000400fa00204798000662a8000000000040
:10b7fc0040108000620060000000e000fcff32009e
:10b80c0000108000004f78002e4090000004e000f3
:10b81c00020032000040eb000100370010c0b30002
:10b82c000080fb00610060004500dd0031108000ed
:10b83c000150a10001007000301088000682a800a1
:10b84c000000000030108000700060000000e0007c
:10b85c00fcff3a001e4078000080fa000000060051
:10b86c000000fa008003200020168800cc22ef0094
:10b87c0000002200a0168800a0d62000e016880048
:10b88c00e422ef00ec22ef00c0202000a01788007b
:10b89c00c06e2c00001688000080eb00401688005b
:10b8ac00a00021008016880070cb2f00c0168800e5
:10b8bc00f031200000178800e822ef003010230040
:10b8cc00801788005620ef005820ef005a20ef0018
:10b8dc005c20ef005e20ef006020ef006e20ef0098
:10b8ec007020ef007220ef007420ef007620ef0044
:10b8fc007820ef00c622ef00ce22ef00d622ef0018
:10b90c00de22ef00e622ef00ee22ef00f622ef003f
:10b91c00e024ef00c03f200010278800e424ef0053
:10b92c0000c020003027880000202000402788001d
:10b93c00ec24ef00113a8000f00b20000081600035
:10b94c0060042000710520002374200080497800d9
:10b95c008149780082497800d1368000f00f2c00a4
:10b96c00808060000030200001007000d03688001c
:10b97c002135800000fc2f00008060003001b300f6
:10b98c00203588001136800000fc2f0000806000fc
:10b99c002001b30010368800a1368000f00f2c0077
:10b9ac00808060000030210001007000a03688000b
:10b9bc00103a8000000178000260a00060042000b2
:10b9cc00710520002374200080497800814978009b
:10b9dc00824978000080fa00000006000000fa009e
:10b9ec000a21ef00c03020007008880000032800f6
:10b9fc0090088800c04b80000000e00002003a0074
:10ba0c00c0d42500240007008500a9009500a800db
:10ba1c0000c620008040eb00014878000080fa004e
:10ba2c00000006000200fa00000f78009e0078006b
:10ba3c007108880000c620008040eb0001487800a7
:10ba4c000080fa00000006000000fa007008800078
:10ba5c000080fa00000006000200fa00000f7800d7
:10ba6c009e0078005108880000c620008040eb0042
:10ba7c00014878000080fa00000006000000fa007f
:10ba8c00500880000080fa00000006000000fa0058
:10ba9c000080fa00000006000200fa00000f780097
:10baac009500a9009e007800c14b88009500a80065
:10babc000080fa00000006000000fa0000c620001a
:10bacc008040eb00014878009500a80013e1a80025
:10badc000080fa00000006000000fa0013e1a90043
:10baec009500a9000080fa00000006000200fa0090
:10bafc0000c62000104f78001e4078000004e000c3
:10bb0c000300320000c620008040eb0001487800a2
:10bb1c001e4078000080fa00000006000000fa00c9
:10bb2c0010c62000104078000080fb000080fa0056
:10bb3c00000006000000fa0010c620008040eb0058
:10bb4c00014878000080fa00000006000000fa00ae
:10bb5c000621ef0090862100600888000002280072
:10bb6c0080088800104c80000000e00002003a00c1
:10bb7c0040e025002400070084e0a90094e0a80020
:10bb8c0020c620008040eb00014878000080fa00bd
:10bb9c00000006000200fa00000f78009e007800fa
:10bbac006108880020c620008040eb000148780026
:10bbbc000080fa00000006000000fa006008800017
:10bbcc000080fa00000006000200fa00000f780066
:10bbdc009e0078003108880020c620008040eb00d1
:10bbec00014878000080fa00000006000000fa000e
:10bbfc00300880000080fa00000006000000fa0007
:10bc0c000080fa00000006000200fa00000f780025
:10bc1c0094e0a9009e007800114c880094e0a800e4
:10bc2c000080fa00000006000000fa0020c6200088
:10bc3c008040eb000148780094e0a80011e1a800d6
:10bc4c000080fa00000006000000fa0011e1a900d3
:10bc5c0094e0a9000080fa00000006000200fa003f
:10bc6c0020c62000104f78001e4078000004e00031
:10bc7c000300320020c620008040eb000148780011
:10bc8c001e4078000080fa00000006000000fa0058
:10bc9c0030c62000104078000080fb000080fa00c5
:10bcac00000006000000fa0030c620008040eb00c7
:10bcbc00014878000080fa00000006000000fa003d
:10bccc000021ef00f07c2000100888000000280004
:10bcdc0020088800204c80000000e00002003a00a0
:10bcec00c0eb2500240007008460a9009460a80024
:10bcfc0040c620008040eb00014878000080fa002c
:10bd0c00000006000200fa00000f78009e00780088
:10bd1c001108880040c620008040eb0001487800e4
:10bd2c000080fa00000006000000fa0010088000f5
:10bd3c000080fa00000006000200fa00000f7800f4
:10bd4c009e0078000108880040c620008040eb006f
:10bd5c00014878000080fa00000006000000fa009c
:10bd6c00000880000080fa00000006000000fa00c5
:10bd7c000080fa00000006000200fa00000f7800b4
:10bd8c009460a9009e007800214c88009460a80063
:10bd9c000080fa00000006000000fa0040c62000f7
:10bdac008040eb00014878009460a80005e1a800f1
:10bdbc000080fa00000006000000fa0005e1a9006e
:10bdcc009460a9000080fa00000006000200fa004e
:10bddc0040c62000104f78001e4078000004e000a0
:10bdec000300320040c620008040eb000148780080
:10bdfc001e4078000080fa00000006000000fa00e7
:10be0c0050c62000104078000080fb000080fa0033
:10be1c00000006000000fa0050c620008040eb0035
:10be2c00014878000080fa00000006000000fa00cb
:10be3c001421ef0080d02300d008880000032800d4
:10be4c00f0088800304c80000000e00002003a004e
:10be5c0040f72500240007008760a9009760a80020
:10be6c0060c620008040eb00014878000080fa009a
:10be7c00000006000200fa00000f78009e00780017
:10be8c00d108880060c620008040eb000148780093
:10be9c000080fa00000006000000fa00d0088000c4
:10beac000080fa00000006000200fa00000f780083
:10bebc009e007800a108880060c620008040eb003e
:10becc00014878000080fa00000006000000fa002b
:10bedc00a00880000080fa00000006000000fa00b4
:10beec000080fa00000006000200fa00000f780043
:10befc009760a9009e007800314c88009760a800dc
:10bf0c000080fa00000006000000fa0060c6200065
:10bf1c008040eb00014878009760a8001fe1a80062
:10bf2c000080fa00000006000000fa001fe1a900e2
:10bf3c009760a9000080fa00000006000200fa00d9
:10bf4c0060c62000104f78001e4078000004e0000e
:10bf5c000300320060c620008040eb0001487800ee
:10bf6c001e4078000080fa00000006000000fa0075
:10bf7c0070c62000104078000080fb000080fa00a2
:10bf8c00000006000000fa0070c620008040eb00a4
:10bf9c00014878000080fa00000006000000fa005a
:10bfac0030402000000a8800c0002000100a8800e1
:10bfbc00000a800000407800674060000080fb00b1
:10bfcc00004c88000080fa00000006000000fa0017
:10bfdc000080fa00000006000000fa002004800037
:10bfec00620060000000e00002003200f7ff070072
:10bffc008420a9000080fa00000006000000fa006e
:10c00c00004c800000407800674060000080fb001e
:10c01c0067006000020a800081ff2f008100610030
:10c02c0001007000000a88000080fa000000060081
:10c03c000000fa00010a800080ff2f0000806000e1
:10c04c00000a88000080fa00000006000000fa00d8
:10c05c00200a80000080fa00000006000000fa00b0
:10c06c0042c1a8000080fa00000006000000fa009f
:10c07c00100a80004600de00614060000080fb007a
:10c08c0000f0a7000000ea000000ea004f00de000c
:10c09c00004078000080fa00000006000000fa0062
:10c0ac0042c1a9000080fa00000006000000fa005e
:10c0bc00000a80004400de00614060000080fb004c
:10c0cc0000f0a7000000ea000000ea004f00de00cc
:10c0dc00004078000080fa00000006000000fa0022
:10c0ec00000a80006800600000f0a7000000ea0071
:10c0fc000000e9004f00de00004078000080fa00ec
:04c10c000000060029
:020000040000fa
:10c110000000fa0051058000f0f82f000080600058
:10c120000050a0005005880021068000f0f82f0084
:10c13000008060000040a0002006880051058000bb
:10c1400080ff2f00008060000000a00050058800e4
:10c1500041058000f0ff28000080600000c0a000c2
:10c160004005880061058000f0f82f0080806000a5
:10c170000005200001007000600588006105800056
:10c1800080ff2f00008060005000b3006005880031
:10c19000e1058000f08f2f000080600000a0a0006b
:10c1a000e0058800e1058000f0f82f0000806000c5
:10c1b0000060a000e005880081058000f0ff2800f5
:10c1c000808060000000230001007000800588006e
:10c1d0004105800080ff2f00008060003000b30028
:10c1e0004005880031058000f0ff28008080600055
:10c1f0000000230001007000300588002105800048
:10c20000f0ff28000080600000d0a000200588001a
:10c210000080fa00000006000200fa00000f78001b
:10c220000300370000fa2000010020005f00070033
:10c230001e00780000f0a7000000ea000000ea00fd
:10c240004f00de00004078001e0fe9000004e0000f
:10c25000f4ff3a000080fa00000006000200fa0035
:10c26000000f7800050037000008200001002000c2
:10c270004e00070001fe2f001e8f40001e007800b8
:10c28000ff0f5000f8ff3e00030037004000200081
:10c2900001002000450007001e00780000f0a70004
:10c2a0000000ea000000ea004f00de0000407800d5
:10c2b0001e0fe9000004e000f4ff3a000080fa00dd
:10c2c000000006000000fa0000002300203a880069
:10c2d0004827ef004e27ef007027ef007227ef008e
:10c2e0007427ef007627ef007a27ef007c27ef0016
:10c2f0007200200080072000a10920003374200074
:10c300008049780081497800824978000001eb007b
:10c31000600420007105200023742000804978000b
:10c3200081497800824978000080fa000000060008
:10c330000000fa004dfd0700e2ff070074ff070050
:10c340002ff70700bcfe070054fb070002fe0700a2
:10c3500082fc0700e3fc0700daf40700a2fd0700f7
:10c36000b4fa070010ff070057fe07000080fa002c
:10c37000000006000200fa00000f78009e0078001e
:10c38000b14b88000000fe000080fa0000000600ab
:10c390000000fa0080c020008007780000c2200062
:0cc3a000000188000080fa000000060088
:020000040000fa
:10c3ac00f03fb1000180b10006003500ee0309003a
:10c3bc0000000000403fb1000180b100fbff3d00d8
:10c3cc001000b000203fb0000200350000800900d2
:08c3dc00000000000000060053
:020000040000fa
:10c3e400809fbe00ec80570031007800904b88009d
:10c3f4001100780074e9b7004f00be000000060089
:020000040000fa
:020000040002f8
:04aff000ffff00005f
:020000040000fa
:020000040002f8
:04aff400fffe00005c
:020000040000fa
:020000040002f8
:04aff8009f7f000037
:020000040000fa
:020000040002f8
:04affc00803f000092
:00000001FF
