:020000040000fa
:080000000002040000000000f2
:020000040000fa
:0400080030050000bf
:020000040000fa
:04000c0044030000a9
:020000040000fa
:040010008603000063
:020000040000fa
:040014006403000081
:020000040000fa
:04001800a60300003b
:020000040000fa
:04001c0030050000ab
:020000040000fa
:0400200030050000a7
:020000040000fa
:0400240030050000a3
:020000040000fa
:04002800300500009f
:020000040000fa
:04002c00300500009b
:020000040000fa
:040030003005000097
:020000040000fa
:040034007204000052
:020000040000fa
:04003800300500008f
:020000040000fa
:04003c00300500008b
:020000040000fa
:040040003005000087
:020000040000fa
:040044003c04000078
:020000040000fa
:04004800c6030000eb
:020000040000fa
:04004c00300500007b
:020000040000fa
:040050003005000077
:020000040000fa
:04005400c6040000de
:020000040000fa
:04005800a8040000f8
:020000040000fa
:04005c00fc030000a1
:020000040000fa
:040060003005000067
:020000040000fa
:040064003005000063
:020000040000fa
:04006800300500005f
:020000040000fa
:04006c00300500005b
:020000040000fa
:040070003005000057
:020000040000fa
:040074003005000053
:020000040000fa
:04007800300500004f
:020000040000fa
:04007c00300500004b
:020000040000fa
:040080003005000047
:020000040000fa
:040084003005000043
:020000040000fa
:04008800300500003f
:020000040000fa
:04008c00300500003b
:020000040000fa
:040090003005000037
:020000040000fa
:04009400fa0400006a
:020000040000fa
:04009800300500002f
:020000040000fa
:04009c00300500002b
:020000040000fa
:0400a0003005000027
:020000040000fa
:0400a4003005000023
:020000040000fa
:0400a800300500001f
:020000040000fa
:0400ac00300500001b
:020000040000fa
:0400b0003005000017
:020000040000fa
:0400b4003005000013
:020000040000fa
:0400b800300500000f
:020000040000fa
:0400bc00300500000b
:020000040000fa
:0400c0003005000007
:020000040000fa
:0400c4003005000003
:020000040000fa
:0400c80030050000ff
:020000040000fa
:0400cc0030050000fb
:020000040000fa
:0400d00030050000f7
:020000040000fa
:0400d40030050000f3
:020000040000fa
:0400d80030050000ef
:020000040000fa
:0400dc0030050000eb
:020000040000fa
:0400e00030050000e7
:020000040000fa
:0400e40030050000e3
:020000040000fa
:0400e80030050000df
:020000040000fa
:0400ec0030050000db
:020000040000fa
:0400f00030050000d7
:020000040000fa
:0400f40030050000d3
:020000040000fa
:0400f80030050000cf
:020000040000fa
:0400fc0030050000cb
:020000040000fa
:0401000030050000c6
:020000040000fa
:0401040030050000c2
:020000040000fa
:0401080030050000be
:020000040000fa
:04010c0030050000ba
:020000040000fa
:0401100030050000b6
:020000040000fa
:0401140030050000b2
:020000040000fa
:0401180030050000ae
:020000040000fa
:04011c0030050000aa
:020000040000fa
:0401200030050000a6
:020000040000fa
:0401240030050000a2
:020000040000fa
:04012800300500009e
:020000040000fa
:04012c00e4040000e7
:020000040000fa
:040130003005000096
:020000040000fa
:040134003005000092
:020000040000fa
:04013800300500008e
:020000040000fa
:04013c00300500008a
:020000040000fa
:040140003005000086
:020000040000fa
:040144003005000082
:020000040000fa
:04014800300500007e
:020000040000fa
:04014c00300500007a
:020000040000fa
:040150003005000076
:020000040000fa
:040154003005000072
:020000040000fa
:04015800300500006e
:020000040000fa
:04015c00300500006a
:020000040000fa
:040160003005000066
:020000040000fa
:040164003005000062
:020000040000fa
:04016800300500005e
:020000040000fa
:04016c00300500005a
:020000040000fa
:040170003005000056
:020000040000fa
:040174003005000052
:020000040000fa
:04017800300500004e
:020000040000fa
:04017c00300500004a
:020000040000fa
:040180003005000046
:020000040000fa
:040184003005000042
:020000040000fa
:04018800300500003e
:020000040000fa
:04018c00300500003a
:020000040000fa
:040190003005000036
:020000040000fa
:040194003005000032
:020000040000fa
:04019800300500002e
:020000040000fa
:04019c00300500002a
:020000040000fa
:0401a0003005000026
:020000040000fa
:0401a4003005000022
:020000040000fa
:0401a800300500001e
:020000040000fa
:0401ac00300500001a
:020000040000fa
:0401b0003005000016
:020000040000fa
:0401b4003005000012
:020000040000fa
:0401b800300500000e
:020000040000fa
:0401bc00300500000a
:020000040000fa
:0401c0003005000006
:020000040000fa
:0401c4003005000002
:020000040000fa
:0401c80030050000fe
:020000040000fa
:0401cc0030050000fa
:020000040000fa
:0401d00030050000f6
:020000040000fa
:0401d40030050000f2
:020000040000fa
:0401d80030050000ee
:020000040000fa
:0401dc0030050000ea
:020000040000fa
:0401e00030050000e6
:020000040000fa
:0401e40030050000e2
:020000040000fa
:0401e80030050000de
:020000040000fa
:0401ec0030050000da
:020000040000fa
:0401f00030050000d6
:020000040000fa
:0401f40030050000d2
:020000040000fa
:0401f80030050000ce
:020000040000fa
:0401fc0030050000ca
:020000040000fa
:0402080030050000bd
:020000040000fa
:04020c0044030000a7
:020000040000fa
:040210008603000061
:020000040000fa
:04021400640300007f
:020000040000fa
:04021800a603000039
:020000040000fa
:04021c0030050000a9
:020000040000fa
:0402200030050000a5
:020000040000fa
:0402240030050000a1
:020000040000fa
:04022800300500009d
:020000040000fa
:04022c003005000099
:020000040000fa
:040230003005000095
:020000040000fa
:040234007204000050
:020000040000fa
:04023800300500008d
:020000040000fa
:04023c003005000089
:020000040000fa
:040240003005000085
:020000040000fa
:040244003c04000076
:020000040000fa
:04024800c6030000e9
:020000040000fa
:04024c003005000079
:020000040000fa
:040250003005000075
:020000040000fa
:04025400c6040000dc
:020000040000fa
:04025800a8040000f6
:020000040000fa
:04025c00fc0300009f
:020000040000fa
:040260003005000065
:020000040000fa
:040264003005000061
:020000040000fa
:04026800300500005d
:020000040000fa
:04026c003005000059
:020000040000fa
:040270003005000055
:020000040000fa
:040274003005000051
:020000040000fa
:04027800300500004d
:020000040000fa
:04027c003005000049
:020000040000fa
:040280003005000045
:020000040000fa
:040284003005000041
:020000040000fa
:04028800300500003d
:020000040000fa
:04028c003005000039
:020000040000fa
:040290003005000035
:020000040000fa
:04029400fa04000068
:020000040000fa
:04029800300500002d
:020000040000fa
:04029c003005000029
:020000040000fa
:0402a0003005000025
:020000040000fa
:0402a4003005000021
:020000040000fa
:0402a800300500001d
:020000040000fa
:0402ac003005000019
:020000040000fa
:0402b0003005000015
:020000040000fa
:0402b4003005000011
:020000040000fa
:0402b800300500000d
:020000040000fa
:0402bc003005000009
:020000040000fa
:0402c0003005000005
:020000040000fa
:0402c4003005000001
:020000040000fa
:0402c80030050000fd
:020000040000fa
:0402cc0030050000f9
:020000040000fa
:0402d00030050000f5
:020000040000fa
:0402d40030050000f1
:020000040000fa
:0402d80030050000ed
:020000040000fa
:0402dc0030050000e9
:020000040000fa
:0402e00030050000e5
:020000040000fa
:0402e40030050000e1
:020000040000fa
:0402e80030050000dd
:020000040000fa
:0402ec0030050000d9
:020000040000fa
:0402f00030050000d5
:020000040000fa
:0402f40030050000d1
:020000040000fa
:0402f80030050000cd
:020000040000fa
:0402fc0030050000c9
:020000040000fa
:0403000030050000c4
:020000040000fa
:0403040030050000c0
:020000040000fa
:0403080030050000bc
:020000040000fa
:04030c0030050000b8
:020000040000fa
:0403100030050000b4
:020000040000fa
:0403140030050000b0
:020000040000fa
:0403180030050000ac
:020000040000fa
:04031c0030050000a8
:020000040000fa
:0403200030050000a4
:020000040000fa
:0403240030050000a0
:020000040000fa
:04032800300500009c
:020000040000fa
:04032c00e4040000e5
:020000040000fa
:040330003005000094
:020000040000fa
:040334003005000090
:020000040000fa
:04033800300500008c
:020000040000fa
:04033c003005000088
:020000040000fa
:040340003005000084
:020000040000fa
:040344003005000080
:020000040000fa
:04034800300500007c
:020000040000fa
:04034c003005000078
:020000040000fa
:040350003005000074
:020000040000fa
:040354003005000070
:020000040000fa
:04035800300500006c
:020000040000fa
:04035c003005000068
:020000040000fa
:040360003005000064
:020000040000fa
:040364003005000060
:020000040000fa
:04036800300500005c
:020000040000fa
:04036c003005000058
:020000040000fa
:040370003005000054
:020000040000fa
:040374003005000050
:020000040000fa
:04037800300500004c
:020000040000fa
:04037c003005000048
:020000040000fa
:040380003005000044
:020000040000fa
:040384003005000040
:020000040000fa
:04038800300500003c
:020000040000fa
:04038c003005000038
:020000040000fa
:040390003005000034
:020000040000fa
:040394003005000030
:020000040000fa
:04039800300500002c
:020000040000fa
:04039c003005000028
:020000040000fa
:0403a0003005000024
:020000040000fa
:0403a4003005000020
:020000040000fa
:0403a800300500001c
:020000040000fa
:0403ac003005000018
:020000040000fa
:0403b0003005000014
:020000040000fa
:0403b4003005000010
:020000040000fa
:0403b800300500000c
:020000040000fa
:0403bc003005000008
:020000040000fa
:0403c0003005000004
:020000040000fa
:0403c4003005000000
:020000040000fa
:0403c80030050000fc
:020000040000fa
:0403cc0030050000f8
:020000040000fa
:0403d00030050000f4
:020000040000fa
:0403d40030050000f0
:020000040000fa
:0403d80030050000ec
:020000040000fa
:0403dc0030050000e8
:020000040000fa
:0403e00030050000e4
:020000040000fa
:0403e40030050000e0
:020000040000fa
:0403e80030050000dc
:020000040000fa
:0403ec0030050000d8
:020000040000fa
:0403f00030050000d4
:020000040000fa
:0403f40030050000d0
:020000040000fa
:0403f80030050000cc
:020000040000fa
:0403fc0030050000c8
:020000040000fa
:10040000efc720000e7f22000e01880000000000d0
:10041000000020000000e000020032000001200087
:100420002002880014000700400207000000e000de
:1004300003003a004072250001002000020037004e
:100440000000200001002000810f70000100320038
:1004500014000700000020000000e000020032004d
:100460000000020000000000fc4402000000000048
:100470000040da000000fe004440a900a041200036
:100480000000e000030032000020200090018800fe
:100490004440a800000006008a1f78008b1f7800e7
:1004a00000000600a1028800800478000000eb0034
:1004b0001f003700e284440054a0b4009905ba003c
:1004c000e284440054a0b4009906ba00e2844400d7
:1004d00054a0b4000006eb00476fde00fd07b20039
:1004e000ae018800636ce10003003a00eaff0700f8
:1004f0000000eb000e003700606ce10008003a00dd
:10050000004deb000a05e800020039003420ec0041
:100510000af0a0008b05e900f9ff3e000400370057
:100520006168e100010032000086eb000b0007006b
:1005300019c7ba001905ba000e04e00003003a001a
:100540000a00e000dbff3a0000000600fe07b200f0
:10055000ae0288008a047800f5ff37000cd0a300b3
:10056000e20f4d001c00390089027800354dba00b9
:100570000a05e800020039003420ec000af0a0006f
:100580008b05e9000f003200254dba000a05e8008e
:10059000020039003420ec000af0a0008b05e900cd
:1005a000080032000c00e0000600320015cdba0051
:1005b0000a05e800020039003420ec000af0a0002f
:1005c0008b05e9008984e80054a0b4000b00e0002a
:1005d000e2ff3a00000006009902ba00055d7800cb
:1005e0008b05e900f7ff3200c82ade00055d7800c0
:1005f0008b05e900f3ff32000c00e000f1ff320050
:1006000019ddba00eeff37006e6204000000000042
:10061000924f040000000000266304000000000068
:10062000de630400000000004054040000000000ed
:1006300090540400000000009664040000000000d4
:10064000aa3f040000000000da15040000000000ca
:10065000ae2e0400000000008c30040000000000fa
:10066000382f040000000000a82f04000000000044
:100670003c30040000000000000004000000000006
:10068000ae2e0400000000003600f800809fbe007f
:10069000829fbe00849fbe00869fbe000000fa00bd
:1006a0008020a9000000eb00c33107000080fa00a1
:1006b0004f03be004f02be004f01be004f00be0000
:1006c0003600f900004006003600f800809fbe00aa
:1006d000829fbe00849fbe00869fbe000000fa007d
:1006e000bc3107008040a90010002000b231070093
:1006f0000080fa004f03be004f02be004f01be0053
:100700004f00be003600f900004006003600f80039
:10071000809fbe00829fbe00849fbe00869fbe0059
:100720000000fa008060a90020002000a23107002c
:100730000080fa004f03be004f02be004f01be0012
:100740004f00be003600f900004006003600f800f9
:10075000809fbe00829fbe00849fbe00869fbe0019
:100760000000fa008080a9003000200092310700cc
:100770000080fa004f03be004f02be004f01be00d2
:100780004f00be003600f900004006003600f800b9
:10079000809fbe00829fbe00849fbe00869fbe00d9
:1007a0000000fa00204c80000000e000020032004f
:1007b000204c800000000100f0c6200010407800ae
:1007c0008040e800f0c6200001487800e0c6200024
:1007d00011c0b300014878008500a9000080fa002c
:1007e0004f03be004f02be004f01be004f00be00cf
:1007f0003600f900004006003600f800809fbe0079
:10080000829fbe00849fbe00869fbe003200f8001b
:100810003400f80010002000a00188000020200013
:10082000900188000000fa002104800000002200ee
:10083000008060000000e00006003200404c8000b4
:100840000000e00002003200404c80000000010087
:1008500085a0a9000080fa003400f9003200f900f8
:100860004f03be004f02be004f01be004f00be004e
:100870003600f900004006003600f800809fbe00f8
:10088000829fbe00849fbe00869fbe000000fa00cb
:10089000704c80000000e00002003200704c8000cc
:1008a0000000010010c72000104078008040e800e0
:1008b00010c720000148780000c7200011c0b30015
:1008c0000148780084e0a9000080fa004f03be00d0
:1008d0004f02be004f01be004f00be003600f900bf
:1008e000004006003600f800809fbe00829fbe00d8
:1008f000849fbe00869fbe000000fa00804c8000ee
:100900000000e00002003200804c80000000010086
:1009100030c72000104078008040e80030c7200039
:100920000148780020c7200011c0b30001487800ba
:100930008460a9000080fa004f03be004f02be0091
:100940004f01be004f00be003600f9000040060017
:100950003600f800809fbe00829fbe00849fbe00cc
:10096000869fbe000000fa00d04b8000000001000e
:100970000080fa004f03be004f02be004f01be00d0
:100980004f00be003600f900004006003600f800b7
:10099000809fbe00829fbe00849fbe00869fbe00d7
:1009a0000000fa00e04b8000000001000080fa0027
:1009b0004f03be004f02be004f01be004f00be00fd
:1009c0003600f90000400600801f78000000fa00a1
:1009d00010118000620060000000e00001003200a1
:1009e0002222a9008c20a9000080fa004f00780084
:1009f000004006003600f800809fbe00829fbe00c7
:100a0000849fbe00869fbe000000fa00904c8000cc
:100a10000000e00002003200904c80000000010065
:100a200050c72000104078008040e80050c72000e8
:100a30000148780040c7200011c0b3000148780089
:100a40008760a9000080fa004f03be004f02be007d
:100a50004f01be004f00be003600f9000040060006
:100a60000040da000000fe000a00fa000000e0008a
:100a700037003a00d3638000e18f51000300320059
:100a8000e28f51000e003a000900370000222000da
:100a90000000e00001003a000040da002002e2001d
:100aa0000b0035002822ef0021e2a80008003700e3
:100ab000002320000000e00001003a000040da00be
:100ac0003002e200020035003822ef0031e2a800d7
:100ad000020078001a003700040a2000e18f51005c
:100ae0000b003a00030037000402e90002003a005c
:100af00003003700040a20002202ab00faff320094
:100b000014118000050037000402e90002003200e1
:100b10003202ab00fcff32009411800061026200df
:100b200009003200e18f510002003a0034118000c8
:100b300001003700b4118000845878000000e900fb
:100b40000000e000e4ff3a00000051000800370018
:100b500023002000b3bf9f00c0bf9f00d1bf9f00f4
:100b6000e2bf9f006a805700d51607006fb8970054
:100b70000080fa00000006000a00fa0011002000c0
:100b8000b1bf9f00c0bf9f006a805700ce1607000c
:100b90004fb897000080fa00000006000a00fa0033
:100ba000e20f500034003e00d0638000e10f50009f
:100bb00003003200e20f500011003a000c00370031
:100bc000032220000300e00001003a000040da00a8
:100bd0002002e200020035002822ef0021e2a800f6
:100be0002342ab000d003a002342a8000b0037005f
:100bf000032320000300e00001003a000040da0077
:100c00003002e200020035003822ef0031e2a80095
:100c10003342ab0001003a003342a8008201780061
:100c20000b0037003102fb00e10f500004003a00d6
:100c30002322ab00feff3a00241188000300370096
:100c40003322ab00feff3a00a41188008301e900c3
:100c50000300e000f3ff3a00e10f500003003a0008
:100c60002302ab00feff32000b0037003302ab0063
:100c7000feff32000800370033002000b3bf9f00a2
:100c8000c0bf9f00d1bf9f00e2bf9f006a80570096
:100c90008f1607006fb99700020078000080fa00f5
:100ca00000000600889fbe0080047800e06380009a
:100cb0000000e00005003a000000eb000e00070015
:100cc0000084eb000000e00008003500e8638000cd
:100cd0000900e0000500320009004400060007009a
:100ce0000000e00001003d000084eb0008007800f7
:100cf0004f04be0000000600800078000100e00004
:100d000003003a0000002000e063880000000500b6
:100d10000080eb0002002000828f500002003e00a5
:100d2000e16388000000eb00000006000000050001
:100d3000140020009a033700f4ff2f0098033700b7
:100d40000001be001c0007000470a70003f0a10012
:100d500003f8a30013003a006509b1001000320047
:100d6000090035006928e100020035000100280073
:100d70000000050000004000818048008502e90075
:100d8000fcff3a0000000600f88f42000500350025
:100d90008100d1000080d3008502e800fcff3a000a
:100da000000006008000eb00000005004f89de0017
:100db0008201780095033700c70ade00f107b20010
:100dc000f50fb20008003200e1cf4200020032000d
:100dd0000170a00024000500810f700001003200a6
:100de0000408050044000500810f700002003a006d
:100df000140005008502e9000000400081c04800a1
:100e0000fcff3b000170a000240005006022b80038
:100e1000060220000000d0008180d2000482d200af
:100e20008582d2000000a0000202520083825a0094
:100e3000030031000202420083824a000000a10048
:100e40000603e900f3ff3a000000060007f8270058
:100e5000078361000638e10004003a00f70720002c
:100e6000878361008703710001003a0003f0a2004c
:100e7000889fbe008a9fbe008c9fbe00470ade008e
:100e80000480a100c71ade000580a1000700280029
:100e90000785600087856100f70f20000720e100cb
:100ea0009e0032000728e1009c0032000106780015
:100eb0000400e000b4003200f707200087806000e3
:100ec0000170a0000500e000c0003200f70720001c
:100ed000878161000370a000050652000f003a00f0
:100ee0000b50e1000b0032000308e10002003a0061
:100ef0000200e1007e0032000204500083845800aa
:100f0000040031000001fd008101fd008402fd00ac
:100f10008a05fd006044b800210037000520e1008b
:100f200005003d000001fd008101fd008402fd007f
:100f30008a05fd00050652007a60e10005003500d3
:100f40000170a1004722dd00848070008a8070005b
:100f5000630037006044b800ef02660007ff2f000f
:100f6000070666000500e00006003400f08312006a
:100f70008714dd000511de00071bdd00060171008e
:100f80008519de007060e100050035000904780075
:100f900082047800030178008001eb00700656009f
:100fa0000b50e10003003a0002004000838048003b
:100fb0000400370060041400e0841c0002005800a4
:100fc000838058000188a300060032008100d10010
:100fd0000080d3008984d3000884d3000402e80091
:100fe000270037000178a30025003a000100e00047
:100ff000030032008186cf00698656000a00370060
:101000008c0020000000e00004003a000900780095
:10101000880478000004eb00700252008086cf0044
:101020000d0646000c06e9007060e1000600350080
:101030008000780009007800880478000004eb0044
:1010400070065600700252000c00e0000c003400e4
:101050008c08dd00f00316000703de0086807000b8
:101060000c00dd00074bde00060070008c4cdd003c
:101070000743de00868474000c44dd000c0252003d
:101080006120e100200035006101600007002800b8
:1010900087816400f7ff27008783640007037400db
:1010a0000300e000060032008203730004003200f7
:1010b0000000e800e08048000188a3000e003a002c
:1010c000f70f20000720e1004a003d000170a10059
:1010d0004722dd00810072008a8070000000be009f
:1010e0004f06be004f05be004f04be0000000600c4
:1010f0006000b800faff37008100d1000080d30003
:101100000402e800eeff3700040178008901740052
:10111000a10107008a807000f1ff3700f701070086
:10112000070278000001fd008101fd00f3010700c6
:1011300087027800850372000778a300040032005c
:101140000001fd008101fd0006020700e4ff3700f9
:10115000850362000768a300080032000b50e1001d
:1011600003003200f0ff2f00f1ff2700dcff370003
:101170000001fd008101fd00d9ff37000468a300d4
:10118000d7ff3200faff3700f8ff2700888360009e
:101190000b003a000000e00009003a0083036400fd
:1011a00082837300020032000200be00ccff3700d1
:1011b0000b50e100ceff3a000200be00c8ff37002e
:1011c00014002000810064003eff3700f8ff270074
:1011d0008883610004003a000200e00002003a0047
:1011e0008c007800beff37001500200083016400ea
:1011f00039ff370001f8270000002000810075004a
:10120000b7ff3700889fbe008a9fbe008c9fbe003c
:101210001b0020000202be000586680006002800b0
:10122000060666004709de00f20fb20082003200b7
:101230000243e80080003200c729de00f30fb2004d
:101240007d0032000343e8007b003200f107b2006a
:101250000170a000f507b2000570a000c708dd000e
:101260004903de00868070004700dd00c72add00ec
:101270004923de00868272004722dd00030551000b
:101280000403500085835800030031000000400033
:10129000818048000a05e9008c1f78008a9fbe0003
:1012a00004005000858058000402420085824a00f4
:1012b00000004000818048000005eb000004be00f3
:1012c0006033b8000406be000d48e100560031004e
:1012d000110009004dccd8000c01b8000d02b80077
:1012e0008481410060824a008283530003045c00d1
:1012f00084845c0060055d000a00e00025003a007f
:10130000800578000d40e100490031008800780038
:1013100007007800110009004d88d8000c01b800c2
:101320000d02b8008481410060824a006003110010
:1013300083835b0004045c00e0845c000900e0003f
:1013400021003a004f01be000300e0002b003200f4
:10135000e3016000070673008c8171000100320018
:10136000640070004200de004e5edd000c00700084
:10137000c258de0001e0a00083010700cf01780021
:10138000818071004f06be004f05be004f04be00b5
:10139000000006008c8343000d044c00e0844c00e8
:1013a00060054d000000e9000a00e000d4ff3200b3
:1013b0008c8343000d044c00e0844c0060054d001c
:1013c0000000e900ceff37000c0343008d834b0083
:1013d00060044c00e0844c000000e9000900e000db
:1013e000d8ff32000c0343008d834b0060044c0097
:1013f000e0844c000000e900d2ff37004200de002c
:101400004e5edd000c007000c258de0001e0a0005e
:10141000cf0178000300e000daff32006000100026
:10142000e0801800d7ff3700f0ff2f00aaff370039
:10143000f0ff2f00b9ff37000404be002f010700a2
:10144000870678000004fd008104fd002b010700e1
:10145000078366000678a300030032000960a70036
:101460000800be002c0037000d78a30002003200f7
:101470000800be00280037000778a30026003a00c5
:1014800001f0a10009f0a1000668a30003003200ea
:10149000f1ff2700f0ff2f00baff37000d68a3000f
:1014a000030032000800be008c807000b5ff3700da
:1014b0000768a30007003a000648a30003003200b3
:1014c000f1ff2700f0ff2f00aeff37000d48a3000b
:1014d000030032006000b8008c807000a9ff370064
:1014e0000748a3000400320001f827000000200094
:1014f0008c807000a3ff3700760107000004fd0018
:101500008104fd0002057800720107000802be0098
:101510008a01780059ff37000160a0001202200004
:10152000a24c880097ff37000100e0001200320053
:101530000500e00010003200889fbe008a9fbe00b8
:101540008c9fbe000006eb0001f8a30003003200f0
:1015500060001000e08018000cf0a00005f8a30067
:101560000300320060021200e0821a000cf0a200b8
:101570008005eb0041ff37006000b8000200050065
:10158000038368000700280007036300470ade00a2
:101590000480a100c71ade000580a100f70f20001b
:1015a0000720e100420032000728e100400032003d
:1015b000889fbe008a9fbe008c1f7800f107b20092
:1015c000f307b2000400e000640032000170a000e4
:1015d0000500e000680032000370a00085054200ad
:1015e000eb07b1000204b8000302b8008484440091
:1015f00060854a00020ab800848444000a854a00d3
:10160000030ab80004054500040033000804d000b4
:101610008984d2000a85d2008b05e9006158e10077
:101620003d00350002102000090161000308200080
:1016300089816100f70720008783640008867300b2
:10164000c84cde00c853dd00878474004855de00b6
:101650000300e0000600320082037600040032003e
:101660008904e80060054d000a88a3000c003a00d8
:10167000f70f20000758e10044003d000a70a10068
:10168000c75ddd000a8575008a00730009007800d7
:101690004f0678004f05be004f04be000000060054
:1016a0000a05d1008984d3008b05e800f0ff3700dc
:1016b000881f780006047800900007000702780071
:1016c0000001fd008101fd008c0007008702780009
:1016d000850372000778a300050032000001fd00b9
:1016e0008101fd009f0007004f0478000000060004
:1016f000850372000748a30003003200f0ff2f00ab
:10170000f1ff2700f8ff37000000200001f8270054
:1017100088807000f4ff3700880178004848dd00b9
:10172000808171004848de00c850dd000100700073
:10173000c850de00060478000b0178001600070090
:1017400088807000d2ff37000500e00005003200fd
:10175000170020003a0007009dff3700810370004a
:10176000f9ff3a00860078004f0678004f05be006a
:101770004f04be000000050083037100f9ff320032
:10178000270020002e00070094ff370001f82700f3
:1017900086807000f4ff37000100e0002600320070
:1017a000610111007810e10023003c006022b800c4
:1017b0007010e1000400350080027800010078001c
:1017c0008000eb00700151000200e00009003400cd
:1017d00070031100062add00822ade008603dd0088
:1017e000878272000200de00860bdd0007007000b9
:1017f0008208de0084817100f4ff27000482620009
:10180000848171000400280084826200610260000b
:1018100005f0a600000006000482710007003200f7
:101820000000e800e0804800000006000002be0062
:101830006000b800efff37006000b800000006004d
:10184000889fbe000004eb006138e10016003a00fa
:101850000100e00008003a00c800de004800dd009a
:10186000880020000100e00003003a00c800de000c
:101870004800dd00680444008184cf00e9845400fe
:10188000060034008908dd00f08314008703de00c1
:10189000878070000900dd00090444006102140023
:1018a0004f04be00000006000300e00008003a00fc
:1018b000c811de004811dd00880020000300e000b0
:1018c00003003a00c811de004811dd00680444003e
:1018d0008384cf00e9845400060034008919dd00b8
:1018e000f08314008713de00878171000911dd0089
:1018f00009044400e1021400e9ff3700270020003a
:1019000001f0a70017002000470bde00f60fb20021
:10191000040032000643e8000a0032004702b30028
:101920000000060001037800f607b200060370000d
:1019300002003a000703b300000006008702b3006c
:101940000000060001037800f607b20006037000ed
:10195000020032000770a000000006000760a0002f
:10196000000006000478a300040032000578a300fc
:10197000030032000168a30001003a000200be002b
:101980000160a00000000600810170002700320005
:101990008002eb0001f8a300030032006000100099
:1019a000e080180015002000f40720000202420029
:1019b00020003400f70320008703600006042000a5
:1019c0000003630002082000000161004700de0000
:1019d000c909dd0000807100c708de000600e000d4
:1019e0000800320087037100060032001000b000ca
:1019f0000180b0000188a30002003200c108de00af
:101a00000402e800f107b200f30f20000320e10018
:101a100003003d004722dd008100720029003700ed
:101a200001f827000000eb00260037006000b80036
:101a300000000600680212007f20e100020034006e
:101a40006000b8001f0037006011b8007020e1008e
:101a50000400350080017800010078008000eb0070
:101a6000700252000400e00009003400f00312008c
:101a70000719dd008419de000703dd00868171008f
:101a80000400de00070bdd00060070008408de00a5
:101a9000f7ff270083836300870371000600280097
:101aa00003036300070032000700e00003003a0070
:101ab0006101600002817300020032001000b0007a
:101ac0000180b0000500a6000000060001f0a000a3
:101ad000000006004f0ade004709de00f107b200f1
:101ae000f20fb2000b003200f207b1000170a0004b
:101af000c708dd00c901de00838070004700dd00fb
:101b00000400a6000000060060001000e08018003d
:101b100000000600810f700001003a00000006007e
:101b20008182cf000500e00010003e008082cf00df
:101b3000ee8242007028e1000400390007003e00f8
:101b4000800078000000eb000e0037007083120068
:101b50008600de000500dd000a00370070835200b9
:101b60008600dd000000eb0006003700e282520034
:101b70008508dd00708312000603de008680700099
:101b80000500dd007507b0000501ea000400a600ad
:101b90000000060060001000e08018000000060051
:101ba000889fbe008a9fbe00841f78007c000700cb
:101bb0004f00780011003300f0ff2f00838f6c007e
:101bc00006003b00040565000a00a7000800370076
:101bd00009f0a6001000200008003700820f540012
:101be000838f5c00030039001000200001003e00dc
:101bf0000000200009f0a7000000ea004f05be0029
:101c00004f04be000000e00000000600881f7800be
:101c1000030478000300e00007003d0060001000ae
:101c2000e080180060011900e081190002003b000b
:101c300001f02d00030037000400070008f0a700a2
:101c400001f0a0004f04780000000600889fbe004d
:101c50008a9fbe000082700004027100048271003d
:101c6000260032000004be000200be006011b80071
:101c70006b092000950220000182cf000a00390084
:101c80000541b1000082cf00070039000541b100d5
:101c90000982cf00040039000541b1000882cf005d
:101ca000010039000541b100054252001200320026
:101cb0000a003b0082817100610164008100d10053
:101cc0000080d3008984d3000884d3008b05e8000a
:101cd0000442e800f7ff3a00070037000804440018
:101ce00089844c0000004800818048008b05e90091
:101cf0000442e900f9ff3a00030007004f05be0067
:101d00004f04be00000006008100200061805500e5
:101d10000b003d000b00200061fe2f000100e100e0
:101d20001d00340082817100610164008904d100ca
:101d30000884d3000000e800faff3a007100200098
:101d400061006400030070000200600009003200be
:101d500061044400e0844c000988a50005003200bd
:101d60008b05e8006808e10002003a008904d10010
:101d70000884d300f20f20000258e10005003d0066
:101d8000c75ddd00f907b2008980750008007800a2
:101d9000000006000bf827008b007800000005000b
:101da0000004be0004fc07000003be000405be00e2
:101db0000200be0000fc0700844f75000000060012
:101dc0000800fa00889fbe000004be000001be00ab
:101dd0008300780001f0a10008007800a4fd200035
:101de00095f42300840f5000858f580018003e00a2
:101df000f2ff2f00f3972300820f5000838f5800cb
:101e000011003e00f2ff2f00f3072000820f500068
:101e1000838f580005003e00020020000338200098
:101e20000800be00d6fd07000400370002002000b5
:101e300003b827000800be000dfc0700c0bf9f00cc
:101e4000d1bf9f00710037000800be006800370056
:101e50004f49de0003002000143d2500b507240093
:101e6000840f5000858f58001f003e0034be2c00a8
:101e700065012400840f5000858f58000e003e003d
:101e80000200e00005003200b2fd200093fc2300b8
:101e90000800be00f6fb070059003700b2fd200025
:101ea00093fc23000800be00e8fb07005b0007006e
:101eb0000004be00550037000200e00005003200bb
:101ec000b2fd2000930424000800be00e8fb0700d8
:101ed00046003700b2fd2000930424000800be0035
:101ee000dafb070041003700541d2300250e2400b3
:101ef000840f5000858f58001d003e00f4dd2e0039
:101f0000f50a2400840f5000858f58000c003e0015
:101f10000200e0000500320042be2c0063092400ec
:101f20000800be00d2fb0700e0ff370042be2c00d5
:101f3000630924000800be00c4fb0700300037001e
:101f40000200e00005003200b2fd2000930c2400e6
:101f50000800be00c6fb070025003700b2fd2000c8
:101f6000930c24000800be00b8fb070020003700d7
:101f7000f2ff2f00f3f72700820f5000838f5800e5
:101f8000040036000801be000800be00affb0700d9
:101f9000c7ff37006c8157000800be004d000700e6
:101fa0006011b80063016000e10f5100e08f59003b
:101fb00009003200e20f5100e08f590009003200a1
:101fc000e00f5100e08f59000b003a002fb8970046
:101fd000bfb89700060037002fb89700bfb897002a
:101fe000b2ff37002fb89700bfb8970001f0a200ea
:101ff00091000700aeff37002fb89700bfb89700d9
:10200000060007000004be0009f0a2000800be00a0
:102010004f04be000080fa0000000600889fbe004a
:102020008a9fbe008c9fbe000001be0054fd0700c9
:102030000004be000001be0051fd07000005be0007
:102040000200200003f02b000800be004cfd07003a
:102050000200200003f8230085fb07000006be00f5
:10206000f2a92a00a3d223000a00be0044fd070003
:102070000001be000c00be007dfb07000006be0094
:102080000801be000a00be003dfd07000005be00bd
:1020900072a12900c37c23000800be0038fd0700a0
:1020a000f243200063ab230068fb07000001be0081
:1020b0000a00be0032fd07000001be000c00be0099
:1020c0006bfb07004f06be004f05be004f04be006d
:1020d000000006000800fa00889fbe008a9fbe002c
:1020e0008c9fbe000005be00020478000001be0007
:1020f0008300780001f0a1000a007800a2fd200012
:1021000093dc2400820f5000838f58001d003e0096
:1021100032982f0023f223000a00be0018fd0700aa
:102120000200200003b4240051fb0700020020003d
:1021300003b4240045fb07000006be00ae110700f3
:1021400080047800a2fd200093fc23000c00be0058
:102150000bfd07000001be000a00be003bfb0700ac
:102160000005be00325a2800832823000c00be0060
:1021700003fd07000001be000a00be0033fb07009c
:1021800026003700f2ff2f00f3f72700820f5000e0
:10219000838f5800060036000a01be000a00be0008
:1021a0002afb0700008cbe008004eb001c003700f7
:1021b0000a00be00500007000005be0032982f0044
:1021c00023f22300eefc07000200200003f02300ae
:1021d00027fb07005f1107000203be000002be00dc
:1021e000e4b79f00f5b79f0086bf9f0097bf9f0091
:1021f00086fe070032982f0023f2230001fc07001f
:102200000001be000a00be0010fb07006000b8001d
:102210002004980031049800efb49700008cbe00b1
:10222000090078004f06be004f05be004f04be00f7
:102230000080fa0000000600889fbe008a9fbe0052
:102240008c9fbe000005be000001be00ccfc070054
:102250000004be000a01be00c9fc07000006be0063
:102260004288280083c023000800be00c4fc070089
:10227000b2aa2a00a3e22300f4fa07000001be007c
:102280000c00be00befc07000001be000a00be003c
:10229000f7fa07000005be000801be000800be00f6
:1022a000b7fc07000001be000c00be00b4fc070034
:1022b0000006be00c2c32600636323000800be0000
:1022c000affc0700f27c200003952300dffa070033
:1022d0000001be000c00be00a9fc07000001be000a
:1022e0000a00be00e2fa07004f06be004f05be001e
:1022f0004f04be00000006006022b8006033b80042
:102300000002be00f0ff2f00f1ff2f00f2ff2f00b0
:10231000f3ff270000006200818062000201630079
:1023200083816300000006000000fa006881570006
:10233000cfb897001b0207000080fa0000000600db
:102340003f000700970007004801070070010700e1
:10235000c90007007a020700250237000000fa00d2
:1023600068815700cfb89700130207000080fa0079
:10237000000006009c04070053050700ed05070058
:1023800003060700a6053700800178000200370029
:10239000b15978000201e9000200e000fcff3a00b8
:1023a00000000600810178000002780030417800ca
:1023b000b14f510002003a000204e000f9ff3a0078
:1023c0009480fb001380fb0000805000000006009a
:1023d0008001eb000200e0001000320000027800f3
:1023e00001037800b44178000304e00008003200e3
:1023f000b14278000504e00005003200820340008d
:10240000848f53000200320085cf5100f4ff320068
:102410008381fb001680fb0080815100030078005f
:1024200000000600881f780000047800080078008b
:10243000270a0700080078004f0478000000060013
:10244000ec874700889fbe008a9fbe008c9fbe001d
:102450008e1f7800000678000104780018079000ad
:102460002805900098067800cdb79f00b805900029
:102470003202be002203be000400be000601be0000
:102480004f18de006011b8008000eb00d0b79f004d
:10249000e1b79f00f2b79f0083bf9f0080047800e0
:1024a0000900e000060032006000b8006011b800ca
:1024b00004025000858258000603590087835900a2
:1024c0000e00e000020035000d10a100cdb79f0006
:1024d0000900e00005003a004fb097000028a30073
:1024e00002003a000038a300020032008a00e9002e
:1024f000010037008a007800f8815700a200200010
:1025000008007800860007000900e00003003a0098
:10251000cfb097000128a300080032000000e900b6
:1025200000814500b1c2b3000900e00001003200a3
:10253000d1c2b30001497800050037000138a3007b
:10254000030032000000e90001c2b3008175780089
:10255000480190000201e90000015100808045001f
:102560004fb297008a0178000c0078003f02070004
:102570009c0090000188a3000400320098009000a5
:10258000810f500001003d00010078004f077800e6
:102590004f06be004f05be004f04be00cf00b10085
:1025a000000006000200fa00889fbe008a9fbe005d
:1025b000800578000104780002007800180190007e
:1025c0002805900098007800b1bf9f00b8049000e3
:1025d0000200e000020035000110a100b1bf9f0021
:1025e000ea815700820020008a0078003002be0095
:1025f0002003be0008007800490007003fb997009b
:10260000f0006100030032000000e90001c3b300e4
:10261000817478003fb99700e80061000300320040
:102620000000e90001c2b300817478004801900005
:102630000201e90000015100808044003fba970088
:102640008a0178000b007800080207009b009000c8
:102650000188a3000400320098009000810f500010
:1026600001003d00010078004f05be004f04be0090
:102670000080fa0000000600ea874700889fbe003d
:102680008a9fbe008e1f7800000478000300780047
:102690007287570084e2260055c72600049fbe00bb
:1026a000c3962200030f78006c875700004feb00a1
:1026b00011059000a1049000910578000200e0004f
:1026c00002003200020778000100370072875700cd
:1026d0000000e00002003a000e007800b109070097
:1026e0000a00e000030035008a0f500001003600a8
:1026f0000a0078000b027800890178000001780058
:102700008e00780008007800d80107004f07780095
:102710004f05be004f04be00af00b1000000060030
:10272000f4874700889fbe008a9fbe008c9fbe0032
:102730008e1f78000605be000404be0081bf9f0006
:1027400082b79f00f3b79f00b0009000e1b79f00f1
:102750001301780092b79f0090069000400090000f
:102760000000e900000678000d00e00001003d00d7
:102770001d0020008040eb00efb1970081717800d0
:102780001e0020001f0037000c06e9000fb0970064
:10279000cf80de006109b900a0b79f00b1b79f00ec
:1027a000c2b79f00d3b79f000203be000002be0065
:1027b0000800be000a01be000111070000077800f2
:1027c0000e4078000043b000efb0970080707e00ac
:1027d0008d06e9000fb997000201e90082bf9f0052
:1027e0002fb29700bfb297004fb39700dfb39700a7
:1027f0000800be000a01be00ea1007000205be0084
:102800000004be000c00e0000d003400e00f540096
:10281000e08f5c00e00f5d00e08f5d00daff3a00c2
:102820000d00e000d8ff3c008fb997000300e000e6
:10283000030034001fb097000018a300d2ff3a0035
:102840000e00e00002003a00ffb097001140a10026
:102850000c0078004f0778004f06be004f05be0001
:102860004f04be004f01b100000006000200fa0054
:10287000889fbe008a9fbe00000578000104780092
:102880000200780018019000a804900098007800d9
:10289000b1bf9f00b80590000200e00002003500c3
:1028a0000110a100b1bf9f00ea815700a2002000e3
:1028b000890078003002be002003be0008007800c6
:1028c00097ff0700480190000201e9000001510054
:1028d000808045003fba9700890178000a0078009f
:1028e000620107009a0090000188a30004003200f2
:1028f00098009000810f500001003d000100780019
:102900004f05be004f04be000080fa000000060024
:10291000fa874700889fbe008a9fbe008c9fbe003a
:102920008e1f78008004780001047800820578000a
:10293000180190002805900018077800b800900052
:102940000200e000020035000e10a1000100370077
:102950001200200070006700e0b79f0009003200fd
:102960003b02be002b03be00e00f5200e08f5a0076
:10297000e00f5b00e08f5b00020032008a86e90016
:10298000010037008a067800e8026700f5b79f006b
:10299000010032008d06e9003b02be002b03be00a1
:1029a000e4af9f00f5af9f0086b79f0097b79f00e9
:1029b000480690000c06e9000040eb0080707e00a5
:1029c000efb297007fb29700890378008104780006
:1029d000d8af9f00020478008bbf9f008a05780063
:1029e000034578002a0037000c06e9006fab97001a
:1029f0006f006300e90f500002003c000003b000cc
:102a0000010037007005b0000a03fb001604b10096
:102a1000f90f53000c003e00000378000650a000a0
:102a20001606b100f90f530007003e00b4b79f002f
:102a3000a5b79f00c7b79f0034090700cfb3970021
:102a4000afb297003fb2970080747e000804e9009f
:102a50008d06e9006fa89700ffa897000fb19700b7
:102a60009fb19700460020008301d1000281d3006e
:102a70008180d3000080d3000603e900faff3a000a
:102a8000e0af9f00f1af9f0082b79f0093b79f0018
:102a9000e10f56000f0034006fa89700ffa89700c1
:102aa0000fb197009fb19700e00f5000e08f5800e2
:102ab000e00f5900e08f5900cbff3a000800e0001a
:102ac000c9ff3c000d00e000020034000e18a30016
:102ad000c5ff3a0089007800f4b79f0087047800aa
:102ae0005fac97008a4178000b0578008fbd970096
:102af0000500e000100032003b02be002b03be00c8
:102b0000e4af9f00f5af9f0086b79f0097b79f0087
:102b1000e00f5200e08f5a00e00f5b00e08f5b0097
:102b2000050032000c06e90083707e000c06e90007
:102b300000c3b30080707e00ffb297000500e00084
:102b4000030032000c06e90000c2b30080707e0072
:102b5000480190000201e9000c0151008c80400006
:102b60000e0278008a01780009007800bf00070093
:102b7000990090000188a3000400320098009000a2
:102b8000810f500001003d00010078004f077800e0
:102b90004f06be004f05be004f04be00af01b1009e
:102ba000000006008201780001017800f1ff270093
:102bb000eb083700960637003c00fa008f017800da
:102bc000c303b1001d0009008019eb00c0a79f00de
:102bd00080b79f00a05d2100b0b79f0040fc2f0090
:102be0000f004000d00807000080fa000000060037
:102bf00084082000848f50001d0032000d003c002e
:102c000014082000848f50002700320002003c008e
:102c1000040820000400370024082000848f50009e
:102c20003400320044082000848f500043003a00f2
:102c300036003700040a2000848f5000270032003d
:102c400004003c0004092000848f50003b003a003f
:102c500028003700020c2000828f50002f00320025
:102c6000020f2000828f500034003a002b00370002
:102c70009380e9000200e00005003200810978003d
:102c80001102fb00cfa2de00612bb9002800370043
:102c900081097800114278000482fb008002eb0079
:102ca0006033b8002200370013027800e4005200bd
:102cb0000200e00005003200810978001102be0028
:102cc0004fabde00860378001900370081097800d9
:102cd0001102be006033b800150037009380e90090
:102ce0008109780011027800cfa2de00612bb900c3
:102cf0000f00370093027800e880520081097800c5
:102d00003102be002103be00090037009380e900b4
:102d10000200e00002003200f1ff37009380e9007a
:102d200081097800110278008002eb006033b8005e
:102d30000498be000690be001000050000000500cb
:102d400044082000848f50002500320008003c0019
:102d500014082000848f5000140032002408200042
:102d6000848f500024003200040820000c0037003b
:102d700004092000848f50001f00320004003c0032
:102d800084082000848f500024003a000e00370091
:102d9000040a2000848f500011003200040c20002f
:102da000848f50001d003a000d0037009380e90029
:102db000810978009100780001087800cf91de0049
:102dc0008288be00140037009380e90081097800f2
:102dd0009100780001087800824878000e003700e2
:102de0009380e9008109780091007800010878005b
:102df00082087800080037009380e9008109780094
:102e000091007800010878006112b900612bb900c7
:102e10008498be008690be001000050000000500ea
:102e2000889fbe000004780048009000820478006b
:102e3000808f54000100360080047800090178007a
:102e40005800900050fd0700580090000900400015
:102e500050049800c80090008984500049049800ec
:102e60000048eb004f04be0000000600f287470058
:102e7000889fbe008a9fbe008c9fbe008e1f780078
:102e8000800478000105780002047800830578004a
:102e90006107620002003a008b0f540008003900fd
:102ea000080178008a00780009007800ad0b07005f
:102eb0008b0f540002003900880578001e0037008f
:102ec000088655000c017800f00f5600010036000e
:102ed00002012000010220007e8057005b060700ef
:102ee0008c0678000500370002012000fe805700a4
:102ef000090078009b0b0700f0865600ef8f560004
:102f0000f9ff3e004461de0000ff2f000091b90090
:102f100002014600fe80570009007800910b07006f
:102f20000e00e00004003a00080178008a007800f2
:102f3000090078008b0b07000b0078004f07780022
:102f40004f06be004f05be004f04be002f01b1006a
:102f5000000006000000050000000500000005005c
:102f6000000178000040eb008080fb008180400081
:102f7000e3c3200063c278000404e00003003a00c9
:102f8000f0c3200060c078000000060092017800c5
:102f9000934f520004003a00f0c3200060c0780054
:102fa0000309e800010037000040e800ea4f500044
:102fb000edff360000000600f6874700889fbe0040
:102fc0008a9fbe008c9fbe008e1f7800000578008f
:102fd0000104780083057800040678000000eb0007
:102fe000c0b79f008080eb00d1b79f00e0b79f0083
:102ff000f2b79f000008200080bf9f009800780073
:10300000010078008004eb00010037008904e8002b
:10301000304178000204e0000300320053c2b300e4
:10302000834f5100f9ff3a000900e000040032002c
:10303000090178000a0078004a0b0700188c440048
:103040001807780050c2b3009e4f10003f013a00ad
:103050000e07e8000e0c780010003700cfb0970084
:103060000100a0000b003700cfb097000110a000b6
:1030700008003700cfb097000120a00005003700fe
:10308000cfb097000130a00002003700cfb097000a
:103090000140a000c1b79f00000ce80018007800b4
:1030a00090407800b2c2b30082cf5000f1ff3200ee
:1030b00007003c0002c2b30082cf5000f0ff320094
:1030c00032c2b30082cf500007003a00efff370052
:1030d000d2c2b30082cf5000e0ff320002c3b3007f
:1030e00082cf5000e0ff3200a2c2b30082cf500076
:1030f0000d003a00000ce8001c80e900000e78008a
:1031000010007800e0b79f000000e0000f003d00d5
:10311000cfb097000100a200c1b79f000000ea00f5
:10312000e0b79f000900370065050700e0b79f0082
:1031300001003700000ce800180078009000fb0048
:103140000103b100e98f5000faff36004fb097003d
:103150000008a300020032000010a100c0b79f00c9
:1031600018007800e1c2b30090cf100016003a00ba
:103170008000eb00d1b79f000000e800000c780051
:10318000a1c2b30090cf100006003a00000ce80086
:103190001c80e900000e780010007800d0b79f0076
:1031a0000900370046050700d0b79f00010037002f
:1031b000000ce800180078009000fb000103b1004b
:1031c000e98f5000faff36000800780064ff07001e
:1031d00080467800180078001000fb0044070700c4
:1031e00091062000810f50003800320012003c0090
:1031f00041062000810f5000340032000a003c00dc
:1032000011062000810f50002000320031062000fe
:10321000810f5000a000320051022000810f5000a9
:10322000bc003a00b400370071062000810f500046
:10323000b8003c008800370001072000810f5000d3
:103240005c00320007003c00e1062000810f5000c6
:103250007a003200f1062000810f5000ad003a00e4
:103260003900370051072000810f5000270032003d
:1032700081072000810f50004200320031072000fa
:10328000810f5000a3003a008f0037008d80fb00b3
:103290000c01780000fe2f000f00400055070700ca
:1032a0000000e000a800320018007800000ce800e0
:1032b0009041780002fe2f000f014100f880570076
:1032c0000a00780024ff07000e0037008d80fb0005
:1032d0008c0178001200200000fe2f000f0040003b
:1032e00043fe07000000e00097003200180ce800e1
:1032f00002fe2f000f014100f88057000a007800fd
:103300004ffc070080844400900037008d80fb0054
:103310008c0178000001eb0000fe2f000f00400040
:1033200033fe07000000e00087003200180ce800c0
:1033300002fe2f000f014100f88057000a007800bc
:103340004afd0700efff37008d80fb008c017800fd
:103350000001eb0000fe2f000f00400024fe0700dc
:103360000000e00078003200180ce80002fe2f0098
:103370000f014100f88057000a00780089fc07001f
:10338000e0ff37008d80fb008c0178000001eb002e
:1033900000fe2f000f00400015fe07000000e000b7
:1033a0006900320018007800000ce80090417800b5
:1033b0001c0037008c0178000001eb00010f200099
:1033c00000fe2f000f00400009fe07000000e00093
:1033d0005d003200180ce8000fb097009fb0970016
:1033e0002fb19700bfb19700e00f5000e08f580059
:1033f000e00f5900e08f590009003a00cfb597005f
:103400006fb4970060c32000660607000b027800c7
:10341000880178000001780061c320004700370070
:1034200083c7b30002fe2f000f014100f880570050
:103430000a00780036fd0700b2ff37000b81440018
:103440008d80fb008c01780000fe2f000f004000f3
:103450003bfe07003c0037008d80fb000c0178002c
:1034600000fe2f000f004000e20607000000e00011
:103470003500320018007800000ce8009041780018
:1034800002fe2f000f014100f88057000a0078006b
:10349000b1fe07009bff370000c8b30080cf560085
:1034a00029003a00180ce8001c80e900000e7800a2
:1034b00010407800e0df9f0013002000e2fd2f00a5
:1034c0000f0141000800370000c8b30080cf56004c
:1034d0001d003a00180ce8001c80e900000e78007e
:1034e0008001eb0010017800f88057000a00780096
:1034f00061fc070083ff370000c8b30080cf56008f
:1035000011003a00180ce8004fb29700efb1970095
:10351000080037000e0c78000000eb00c0b79f00d9
:10352000e0b79f000080eb00d0b79f000002eb00e7
:103530008401780012002000c1c320000a00780036
:103540004afe07006fff3700180ce80009007800fa
:103550004f0778004f06be004f05be004f04be0067
:103560006f01b100000006008200fa00889fbe00d3
:103570008a1f78000005780082047800c13f9f0010
:103580000004eb0010003700090278008801780081
:10359000a2f72f000f01410081f72f008f8040001c
:1035a0000a00780084fe070008004000880f5000e1
:1035b00004003d00b0042000b06388000084eb00ec
:1035c00004003700000478004f3897001004e00032
:1035d000edff3a00080078004f0578004f04be0068
:1035e0000080fa00000006000200fa00889fbe007a
:1035f0008104780082007800030178003104900093
:10360000f3060700e10f40000b003200a20020008b
:10361000e68057000800780027060700809cbe005f
:103620008294be0010002000dfb89700810f540084
:1036300001003a00e0ff2f004f04be000080fa00b6
:1036400000000600ea874700889fbe008a9fbe00f0
:103650008c9fbe008e1f7800000478000105780062
:1036600083bf9f00a205900042009000e0b79f003a
:10367000b2049000830078001106780008007800fa
:10368000bb0107008fb897008c0840000b00e000da
:1036900004003a006fb097000000e900f0b79f0007
:1036a00001003700fbb79f00ad0020000007eb00d2
:1036b0001b00370078089000b8109000810f500070
:1036c00003003100b085fb00700c98000800370043
:1036d00008007800e604070080057800e18f4500c7
:1036e00003003a000c00e0005c003c006f00370073
:1036f0000c00e0000c003a00b0022000808f550062
:1037000003003200d0022000808f550006003a00ee
:103710008b4c78008fb897009108e8001e002000bd
:103720000e067800460037008e0f560029003a003a
:103730000c07e800ea8f560004003a00000320005e
:10374000808f550022003a001f003700e88f560096
:103750001f003a008b0078000150a0008007200075
:10376000808f50001a003a00f8089000381090003e
:10377000808f5000030031003180fb00710c9800f5
:103780000200370008007800b9040700b810900064
:103790000100e00003003200f80890008100e90019
:1037a000710c9800ec0307000000e00013003200e9
:1037b0008b747e000fb897001008e8000e067800a2
:1037c0000d0120001e0037008d0020000100370091
:1037d0000007eb0000fd2f000b004000e90f500038
:1037e0000d003600f08f560004003a000b00780000
:1037f000d90307000000e0000d003a0038109000e7
:103800000000e00015003200780890000000e90098
:10381000700c980011003700e88f560004003a0041
:1038200070032000808f550001003400ad0020009f
:103830008b747e000c06e8008fb897009108e800b2
:103840007fb09700800f560004003d00efb0970056
:103850000100e900800f560096ff35000040eb00a4
:1038600080747e00ea8f560005003a000d01780052
:10387000f6805700090078008f0507000400370024
:103880000d017800f68057000900780086050700d2
:10389000009dbe000295be001b0020005fb0970097
:1038a000808f540001003a00ebff2f000b007800de
:1038b0004f0778004f06be004f05be004f04be0004
:1038c000af00b10000000600e6874700889fbe00f9
:1038d0008a9fbe008c9fbe008e1f78000004780077
:1038e000010578000306780022079000420090004e
:1038f00080bf9f00b20490009c057800080078000b
:103900001b0107000b0e40000e00e00002003a0011
:103910008fb897000107e900890678008005eb0061
:103920001c003700f808900038109000808f50007d
:10393000030031003180fb00710c98000700370054
:10394000080078004a040700e10f400003003a0035
:103950000b00e00015003c002100370001fd2f00a6
:1039600080804000e78f500007003600381090003c
:103970000000e0000d003200780890000000e9002f
:10398000700c980009003700805e78008b05e80015
:103990001c0ee8008e8f550004003d008fb8970084
:1039a0000100e900808f5500deff35000040eb008c
:1039b00080f47d0082002000f2805700090078002a
:1039c00039050700009dbe000295be0010002000d2
:1039d000ffb09700818f540001003a00e0ff2f00f4
:1039e0004f0778004f06be004f05be004f04be00d3
:1039f0006f00b10000000600800078001000200079
:103a000002022000828f500004003200e980500042
:103a1000e48f5000010036000000eb0000000600bb
:103a2000889fbe008a9fbe008c9fbe008e1f7800bc
:103a30000004be000205be00840678000a00e00013
:103a4000040032001b06780008007800c800070058
:103a50008c0d4000290790008004eb002100370006
:103a600078089000b8109000810f500003003100da
:103a70003086fb00700c98000800370008007800c2
:103a8000fb03070000067800e10f460003003a0040
:103a90000900e00017003a00200037000a00e000ab
:103aa0000b0032000c007800d3ff07000000e0009c
:103ab00007003200381090000000e0000d003200d6
:103ac000780890000000e900700c980009003700a9
:103ad0000d00e000010032008cf67c008904e80053
:103ae0009b0de8000e00e000ddff32008e8f5400d9
:103af000dbff35000d00e000040032000a00e000aa
:103b0000020032000040eb0080f67c0009f0a700c4
:103b10008904ea000906ea004f66de000c0078001e
:103b20004f0778004f06be004f05be004f04be0091
:103b3000000006000200fa00889fbe0081047800a1
:103b4000820078000301780031049000a00507008e
:103b5000e10f40000b003200a2002000e680570079
:103b600008007800d0040700809cbe008294be004c
:103b700010002000dfb89700810f540001003a00c8
:103b8000e0ff2f004f04be000080fa000000060096
:103b9000e8874700889fbe008a9fbe008c9fbe00ba
:103ba0008e1f7800000478000105780083067800f5
:103bb000a205900042009000f0b79f00b204900070
:103bc0001d06780008007800690007008c0e400090
:103bd0000b00e00004003a00ffb097008100e9000c
:103be00081bf9f00010037008bbf9f00090778004d
:103bf0000006eb003900370078089000b8109000fc
:103c0000810f500003003100b085fb00700c98005c
:103c10000800370008007800950307008005780049
:103c2000e18f450003003a000c00e00032003c0048
:103c30003e0037000b007800c70207000000e000dc
:103c400023003a00e10f56001a003a000b007800fa
:103c5000a704070081072000810f500015003a00db
:103c600000c3b300994f100012003a00f80890000a
:103c700038109000808f5000030031003180fb002d
:103c8000710c9800020037000800780078030700e4
:103c9000b81090000100e00003003200f808900026
:103ca0008100e900710c9800ab0207000000e00001
:103cb00007003a00381090000000e0000e003200cb
:103cc000780890000000e900700c98000a003700a6
:103cd0000b5f78000c06e8009d0ee8000fb8970017
:103ce000800f560004003d00ffb097000100e9007e
:103cf000800f5600c0ff35000040eb0080747e004e
:103d000002012000f48057000900780066040700d3
:103d1000009dbe000295be001b0020006fb0970002
:103d2000808f540001003a00ebff2f000b00780059
:103d30004f0778004f06be004f05be004f04be007f
:103d40008f00b10000000600800078001000200005
:103d500002022000828f500004003200e9805000ef
:103d6000e48f5000010036000000eb000000060068
:103d7000889fbe00000478008004eb000b00370031
:103d8000f1ff07000000e00007003a003810900043
:103d90000000e00010003200780890000000e90008
:103da000700c98000c0037008904e800f8089000b7
:103db00038109000808f5000030031003180fb00ec
:103dc000710c9800eeff3700080078002803070008
:103dd000e10f4000eaff3a00090078004f04be00fe
:103de00000000600889fbe008a1f78000004be0005
:103df000190078001000fb00d3ff07000005eb005e
:103e00000000e0000900320008007800d8ff070039
:103e1000000578001900e800800c78001000fb0015
:103e2000c9ff07000000e000faff3a000a0078002e
:103e30004f0578004f04be00000006001801fa008c
:103e4000889fbe008a9fbe008c9fbe000005780040
:103e500001047800830578000406780068004700b4
:103e6000040009000018eb00720798000008200009
:103e7000000f9800880078000a007800d9ff07003a
:103e800080067800190037007a089000ba10900078
:103e9000810f500003003100b084fb00700d9800ca
:103ea000050037000a007800f1020700800478005e
:103eb000e18f440007003200180078001000fb007a
:103ec000808f5400030032003a109000e9ff2f0069
:103ed000110137009b0de800180ce80088007800fd
:103ee0000a007800bfff07008086460018007800af
:103ef000904078000104e0000300320052c2b30099
:103f000082cf5000e0ff3a009b8d460051c2b300c3
:103f100090cf10008f013a000000e800000c7800fc
:103f20008000eb006107980081067800a1c2b30011
:103f300090cf100002003a00000ce8001d002000a5
:103f400018007800de010700600798006102b900e0
:103f5000612bb9000a007800a002070001003700b9
:103f6000000ce800180078009000fb000103b1008d
:103f7000e98f5000faff360008007800f8fb0700d0
:103f800040579a00180078001000fb00d803070083
:103f900091062000810f50003a00320015003c00cd
:103fa00031062000810f5000a20032000a003c00c0
:103fb000b1052000810f5000dd0032001106200005
:103fc000810f50008900320051022000810f500003
:103fd0005f013a00bb00370041062000810f50000e
:103fe0001900320071062000810f500058013c007a
:103ff0007e00370001072000810f50005b00320077
:1040000007003c00e1062000810f500067003200ed
:10401000f1062000810f50004d013a0033003700b7
:1040200051072000810f50002a0032008107200034
:10403000810f50003e00320031072000810f5000f8
:1040400043013a008e0037008b0178006801470079
:104050008e0078000a00780063fd07008004780075
:104060000900e0003e013500180ce8008004eb0078
:104070000d00e0003a013a004e5192008280fb00b0
:104080000e0037008b017800680147008e00780031
:104090000a0078006bfd0700800478000900e0004a
:1040a0002f013500180ce8008004eb000d00e00043
:1040b0002b013a004e5092008080fb008c0178006a
:1040c000120020000e007800080407008004780029
:1040d000230137008b017800680147008e007800cb
:1040e0000a00780093fe0700160037008b01780065
:1040f000680147008e0078000a007800f2fd070092
:10410000800478000900e00015013500180ce80073
:104110008004eb000d00e00011013a004e509200c7
:104120008080fb008c01780009017800e5ff3700f2
:104130008b017800680147008e0078000a00780043
:1041400093fe0700800478000900e00004013500b8
:10415000180ce8008004eb000d00e00000013a00bc
:104160004e5192008280fb00eeff37008b017800f9
:10417000680147008e0078000a00780084fe07007e
:10418000800478000900e000f5003500180ce80014
:104190008004eb000d00e000f1003a008c01780093
:1041a00009017800010f2000c6ff3700180ce80055
:1041b0001b007800cf80de006109b900009fbe00bf
:1041c0000297be008004eb000d00e000e4003a001e
:1041d0004e5092008080fb008c017800090178002d
:1041e0000e007800c1030700dd0037008b01780066
:1041f000680147008e0078000a007800de000700a2
:10420000800478000900e000d5003500180ce800b3
:104210008004eb000d00e000d1003a004e51920006
:104220008280fb000c0178000e00780090030700ec
:10423000a6ff370000c8b300ce50920080cf5000d8
:10424000c3003a006e0090000000e00002003a0057
:104250001000200060079800180ce8000002eb0036
:104260000d00e00003003a001c80e900000e780019
:10427000100278008b0178000001eb000d00370080
:1042800000c8b3004e519200804f5100b0003a0078
:10429000180ce8000002eb000d00e00003003a00fb
:1042a0001c80e900000e7800100278008b01780075
:1042b00012002000e80047000a007800d8fd07003f
:1042c00082ff370000c8b300ce50920080cf50006c
:1042d0009f003a00180ce800fa0890003a1090008d
:1042e000808f5000030031003180fb00710d980079
:1042f000020037000a007800dd01070051022000ab
:10430000810f500002003a009b0de8009300370037
:104310003a1090008004eb000000e00090003200b2
:104320007a0890000000e900700d98008c003700ba
:1043300000c8b3004e519200804f510084003a00f3
:104340000002eb000d00e00003003a001c80e900d1
:10435000000e7800100278001800e800000c7800c9
:104360008004eb00e1c5b30090cf100002003a00da
:10437000000ce800190020001210200089007800cd
:1043800072004700340f9900300107000040eb0035
:10439000205798001800780090407800d2c2b300ef
:1043a0003e0a910082cf500005003a00000ce80060
:1043b00010c0b3000940500000c798002800370023
:1043c000d2c5b30082cf500025003a00000ce800af
:1043d00010c0b3000940500000f7980020003700db
:1043e0000004e00023003200d3c2b300834f50002a
:1043f00014003a0018009000104078000004e0001b
:1044000010003200814f50000e0032000201e8001f
:10441000020c780078b897001000fb00f20047000b
:10442000008040000200370011c0b30009e85000ce
:10443000f2014700830150009200fb00818f510080
:10444000f9ff3500180078009000fb00810047005c
:1044500012c0b30009415100b2509800000ce800ae
:104460001801780012407800d1c5b300814f500088
:10447000dbff3a000400e0001800320084067800f8
:104480000006eb0003003700895e78000c06e800a8
:104490009b0de8007a089000ba109000810f500040
:1044a00003003100b084fb00700d98000500370058
:1044b0000a007800340f99006d010700800478002d
:1044c0003e0a910009004700305090000004e000cf
:1044d000edff3a00120037009b0de8007a089000cb
:1044e000ba109000810f500003003100b084fb002f
:1044f000700d9800050037000a007800340f99000d
:104500005b010700800478003e0a91000900470023
:10451000305090000004e000efff3a000006eb008e
:104520003a1090000000e000030032007a0890008a
:104530000000e900700d98000c00e000040032005b
:104540000400e000020032000040eb0000727e0038
:10455000180ce800e18f4400010032008004eb00f9
:10456000090078004f06be004f05be004f04be0094
:104570000080fa00000006000000050000000500b1
:104580008400fa00889fbe008a1f7800000578002a
:1045900082047800b13f9f000000eb00c03f9f0005
:1045a000000478000d0037000902780083f72f001f
:1045b0008f814100a2f72f000f01410061f72f000a
:1045c0008f8040000a0078001cfe07008001780000
:1045d0000300e00004003500030444003f38970066
:1045e0001004e000f0ff3a00e18f410003003a00c0
:1045f0000800e00001003a00030478000800780099
:104600004f0578004f04be000080fa00000006004d
:10461000889fbe008a9fbe008c9fbe0080057800e8
:104620008106780002067800eb0c9000081020004c
:104630000c044400080178008000eb0009007800b9
:10464000520007000000e0000100320009045000a1
:10465000080578008c0f5400010036000c05780026
:104660000a017800890078000d00780046f70700fd
:104670000a804400f00d98000884440088159800d2
:10468000e80d98000a0078004f06be004f05be00f6
:104690004f04be00000006008000780010002000db
:1046a00002022000828f500004003200e980500096
:1046b000e48f5000010036000000eb00000006000f
:1046c000889fbe008a1f7800000578000a047800e1
:1046d000984478000805e8000900fb00eeff070099
:1046e0000000e000f9ff3a00b0c2b30080cf5400f0
:1046f00005003200d0c2b3008000eb0080cf540030
:1047000005003a00020037008000eb00010037008e
:10471000110020000804e8000000eb00030037004f
:104720006a02b900020052000003b0003801fb0029
:1047300003fd2f0082814100e98f5100f8ff360010
:104740000100e00001003a000000ea004f05780097
:104750004f04be00000006008000780002fd2f001c
:104760000101410010002000e90f51000500360052
:104770000150a0001106b100e58f50000100360085
:104780000000eb0000000600f3ff37008180fb0013
:10479000010037000201e900800178000008a30051
:1047a000060032000200e000230032003082fb00ed
:1047b000810f5200f7ff3a00030037000000eb00c2
:1047c0000200e0001e0032001380fb00810f500049
:1047d0001c00320014102000048ab9008402780002
:1047e000010037000281e90003007800e10f510069
:1047f0000a00360033826a00f6ef2f0004034300fc
:104800000482ea000402630006082800060262002f
:10481000f4ff3200010037000201e9008001780056
:104820000200e000050032003082fb00810f5200e0
:10483000f9ff3a0003003700000005000000eb001c
:10484000000006000300780000000600889fbe00fc
:104850008a9fbe00800478000200e0005b00320006
:1048600001407800814c780082814400f1f99f007a
:10487000e20f51005500360091449800a144980081
:10488000e1f99f00d1f99f00e60f51004f0036007b
:10489000b1449800c1f99f00e80f51004b00360069
:1048a0000905ea00630565000a8444000a05510011
:1048b000c1ff2f00010565000080fb008000eb00b8
:1048c000121020001310200017080700008cbe00f3
:1048d0000a01440060b99f0071b99f00e80f5500bc
:1048e0003a003600200498003104980040049800f3
:1048f0005104980020b99f0031b99f0040b99f0032
:1049000051b99f00f80f5500300036006004980040
:1049100071049800000c9800110c9800200c98006d
:10492000310c9800400c9800510c980020b19f0069
:1049300031b19f0040b19f0051b19f0060b19f0015
:1049400071b19f0000b99f0011b99f00640164001c
:104950007801410002044400020555006011b800ce
:104960000203be000002be000403be006022b800c5
:104970000000720081807200020173008381730065
:1049800010003700009cbe000294be004004980056
:10499000510498006204980073049800000c980079
:1049a000110c9800220c9800330c9800400c9800d1
:1049b000510c9800620c9800730c98000a02b10028
:1049c0000802b000ff0f5500eeff3e00090078001e
:1049d0004f05be004f04be0000000600889fbe00c9
:1049e0008a9fbe00441098005510980066109800e9
:1049f00077109800f0089000200490000104540003
:104a0000cfc4de00614db90008189800191898004d
:104a10002a1898003b189800e00f5200e08f5a00c7
:104a2000e00f5b00e08f5b000c0032000014900090
:104a300001045400cfc4de00614db9000440e10020
:104a400005c8e10006d0e10007d8e100030034000a
:104a5000048240003410980002003700801090005b
:104a6000311098004f05be004f04be000000060044
:104a70002800fa00889fbe008a1f78000004780092
:104a8000f80890002800900000805000081a90005c
:104a9000981a9000281b9000b81b9000cf80de0071
:104aa000040240008582480006834800878348004e
:104ab00048109000d810900068119000f8119000f4
:104ac000e00f5000e08f5800e00f5900e08f5900d0
:104ad000050032000020e10001a8e10002b0e10081
:104ae00003b8e1000d003d0008007800d4b79f0036
:104af000e5b79f00f6b79f0087bf9f00070207003a
:104b0000800478005fb29700efb297007fb3970000
:104b10008fbb97000900e00016003d007808900068
:104b2000a8009000808050004f89de000482400081
:104b3000850249000603490087034900041c9800c8
:104b4000151c9800261c9800371c980030149800fb
:104b5000f0ff2f00f1ff2f000001be00401498006d
:104b60005114980062149800731498008084eb002c
:104b70005200370061004200e0804a0060014b00b3
:104b8000e0814b0090bf9f00a1bf9f00b2bf9f007c
:104b9000c3bf9f0048129000d81290006813900085
:104ba000f813900094b79f00a5b79f00b6b79f0079
:104bb000c7b79f00e00f5200e08f5a00e00f5b0084
:104bc000e08f5b0028003200780d90000811900003
:104bd0000a0151006112b900612bb900d4af9f00e6
:104be000e5af9f00f6af9f0087b79f001fb097000b
:104bf000afb097003fb19700cfb197001fba9700b1
:104c0000afba97003fbb9700cfbb9700040050009e
:104c100085805800060159008781590090af9f0098
:104c2000a1af9f00b2af9f00c3af9f005faa9700e4
:104c3000efaa97007fab97008fb397000020e100a9
:104c400001a8e10002b0e10003b8e1000600340071
:104c50009fb297001fbb970006815200820045005b
:104c60003114980002003700881390003714980020
:104c700028019000f8089000810151001fba9700a8
:104c8000afba97003fbb9700cfbb97004f98de00ad
:104c9000048241008502480006034800870348005b
:104ca000041c9800151c9800261c9800371c9800be
:104cb000828f500001003e00f9f89f000900780043
:104cc0004f0578004f04be000080fa000000060087
:104cd000881f7800810178000002780080826800d7
:104ce0000508a30002003200210037000201e9009c
:104cf00003007800040478000308a30007003200d2
:104d00000200e00021003200b3407800015a780030
:104d10000104e000f5ff3a00020037000200e00065
:104d20001a0032001004e00003003a0017003700b8
:104d3000031c78000281e90080007800e10f510037
:104d400008003600b0017800f5ef2f0083824200a2
:104d50000382ea000482620005082800050262005e
:104d6000f3ff320008007800010037000201e9007b
:104d7000000478000200e00004003200b141780035
:104d8000035878000304e000f8ff3a008000eb00cd
:104d900008007800adfe0700080078004f04780096
:104da0000000060080007800040037003104e000b5
:104db00002003a00000051000000060001017800e6
:104dc0000108a300f9ff3a00810178003101780061
:104dd000f4ef2f00020242000281ea0002016200a9
:104de0000408280004016100f7ff32008300780006
:104df000010178003104e000fdff3a00000051009d
:104e0000000006004400fa00889fbe008a1f780058
:104e10000004be000205780094bf9f00a5bf9f005c
:104e2000b6bf9f00c7bf9f000000eb00c09f9f0060
:104e3000a8af9f00d89f9f000080eb00b0af9f00fd
:104e40006022b8006033b80060fb2f000f00400004
:104e5000e2fe07001fba9700afba97003fbb97006a
:104e6000cfbb9700120020008a00780060fb2f0063
:104e70000f004000480107000900e0000600320072
:104e80003fb29700afaa970004824200df9a9700d2
:104e900005025200840c44004f0578004f04be0008
:104ea0000080fa0000000600f4ff2f00f5ff2f003d
:104eb0000403be00d3ff37006022b80006002000c4
:104ec00007002800cfff3700f4ff2f00f5ff2f0069
:104ed0006033b800cbff3700040020000500280035
:104ee0006033b800c7ff3700f3ff3700eeff37002d
:104ef000f1fb2f0080804000f98f500001003e0040
:104f00000050a00000000600f9ff3700f1f92f0063
:104f100080804000f98f500001003e00f005b20093
:104f200000000600f9ff37000200fa00881f780031
:104f300000047800e2bf9f006481570008007800f9
:104f40008ffd0700980090000148a3000100320087
:104f50000080eb004f0478000080fa00000006009b
:104f6000f28747008e1f7800020278000301780064
:104f70000000e00002003200000778000100370066
:104f8000728757008002eb000100e0000100320050
:104f90008102e90070805700060009000018eb004c
:104fa0000080eb0080bf9f002310200093bf9f0074
:104fb000aebf9f00b1bf9f00c5bf9f000100e000d2
:104fc00003003d00b1042000b163880006003700f3
:104fd000004feb00eebf9f00debf9f008400780013
:104fe000708057003c0307004f0778002f01b10085
:104ff00000000600881f78000004780000082000e8
:10500000808f50001700350010082000808f50005e
:105010000b00340030082000808f500011003a004f
:105020009200780068805000000978003002be00cd
:105030002003be00049cbe000694be00070037009b
:105040009202780064805200000978001000be00cf
:10505000a1050700009cbe000294be0010002000c5
:10506000010037000000eb004f047800000006004c
:10507000881f780013082000838f50000f00320033
:1050800033082000838f5000040032000308200002
:10509000838f500012003a00080037009280e90028
:1050a00001097800910078003002be002003be00a4
:1050b0008498be008690be00070037009280e90009
:1050c00001097800110478005001be004000be00c4
:1050d000ea050700008cbe00100020000100370028
:1050e0000000eb004f047800000006008408200058
:1050f000848f50001d0032000d003c001408200079
:10510000848f50001e00320002003c000408200082
:105110000400370024082000848f50001e00320055
:1051200044082000848f500028003a0022003700f5
:10513000040a2000848f50001f00320004003c004d
:1051400004092000848f500020003a00120037002c
:10515000020c2000828f500017003200020f200046
:10516000828f500019003a00130037009380e90045
:10517000810978009100780090487800120037008b
:105180009380e9008109780091007800b0187800d8
:10519000a01078000c0037009380e90081097800a6
:1051a000910078003002be002003be008498be004b
:1051b0008690be00040037009380e90081097800e2
:1051c00091007800900878001000050000000500ac
:1051d000889fbe008a9fbe008c9fbe00000478009e
:1051e0000205780021069000c1069000b1059000ec
:1051f0009a04780008007800ddfa0700090d4000e5
:105200000c00e00001003a000d06e9008004eb000c
:1052100028003700f808900038109000808f500068
:10522000030031003180fb00710c9800070037004b
:10523000080078000efe0700e10f400003003a006e
:105240000900e00020003c00220037000900e000d7
:105250000a003a00b1022000810f50000300320022
:10526000d1022000810f500004003a00804d7800e8
:105270001a0de800190020000e00370001fd2f0074
:1052800080804000e98f5000070036003810900001
:105290000000e0000c003200780890000000e900f7
:1052a000700c98000800370080f57c008904e80045
:1052b0001a0de8008c8f540003003d000d00e9003a
:1052c000808f5400d3ff35000040eb0080f57c0058
:1052d0000000eb004f06be004f05be004f04be00ad
:1052e00000000600c06090000141e90081407100ab
:1052f0004160980010019000e40061000400320059
:105300000240a000120098000080eb0000000600a0
:105310000110980071089800000005000200fa00d2
:10532000889fbe000004780008007800be030700d4
:105330008084eb000000e00009003a009811900022
:1053400012002000e68057000800780003000100ea
:10535000e10f500002003a002ff897008084fb0014
:10536000090078004f04be000080fa00000006002b
:10537000800078001000200002022000828f500080
:1053800004003200e9805000e48f50000100360034
:105390000000eb00000006006f02b000889fbe0016
:1053a0008a9fbe008c9fbe008e1f7800000678008a
:1053b0000107780082047800d4af9f00e5af9f001a
:1053c000f6af9f0087b79f0040022000800f570074
:1053d0007d003e00e10f57007b0032007c0890000a
:1053e000bc109000810f500003003100b086fb001c
:1053f000700e9800030037000c0078009cfd070039
:10540000800678000d007800d9ff07000000e0005a
:10541000f2ff3a00b0022000808f560005003200f3
:105420008002eb0085af9f00d0022000808f5600e5
:1054300010003a00dd82b2000df0a7008d06ea00f0
:105440008d06e900cfeede008daf9f007c08900056
:10545000bc109000810f500003003100b086fb00ab
:10546000700e9800030037000c00780080fd0700e4
:10547000800678000e00e00002003200f00f5700b6
:1054800042003a0000032000808f56003c003a00a2
:105490007c089000bc109000810f50000300310088
:1054a000b086fb00700e9800030037000c007800f7
:1054b0006ffd0700800678008d0078000150a00085
:1054c00080072000808f50002a003a007c0890005e
:1054d000bc109000810f500003003100b086fb002b
:1054e000700e9800030037000c00780060fd070084
:1054f00080067800009a20006d4078000e012000a0
:10550000ef4f50008d0036003c1090000000e0008e
:1055100003003200fc0890008100e900710e980041
:105520000900e0000c0032006022b8006033b800cf
:10553000d4af9f00e5af9f00f6af9f0087b79f00f5
:105540000000e000a10132007c0890000000e900aa
:10555000700e98009d0137006022b8006033b800db
:105560000c0078001dfd07006000b8006011b80055
:10557000920137000e00e0009e0132001700370054
:105580000e00e00001003a00ae002000009a20006a
:105590006d4078000080fb008e0f50000f00390036
:1055a0003c1090000000e000030032007c089000f6
:1055b0000000e900700e98006022b8006033b80067
:1055c0000c00780005fd070060012000b063880032
:1055d0006022b8006033b80071013700ea0f57004d
:1055e00056003a000004eb000d0078000d00370073
:1055f0006a44b9000800400008fd2f000004440080
:10560000fc0890003c109000808f50000300310097
:105610003180fb00710e9800020037000c0078000a
:1056200013fd070001fd2f0080804000e98f50002e
:1056300003003e0081992100810f5400ecff3600e9
:10564000800678008004eb006055b8001200370037
:105650001faa9700afaa97003fab9700cfab970068
:105660000004420081844a0002054b0083854b0000
:105670007c089000bc109000810f500003003100a6
:10568000b086fb00700e9800030037000c00780015
:10569000f7fc07008006780005fd2f008582460094
:1056a00095af9f00e98f520009013e0090992900b3
:1056b0009199290092992900939921000040e100d5
:1056c00001c8e10002d0e10003d8e100db003e00a8
:1056d000a4002000050020006033b8000800be00d0
:1056e0000a01be00980507001faa97008002eb0080
:1056f0006033b80094af9f00a5af9f00b6af9f0086
:10570000c7af9f000482ea008582ea000683ea00b0
:105710008783ea00d4b79f00e5b79f00f6b79f00e4
:1057200087bf9f000400e1000588e1000690e100ca
:105730000798e100c6ff3600c00037000e00e90000
:105740000e006000030032000004eb000d00780042
:10575000650037007770b9004500de006700600023
:1057600061992000e14078008100fb000004eb001b
:105770000d007800810478000b0037000944dd003b
:1057800001047400fc0890003c109000808f5000d1
:10579000030031003180fb00710e980002003700d9
:1057a0000c007800b2fc0700019a2000e0c07800ed
:1057b0008180fb008e8f500003003100f27f2000bb
:1057c000820f5400edff36008006780089007800d3
:1057d0008004eb006055b800f4ff2f00f5ff2f00a8
:1057e0000403be00010078000000e900050033005a
:1057f0008703d1000683d3008582d3000482d300bf
:10580000f9ff37000d00780081067800200037008e
:105810000d0178000201e900050033000804d00002
:105820008984d2000a85d2008b85d200f9ff370027
:105830000180fb008000eb006011b80008047000dc
:10584000898470000a0571008b857100fc08900046
:105850003c109000808f5000030031003180fb002d
:10586000710e98000a0037000c00780094b79f0072
:10587000a5b79f00b6b79f00c7b79f007cfc070085
:10588000cfb397003fb39700afb297001fb2970016
:10589000019a2000e0c078000181fb008e0f5100ca
:1058a000600031000440e10005c8e10006d0e100dd
:1058b00007d8e100d6ff36005a0037000ec4b90001
:1058c00008844000fc0890003c109000808f50003d
:1058d000030031003180fb00710e98000200370098
:1058e0000c00780062fc0700019a2000e0c07800fc
:1058f0008180fb008e8f500003003100b2712000c8
:10590000820f5400edff3600800678008004eb0023
:105910006055b80098af9f00a9af9f00baaf9f0035
:10592000cbaf9f00120037000002440081824c0080
:1059300002034d0083834d0094af9f00a5af9f00ed
:10594000b6af9f00c7af9f007c089000bc109000ce
:10595000810f500003003100b086fb00700e9800ec
:10596000030037000c00780041fc07008006780037
:10597000009a20006d407800e0cf9f0080427800c0
:105980000580fb008e0f5000280031006174b800c4
:105990006055b8000802be000a03be00f0ff2f00e9
:1059a000f1ff2f000001be007e0407001faa970030
:1059b000afaa97003fab9700cfab97000020e10064
:1059c00001a8e10002b0e10003b8e10017003e00c9
:1059d0000802be000a03be001fa89700afa89700e8
:1059e0003fa99700cfa99700d7040700efca9700f7
:1059f0000584fb008004eb006055b8000882ea00d3
:105a00008982ea000a83ea008b83ea000400e1004d
:105a10000588e1000690e1000798e100c2ff36002a
:105a20000200370080067800040037001fac9700a2
:105a3000afac97003fad9700cfad9700009a200024
:105a40006d4078000080fb008e0f50002000310078
:105a50000d00780009003700fc0890003c10900011
:105a6000808f5000030031003180fb00710e9800e0
:105a7000020037000c007800fdfb0700019a2000af
:105a800060c078000080fb008e0f5000f2ff3900ec
:105a900020022000b06388005fab97000608a300d7
:105aa000070032005fac9700efac97007fad970026
:105ab0008fb597008003eb0087af9f00040037008d
:105ac0005fac9700efac97007fad97008fb5970064
:105ad0003c1090000000e000030032007c089000c1
:105ae0000000e900700e98005fa89700efa89700eb
:105af0007fa997008fb197000040e10001c8e10045
:105b000002d0e10003d8e1001c0039000008a30026
:105b10000e003a008fa897000100e0000b003a0049
:105b200020022000b06388005faa9700efaa9700c8
:105b30007fab97008fb3970061025200e0825a005a
:105b400060035b00e0835b00150037005fa89700ef
:105b5000efa897007fa997008fb197000040e10060
:105b600001c8e10002d0e10003d8e10003003600e3
:105b700020022000b0638800140037008fa897002f
:105b8000e18f40000b003a006000b8006011b800df
:105b900008025000898258000a0359008b8359007b
:105ba000d4af9f00e5af9f00f6af9f0087b79f007f
:105bb000060037000800be000a01be00d0af9f00fb
:105bc000e1af9f00f2af9f0083b79f005fa89700ef
:105bd000efa897007fa997008fb197004f07780033
:105be0004f06be004f05be004f04be006f02b1005d
:105bf000000006008e002000d0fe3700881f7800cd
:105c000040442000ad010700000478000800e000d7
:105c100013003200c20320008000eb00080078006f
:105c20000afb0700e0ea2200300c9800c0082300bd
:105c3000400c980080f322007004980080fa220043
:105c40001014980000c0eb00205c98004004200075
:105c50000800400020049800004020003004980014
:105c6000080078004f04780000000600889fbe00fe
:105c70008a9fbe00100290008002eb000418a3006f
:105c800003003a0080129000700990008282520056
:105c9000d00190006001900002845100088442000d
:105ca000cfc4de00614db9008898be008a90be0066
:105cb0000000eb000468a300040032001000200084
:105cc000828f510001003e000000eb004f05be0036
:105cd0004f04be00000006000200fa00881f780092
:105ce00000047800e2bf9f0064815700080078003c
:105cf0001df60700980090000148a3000100320043
:105d00000080eb004f0478000080fa0000000600dd
:105d1000889fbe000004780048009000820478004c
:105d2000808f54000100360080047800090178005b
:105d30005800900094f107005800900009004000be
:105d400050049800c80090008984500049049800cd
:105d50000048eb004f04be00000006001000780071
:105d60008eeb3700900190000388a3000100320001
:105d7000e7ff37000348a30001003a0005020700cf
:105d80000000060001017800920090000158a30075
:105d900003003a0082007800910107000f003700ed
:105da0008080fb00a25990008301fb00838f50008c
:105db00007003200d2019000220a9000848f510027
:105dc0000300310080597800530198000400370027
:105dd0008000780002007800f4010700800078005d
:105de000010078000000060000000600e0b9200075
:105df00000000600889fbe000004be000000eb000b
:105e00000800e00018003200180090000058a300bd
:105e10000d003200d800900068009000808f500084
:105e200009003600b80990000001eb0082007800fc
:105e30000800780003000100d80090000080eb000b
:105e40000100e000080032000000eb00200c980088
:105e500060049800500498000900e000020032003d
:105e60001800780044eb07004f04be000000060055
:105e7000889fbe000004be000000eb000800e000a8
:105e800025003200180090000058a30011003200d5
:105e9000d800900068009000808f50000900360004
:105ea000b80990000001eb0082007800080078003b
:105eb00003000100d80090000080eb000100e0002a
:105ec000150032000000eb00200c980060049800e0
:105ed00050049800780a900008109000800f52003b
:105ee000060031000002520011002000cfa2de00a7
:105ef000612bb90018007800330107000000eb00a7
:105f000000149800700c98000900e00002003200b4
:105f10001800780018eb07004f04be0000000600d0
:105f20000000060000000500fdff0700c0638000c0
:105f30008000eb0063010700c06380008000eb007d
:105f400060010700c06380008000eb005d01370046
:105f50000800fa00889fbe008a1f780000047800bd
:105f6000010578008204780038009000a8009000b5
:105f70009abf9f000001780002f0a7000201ea002a
:105f80000201ea004f11de0002815400a2bf9f000f
:105f9000b1bf9f00c0bf9f0022002000ee805700cd
:105fa00018007800260107000000e00006003c0011
:105fb000f80060000130a20018019000828070009b
:105fc00011049800110037002fb99700820f50007c
:105fd0000e003600a8009000710c980002005000de
:105fe0000080400000149800380090000000e0009d
:105ff000070032000905450001007800b040780034
:1060000071fd9f00700c980001003700800478003b
:10601000090078004f0578004f04be000080fa00a8
:1060200000000600881f780000047800180078003f
:10603000e50007000203be000002be00f0ff2f00d3
:10604000f1ff2f000001be00e00f5200e08f5a0068
:10605000e00f5b00e08f5b0005003500180090004a
:106060000030a100100498006000b8006011b80072
:106070004f047800000006000800fa00889fbe0068
:106080008a1f78000004be00180090000058a3008a
:106090001b003200d800900068009000808f5000f4
:1060a00013003600b80990000001eb008200780070
:1060b0000800780094bf9f00a5bf9f00b6bf9f0057
:1060c000c7bf9f000300010058059000f0ff2f009c
:1060d000f1ff2f000001be001fba9700afba970072
:1060e0003fbb9700cfbb97000a00e00006003200dc
:1060f0000000eb00200c9800600498005004980009
:106100000800be00c7ff07004f0578004f04be001f
:106110000080fa00000006000800fa00889fbe0018
:106120008a1f78000004be00e18f540008003a0086
:10613000881090007808900000805000cf80de002a
:106140000002520081825a0001035b0081835b00e0
:10615000180090000058a3001b003200d8009000e7
:1061600068009000808f500013003600b80990003e
:106170000001eb00820078000800780094bf9f00c7
:10618000a5bf9f00b6bf9f00c7bf9f0003000100cf
:1061900058059000f0ff2f00f1ff2f000001be0016
:1061a0001fba9700afba97003fbb9700cfbb9700cd
:1061b0000a00e000150032000000eb00200c9800ff
:1061c00060049800500498000800be0095ff070086
:1061d0000203be000002be00f0ff2f00f1ff2f00ff
:1061e0000001be00e00f5200e08f5a00e00f5b009c
:1061f000e08f5b00050035000000eb000014980004
:10620000700c98006000b8006011b8004f0578006d
:106210004f04be000080fa000000060000000600e7
:10622000a0bd200000000600881f78000004780050
:10623000486090008040e90000c070004064980011
:10624000d800900068009000808f50000500360054
:10625000b80990000001eb00820078000800780087
:10626000030001000000eb00200c9800600498007f
:1062700050049800980090000118a3000300320019
:106280000140a00011049800080037002801900088
:10629000380090000000410000149800700c980035
:1062a0000000eb000138a300010032000080eb0089
:1062b0004f047800000006001bff37000200fa00c0
:1062c000889fbe000000e00001003a00100020009e
:1062d0000004e8000800a100606380000000e800fe
:1062e0000000a10060638800000020000000e000c2
:1062f0000f003200e10f540006003600e20f4400a8
:1063000005003a00c0002000b06388000000eb00e8
:106310002a003700280020000800780038e707002e
:10632000290020000000e00024003a0001003700ae
:106330008004eb00606380005163800000805000a7
:10634000800f54001300360008804400d0bf9f0027
:1063500066805700cc000700800078000000eb004a
:106360000100e000150032000100e8000000a1007b
:1063700051638000810f500001003200606388008b
:10638000dfb89700010040000000e8000000a10015
:1063900050638800616380000900e0000300320060
:1063a000010078000818780001003700010078002b
:1063b0000884440088804000616388004f04be0068
:1063c0000080fa0000000600a0fd2f00f1ff2f0062
:1063d000320007004f89de008201780000000600cd
:1063e0000200fa0081017800e0ff9f009300900016
:1063f0000188a30005003200d30090008058780087
:106400000080fb00d10198000a0037001200200034
:106410008f80e900030078005e00070080007800ac
:106420000080eb000100e00002003200eff897006e
:106430000180fb000080fa000000060051fe3700da
:10644000889fbe008a9fbe008c1f780000067800df
:1064500082057800010478008004eb0009057800cb
:106460000700370018019000980078000c007800b1
:106470007de90700808444000a05e80064044400c4
:106480008b0f5500f7ff3500090078004f067800a4
:106490004f05be004f04be000000060002002f00a2
:1064a000f3ff2f00820f5000838f58000400360046
:1064b0000000ea00b06388000080eb008080eb0001
:1064c000000006008001eb000000e0000500320043
:1064d000700190000200e0000200320002000100a2
:1064e0008001780003007800000006006000b8001a
:1064f0006011b80000000600881f7800c00120006d
:106500006eff0700000478000800e0000a00320077
:10651000c20120008000eb0008007800cbf80700e3
:10652000e0ea2200300c9800c0032300400c9800e1
:1065300000c0eb00205c9800080078004f04780051
:1065400000000600adfd3700400990000240010048
:10655000d00190006001900002825100cfa2de00c5
:10656000612bb9008498be008690be009000900018
:106570000000eb000168a3000400320010002000be
:10658000828f510001003e000000eb000000060079
:10659000b6fd3700b00990000300e00001003200b2
:1065a00003400100100078007ce937000200fa0087
:1065b000881f780000047800c1ff9f002808900021
:1065c0000000e00006003a00080078002000070004
:1065d000800078000080eb000100e00018003a0025
:1065e000d800900028089000808f500009003100ea
:1065f0004ff997000280fb00a85990008301fb002f
:10660000830f500003003200825878005104980034
:106610000b003700b809900012002000e4805700fa
:106620000800780003000100800078000080eb0083
:10663000e18f500002003a00cff897000180fb0084
:106640004f0478000080fa000000060000000500fa
:10665000881f7800000478000800780021fb0700fc
:106660000000e00006003a00a800900061049800d5
:10667000510498003801900082804000210c98005d
:106680004f04780000000600900078000000eb0046
:106690000100e000050035000100780081e90700f5
:1066a000e10f400001003a000000eb00000006008e
:1066b00000000600feff0700fdff0700fcff37009b
:1066c00000c0da000000060000c0da00000006008a
:1066d00000c0da000000060081037800b6e9070078
:1066e0000001be006000b8000478a30013003a0067
:1066f0006220e10015003e000d0039008301d10049
:106700000281d3008180d3008301d1000281d300b4
:106710008180d3008301d1000281d3008180d30026
:106720000538b000c42add00f300b2008381720096
:1067300007f0a70003f0a0000000060083ff270079
:10674000020020006110b900f9ff370003ff2700a5
:10675000f7ff37000003be0097e907006011b8009b
:106760000470a70007f0a1006509b1001b0032000a
:1067700012003500860220000628e10008003500de
:10678000f3ff2700f2ff2f006110b9000700e000bf
:1067900018003b00030028006000b800020005005c
:1067a00000004000818048000201490083814900c7
:1067b0008502e900faff3a0008003700f88f42002e
:1067c00002003c008000eb00000005008100d100c9
:1067d0000080d3008502e800fcff3a000700e000db
:1067e00004003b0060001000e08018006001190008
:1067f000e0811900000006000001be006ee90700fc
:106800000470a70003f0a1006509b1001600320072
:106810000d0035006828e10006003500f0ff2f006c
:10682000f1ff27000300e00013003b0001002800f7
:106830000000050000004000818048008502e9005a
:10684000fcff3a0008003700f88f420002003c00cd
:106850008000eb00000005008100d1000080d30023
:106860008502e800fcff3a000300e00002003b0064
:1068700060001000e0801800000006001400fa001c
:10688000889fbe008a9fbe008c9fbe000005be0090
:106890000206be00680047000c90be000a90be00d1
:1068a000520107006400e1001a00320016003e00a9
:1068b0006100e1001a0032006e049000fe049000b6
:1068c0000e0b90009e0b90006011b8009e0590008a
:1068d0000b38b100d5012000828171006101640094
:1068e0008703d1000683d3008984d3000884d300b2
:1068f0008502e900f8ff3a0003ed07000df0a7005c
:1069000001f0a0007401370001fc27000000200006
:10691000faff370001f8270000002000f7ff3700da
:106920006000b800f5ff3700020ab900001bb9008b
:106930000200b80081004200810043000000060010
:10694000889fbe008a9fbe0030044200b0844a0087
:1069500030054b0090854b006000b1000898be00e8
:106960000a90be000440e10005c8e10006d0e10045
:1069700007d8e10002003100680040001008e8007c
:106980004f05be004f04be0000000600889fbe00f9
:106990008a9fbe003004be002005be0004185400cb
:1069a00005985c0006185d0007985d001100200046
:1069b0000440e10005c8e10006d0e10007d8e1008d
:1069c000010039008000eb00108810004f05be0068
:1069d0004f04be00000006001200fa00889fbe00af
:1069e0008a9fbe008c9fbe00e0b79f00f1b79f005a
:1069f00082bf9f0093bf9f000605be000404be0037
:106a00000000eb00d0b79f00c0b79f00b0b79f0059
:106a1000a0b79f0090b79f00000678005fb1970075
:106a2000cfb09700820141003fb097000200e00024
:106a300004003d00370007007e805700c0ff0700bc
:106a400003003700330007007e805700cfff0700a8
:106a5000dfb697000d00e0000c0035006fb2970024
:106a6000ffb297000fbb97009fbb9700100020005c
:106a7000010020006011b8000002720081827200e3
:106a800002037300838373001b0007000c06e800f9
:106a900001042000810f5600e0ff3a000d00e000e5
:106aa00004003d000802be000a03be007e805700bd
:106ab000a3ff07005fa897000000e00005003a0070
:106ac0001fb29700afb297003fb39700cfb39700c4
:106ad000090007006fb09700ffb097000fb997004b
:106ae0009fb997004f06be004f05be004f04be0081
:106af0000080fa0000000600010007000000060008
:106b0000a4b79f00b5b79f00c6b79f00d7b79f0037
:106b1000000006004f09de0082817100b3b79f00bc
:106b20004f01de008180400082807000a1b79f008d
:106b30008fb097004f09de00000040000200700097
:106b400090b79f007fa897004f01de008180400032
:106b50008280700081b79f000d0007004f3ade0071
:106b60000000400004007000f0af9f000800070024
:106b70000402420085824a0006034b0087834b00d3
:106b8000dfff07000802be000a03be000000060087
:106b90002fb29700bfb297004fb39700dfb39700b3
:106ba00000000600881f780018002000881f780069
:106bb00089ff07008f87e9004f0478000000060076
:106bc000801feb0084ff07008f87e90000000600ac
:106bd000889fbe008a9fbe00e00f5000e08f5800e3
:106be000e00f5900e08f59000c003d006044b800f0
:106bf0006055b8000000540081805c0002015d0017
:106c000083815d00180020001500070008003d008a
:106c1000180007000004eb00050037000004eb003b
:106c20000f00070002003d001200070018002000be
:106c3000dcff07000800e000060032006022b80018
:106c40006033b8000000520081805a0002015b00ee
:106c500083815b004f05be004f04be0000000600ac
:106c6000e00f5200e08f5a00e00f5b00e08f5b0006
:106c7000000006006044b8006055b80004025400eb
:106c800085825c0006035d0087835d0000000600ce
:106c9000889fbe008a9fbe008c1f7800e00f5000c6
:106ca000e08f5800e00f5900e08f59000d003d00c3
:106cb0006044b8006055b8000000540081805c005a
:106cc00002015d0083815d001c0020000820e100be
:106cd00009a8e1000ab0e1000bb8e1000d003d0099
:106ce000080037000006eb00e00f5200e08f5a006a
:106cf000e00f5b00e08f5b0006003d006044b800e1
:106d00006055b8000402540085825c0006035d00f3
:106d100087835d00aaff07000c00e0000600320038
:106d20006022b8006033b8000000520081805a0031
:106d300002015b0083815b004f0678004f05be00b7
:106d40004f04be0000000600889fbe008a9fbe0060
:106d50008c1f78000006eb00e00f5000e08f580019
:106d6000e00f5900e08f590007003d006044b80073
:106d70006055b8000000540081805c0002015d0095
:106d800083815d001c002000e00f5200e08f5a005c
:106d9000e00f5b00e08f5b0007003d006044b8003f
:106da0006055b8000402540085825c0006035d0053
:106db00087835d000c00a2004c0007000c00e0007f
:106dc000060032006022b8006033b80000005200b4
:106dd00081805a0002015b0083815b004f067800ce
:106de0004f05be004f04be00000006008000780082
:106df0005002be005003be004439de00f700b2006e
:106e0000f37f200003016100090032000218e10055
:106e100016003a00850172008301730083817300bc
:106e20000008200015003a00400020001300370041
:106e300085017200830173008381730005003a00ad
:106e400004a8be0006a8be00100020000b003700fa
:106e50000201e9000402420085824a0006034b0059
:106e600087834b000748a300f9ff32000740a000ca
:106e700004a8be0006a8be002000200080009800e4
:106e80009200980000000600680447000294be00cb
:106e90000094be00fc0447008694be008494be00ab
:106ea00009007800d1ff070008007800cfff070035
:106eb00099007800814f70000b003b000800be0075
:106ec0002c0007004f00b10003003700f3ff27003c
:106ed000f2ff2f006110b9004f06be004f05be0043
:106ee0004f04be000080fa0000000600889fbe002c
:106ef0008a9fbe008c9fbe000404b8000506b8003f
:106f00008904460060854e000606b8000a05460062
:106f1000e0854e000706b8008b054600040eb80059
:106f2000890446000a854e00e0854d00050eb80034
:106f30000a0546008b854e00060eb8008b054600fc
:106f40000416b8000a0546008b854e000516b800e9
:106f50008b054600041eb8008b0546000800be00e5
:106f60000a01be004f06be004f05be004f04be0022
:106f700000000600e48240001078a3000700320001
:106f8000640240001178a3003400be001401be006a
:106f9000040032000330a700000006003500be00e8
:0c6fa0001501be000330a0000000060038
:020000040000fa
:106fac00257500000025000030320000580000005c
:106fbc005550000000550000502000006361000097
:106fcc006c6c00002072000065710000756500009b
:106fdc0073740000656400000d0a0000004400009a
:106fec004e000000444e000020630000616c000065
:106ffc006c20000072650000717500006573000064
:10700c0074650000640d00000a0000005858000070
:10701c00004100006c6c000020630000616c0000fb
:10702c006c73000020630000616e0000636500005b
:10703c006c6c0000656400000d0a00000044000048
:10704c00520000005245000053450000540000005f
:10705c004f540000000d00000a000000444d0000d9
:10706c0000460000570000007365000072690000c4
:10707c00616c000000520000423000003000000043
:10708c0072610000696e0000626f000077200000e2
:10709c006c6900006768000074730000206f0000ca
:1070ac0066660000200000005242000030310000f3
:1070bc0000720000616900006e6200006f770000d2
:1070cc00206c0000696700006874000073200000e9
:1070dc006f6e0000004c00005220000000520000b7
:1070ec0061770000207200006564000020690000d8
:1070fc006e700000757400003a200000004c000017
:10710c00522000002532000078000000726500005b
:10711c0064500000574d00002075000070640000a2
:10712c0061740000656400000d0a00000049000055
:10713c006e760000616c0000696400002072000033
:10714c00656400002068000065780000207600006f
:10715c00616c0000756500000d0a0000004c000019
:10716c0047200000004c00004720000025320000a2
:10717c007800000047720000656500006e2000007a
:10718c00505700004d200000757000006461000035
:10719c0074650000640d00000a000000496e0000d8
:1071ac00766100006c6900006420000067720000ca
:1071bc00656500006e200000686500007820000006
:1071cc00766100006c750000650d00000a0000007f
:1071dc004c420000200000004c4200002025000022
:1071ec0032780000006200006c7500006520000021
:1071fc00505700004d2000007570000064610000c5
:10720c0074650000640d00000a000000496e000067
:10721c00766100006c69000064200000626c000064
:10722c00756500002068000065780000207600007d
:10723c00616c0000756500000d0a0000004c000038
:10724c0057200000004c00005720000025320000a1
:10725c007800000077680000697400006520000069
:10726c00505700004d200000757000006461000054
:10727c0074650000640d00000a000000496e0000f7
:10728c00766100006c6900006420000077680000e3
:10729c00697400006520000068650000782000001b
:1072ac00766100006c750000650d00000a0000009e
:1072bc00445300002000000044530000202500002f
:1072cc0032780000006400006f6f00007220000034
:1072dc00737000006565000064200000757000008c
:1072ec006461000074650000640d00000a00000079
:1072fc00496e0000766100006c690000642000009b
:10730c00646f00006f720000207300007065000055
:10731c00656400002068000065780000207600009d
:10732c00616c0000756500000d0a0000004c000047
:10733c004f4300004b5300005441000054550000d3
:10734c00530000004c4f0000434b00003a2000005b
:10735c00554e00004c4f0000434b000045440000cc
:10736c00202800000020000074690000636b0000fe
:10737c0073200000726500006d610000696e0000f2
:10738c00696e0000672900000d0a0000004c000027
:10739c004f4300004b3a0000204c00004f430000cc
:1073ac004b450000440d00000a0000005341000052
:1073bc0056450000004400004546000041550000c1
:1073cc004c54000053000000466100006374000040
:1073dc006f72000079200000646500006661000097
:1073ec00756c00007473000020720000657300005f
:1073fc00746f000072650000640d00000a0000004c
:10740c00434f00004e46000049470000002d00008d
:10741c002d2d0000204300004f4e00004649000077
:10742c00472000002d2d00002d0d00000a0000004b
:10743c00446f00006f72000053700000643a00004b
:10744c000041000043540000696d000065720000ab
:10745c003a00000041430000456e00003a20000055
:10746c00202000000041000048540000696d00001d
:10747c00657200003a00000041480000456e0000b3
:10748c003a20000020200000004100004844000089
:10749c00697200003a200000200000004f540000e8
:1074ac003a200000202000002020000000540000a2
:1074bc006f7000004f5200003a20000020000000c6
:1074cc00426f0000744f0000523a00002020000070
:1074dc00004c00006967000068740000543a00001a
:1074ec00200000004469000072740000793a00002a
:1074fc0020200000002d00002d2d00002045000054
:10750c004e440000202d00002d2d00000d0a00001f
:10751c00005500004152000054200000526500004c
:10752c0061640000790d00000a000000537900002e
:10753c0073740000656d000020720000656100002e
:10754c00647900000d0a0000007200006564000000
:10755c0020630000686100006e6700006564000035
:10756c000d0a00000067000072650000656e0000e7
:10757c0020630000686100006e6700006564000015
:10758c000d0a0000006200006c7500006520000010
:10759c0063680000616e000067650000640d000008
:1075ac000a00000077680000697400006520000084
:1075bc0063680000616e000067650000640d0000e8
:1075cc000a0000005354000020320000310000007b
:1075dc0053540000203100004600000053540000ba
:1075ec00203200003700000053540000203100000e
:1075fc00360000005354000020300000380000001a
:10760c00444f00004f5200003a2000004675000025
:10761c006c6c0000792000006f700000656e00003b
:10762c002c200000737400006f7000007069000063
:10763c006e670000206d00006f7400006f72000018
:10764c000d0a0000005300005420000030390000e7
:10765c00004400004f4f0000523a0000205300003d
:10766c007461000072740000696e000067200000f5
:10767c00636c00006f730000696e000067200000ef
:10768c007365000071750000656e00006365000095
:10769c000d0a00000053000054200000304100008f
:1076ac00004400004f4f0000523a000020460000fa
:1076bc00756c00006c790000206300006c6f00009a
:1076cc0073650000642c000020730000746f0000d0
:1076dc0070700000696e0000672000006d6f000084
:1076ec00746f0000720d00000a000000535400007b
:1076fc0020300000420000005354000020320000f3
:10770c003800000053540000203200003900000003
:10771c00535400002032000041000000535400007c
:10772c002032000042000000436f00006e66000033
:10773c00696700002073000061760000656400003a
:10774c00207400006f200000666c00006173000064
:10775c00680d00000a0000004e6f0000207300004e
:10776c006176000065640000206300006f6e00000d
:10777c0066690000672000003f2000007573000060
:10778c00696e0000672000006465000066610000ff
:10779c00756c0000747300000d0a000000430000bb
:1077ac006f6e000066690000672000006c6f0000bf
:1077bc00616400006564000020660000726f0000c8
:1077cc006d200000666c000061730000680d000005
:0477dc000a0000009f
:020000040000fa
:1077e0000000fa004023a9000080fa000000060013
:1077f0000400fa00100798001e0090008000eb00c3
:10780000e200200003002000820f5000838f580008
:107810003d003e00006001000e0037001000370000
:107820001200370014003700160037001800370028
:107830001a0037001c0037001e00370020003700f8
:1078400022003700240037002600370028003700c8
:107850002a00370001188000010f78002b00370044
:1078600011188000010f78002800370021188000cf
:10787000010f78002500370031188000010f7800d3
:107880002200370041188000010f78001f003700e8
:1078900051188000010f78001c003700611880002b
:1078a000010f78001900370071188000010f78006f
:1078b0001600370081188000010f78001300370090
:1078c00091188000010f780010003700a118800087
:1078d000010f78000d003700b1188000010f78000b
:1078e0000a003700c1188000010f78000700370038
:1078f000d1188000010f780004003700e1188000e3
:10790000010f780001003700000000001e00780021
:107910000080fa00000006001600fa00200f980010
:10792000ae089000811f7800607d2b00801f7800da
:107930000e0078007cea0700e48757000e0078000c
:10794000020007000080fa00000006000200fa00b2
:10795000000f78000b0037000000000011118000bc
:1079600000202000008060000000e000fbff3a00e3
:107970001e007800104078000000fb0020118800f5
:107980001e0fe8001e007800104078000004e000a0
:10799000f1ff3a000080fa00000006000200fa0041
:1079a000004f78000000000011118000002020002e
:1079b000008060000000e000fbff3a001e00fb00ba
:1079c000201188000080fa00000006000400fa0080
:1079d000004f780011479800224798000602a8003f
:1079e0000000000030108000610060000000e00036
:1079f000fcff3a001e80fb000000400010108800d1
:107a000000000000411080000000240000806000a1
:107a10000000e000fbff3a001e4090000080fb00e9
:107a200010108800000000004110800000002400b9
:107a3000008060000000e000fbff3a002e40900054
:107a40000080fb0010108800000000004110800042
:107a500000002400008060000000e000fbff3a000e
:107a60000642a800000000003010800064006000a2
:107a70000000e000fcff3a000080fa000000060071
:107a80000400fa002047980031479800b911070018
:107a90002e40900000404000d11107003e40900071
:107aa000cf1107002e4090000080fb000000400036
:107ab000004078000004a000c91107000040eb005e
:107ac000db110700004f7800b31107001e4078005b
:107ad0000080fa00000006000000fa0002c1b300b6
:107ae00031c0b30000c4b300b8ff070032c0b30018
:107af000e1cfb30000c4b300b4ff07000041eb00c6
:107b00008040eb0000c4b300b0ff070042c0b300e8
:107b100011c0b30000c4b300acff07000080fa003e
:107b2000000006000800fa0020479800210798008e
:107b3000320798002e4090004200dd00664f400062
:107b40002e00900000407800004178009e407800b0
:107b500000c4b3009dff07002e0090004800de0027
:107b6000804078001e40e8000141780080407800a5
:107b700000c4b30095ff07003e00900080407800ed
:107b80001ec0e800014178008040780000c4b300c6
:107b90008eff07003e0090004800de008040780025
:107ba0001e41780063404100014178008040780028
:107bb00000c4b30085ff07000080fa000000060043
:107bc0000200fa000000eb00000f780024003700ec
:107bd0001e0178008000eb000040eb00d1ff0700a1
:107be00000c4290001002000811407001e01780054
:107bf0008000eb0010c0b300caff070000c42900da
:107c0000010020007a1407001e0178008000eb00bc
:107c100020c0b300c3ff070000c4290001002000fa
:107c2000731407001e0178008000eb0030c0b30021
:107c3000bcff070000c42900010020006c140700ed
:107c4000f0ff20009e007800808f50000200360078
:107c50000000eb00000f78009e007800708f40005d
:107c6000000021009e007800808f5000d8ff360071
:107c70000080fa00000006000600fa00000f7800fd
:107c800011079800220798001e0178008000eb0081
:107c90000040eb00a3ff07001e0190008000eb00f6
:107ca00010c0b3009fff07002e0190008000eb0082
:107cb00020c0b3009bff07000080fa000000060010
:107cc0000a00fa00881f78006000b800008fbe002c
:107cd00001003700000000001e00be0038e8070069
:107ce0000200200003f8230061e4070002002e00d8
:107cf000f34f240022e6070011e407002007980054
:107d000062aa2000630024001e00be0058e40700a1
:107d10002be807000200200003f8230054e40700ca
:107d200002002e00f34f240015e6070004e40700cc
:107d30003007980062aa2000630824001e00be00dd
:107d40004be407001ee807000200200003f82300b0
:107d500047e4070002002e00f34f240008e6070066
:107d6000f7e30700400798004e019000be00900026
:107d70002e009000c0ff070000c429000100200071
:107d80001b140700a2702d0033c223001e00be008a
:107d900037e40700008fbe0018c0b30092ff200038
:107da000930c24001e00be00e3e307000000e00087
:107db00001003c000044eb000804e000c5ff320075
:107dc00092ff2000930c24001e00be001fe4070059
:107dd000008fbe00c0ff37000200fa00004f78009d
:107de0008210070080c7b3009b1007000040eb0023
:107df000991007001e4078009710070084100700b4
:107e00008000200001002000f91307000080fa0024
:107e1000000006000200fa00004f7800731007000f
:107e200080c7b3008c10070000c4b3008a1007009d
:107e30001e407800881007007510070000322000ef
:107e400001002000ea1307000080fa00000006008d
:107e50000000fa0000a8210061002000e4130700e0
:107e600080c3b300dcff070090c3b300daff070054
:107e700000a8210061002000dd13070040c1b3000d
:107e8000d5ff0700f0c7b300d3ff0700f0c5b3006c
:107e9000d1ff070000482800e1012000d4130700ab
:107ea000c0c6b300ccff07000088230011002000eb
:107eb000cf13070080c3b300c7ff0700008823006b
:107ec00011002000ca130700d0c0b300c2ff070092
:107ed0000088230011002000c513070010c0b30064
:107ee000bdff07000088230011002000c013070019
:107ef00060c0b300b8ff070000c4290001002000e3
:107f0000bb13070000c4b300b3ff070000482800fc
:107f1000e1012000b61307000080fa00000006000f
:107f20000200fa00000f7800040037001e007800fd
:107f3000104078001e0fe800b6ff07001e00780012
:107f4000104078000004e000f8ff3a000080fa00da
:107f5000000006000000fa0021fe07000080fa0081
:107f6000000006000000fa0011168000002020002a
:107f7000008060000000e0000b003a001116800055
:107f800000042000008060000000e00006003200d5
:107f900010168000610060000000e0000200320066
:107fa000100020001100370011168000000420008e
:107fb000008060000000e0000b003a001116800015
:107fc00000202000008060000000e0000600320079
:107fd00010168000620060000000e0000200320025
:107fe00010002000010037000000eb000080fa00c4
:107ff000000006000000fa00804580000000e0005c
:1080000005003a001000200080458800b228ef00eb
:1080100010002000604588000080fa000000060083
:108020000000fa00b311070010002000704588001e
:10803000100020004043880010002000d047880036
:1080400010002000204888001000200050438800c5
:1080500010002000304888001000200000488800f0
:1080600010002000e044880010002000e04288005a
:10807000504780000000e80050478800f04580002d
:108080000000e800f0458800504680000000e8004d
:1080900050468800904380000000e800904388002c
:1080a000b04880000000e800b0488800b148800077
:1080b00030062000808f5000010034001629ef00a8
:1080c000a04180000000e0000b003200b0418000c1
:1080d0000000e00008003400b04180000000e9002a
:1080e000b0418800b04180000000e00002003a008a
:1080f000e20c07003428ef000080fa0000000600c0
:108100000000fa001f1107001000200050488800ee
:1081100010002000b04688000080fa000000060031
:108120000000fa002b120700030007000b000700f5
:108130000080fa00000006000000fa00f14580000f
:10814000f04a8000808f5000020035005c29ef006b
:10815000be28ef000080fa00000006000000fa00d0
:1081600051468000c0488000808f500003003500d9
:108170001000200040468800ca28ef0040468000da
:10818000e10f500003003a00ed02a900ec02a80044
:1081900002003700ed02a800ec02a900d116800011
:1081a00000002200008060000000e00002003200b9
:1081b000c828ef00ca28ef000080fa00000006007f
:1081c0000000fa0051478000604b8000808f500013
:1081d00003003500ea28ef00c482a800d442a800ba
:1081e0000080fa00000006000000fa0010002000e5
:1081f000a041880020032000b04188000080fa00e0
:10820000000006000a00fa0040079800ce00900027
:10821000811f7800907d2b00801f78000e00780071
:1082200041e80700e48757000e007800c7fd07000b
:108230000080fa00000006002000fa00700f98008d
:1082400000c4290001002000e9120700e17d2b0095
:108250007e08900053e807000000e00008003a00a4
:1082600010002000b04088001828ef00c422a800a9
:10827000c402a900107e2b00b4fd0700ce01370018
:10828000517f2b007e08900046e807000000e000c8
:1082900008003a0010002000c04088001628ef00b7
:1082a000c402a800c422a900807f2b00a7fd0700fc
:1082b000c1013700c1802b007e08900039e807001b
:1082c0000000e00007003a001628ef001828ef0031
:1082d000c422a900c402a900f0802b009bfd070066
:1082e000b501370051822b007e0890002de8070071
:1082f0000000e00009003a001628ef001828ef00ff
:10830000c422a900c402a9001000200080448800f3
:10831000f0802b008dfd0700a701370081822b0024
:108320007e0890001fe807000000e000a201320074
:10833000e1822b007e0890001ae807000000e000b0
:1083400005003a00c048800073fd070010832b0031
:108350007efd07009801370041832b007e089000c6
:1083600010e807000000e00005003a00d048800057
:1083700069fd070010832b0074fd07008e01370094
:1083800071832b007e08900006e807000000e000e3
:1083900005003a0060ac20006cfd070010832b0044
:1083a0006afd070084013700a1832b007e0890003e
:1083b000fce707000000e00005003a0060ac200088
:1083c00062fd070010832b0060fd07007a01370073
:1083d00011842b007e089000f2e707000000e00007
:1083e00008003a00004080000000e00005003a006c
:1083f000100020000040880060842b0053fd07001f
:108400006d013700a1852b007e089000e5e707008d
:108410000000e00007003a0000408000e10f50003b
:1084200004003a000028ef00f0852b0047fd07000c
:10843000610137003200200011872b007e08900078
:10844000e3e707000000e00026003a007e08900005
:108450006300400022002000800078000e007800b9
:10846000f0e707000040eb002047980050872b0002
:1084700036fd07007e08900034fd070010832b00b6
:1084800032fd070064004700801f780050882b00f1
:10849000801f78007e089000b0e70700e48757004f
:1084a000e10f50000c003a002e009000cf80de005b
:1084b0002041880031418800c0882b0023fd07003f
:1084c00020418000314180000000780012fd07004b
:1084d00045ff070038013700d0892b001bfd07003e
:1084e0003501370032002000518b2b007e089000b0
:1084f000b7e707000000e0001f003a007e08900088
:10850000e30040006600470022002000c5e70700a6
:108510000040eb00004f98006a004700801f780081
:10852000908b2b00801f78007e0890008be707005f
:10853000e4875700e10f50000c003a005e00900005
:10854000cf80de004041880051418800008c2b0024
:10855000fefc07004041800051418000000078008f
:10856000edfc070020ff070013013700408d2b00b2
:10857000f6fc07001001370032002000e18e2b00ce
:108580007e08900092e707000000e0001f003a001c
:108590007e089000e30040006c00470022002000ad
:1085a000a0e707000040eb00604f98007000470014
:1085b000801f7800208f2b00801f78007e0890009d
:1085c00066e70700e4875700e10f50000c003a000f
:1085d0000e089000cf80de00604188007141880065
:1085e000908f2b00d9fc0700604180007141800012
:1085f00000007800c8fc0700fbfe0700ee00370013
:10860000c0902b00d1fc0700eb00370032002000a7
:1086100051922b007e0890006de707000000e000fb
:108620001f003a007e089000e300400072004700ff
:10863000220020007be707000040eb004057980035
:1086400076004700801f780090922b00801f7800f2
:108650007e08900041e70700e4875700e10f5000d3
:108660000c003a003e089000cf80de008041880078
:108670009141880000932b00b4fc070080418000ea
:108680009141800000007800a3fc0700d6fe07009f
:10869000c900370040942b00acfc0700c60037002f
:1086a00032002000e1952b007e08900048e707008b
:1086b0000000e0001f003a007e089000e300400048
:1086c000780047002200200056e707000040eb003a
:1086d000205f98007c004700801f780020962b00c8
:1086e000801f78007e0890001ce70700e487570091
:1086f000e10f50000c003a006e089000cf80de00c1
:10870000e0488800f148880090962b008ffc070015
:10871000e0488000f1488000000078007efc0700ff
:10872000b1fe0700a4003700e0972b0087fc07008c
:10873000a1003700d1992b007e08900019e70700af
:108740000000e0000e003a00804580000000e000dc
:1087500008003200809a2b007cfc070090458000c6
:108760007e0010006cfc0700909b2b0077fc07003c
:1087700091003700d09c2b0074fc07008e0037005e
:10878000c19d2b007e08900006e707000000e00076
:1087900004003a00390b07003428ef003628ef00b8
:1087a00085003700119e2b007e089000fde6070033
:1087b0000000e00007003a00010c07002f0b070043
:1087c0003428ef003628ef00a09e2b005ffc070046
:1087d0007900370061a02b007e089000f1e60700c9
:1087e0000000e00074003a00d0a02b0057fc070006
:1087f00010872b0055fc070020418000314180008c
:10880000000078007ffe070010832b004ffc07005c
:10881000508b2b004dfc07004041800051418000ef
:108820000000780077fe070010832b0047fc07004c
:10883000e08e2b0045fc0700604180007141800004
:10884000000078006ffe070010832b003ffc07003c
:1088500050922b003dfc0700804180009141800038
:108860000000780067fe070010832b0037fc07002c
:10887000e0a12b0035fc0700e0488000f1488000b3
:108880000000780024fc070010832b002ffc070059
:1088900070a22b002dfc07000049800011498000c8
:1088a000000078001cfc070010832b0027fc070049
:1088b00000a32b0025fc07002049800016fc0700c0
:1088c00010832b0021fc070090a32b001ffc070046
:1088d0003049800041498000000078000efc07000c
:1088e00010832b0019fc070020a42b0017fc0700a5
:1088f0000041800008fc070010832b0013fc0700d8
:10890000b0a42b0011fc07001041800002fc0700fe
:1089100010832b000dfc070040a52b000bfc07006b
:10892000504980006149800000007800fafb070090
:1089300010832b0005fc0700d0a52b0003fc0700cb
:10894000704980008149800000007800f2fb070038
:1089500010832b00fdfb070060a62b00fbfb07002c
:1089600090498000a149800000007800eafb0700e0
:1089700010832b00f5fb0700f0a62b00f3fb07008c
:10898000b0498000c149800000007800e2fb070088
:1089900010832b00edfb070080a72b00ebfb0700eb
:1089a000a0418000dcfb070010832b00e7fb0700e1
:1089b00010a82b00e5fb07000080fa00000006006d
:1089c0000000fa0011168000000220000080600004
:1089d0000000e00003003a00d0448000e10f5000a6
:1089e00002003a0010002000010037000000eb00f8
:1089f0000080fa00000006001200fa00881f7800cc
:108a0000dc10070000a8210061002000f81007001a
:108a10002b0507007a07070000a82100610020004d
:108a2000f3100700390f0700dc0e07007f0e070068
:108a3000920f07006c0f07000f0f0700b20e070020
:108a4000c50f070066fb0700a0fa2300a60e07006b
:108a5000230c07003e0c0700e0488000f14880002e
:108a600000007800540c0700001020004c0c070098
:108a700000482800e1012000dd10070016fc070077
:108a8000c402a900c422a900c482a800d442a8003c
:108a9000d482a900dd22a800dcc2a900cde2a80092
:108aa000e4e2a800e4c2a800ec02a800ec22a800be
:108ab000ec42a800ec62a800ec82a900eca2a9009c
:108ac000ecc2a900ece2a900ed02a800ed82a8002a
:108ad000f4e2a800f5c2a900f5e2a90000482800c8
:108ae000e1012000c2100700103a80000001780068
:108af0000260a100600420007105200023742000a2
:108b000080497800814978008249780011368000d8
:108b100000fc2f00008060003000b3001036880099
:108b20002135800000fc2f00008060003000b30081
:108b300020358800103a8000000178000260a00013
:108b40006004200071052000237420008049780013
:108b50008149780082497800f0a82b007bfb070050
:108b6000ae0a0700204180003141800000007800fb
:108b70004400dd00000178008000eb0020c0b3005d
:108b8000e8fb070040418000514180000000780070
:108b90004400dd00000178008000eb0010c0b3004d
:108ba000e0fb070060418000714180000000780018
:108bb0004400dd00000178008000eb000040eb0085
:108bc000d8fb0700804180009141800000007800c0
:108bd0004400dd00000178008000eb0030c0b300ed
:108be000d0fb0700204180003141800030408800e8
:108bf0004140880040418000514180007040880021
:108c000081408800604180007141800050408800b0
:108c10006140880080418000914180009040880040
:108c2000a1408800c0a92b0048fb0700a00020003d
:108c3000e10b07000080eb00000f7800e0488000a7
:108c4000f148800000007800904a88000100370059
:108c5000000000003240800043408000204180003e
:108c600031418000800f5100818f59000e00320089
:108c70002041800031418000304088004140880020
:108c8000b0aa2b0031fb070030408000414080003b
:108c9000000078004400dd00000178008000eb0057
:108ca00020c0b3009ffb070072408000834080001b
:108cb0004041800051418000800f5100818f590058
:108cc0000e00320040418000514180007040880019
:108cd0008140880090ab2b001cfb07007040800097
:108ce00081408000000078004400dd000001780031
:108cf0008000eb0010c0b3008afb070052408000e8
:108d0000634080006041800071418000800f51000d
:108d1000818f59000e003200604180007141800057
:108d2000504088006140880090ac2b0007fb070092
:108d30005040800061408000000078004400dd0069
:108d4000000178008000eb000040eb0075fb07009d
:108d500092408000a34080008041800091418000cb
:108d6000800f5100818f59000e0032008041800039
:108d70009141800090408800a140880080ad2b0088
:108d8000f2fa070090408000a140800000007800c7
:108d90004400dd00000178008000eb0030c0b3002b
:108da00060fb0700300707000004e00023003200ea
:108db00002070700004f98000e489000ea4f50004d
:108dc000030032000e489000ed4f50000d003a00b5
:108dd00005c8bf000080fb00e1b520000041eb00aa
:108de00082707800e0b52000d8fa070010832b00cd
:108df000d6fa0700e0b520000ffd07000568ef0078
:108e00000e0037005180200091407800e0c3b3008d
:108e100080cf500008003e0005c8bf008080fb00e6
:108e2000e2b520008e49900003f178000040e80090
:108e300005e8b700010037000568ef001116800053
:108e400000042000008060000000e00019003a00eb
:108e50001116800000202000008060000000e0006b
:108e6000140032000000eb00100798001e0078008c
:108e70000000e000030032005efc0700100020004c
:108e8000d044880081ae2b0070b2200045e5070079
:108e90000000e000550032006200200081ae2b008f
:108ea00070b2200038e5070010002000b0478800ad
:108eb0004e00370011168000002020000080600066
:108ec0000000e00019003a001116800000042000a4
:108ed000008060000000e00014003200100020005c
:108ee000100798001e007800e10f500003003200c8
:108ef00040fc070010002000d0448800e1ae2b00a9
:108f000070b2200027e507000000e00037003200c3
:108f100062002000e1ae2b0070b220001ae50700cd
:108f200010002000b0478800300037001116800084
:108f300000202000008060000000e00014003200eb
:108f40001116800000042000008060000000e00096
:108f50000f00320020002000100798009a28ef0030
:108f600041af2b0070b220000ee507000000e000ca
:108f70001e0032006200200041af2b0070b22000c2
:108f800001e5070010002000b047880017003700f7
:108f90001116800000202000008060000000e0002a
:108fa00012003a00111680000004200000806000ca
:108fb0000000e0000d003a0030002000100798008b
:108fc000a1af2b0070b22000f6e407000000e00023
:108fd0000600320062002000a1af2b0070b220001a
:108fe000e9e4070010002000b04788001116800057
:108ff00000042000008060000000e0000500320056
:109000001116800000202000008060000000e000b9
:10901000ff003a00d0418000e20f5000860032008d
:10902000e20f500005003e000000e00008003200a2
:10903000e10f50002b003200ff003700e30f50001b
:10904000a5003200e40f5000ed003200fa003700b6
:10905000d04480000000e00008003a005116800073
:1090600000002200008060000000e0001c003a00c8
:10907000804480000000e00019003200cde2a90029
:10908000ecc2a90010002000d04188009228ef0017
:109090009428ef009628ef00e0488000f148800017
:1090a00000007800c40a07009a28ef00f5c2a80063
:1090b000f5e2a90001b02b00b0b12000b9e407002f
:1090c0000000e000060032006200200001b02b002a
:1090d000b0b12000ace407001000200090478800e9
:1090e000ca003700504380000000e0002400320036
:1090f0006a28ef00b04480000000e800b044880017
:10910000e0488000f148800000007800aa0a0700cb
:10911000b1448000a04a8000808f500018003500c4
:1091200091448000904a8000808f500013003c00e2
:1091300091448000b04a8000008040009044880044
:1091400091448000904a8000808f500002003500da
:10915000904a80009044880091448000400620009e
:109160000088b90080007800f0ff2000000178003e
:10917000110009008200d800500798009628ef00df
:109180005116800000002100008060000000e00017
:1091900028003a0060b02b00ecf9070093448000ef
:1091a000230798000d0037002e0090000000e0001b
:1091b00002003d000000eb00200798002e00900008
:1091c0007d0a070000c4290001002000080f0700e5
:1091d0002e0090004006b100200798002e0090005d
:1091e0000000e000f0ff3d00ecc2a8000000eb0032
:1091f000710a070020002000d04188009a28ef0063
:109200009028ef0091b22b00b0b1200065e4070078
:109210000000e000060032006200200091b22b0046
:10922000b0b1200058e407001000200090478800eb
:10923000f5c2a90075003700204980000000e00059
:1092400003003200104580000000e00006003a00f4
:10925000704480000000e00003003a008044800079
:109260000000e0001b003200f0b22b00b7f907004d
:10927000cde2a900ecc2a80030002000d041880057
:109280009228ef009428ef009628ef00e048800035
:10929000f148800000007800470a0700f5c2a900e5
:1092a000f5e2a800a228ef0011b52b00b0b1200014
:1092b0003ce407000000e0000600320062002000ed
:1092c00011b52b00b0b120002fe4070010002000e2
:1092d000904788004d003700504380000000e000b8
:1092e0001b0032006a28ef00b04480000000e80054
:1092f000b0448800b1448000a04a8000808f5000b4
:109300001300350091448000904a8000808f500007
:109310000e003d0091448000b04a80000080400073
:109320009044880091448000904a8000808f5000d3
:1093300002003400904a800090448800e048800099
:10934000f1488000000078001b0a07009628ef0013
:109350005116800000002200008060000000e00044
:1093600026003a0070b52b0078f90700e04880002d
:10937000f1488000300798000d0037003e00900053
:109380000000e00002003d000000eb003007980004
:109390003e009000080a070000c4290001002000d8
:1093a000930e07003e0090004006b1003007980081
:1093b0003e0090000000e000f0ff3d000000eb00e8
:1093c000fd0907009028ef0040002000d0418800f0
:1093d000c1b72b00b0b12000f2e307000000e000ad
:1093e0000600320062002000c1b72b00b0b120009f
:1093f000e5e30700100020009047880003003700d5
:109400003a28ef009a28ef00000000000a00370019
:10941000cde2a8000000eb00e70907008a28ef0072
:109420008228ef006028ef003a28ef009a28ef002a
:109430009e28ef00a028ef009e009000010f78000a
:109440001116800000042000008060000000e00091
:1094500006003a0090168000700060000000e000f6
:1094600002003a0010002000010037000000eb006d
:10947000e10f50000e003200111680000020200085
:10948000008060000000e00006003a0090168000b6
:10949000700060000000e00002003a0010002000b0
:1094a000010037000000eb00e10f500012003a000d
:1094b000d0418000e40f500003003200d041800012
:1094c0000000e00010003a00a6fa07000000e000eb
:1094d00007003200c04580000000e0000c003a00a8
:1094e00010002000c0458800c2fa070009003700bc
:1094f000b828ef0007003700b628ef00b428ef00c7
:10950000b828ef000300370000000000010037001a
:1095100000000000804580000000e0000d003200e7
:10952000704580000000e0000a003200ae28ef0025
:10953000904580000000e80090458800904580003c
:10954000fd0f500003003400b028ef00ac28ef00fe
:10955000b228ef00804580000000e00003003200e8
:10956000ec82a800ec62a80002003700ec82a9009f
:10957000ec62a900d0418000e20f500015003a00d3
:10958000204980000000e0001200320040438000cb
:109590000000e000130032006828ef002045800042
:1095a0000000e80020458800204580006101b900e6
:1095b0000049800011498000800f5100818f5900bf
:1095c000070039001000200010458800a428ef0093
:1095d00004003700a428ef00a228ef0001003700a4
:1095e000000000006000200081f807002042880091
:1095f00020428000cf80de00ecdd0700020020006a
:10960000e3332400dedf070002002f00f3572400bd
:10961000fcde07006007980071079800d0498000c1
:10962000e1498000d2cc2c00c3e4230007de070010
:1096300018c0b3006e019000fe019000bedd07006f
:109640000000e00001003c000044eb000804e000e2
:109650000e003a00d0498000e1498000d2cc2c00b5
:10966000c3e4230002de070018c0b3006e019000bf
:10967000fe019000aedd07000000e00001003500b3
:109680000044eb000804e000040032006e0190008a
:10969000fe019000d2498800e34988006000200064
:1096a00053f80700e0418800d11680000000240034
:1096b000008060000000e00001003a00ec28ef00ac
:1096c000d116800000002400008060000000e0004f
:1096d0000200320010002000604788001017800050
:1096e000610060000000e00005003a0011178000f2
:1096f00000102000008060000000e0000200320046
:1097000010002000010037000000eb00000f98005f
:1097100080428000e10f50000d003200e10f500048
:1097200003003900e20f5000150032002c00370012
:109730005428ef00f4e2a8000e0890000000e000ba
:1097400022003200100020008042880024003700f0
:109750005428ef00f4e2a8000e0890000000e0009a
:109760001c003a0020002000804288005228ef00b0
:1097700010002000a0428800f4e2a9001800370081
:1097800010002000a0428800f4e2a900d047800029
:10979000e10f500004003a00fa28ef0090428000e8
:1097a0000000e8009042880091428000104a80004a
:1097b000808f5000090035005028ef005228ef003c
:1097c0005428ef00f4e2a800050037000000000074
:1097d0000300370000000000010037000000000017
:1097e000a04280000000e00002003200ec42a8002d
:1097f00001003700ec42a900dd22a800d442a800f5
:10980000c482a80010178000620060000000e00021
:1098100001003200ece2a800101780006200600036
:109820000000e00001003a00ece2a900d016800040
:10983000d0168000511780000000220000806000d8
:109840000000e00015003200111680000004200026
:10985000008060000000e00010003200111680005f
:1098600000202000008060000000e0000b003200bb
:1098700021b82b00d0b22000cae207000000e000af
:10988000060032006200200021b82b00d0b2200078
:10989000bde2070010002000c0478800511780007b
:1098a00000002200008060000000e0001200320092
:1098b0001116800000042000008060000000e0001d
:1098c0000d003a00ec22a900e4e2a80081b82b00c8
:1098d000d0b22000b3e207000000e0000600320032
:1098e0006200200081b82b00d0b22000a6e2070061
:1098f00010002000c047880051178000000022009f
:10990000008060000000e0001700320011168000a7
:1099100000202000008060000000e00012003a00fb
:1099200090168000680060000000e0000e003a0021
:109930001000200020478800e4c2a800e1b82b00f6
:10994000d0b2200097e207000000e00006003200dd
:1099500062002000e1b82b00d0b220008ae20700ac
:1099600010002000c047880051178000000022002e
:10997000008060000000e0000f003a00e428ef00e3
:10998000e628ef00e4c2a900e4e2a90041b92b00f7
:10999000d0b2200083e207000000e00006003200a1
:1099a0006200200041b92b00d0b2200076e207000f
:1099b00010002000c0478800c04680000000e00082
:1099c00007003a00111680000004200000806000ab
:1099d0000000e00002003a001000200080468800ed
:1099e00080468000e10f500011003a00c402a80038
:1099f000b0468000e10f50000e003a009046800013
:109a00000000e80090468800d628ef0091468000cc
:109a1000304b8000808f5000060035001000200081
:109a2000c0468800d228ef00d028ef0001003700a0
:109a3000c422a900104780000000e00007003a009f
:109a40001116800000202000008060000000e0006f
:109a500002003a0010002000e0468800e046800046
:109a6000e10f500011003a00c402a80050488000e5
:109a7000e10f50000e003a00f04680000000e800c0
:109a8000f04688000a29ef00f1468000504b800024
:109a9000808f500006003500de28ef00dc28ef0044
:109aa000100020001047880001003700c402a90000
:109ab0001116800000202000008060000000e000ff
:109ac00001003200e228ef00040b0700e10f500014
:109ad00001003a0052f90700a40a0700e10f500004
:109ae00001003a0086f9070051468000c048800016
:109af000808f500003003500100020004046880091
:109b0000ca28ef0040468000e10f500002003a00f2
:109b1000ed02a900ec02a800404680000000e00031
:109b200002003a00ed02a800ec02a900d116800064
:109b300000002200008060000000e000020032000f
:109b4000c828ef00ca28ef00901680006800600067
:109b50000000e00003003200d482a800e4e2a90083
:109b600002003700d482a900e4e2a80090478000f8
:109b7000e10f500005003a00b0b1200073f7070074
:109b800010832b0071f70700f228ef00a047800038
:109b9000e10f500005003a0010b220006bf70700fb
:109ba00010832b0069f70700f428ef00b04780000e
:109bb000e10f500005003a0070b2200063f7070083
:109bc00010832b0061f70700f628ef00c0478000e4
:109bd000e10f50001efc3a00d0b220005bf70700f6
:109be00010832b0059f70700f828ef0019fc370005
:020000040000fa
:109bf0000000fa00ffff37000000fa00ffff370007
:109c00001600fa00881f78006000b8006011b800e4
:109c100030079800410798005207980063079800a2
:109c20006000b8006011b80070079800010f98003c
:109c3000120f9800230f9800040025000510200043
:109c40000400be00d1080700008fbe0050052000b0
:109c5000a10a20003c0807001e00be005f080700a4
:109c6000404798004e4090000004a2000004e0002d
:109c700001003200deff0700302322001101200026
:109c800030079800410798006056250041042000e5
:109c900050079800610798003e009000ce009000a9
:109ca0000001be001e00be005f080700404798008c
:109cb0004e4090000084fb005e009000ee0090009b
:109cc00022002000030020003e024100ae82490035
:109cd0000001be000400be00530807000080fb0026
:109ce0000000640000f0a7000000ea000000ea00a5
:109cf0004f00de00404798004e4090000004a20054
:109d00000004e00001003200b9ff0700130807005b
:109d10001e00be002508070070079800010f98007c
:109d200022002000030020003e004100ae804900d8
:109d30001e080700100f9800210f98003e019000a8
:109d4000ce0190007e0090008e089000800f5100a0
:109d5000818f590007003a005e019000ee019000eb
:109d60001e089000ae089000800f5100818f5900ae
:109d700001003200a0ff07004f0478000080fa00c5
:109d8000000006000e00fa0000002500011020006f
:109d90007e08070020079800310798005005200032
:109da000a10a2000e80707002e009000be009000e6
:109db0000a080700004f98000e4890000004a20017
:109dc0000004e0000100320089ff07006000b800d5
:109dd000008fbe00110037002e009000be009000e2
:109de0003e014000ae8148000200be001e01be00e0
:109df0000d080700004f98000e4890000004a200d4
:109e00000004e0000100320079ff0700220020007a
:109e1000030020001e0f41005e974900f03f200024
:109e2000010020001e01be00800f5100818f5900eb
:109e3000e9ff3600c90707006000b800008fbe00c8
:109e4000120037002e009000be0090003e0140003e
:109e5000ae8148000200be00d407070050079800fa
:109e6000610798005e009000ee009000be0f500069
:109e7000ae8f5800010032005fff07002200200073
:109e8000030020001e0f41005e974900f03f2000b4
:109e9000010020001e01be00800f5100818f59007b
:109ea000e8ff36000080fa00000006000000fa001b
:109eb00053ff0700b3ff07000080fa000000060010
:020000040000fa
:109ec0000000fa0040002800001a880080432000ab
:109ed000101a880010002000201a88004823ef0084
:109ee00000f22700701a8800403f2000801a880086
:109ef0005223ef005423ef005623ef005823ef00c6
:109f00006023ef006223ef006423ef00de24ef0004
:109f100020f924000600070095a0a8000080fa00a0
:109f2000000006000000fa000080fa0000000600b1
:109f30000200fa00000f78001e007800404c8800f4
:109f40000080fa00000006000000fa004023a8008c
:109f50000080fa00000006000000fa004023a9007b
:109f60000080fa00000006000800fa0030079800a0
:109f7000101a80004200de007f4060000080fb007d
:109f80002007980000302000100798000000eb0028
:109f9000000f78000b0037001e0078000000400022
:109fa000be009000008040009e009000910078006c
:109fb000010878001e0090000080e800100798005b
:109fc0001e0fe8009e0078002e009000808f500049
:109fd000f1ff36001e0078000080fa000000060045
:020000040000fa
:109fe000809fbe00ec80570031007800f04b880065
:109ff0001100780080e9b7004f00be0000000600a5
:020000040000fa
:10a000000000000000000000000000000000000050
:10a010000000000000000000000000000000000040
:10a020000000000000000000000000000000000030
:10a030000000000000000000000000000000000020
:10a040000000000000000000000000000000000010
:10a050000000000000000000000000000000000000
:10a0600000000000000000000000000000000000f0
:10a0700000000000000000000000000000000000e0
:10a0800000000000000000000000000000000000d0
:10a0900000000000000000000000000000000000c0
:10a0a00000000000000000000000000000000000b0
:10a0b00000000000000000000000000000000000a0
:10a0c0000000000000000000000000000000000090
:10a0d0000000000000000000000000000000000080
:10a0e0000000000000000000000000000000000070
:10a0f0000000000000000000000000000000000060
:10a10000000000000000000000000000000000004f
:10a11000000000000000000000000000000000003f
:10a12000000000000000000000000000000000002f
:10a13000000000000000000000000000000000001f
:10a14000000000000000000000000000000000000f
:10a1500000000000000000000000000000000000ff
:10a1600000000000000000000000000000000000ef
:10a1700000000000000000000000000000000000df
:10a1800000000000000000000000000000000000cf
:10a1900000000000000000000000000000000000bf
:10a1a00000000000000000000000000000000000af
:10a1b000000000000000000000000000000000009f
:10a1c000000000000000000000000000000000008f
:10a1d000000000000000000000000000000000007f
:10a1e000000000000000000000000000000000006f
:10a1f000000000000000000000000000000000005f
:10a20000000000000000000000000000000000004e
:10a21000000000000000000000000000000000003e
:10a22000000000000000000000000000000000002e
:10a23000000000000000000000000000000000001e
:10a24000000000000000000000000000000000000e
:10a2500000000000000000000000000000000000fe
:10a2600000000000000000000000000000000000ee
:10a2700000000000000000000000000000000000de
:10a2800000000000000000000000000000000000ce
:10a2900000000000000000000000000000000000be
:10a2a00000000000000000000000000000000000ae
:10a2b000000000000000000000000000000000009e
:10a2c000000000000000000000000000000000008e
:10a2d000000000000000000000000000000000007e
:10a2e000000000000000000000000000000000006e
:10a2f000000000000000000000000000000000005e
:10a30000000000000000000000000000000000004d
:10a31000000000000000000000000000000000003d
:10a32000000000000000000000000000000000002d
:10a33000000000000000000000000000000000001d
:10a34000000000000000000000000000000000000d
:10a3500000000000000000000000000000000000fd
:10a3600000000000000000000000000000000000ed
:10a3700000000000000000000000000000000000dd
:10a3800000000000000000000000000000000000cd
:10a3900000000000000000000000000000000000bd
:10a3a00000000000000000000000000000000000ad
:10a3b000000000000000000000000000000000009d
:10a3c000000000000000000000000000000000008d
:10a3d000000000000000000000000000000000007d
:10a3e000000000000000000000000000000000006d
:10a3f000000000000000000000000000000000005d
:10a40000000000000000000000000000000000004c
:10a41000000000000000000000000000000000003c
:10a42000000000000000000000000000000000002c
:10a43000000000000000000000000000000000001c
:10a44000000000000000000000000000000000000c
:10a4500000000000000000000000000000000000fc
:10a4600000000000000000000000000000000000ec
:10a4700000000000000000000000000000000000dc
:10a4800000000000000000000000000000000000cc
:10a4900000000000000000000000000000000000bc
:10a4a00000000000000000000000000000000000ac
:10a4b000000000000000000000000000000000009c
:10a4c000000000000000000000000000000000008c
:10a4d000000000000000000000000000000000007c
:10a4e000000000000000000000000000000000006c
:10a4f000000000000000000000000000000000005c
:10a50000000000000000000000000000000000004b
:10a51000000000000000000000000000000000003b
:10a52000000000000000000000000000000000002b
:10a53000000000000000000000000000000000001b
:10a54000000000000000000000000000000000000b
:10a5500000000000000000000000000000000000fb
:10a5600000000000000000000000000000000000eb
:10a5700000000000000000000000000000000000db
:10a5800000000000000000000000000000000000cb
:10a5900000000000000000000000000000000000bb
:10a5a00000000000000000000000000000000000ab
:10a5b000000000000000000000000000000000009b
:10a5c000000000000000000000000000000000008b
:10a5d000000000000000000000000000000000007b
:10a5e000000000000000000000000000000000006b
:10a5f000000000000000000000000000000000005b
:10a60000000000000000000000000000000000004a
:10a61000000000000000000000000000000000003a
:10a62000000000000000000000000000000000002a
:10a63000000000000000000000000000000000001a
:10a64000000000000000000000000000000000000a
:10a6500000000000000000000000000000000000fa
:10a6600000000000000000000000000000000000ea
:10a6700000000000000000000000000000000000da
:10a6800000000000000000000000000000000000ca
:10a6900000000000000000000000000000000000ba
:10a6a00000000000000000000000000000000000aa
:10a6b000000000000000000000000000000000009a
:10a6c000000000000000000000000000000000008a
:10a6d000000000000000000000000000000000007a
:10a6e000000000000000000000000000000000006a
:10a6f000000000000000000000000000000000005a
:10a700000000000000000000000000000000000049
:10a710000000000000000000000000000000000039
:10a720000000000000000000000000000000000029
:10a730000000000000000000000000000000000019
:10a740000000000000000000000000000000000009
:10a7500000000000000000000000000000000000f9
:10a7600000000000000000000000000000000000e9
:10a7700000000000000000000000000000000000d9
:10a7800000000000000000000000000000000000c9
:10a7900000000000000000000000000000000000b9
:10a7a00000000000000000000000000000000000a9
:10a7b0000000000000000000000000000000000099
:10a7c0000000000000000000000000000000000089
:10a7d0000000000000000000000000000000000079
:10a7e0000000000000000000000000000000000069
:10a7f0000000000000000000000000000000000059
:020000040000fa
:10a800000000fa009580a9009560a9008000200052
:10a81000001188002222ef009001200040118800e2
:10a8200040c52000b04b880040c52000a04b8800e8
:10a83000d0c52000904b8800d0c52000804b8800f8
:10a840007869ef0000442500070007000049250053
:10a850002d0007009560a80021e2a8002342a8006f
:10a860000080fa00000006000200fa00000f7800e5
:10a870001e007800d04b88000080fa00000006001f
:10a880000000fa00b14b8000a04b8000808f500088
:10a8900002003a009580a900190037008580a900c0
:10a8a00010003700b04b8000904078008180fb00a2
:10a8b000211188000000e800b04b8800b14b8000f7
:10a8c000d0c52000808f500002003a0040c5200013
:10a8d000b04b8800b14b8000a04b8000808f5000af
:10a8e000060032001111800000202000008060006e
:10a8f0000000e000ebff3200010037000000000024
:10a900000080fa00000006000200fa00000f780044
:10a910001e007800e04b88000080fa00000006006e
:10a920000000fa001e003700804b800031118000cb
:10a930008140780001487800814b800050c620009b
:10a94000808f500009003200804b80008000e800ba
:10a95000904b8000808f500004003200804b8000bc
:10a960000000e800804b88000d003700814b80001c
:10a9700050c62000808f500007003a00914b8000a5
:10a98000d0c52000808f500003003200d0c52000c9
:10a99000804b88000200370010c0b30078e9b70090
:10a9a00010118000610060000000e000deff3a004e
:10a9b0008560a9000080fa00000006000200fa008d
:10a9c0000040eb00004f780000000000914b800039
:10a9d000804b8000808f5000fcff3200904b800045
:10a9e000104f7800904b80000000e800904b8800ea
:10a9f000914b800060c62000808f500002003a001a
:10aa0000d0c52000904b88001e4078000080fa00de
:10aa1000000006000200fa00004f7800000000006d
:10aa20001c0007000004a2000004e000fcff3a0044
:10aa3000a04b80001e487800a04b80000000e8007a
:10aa4000a04b8800a14b8000d0c52000808f500013
:10aa500002003a0040c52000a04b88009580a80065
:10aa60000080fa00000006000000fa00914b800010
:10aa7000804b80000080680000f0a7000000ea0022
:10aa80000000ea004f00de00004078000080fa007d
:10aa9000000006000400fa00b14b80001107980086
:10aaa000a14b80001e009000808f500006003100f6
:10aab0009e009000a04b8000008050000000e90044
:10aac000000f7800050037009e009000a04b80002a
:10aad0000080500068004000000f78001e007800e1
:10aae00000f0a7000000ea000000ea004f00de00ce
:10aaf000004078000080fa00000006000000fa0024
:10ab0000a14b8000b04b8000808f500009003a00bc
:10ab100011118000001020000080600000f0a700ec
:10ab20000000ea000000ea004f00de00004078006c
:10ab3000010037000040eb000080fa000000060032
:10ab40000400fa00814b800011079800904b8000b0
:10ab50009e009000808f5000060031009e00900003
:10ab6000904b80000080500069004000000f78008a
:10ab7000030037009e009000904b8000008f500033
:10ab8000f00f20009e007800808f500002003600f9
:10ab900000c0eb00020037001e0078000040780083
:10aba0000080fa00000006000000fa00e4ff070041
:10abb0000080fa00000006000400fa00b14b80009b
:10abc00011079800a14b80001e009000808f50005c
:10abd000060031009e009000a04b800000805000d5
:10abe0000000e900000f7800050037009e0090008b
:10abf000a04b80000080500068004000000f7800eb
:10ac0000f00f20009e007800808f50000200360078
:10ac100000c0eb00020037001e0078000040780002
:10ac20000080fa00000006000000fa00e2ff0700c2
:10ac30000080fa00000006000000fa00afff0700e5
:10ac40000080fa00000006000800fa0020079800c3
:10ac500031079800baff07000080fb00000f780062
:10ac60003e0090009e0f500002003100be00900098
:10ac7000010f78000000eb00100798000900370072
:10ac80004eff0700ae009000804878002e00900034
:10ac90000000e800200798001e0090000000e80077
:10aca000100798001e0090009e0f5000f4ff39001e
:10acb0001e0078000080fa00000006000800fa007c
:10acc0002007980031079800bbff07000080fb00b9
:10acd000000f78003e0090009e0f500002003100ef
:10ace000be009000010f78000000eb0010079800f4
:10acf000090037002e00900010407800ae00900050
:10ad00008100e8002107980042ff07001e00900024
:10ad10000000e800100798001e0090009e0f5000f1
:10ad2000f4ff39001e0078000080fa0000000600e1
:10ad30000400fa000000eb00000f780080ff07001d
:10ad4000204798009cff0700304798002e40900055
:10ad50000080fb000000e00003003200e90f50001b
:10ad600003003200040037001e20a000040037005a
:10ad70001e00a000020037001e10a000000000000e
:10ad80003e4090000080fb000000e0000300320025
:10ad9000e90f500003003200040037001e30a0000d
:10ada000020037001e40a000000000001e007800d6
:10adb0000080fa00000006000400fa001007980066
:10adc000914b80001e009000008f40000200370071
:10add0009e007800698f500060c620009e007800b9
:10ade000808f5000faff3e001e007800104078006f
:10adf0000080fa00000006000000fa0050ff070083
:10ae00000080fb000000e9004f00de0000407800f9
:10ae10000080fa00000006000000fa0066ff07004c
:10ae20000080fb000000e9004f00de0000407800d9
:10ae30000080fa00000006000000fa0010118000f7
:08ae40000080fa00000006008a
:020000040000fa
:10ae4800660c00000400000082000000ffffff0005
:10ae5800ff000000160c0000200000008000000029
:10ae6800820900000200000082000000ffff0000cd
:10ae78007e09000004000000800000006e0c000045
:10ae880002000000800000008409000002000000a9
:10ae98008000000086090000020000008000000019
:10aea8008809000002000000800000008a090000f4
:10aeb80002000000800000008c0900000200000071
:10aec80080000000700c00000200000080000000fc
:10aed8008e0900000200000080000000720c0000d3
:10aee800020000008000000090090000020000003d
:10aef80080000000540c00001200000080000000d8
:10af0800700900000e00000080000000740c0000b2
:10af1800020000008000000092090000020000000a
:10af280080000000a00a0000b600000082000000b7
:10af3800303030003030300030303000304943009d
:10af48006c6173007300000031322f00322f320021
:10af580036000000000000000000000000000000b3
:10af680000004500433137005f30300031345f0066
:10af780030333900000000000000000000303000cd
:10af88003030300030303000303030003030300079
:10af98003030300030303000303030003030570042
:10afa80065737300657820004c696600742063003f
:10afb8006f204c007464000000626c00616e6b00ce
:10afc8000000000000000000000000000000000079
:10afd800000000005354200030300000535420007b
:10afe800303000005354200030300000535420000b
:10aff80030300000524543004549560045440000a2
:10b008000000000000000000000000000000000038
:10b018000000000000000000000000000000000028
:10b0280000000000560b00004800000080000000ef
:10b038001809000058000000820000005a002c0087
:10b04800017f0000000064000000000001002c00e7
:10b05800010000005a000000000500000000050083
:10b06800000000002c01000000000000dc4100008e
:10b0780000dc41001e001400000100000100640013
:10b08800002800009600ff00007f000002000a0070
:10b09800002c01006400010000b80b000100d00082
:10b0a8000701000019000100000400000a001e004a
:10b0b80000000000000800001801000080000000e7
:10b0c800940900000200000080000000360c000017
:10b0d8001e00000082000000286e69006c29000034
:10b0e80025006800076c09004c836a009074a00072
:10b0f8007ac000008068880000846c0082008100ab
:10b10800760c000002000000800000009609000094
:10b118000a01000082000000000102000407030089
:10b1280006050000ffffff00ffffff00ffffff0015
:10b13800ffffff00ffffff00ffffff00ffffff0013
:10b14800ffffff00ffffff00ffffff00ffffff0003
:10b15800ffffff00ffffff00ffffff00ffffff00f3
:10b16800ffffff00ff0001000203040005060700bf
:10b178000809ff00ffffff00ffffff000a0b0c009c
:10b188000d0e0f00101112001314150016171800d9
:10b19800191a1b001c1d1e001f2021002223ff005e
:10b1a800ffffff00ffff0a000b0c0d000e0f100041
:10b1b8001112130014151600171819001a1b1c0079
:10b1c8001d1e1f002021220023ffff00ffffff009c
:10b1d800ffffff00ffffff00ffffff00ffffff0073
:10b1e800ffffff00ffffff00ffffff00ffffff0063
:10b1f800ffffff00ffffff00ffffff00ffffff0053
:10b20800ffffff00ffffff00ffffff00ffffff0042
:10b21800ffffff00ffffff00ffffff00ffffff0032
:10b22800ffffff00ffffff00ffffff00ffffff0022
:10b23800ffffff00ffffff00ffffff00ffffff0012
:10b24800ffffff00ffffff00ffffff00ffffff0002
:10b25800ffffff00ffffff00ffffff00ffffff00f2
:10b26800ffffff00ffffff00ffffff00ffffff00e2
:10b27800ffffff00ffffff00ffff00009e0b000025
:10b288003c000000820000000100030000000000f4
:10b298000000000000000000000038002f0000003f
:10b2a8000000000000ae2e003c300000000000004e
:10b2b8000000000000000000000000000000000086
:10b2c8000000000000000000000000000000000076
:10b2d8000000000000000000780c000002000000e0
:10b2e80080000000da0b00003c0000008200000033
:10b2f8000100030000000000000000000000000042
:10b30800000038002f0000000000000000ae2e00f2
:10b318003c300000000000000000000000000000b9
:10b328000000000000000000000000000000000015
:10b338000000000000000000000000000000000005
:10b348006a0c000004000000800000007a0c000075
:10b358000200000082000000010000007c0c0000d8
:0cb3680002000000800000000000000057
:020000040000fa
:10b374000400fa00008fbe0020042400003b880073
:10b384001e00be004008de0000007800a002880015
:10b394001e0078008000eb000108bb000500fc00e3
:10b3a40050052000303b8800a00a2000303b880074
:10b3b40061e7a8000000fc0000000000013b8000e1
:10b3c40000002800008060000000e000fbff3a005d
:10b3d4000080fa00000006000600fa00008fbe009c
:10b3e4002207980030002400003b88001e00be00a5
:10b3f4004008de0000007800a00288001e007800eb
:10b40400ae0090000108bb001e0078008000eb0035
:10b414000188bb000500fc0050052000303b88007b
:10b42400a00a2000303b880061e7a8000000fc006f
:10b4340000000000013b8000000028000080600044
:10b444000000e000fbff3a000080fa000000060064
:10b454000400fa00008fbe001e00be004008de009b
:10b4640000007800a00288001e0078001000ba00d6
:10b474000080fa00000006000000fa0000402500e9
:10b4840011002000baff0700f2ee2b000040250057
:10b4940011002000d0ff07002041800031418000ce
:10b4a40000007800000178002040250011002000f1
:10b4b400c9ff07004041800051418000000078002e
:10b4c400000178004040250011002000c2ff070061
:10b4d4006041800071418000000078000001780024
:10b4e4006040250011002000bbff07008041800060
:10b4f4009141800000007800000178008040250020
:10b5040011002000b4ff0700e0488000f1488000eb
:10b514000000780000017800a04025001100200000
:10b52400adff070000498000114980000000780049
:10b5340000017800c040250011002000a6ff07008c
:10b544002049800000017800e0402500110020001f
:10b55400a1ff0700304980004149800000007800c5
:10b564000001780000412500110020009aff070027
:10b5740000418000000178002041250011002000d6
:10b5840095ff07001041800000017800404125002c
:10b594001100200090ff070050498000614980009d
:10b5a40000007800000178006041250011002000af
:10b5b40089ff0700704980008149800000007800fd
:10b5c40000017800804125001100200082ff07005f
:10b5d40090498000a14980000000780000017800b3
:10b5e400a0412500110020007bff0700b049800026
:10b5f400c14980000000780000017800c0412500a6
:10b604001100200074ff0700a0b92b00cef0070042
:10b614000080fa00000006000200fa000040250045
:10b62400110020008aff0700000f7800f0ee2b00c5
:10b634009e007800808f5000050032005f000700f4
:10b6440020bb2b00c0f007000040eb00590037007e
:10b6540020402500110020007dff07008000eb0042
:10b66400204188003141880040402500110020001d
:10b6740077ff07008000eb004041880051418800bb
:10b68400604025001100200071ff07008000eb00de
:10b69400604188007141880080402500110020002d
:10b6a4006bff07008000eb00804188009141880017
:10b6b400a04025001100200065ff07008000eb007a
:10b6c400e0488800f1488800c040250011002000af
:10b6d4005fff07008000eb000049880011498800e3
:10b6e400e04025001100200059ff07002049880090
:10b6f400004125001100200055ff07008000eb00e9
:10b70400304988004149880020412500110020006b
:10b714004fff070000418800404125001100200030
:10b724004bff0700104188006041250011002000f4
:10b7340047ff07008000eb005049880061498800fa
:10b74400804125001100200041ff07008000eb002c
:10b754007049880081498800a0412500110020001b
:10b764003bff07008000eb0090498800a149880056
:10b77400c04125001100200035ff07008000eb00c8
:10b78400b0498800c149880050498000614980005f
:10b7940000007800c048880030498000414980009a
:10b7a40000007800d048880050bd2b0066f00700e8
:10b7b40010c0b3000080fa00000006000000fa0088
:10b7c4002428ef002628ef002828ef002a28ef007d
:10b7d4002c28ef002e28ef003028ef003228ef004d
:10b7e400f007200001002000e0488800f1488800ac
:10b7f400c01220000100200000498800114988007f
:10b804002429ef00c01220000100200030498800e4
:10b81400414988002028ef002228ef00a0052000dd
:10b82400010020005049880061498800f000200090
:10b83400010020007049880081498800c00320006d
:10b844000100200090498800a1498800c01220000e
:10b8540001002000b0498800c1498800a0052000eb
:10b86400c0488800c0122000d04888000080fa0038
:04b8740000000600ca
:020000040000fa
:10b878000000fa0060c02100d00c8800f001200010
:10b88800e00c880000002800f00c8800000520006b
:10b89800000d8800d00c80000040780067406000f0
:10b8a8000080fb00504c88000080fa000000060071
:10b8b8000000fa000080fa00000006000000fa000c
:10b8c8002104800000042000008060000000e000e7
:10b8d80002003200f6ff070084c0a9000080fa00c9
:10b8e800000006000000fa00504c8000004078007c
:10b8f800674060000080fb0067006000d20c800099
:10b9080081ff2f008100610001007000d00c8800c9
:10b918000080fa00000006000000fa00d10c800048
:10b9280080ff2f0000806000d00c88000080fa00a3
:10b93800000006000200fa00000f78009e00780060
:10b94800f10c88000080fa00000006000200fa00ee
:10b95800000f78009e007800010d88000080fa0032
:10b96800000006000000fa00200480004600de0007
:10b97800614060000080fb0000f0a7000000ea00c2
:10b988000000ea004f00de00004078000080fa0066
:10b99800000006000400fa00100798001e0090003e
:10b9a800e10f50000f003200e10f50000300390092
:10b9b800e20f5000150032001e003700d00c800046
:10b9c8004400de00614060000080fb0000f0a7003a
:10b9d8000000ea000000ea004f00de00004f780097
:10b9e80014003700d00c80004500de006140600084
:10b9f8000080fb0000f0a7000000ea000000ea0059
:10ba08004f00de00004f78000a003700d00c80009d
:10ba18004600de00614060000080fb0000f0a700e7
:10ba28000000ea000000ea004f00de00004f780046
:10ba3800000000001e4078000080fa0000000600a8
:10ba48000200fa00000f78001e007800e10f500095
:10ba580007003200e10f500003003900e20f5000e8
:10ba680005003200060037009a81a900040037005b
:10ba78009aa1a900020037009ac1a900000000009d
:10ba88000080fa00000006000000fa009cc1a8002f
:10ba98000080fa00000006000000fa00e00c8000b8
:10baa8004600de00614060000080fb0000f0a70057
:10bab8000000ea000000ea004f00de0000407800c5
:10bac8000080fa00000006000000fa009cc1a900ee
:10bad8000080fa00000006000000fa00e0c0210023
:10bae800800c8800f0012000900c880000082000dd
:10baf800a00c8800f00f2000b00c8800800c80009b
:10bb080000407800674060000080fb00304c8800ef
:10bb18000080fa00000006000000fa000080fa0029
:10bb2800000006000000fa002004800064006000a5
:10bb38000000e00002003200f7ff07008440a9007f
:10bb48000080fa00000006000000fa00304c800077
:10bb580000407800674060000080fb0067006000dc
:10bb6800820c800081ff2f008100610001007000bd
:10bb7800800c88000080fa00000006000000fa002f
:10bb8800810c800080ff2f0000806000800c8800fe
:10bb98000080fa00000006000200fa00000f78009a
:10bba8009e007800a10c88000080fa0000000600c2
:10bbb8000200fa00000f78009e007800b10c88009f
:10bbc8000080fa00000006000000fa00200480004f
:10bbd8004200de00614060000080fb0000f0a7002a
:10bbe8000000ea000000ea004f00de000040780094
:10bbf8000080fa00000006000400fa001007980010
:10bc08001e009000e10f50000f003200e10f5000bd
:10bc180003003900e20f5000150032001e00370003
:10bc2800800c80004400de00614060000080fb0062
:10bc380000f0a7000000ea000000ea004f00de0064
:10bc4800004f780014003700800c80004500de00ab
:10bc5800614060000080fb0000f0a7000000ea00df
:10bc68000000ea004f00de00004f78000a003700ad
:10bc7800800c80004600de00614060000080fb0010
:10bc880000f0a7000000ea000000ea004f00de0014
:10bc9800004f7800000000001e4078000080fa0085
:10bca800000006000200fa00000f78001e0078006d
:10bcb800e10f500007003200e10f50000300390087
:10bcc800e20f500005003200060037009081a900fd
:10bcd8000400370090a1a9000200370090c1a90014
:10bce800000000000080fa00000006000000fa00d2
:10bcf80092c1a8000080fa00000006000000fa00c7
:10bd0800900c80004600de00614060000080fb006f
:10bd180000f0a7000000ea000000ea004f00de0083
:10bd2800004078000080fa00000006000000fa00d9
:0cbd380092c1a9000080fa000000060083
:020000040000fa
:10bd44000000fe0062c62000001978000109780096
:10bd5400000006000000fe000000eb008000eb0085
:10bd6400f8ff07006627ef00000006000000fe0051
:10bd7400801f7800811f780061c620000600fc0047
:10bd840031007800303b880011007800303b880097
:10bd940061e7a8000000000000000000cf00780068
:10bda4004f00780000000600a2028000a102880073
:10bdb4009080ba001000ba00a202880000000600b9
:10bdc400a2028000a10288001000ba00a20288002a
:10bdd400000006000000fe0061e7af00feff370030
:10bde400f23f2000000161000c003a00220424000c
:10bdf400023b8800a2028000a10288000008bb0068
:10be0400ba5e02000000000061e7af00feff3700e9
:10be1400a20288001000200061a7af0000002000eb
:10be24000000060061e7af00feff37000000a70036
:10be34000d003700a4028000a10288003100240014
:10be4400013b88000208bb000388bb00ba5e020005
:10be54000000000061e7af00feff3700a402880085
:10be64001000200061a7af000000200000000600c1
:10be740061e7af00feff37000000a7000e003700a7
:10be840033002400033b8800a3028000a102880041
:10be94000208bb00f20f20000288bb00ba5e020059
:10bea4000000000061e7af00feff3700a302880036
:10beb4001000200061a7af00000020000000060071
:10bec40061e7af00feff3700f307200080816100c7
:10bed40010003a0013002400033b8800a3028000f2
:10bee400a1028800040420003208bb003298bb0081
:10bef4001400b100fcff3a00ba5e0200000000002a
:10bf040061e7af00feff3700a302880010002000a5
:10bf140061a7af00000020000000060061e7af0049
:10bf2400feff3700f30720008081610011003a0012
:10bf340013002400033b8800a3028000a1028800b0
:10bf440004042000f10f20003208bb000198bb005c
:10bf54001400b100fcff3a00ba5e020000000000c9
:10bf640061e7af00feff3700a30288001000200045
:10bf740061a7af000000200000000600f23f20008f
:10bf8400000061000000060002c02f0000006100f4
:0cbf9400f2ff2f00810061000000060099
:020000040000fa
:10bfa0000400fa00008fbe0017e2a9001e00be00c8
:10bfb00000004000818048000001be000090200089
:10bfc000d103200091d30700000078000000e900b1
:10bfd000a010880017e2a80000a82100610020003e
:10bfe000830307000080fa00000006000000fa004a
:10bff0001602a80000000000b01080006100600080
:10c000000000e000fcff3a000080fa00000006009b
:10c010000000fa001642a80000000000b0108000e6
:10c02000640060000000e000fcff3a000080fa00bd
:10c03000000006000000fa001622a8000000000020
:10c04000b0108000620060000000e000fcff3a00d9
:10c050000080fa00000006000200fa00004f78009d
:10c060001e80fb009010880000000000c1108000be
:10c0700000002400008060000000e000fbff3a00a8
:10c08000c1108000000028000080600000f0a700c0
:10c090000000ea000000e9004f00de0000407800e8
:10c0a0000080fa00000006000400fa002047980013
:10c0b0001662a80000000000c0108000620060004e
:10c0c0000000e000fcff320000108000004f78000c
:10c0d0002e4090000004e000020032000040eb001f
:10c0e0000100370010c0b3000080fb006100600059
:10c0f0004500dd00b11080000150a100010070007a
:10c10000b01088001682a80000000000b010800067
:10c11000700060000000e000fcff3a001e40780064
:10c120000080fa00000006000400fa00008fbe0044
:10c1300007e2a9001e00be00000040008180480008
:10c140000001be0000902000d10320002fd3070083
:10c15000000078000000e9002010880007e2a80035
:10c1600000fa200001002000210307000080fa00ef
:10c17000000006000000fa000602a800000000000f
:10c1800030108000610060000000e000fcff3a0019
:10c190000080fa00000006000000fa000642a80035
:10c1a0000000000030108000640060000000e0002b
:10c1b000fcff3a000080fa00000006000000fa00d0
:10c1c0000622a8000000000030108000620060001d
:10c1d0000000e000fcff3a000080fa0000000600ca
:10c1e0000200fa00004f78001e80fb00101088004b
:10c1f000000000004110800000002400008060006a
:10c200000000e000fbff3a00411080000000280021
:10c210000080600000f0a7000000ea000000e900d4
:10c220004f00de00004078000080fa0000000600a9
:10c230000400fa00204798000662a80000000000f1
:10c2400040108000620060000000e000fcff32004f
:10c2500000108000004f78002e4090000004e000a5
:10c26000020032000040eb000100370010c0b300b4
:10c270000080fb00610060004500dd00311080009f
:10c280000150a10001007000301088000682a80053
:10c290000000000030108000700060000000e0002e
:10c2a000fcff3a001e4078000080fa000000060003
:10c2b0000000fa008003200020168800cc22ef0046
:10c2c00000002200a0168800a0d62000e0168800fa
:10c2d000e422ef00ec22ef00c0202000a01788002d
:10c2e000c06e2c0000168800f0ff27004016880062
:10c2f000a00021008016880070cb2f00c016880097
:10c30000f033200000178800e822ef0030102300ef
:10c31000801788005620ef005820ef005a20ef00c9
:10c320005c20ef005e20ef006020ef006e20ef0049
:10c330007020ef007220ef007420ef007620ef00f5
:10c340007820ef00c622ef00ce22ef00d622ef00c9
:10c35000de22ef00e622ef00ee22ef00f622ef00f1
:10c36000e024ef00c03f200010278800e424ef0005
:10c3700000c02000302788000020200040278800cf
:10c38000ec24ef00113a8000f00b200000816000e7
:10c39000600420007105200023742000804978008b
:10c3a00081497800824978002135800000fc2f0007
:10c3b000008060003001b30020358800a136800085
:10c3c000f00f2c0080806000003021000100700020
:10c3d000a0368800d1368000f00f2c0080806000ed
:10c3e0000030200001007000d03688001136800037
:10c3f00000fc2f00008060002001b3001036880090
:10c40000103a8000000178000260a0006004200063
:10c41000710520002374200080497800814978004c
:10c42000824978000080fa00000006000000fa004f
:10c430000a21ef00b00920007008880000032800de
:10c4400090088800204c80000000e00002003a00c4
:10c45000e0262600240007008500a9009500a8001a
:10c46000e0c620008040eb00014878000080fa0020
:10c47000000006000200fa00000f78009e0078001d
:10c4800071088800e0c620008040eb000148780079
:10c490000080fa00000006000000fa00700880002a
:10c4a0000080fa00000006000200fa00000f780089
:10c4b0009e00780051088800e0c620008040eb0014
:10c4c000014878000080fa00000006000000fa0031
:10c4d000500880000080fa00000006000000fa000a
:10c4e0000080fa00000006000200fa00000f780049
:10c4f0009500a9009e007800214c88009500a800b6
:10c500000080fa00000006000000fa00e0c62000eb
:10c510008040eb00014878009500a80013e1a800d6
:10c520000080fa00000006000000fa0013e1a900f4
:10c530009500a9000080fa00000006000200fa0041
:10c54000e0c62000104f78001e4078000004e00094
:10c5500003003200e0c620008040eb000148780074
:10c560001e4078000080fa00000006000000fa007b
:10c57000f0c62000104078000080fb000080fa0028
:10c58000000006000000fa00f0c620008040eb002a
:10c59000014878000080fa00000006000000fa0060
:10c5a0000621ef0090862100600888000002280024
:10c5b00080088800704c80000000e00002003a0013
:10c5c000603226002400070084e0a90094e0a8005f
:10c5d00000c720008040eb00014878000080fa008e
:10c5e000000006000200fa00000f78009e007800ac
:10c5f0006108880000c720008040eb0001487800f7
:10c600000080fa00000006000000fa0060088000c8
:10c610000080fa00000006000200fa00000f780017
:10c620009e0078003108880000c720008040eb00a1
:10c63000014878000080fa00000006000000fa00bf
:10c64000300880000080fa00000006000000fa00b8
:10c650000080fa00000006000200fa00000f7800d7
:10c6600094e0a9009e007800714c880094e0a80036
:10c670000080fa00000006000000fa0000c7200059
:10c680008040eb000148780094e0a80011e1a80088
:10c690000080fa00000006000000fa0011e1a90085
:10c6a00094e0a9000080fa00000006000200fa00f1
:10c6b00000c72000104f78001e4078000004e00002
:10c6c0000300320000c720008040eb0001487800e2
:10c6d0001e4078000080fa00000006000000fa000a
:10c6e00010c72000104078000080fb000080fa0096
:10c6f000000006000000fa0010c720008040eb0098
:10c70000014878000080fa00000006000000fa00ee
:10c710000021ef00f07c20001008880000002800b5
:10c7200020088800804c80000000e00002003a00f1
:10c73000e03d2600240007008460a9009460a80062
:10c7400020c720008040eb00014878000080fa00fc
:10c75000000006000200fa00000f78009e0078003a
:10c760001108880020c720008040eb0001487800b5
:10c770000080fa00000006000000fa0010088000a7
:10c780000080fa00000006000200fa00000f7800a6
:10c790009e0078000108880020c720008040eb0040
:10c7a000014878000080fa00000006000000fa004e
:10c7b000000880000080fa00000006000000fa0077
:10c7c0000080fa00000006000200fa00000f780066
:10c7d0009460a9009e007800814c88009460a800b5
:10c7e0000080fa00000006000000fa0020c72000c8
:10c7f0008040eb00014878009460a80005e1a800a3
:10c800000080fa00000006000000fa0005e1a9001f
:10c810009460a9000080fa00000006000200fa00ff
:10c8200020c72000104f78001e4078000004e00070
:10c830000300320020c720008040eb000148780050
:10c840001e4078000080fa00000006000000fa0098
:10c8500030c72000104078000080fb000080fa0004
:10c86000000006000000fa0030c720008040eb0006
:10c87000014878000080fa00000006000000fa007d
:10c880001421ef0080d02300d00888000003280086
:10c89000f0088800904c80000000e00002003a00a0
:10c8a00060492600240007008760a9009760a8005f
:10c8b00040c720008040eb00014878000080fa006b
:10c8c000000006000200fa00000f78009e007800c9
:10c8d000d108880040c720008040eb000148780064
:10c8e0000080fa00000006000000fa00d008800076
:10c8f0000080fa00000006000200fa00000f780035
:10c900009e007800a108880040c720008040eb000e
:10c91000014878000080fa00000006000000fa00dc
:10c92000a00880000080fa00000006000000fa0065
:10c930000080fa00000006000200fa00000f7800f4
:10c940009760a9009e007800914c88009760a8002d
:10c950000080fa00000006000000fa0040c7200036
:10c960008040eb00014878009760a8001fe1a80014
:10c970000080fa00000006000000fa001fe1a90094
:10c980009760a9000080fa00000006000200fa008b
:10c9900040c72000104f78001e4078000004e000df
:10c9a0000300320040c720008040eb0001487800bf
:10c9b0001e4078000080fa00000006000000fa0027
:10c9c00050c72000104078000080fb000080fa0073
:10c9d000000006000000fa0050c720008040eb0075
:10c9e000014878000080fa00000006000000fa000c
:10c9f00030402000000a8800c0002000100a880093
:10ca0000000a800000407800674060000080fb0062
:10ca1000604c88000080fa00000006000000fa0068
:10ca20000080fa00000006000000fa0020048000e8
:10ca3000620060000000e00002003200f7ff070023
:10ca40008420a9000080fa00000006000000fa001f
:10ca5000604c800000407800674060000080fb0070
:10ca600067006000020a800081ff2f0081006100e2
:10ca700001007000000a88000080fa000000060033
:10ca80000000fa00010a800080ff2f000080600093
:10ca9000000a88000080fa00000006000000fa008a
:10caa000200a80000080fa00000006000000fa0062
:10cab00042c1a8000080fa00000006000000fa0051
:10cac000100a80004600de00614060000080fb002c
:10cad00000f0a7000000ea000000ea004f00de00be
:10cae000004078000080fa00000006000000fa0014
:10caf00042c1a9000080fa00000006000000fa0010
:10cb0000000a80004400de00614060000080fb00fd
:10cb100000f0a7000000ea000000ea004f00de007d
:10cb2000004078000080fa00000006000000fa00d3
:10cb3000000a80006800600000f0a7000000ea0022
:10cb40000000e9004f00de00004078000080fa009d
:04cb500000000600db
:020000040000fa
:10cb54000000fa0021068000f0f82f000080600039
:10cb64000040a000200688005105800080ff2f00af
:10cb7400008060000000a00050058800410580008e
:10cb8400f0ff28000080600000c0a000400588007d
:10cb940051058000f0f82f00008060000050a000d4
:10cba4005005880061058000f0f82f008080600047
:10cbb4000005200001007000600588006105800008
:10cbc40080ff2f00008060005000b30060058800e3
:10cbd400e1058000f08f2f000080600000a0a0001d
:10cbe400e0058800e1058000f0f82f000080600077
:10cbf4000060a000e005880081058000f0ff2800a7
:10cc0400808060000000230001007000800588001f
:10cc14004105800080ff2f00008060003000b300d9
:10cc24004005880031058000f0ff28008080600006
:10cc340000002300010070003005880021058000f9
:10cc4400f0ff28000080600000d0a00020058800cc
:10cc54000080fa00000006000200fa00000f7800cd
:10cc64000300370000fa2000010020005f000700e5
:10cc74001e00780000f0a7000000ea000000ea00af
:10cc84004f00de00004078001e0fe9000004e000c1
:10cc9400f4ff3a000080fa00000006000200fa00e7
:10cca400000f780005003700000820000100200074
:10ccb4004e00070001fe2f001e8f40001e0078006a
:10ccc400ff0f5000f8ff3e00030037004000200033
:10ccd40001002000450007001e00780000f0a700b6
:10cce4000000ea000000ea004f00de000040780087
:10ccf4001e0fe9000004e000f4ff3a000080fa008f
:10cd0400000006000000fa0000002300203a88001a
:10cd14004827ef004e27ef007027ef007227ef003f
:10cd24007427ef007627ef007a27ef007c27ef00c7
:10cd34007200200080072000a10920003374200025
:10cd44008049780081497800824978000001eb002d
:10cd540060042000710520002374200080497800bd
:10cd640081497800824978000080fa0000000600ba
:10cd74000000fa004dfd0700e2ff070074ff070002
:10cd84009ef60700bcfe070054fb070002fe0700e6
:10cd940082fc0700e3fc070048f40700a2fd07003b
:10cda400b4fa070010ff070057fe07000080fa00de
:10cdb400000006000200fa00000f78009e007800d0
:10cdc400114c88000000fe000080fa0000000600fc
:10cdd4000000fa0060c1200080077800e0c2200053
:0ccde400000188000080fa00000006003a
:020000040000fa
:10cdf000f03fb1000180b10006003500ee030900ec
:10ce000000000000403fb1000180b100fbff3d0089
:10ce10001000b000203fb000020035000080090083
:08ce2000000000000000060004
:020000040000fa
:020000040002f8
:04aff000ffff00005f
:020000040000fa
:020000040002f8
:04aff400fffe00005c
:020000040000fa
:020000040002f8
:04aff8009f7f000037
:020000040000fa
:020000040002f8
:04affc00803f000092
:00000001FF
