:020000040000fa
:080000000020040000000000d4
:020000040000fa
:0400080018230000b9
:020000040000fa
:04000c00442100008b
:020000040000fa
:040010008621000045
:020000040000fa
:040014006421000063
:020000040000fa
:04001800a62100001d
:020000040000fa
:04001c0018230000a5
:020000040000fa
:0400200018230000a1
:020000040000fa
:04002400182300009d
:020000040000fa
:040028001823000099
:020000040000fa
:04002c001823000095
:020000040000fa
:040030001823000091
:020000040000fa
:040034006622000040
:020000040000fa
:040038001823000089
:020000040000fa
:04003c001823000085
:020000040000fa
:040040001823000081
:020000040000fa
:040044003622000060
:020000040000fa
:04004800c6210000cd
:020000040000fa
:04004c001823000075
:020000040000fa
:040050001823000071
:020000040000fa
:04005400b4220000d2
:020000040000fa
:0400580096220000ec
:020000040000fa
:04005c00f621000089
:020000040000fa
:040060001823000061
:020000040000fa
:04006400182300005d
:020000040000fa
:040068001823000059
:020000040000fa
:04006c001823000055
:020000040000fa
:040070001823000051
:020000040000fa
:04007400182300004d
:020000040000fa
:040078001823000049
:020000040000fa
:04007c001823000045
:020000040000fa
:040080001823000041
:020000040000fa
:04008400182300003d
:020000040000fa
:040088001823000039
:020000040000fa
:04008c001823000035
:020000040000fa
:040090001823000031
:020000040000fa
:04009400e82200005e
:020000040000fa
:040098001823000029
:020000040000fa
:04009c001823000025
:020000040000fa
:0400a0001823000021
:020000040000fa
:0400a400182300001d
:020000040000fa
:0400a8001823000019
:020000040000fa
:0400ac001823000015
:020000040000fa
:0400b0001823000011
:020000040000fa
:0400b400182300000d
:020000040000fa
:0400b8001823000009
:020000040000fa
:0400bc001823000005
:020000040000fa
:0400c0001823000001
:020000040000fa
:0400c40018230000fd
:020000040000fa
:0400c80018230000f9
:020000040000fa
:0400cc0018230000f5
:020000040000fa
:0400d00018230000f1
:020000040000fa
:0400d40018230000ed
:020000040000fa
:0400d80018230000e9
:020000040000fa
:0400dc0018230000e5
:020000040000fa
:0400e00018230000e1
:020000040000fa
:0400e40018230000dd
:020000040000fa
:0400e80018230000d9
:020000040000fa
:0400ec0018230000d5
:020000040000fa
:0400f00018230000d1
:020000040000fa
:0400f40018230000cd
:020000040000fa
:0400f80018230000c9
:020000040000fa
:0400fc0018230000c5
:020000040000fa
:0401000018230000c0
:020000040000fa
:0401040018230000bc
:020000040000fa
:0401080018230000b8
:020000040000fa
:04010c0018230000b4
:020000040000fa
:0401100018230000b0
:020000040000fa
:0401140018230000ac
:020000040000fa
:0401180018230000a8
:020000040000fa
:04011c0018230000a4
:020000040000fa
:0401200018230000a0
:020000040000fa
:04012400182300009c
:020000040000fa
:040128001823000098
:020000040000fa
:04012c00d2220000db
:020000040000fa
:040130001823000090
:020000040000fa
:04013400182300008c
:020000040000fa
:040138001823000088
:020000040000fa
:04013c001823000084
:020000040000fa
:040140001823000080
:020000040000fa
:04014400182300007c
:020000040000fa
:040148001823000078
:020000040000fa
:04014c001823000074
:020000040000fa
:040150001823000070
:020000040000fa
:04015400182300006c
:020000040000fa
:040158001823000068
:020000040000fa
:04015c001823000064
:020000040000fa
:040160001823000060
:020000040000fa
:04016400182300005c
:020000040000fa
:040168001823000058
:020000040000fa
:04016c001823000054
:020000040000fa
:040170001823000050
:020000040000fa
:04017400182300004c
:020000040000fa
:040178001823000048
:020000040000fa
:04017c001823000044
:020000040000fa
:040180001823000040
:020000040000fa
:04018400182300003c
:020000040000fa
:040188001823000038
:020000040000fa
:04018c001823000034
:020000040000fa
:040190001823000030
:020000040000fa
:04019400182300002c
:020000040000fa
:040198001823000028
:020000040000fa
:04019c001823000024
:020000040000fa
:0401a0001823000020
:020000040000fa
:0401a400182300001c
:020000040000fa
:0401a8001823000018
:020000040000fa
:0401ac001823000014
:020000040000fa
:0401b0001823000010
:020000040000fa
:0401b400182300000c
:020000040000fa
:0401b8001823000008
:020000040000fa
:0401bc001823000004
:020000040000fa
:0401c0001823000000
:020000040000fa
:0401c40018230000fc
:020000040000fa
:0401c80018230000f8
:020000040000fa
:0401cc0018230000f4
:020000040000fa
:0401d00018230000f0
:020000040000fa
:0401d40018230000ec
:020000040000fa
:0401d80018230000e8
:020000040000fa
:0401dc0018230000e4
:020000040000fa
:0401e00018230000e0
:020000040000fa
:0401e40018230000dc
:020000040000fa
:0401e80018230000d8
:020000040000fa
:0401ec0018230000d4
:020000040000fa
:0401f00018230000d0
:020000040000fa
:0401f40018230000cc
:020000040000fa
:0401f80018230000c8
:020000040000fa
:0401fc0018230000c4
:020000040000fa
:0402080018230000b7
:020000040000fa
:04020c004421000089
:020000040000fa
:040210008621000043
:020000040000fa
:040214006421000061
:020000040000fa
:04021800a62100001b
:020000040000fa
:04021c0018230000a3
:020000040000fa
:04022000182300009f
:020000040000fa
:04022400182300009b
:020000040000fa
:040228001823000097
:020000040000fa
:04022c001823000093
:020000040000fa
:04023000182300008f
:020000040000fa
:04023400662200003e
:020000040000fa
:040238001823000087
:020000040000fa
:04023c001823000083
:020000040000fa
:04024000182300007f
:020000040000fa
:04024400362200005e
:020000040000fa
:04024800c6210000cb
:020000040000fa
:04024c001823000073
:020000040000fa
:04025000182300006f
:020000040000fa
:04025400b4220000d0
:020000040000fa
:0402580096220000ea
:020000040000fa
:04025c00f621000087
:020000040000fa
:04026000182300005f
:020000040000fa
:04026400182300005b
:020000040000fa
:040268001823000057
:020000040000fa
:04026c001823000053
:020000040000fa
:04027000182300004f
:020000040000fa
:04027400182300004b
:020000040000fa
:040278001823000047
:020000040000fa
:04027c001823000043
:020000040000fa
:04028000182300003f
:020000040000fa
:04028400182300003b
:020000040000fa
:040288001823000037
:020000040000fa
:04028c001823000033
:020000040000fa
:04029000182300002f
:020000040000fa
:04029400e82200005c
:020000040000fa
:040298001823000027
:020000040000fa
:04029c001823000023
:020000040000fa
:0402a000182300001f
:020000040000fa
:0402a400182300001b
:020000040000fa
:0402a8001823000017
:020000040000fa
:0402ac001823000013
:020000040000fa
:0402b000182300000f
:020000040000fa
:0402b400182300000b
:020000040000fa
:0402b8001823000007
:020000040000fa
:0402bc001823000003
:020000040000fa
:0402c00018230000ff
:020000040000fa
:0402c40018230000fb
:020000040000fa
:0402c80018230000f7
:020000040000fa
:0402cc0018230000f3
:020000040000fa
:0402d00018230000ef
:020000040000fa
:0402d40018230000eb
:020000040000fa
:0402d80018230000e7
:020000040000fa
:0402dc0018230000e3
:020000040000fa
:0402e00018230000df
:020000040000fa
:0402e40018230000db
:020000040000fa
:0402e80018230000d7
:020000040000fa
:0402ec0018230000d3
:020000040000fa
:0402f00018230000cf
:020000040000fa
:0402f40018230000cb
:020000040000fa
:0402f80018230000c7
:020000040000fa
:0402fc0018230000c3
:020000040000fa
:0403000018230000be
:020000040000fa
:0403040018230000ba
:020000040000fa
:0403080018230000b6
:020000040000fa
:04030c0018230000b2
:020000040000fa
:0403100018230000ae
:020000040000fa
:0403140018230000aa
:020000040000fa
:0403180018230000a6
:020000040000fa
:04031c0018230000a2
:020000040000fa
:04032000182300009e
:020000040000fa
:04032400182300009a
:020000040000fa
:040328001823000096
:020000040000fa
:04032c00d2220000d9
:020000040000fa
:04033000182300008e
:020000040000fa
:04033400182300008a
:020000040000fa
:040338001823000086
:020000040000fa
:04033c001823000082
:020000040000fa
:04034000182300007e
:020000040000fa
:04034400182300007a
:020000040000fa
:040348001823000076
:020000040000fa
:04034c001823000072
:020000040000fa
:04035000182300006e
:020000040000fa
:04035400182300006a
:020000040000fa
:040358001823000066
:020000040000fa
:04035c001823000062
:020000040000fa
:04036000182300005e
:020000040000fa
:04036400182300005a
:020000040000fa
:040368001823000056
:020000040000fa
:04036c001823000052
:020000040000fa
:04037000182300004e
:020000040000fa
:04037400182300004a
:020000040000fa
:040378001823000046
:020000040000fa
:04037c001823000042
:020000040000fa
:04038000182300003e
:020000040000fa
:04038400182300003a
:020000040000fa
:040388001823000036
:020000040000fa
:04038c001823000032
:020000040000fa
:04039000182300002e
:020000040000fa
:04039400182300002a
:020000040000fa
:040398001823000026
:020000040000fa
:04039c001823000022
:020000040000fa
:0403a000182300001e
:020000040000fa
:0403a400182300001a
:020000040000fa
:0403a8001823000016
:020000040000fa
:0403ac001823000012
:020000040000fa
:0403b000182300000e
:020000040000fa
:0403b400182300000a
:020000040000fa
:0403b8001823000006
:020000040000fa
:0403bc001823000002
:020000040000fa
:0403c00018230000fe
:020000040000fa
:0403c40018230000fa
:020000040000fa
:0403c80018230000f6
:020000040000fa
:0403cc0018230000f2
:020000040000fa
:0403d00018230000ee
:020000040000fa
:0403d40018230000ea
:020000040000fa
:0403d80018230000e6
:020000040000fa
:0403dc0018230000e2
:020000040000fa
:0403e00018230000de
:020000040000fa
:0403e40018230000da
:020000040000fa
:0403e80018230000d6
:020000040000fa
:0403ec0018230000d2
:020000040000fa
:0403f00018230000ce
:020000040000fa
:0403f40018230000ca
:020000040000fa
:0403f80018230000c6
:020000040000fa
:0403fc0018230000c2
:020000040000fa
:104000002fec20000e7f22000e018800000000002f
:10401000000020000000e00002003200000120004b
:104020002002880014000700340207000000e000ae
:1040300003003a0000292800010020000200370098
:104040000000200001002000810f700001003200fc
:1040500014000700000020000000e0000200320011
:104060000000020000000000ca6c02000000000016
:104070000040da000000fe004440a900404f20004c
:104080000000e000030032000020200090018800c2
:104090004440a800000006008a1f78008b1f7800ab
:1040a00000000600a1028800800478000000eb00f8
:1040b0001f003700e284440054a0b4009905ba0000
:1040c000e284440054a0b4009906ba00e28444009b
:1040d00054a0b4000006eb00476fde00fd07b200fd
:1040e000ae018800636ce10003003a00eaff0700bc
:1040f0000000eb000e003700606ce10008003a00a1
:10410000004deb000a05e800020039003420ec0005
:104110000af0a0008b05e900f9ff3e00040037001b
:104120006168e100010032000086eb000b0007002f
:1041300019c7ba001905ba000e04e00003003a00de
:104140000a00e000dbff3a0000000600fe07b200b4
:10415000ae0288008a047800f5ff37000cd0a30077
:10416000e20f4d001c00390089027800354dba007d
:104170000a05e800020039003420ec000af0a00033
:104180008b05e9000f003200254dba000a05e80052
:10419000020039003420ec000af0a0008b05e90091
:1041a000080032000c00e0000600320015cdba0015
:1041b0000a05e800020039003420ec000af0a000f3
:1041c0008b05e9008984e80054a0b4000b00e000ee
:1041d000e2ff3a00000006009902ba00055d78008f
:1041e0008b05e900f7ff3200c82ade00055d780084
:1041f0008b05e900f3ff32000c00e000f1ff320014
:1042000019ddba00eeff37009677040000000000c9
:10421000e88e040000000000228d04000000000071
:10422000c28d040000000000ac7f0400000000000c
:10423000fc7f040000000000628e0400000000000b
:10424000fc61040000000000ac3604000000000027
:104250000650040000000000e451040000000000cb
:104260009050040000000000005104000000000015
:104270009451040000000000000004000000000051
:1042800006500400000000003600f800809fbe00c9
:10429000829fbe00849fbe00869fbe000000fa0081
:1042a0008020a9000000eb00913707000080fa0091
:1042b0004f03be004f02be004f01be004f00be00c4
:1042c0003600f900004006003600f800809fbe006e
:1042d000829fbe00849fbe00869fbe000000fa0041
:1042e0008a3707008040a9001000200080370700af
:1042f0000080fa004f03be004f02be004f01be0017
:104300004f00be003600f900004006003600f800fd
:10431000809fbe00829fbe00849fbe00869fbe001d
:104320000000fa008060a90020002000703707001c
:104330000080fa004f03be004f02be004f01be00d6
:104340004f00be003600f900004006003600f800bd
:10435000809fbe00829fbe00849fbe00869fbe00dd
:104360000000fa008080a9003000200060370700bc
:104370000080fa004f03be004f02be004f01be0096
:104380004f00be003600f900004006003600f8007d
:10439000809fbe00829fbe00849fbe00869fbe009d
:1043a0000000fa00a05780000000e0000200320088
:1043b000a057800000000100f7cabf000040e800dd
:1043c000f7eab70010c0b300f6eab7008500a9000d
:1043d0000080fa004f03be004f02be004f01be0036
:1043e0004f00be003600f900004006003600f8001d
:1043f000809fbe00829fbe00849fbe00869fbe003d
:104400003200f8003400f80010002000a0018800fd
:1044100000202000900188000000fa0021048000a4
:1044200000002200008060000000e0000600320072
:10443000405880000000e000020032004058800038
:104440000000010085a0a9000080fa003400f900f6
:104450003200f9004f03be004f02be004f01be0004
:104460004f00be003600f900004006003600f8009c
:10447000809fbe00829fbe00849fbe00869fbe00bc
:104480000000fa00c05780000000e0000200320087
:10449000c057800000000100fbcabf000040e800d8
:1044a000fbeab70010c0b300faeab70084e0a90045
:1044b0000080fa004f03be004f02be004f01be0055
:1044c0004f00be003600f900004006003600f8003c
:1044d000809fbe00829fbe00849fbe00869fbe005c
:1044e0000000fa00e05780000000e0000200320007
:1044f000e057800000000100ffcabf000040e80054
:10450000ffeab70010c0b300feeab7008460a9005c
:104510000080fa004f03be004f02be004f01be00f4
:104520004f00be003600f900004006003600f800db
:10453000809fbe00829fbe00849fbe00869fbe00fb
:104540000000fa0060578000000001000080fa00bf
:104550004f03be004f02be004f01be004f00be0021
:104560003600f900004006003600f800809fbe00cb
:10457000829fbe00849fbe00869fbe000000fa009e
:1045800070578000000001000080fa004f03be0059
:104590004f02be004f01be004f00be003600f900c2
:1045a00000400600801f78000000fa001011800013
:1045b000620060000000e000010032002222a90039
:1045c0008c20a9000080fa004f007800004006000f
:1045d0003600f800809fbe00829fbe00849fbe0010
:1045e000869fbe000000fa00005880000000e00036
:1045f00002003200005880000000010003cbbf0021
:104600000040e80003ebb70010c0b30002ebb700b6
:104610008760a9000080fa004f03be004f02be0071
:104620004f01be004f00be003600f90000400600fa
:104630000040da000000fe000a00fa000000e0007e
:1046400037003a00f3658000e18f5100030032002b
:10465000e28f51000e003a000900370000222000ce
:104660000000e00001003a000040da002002e20011
:104670000b0035002822ef0021e2a80008003700d7
:10468000002320000000e00001003a000040da00b2
:104690003002e200020035003822ef0031e2a800cb
:1046a000020078001a003700040a2000e18f510050
:1046b0000b003a00030037000402e90002003a0050
:1046c00003003700040a20002202ab00faff320088
:1046d00014118000050037000402e90002003200d6
:1046e0003202ab00fcff32009411800061026200d4
:1046f00009003200e18f510002003a0034118000bd
:1047000001003700b4118000845878000000e900ef
:104710000000e000e4ff3a0000005100080037000c
:1047200023002000b3bf9f00c0bf9f00d1bf9f00e8
:10473000e2bf9f006a8057008d1807006fb897008e
:104740000080fa00000006000a00fa0011002000b4
:10475000b1bf9f00c0bf9f006a8057008618070046
:104760004fb897000080fa00000006000a00fa0027
:10477000e20f500034003e00f0658000e10f500071
:1047800003003200e20f500011003a000c00370025
:10479000032220000300e00001003a000040da009c
:1047a0002002e200020035002822ef0021e2a800ea
:1047b0002342ab000d003a002342a8000b00370053
:1047c000032320000300e00001003a000040da006b
:1047d0003002e200020035003822ef0031e2a8008a
:1047e0003342ab0001003a003342a8008201780056
:1047f0000b0037003102fb00e10f500004003a00cb
:104800002322ab00feff3a0024118800030037008a
:104810003322ab00feff3a00a41188008301e900b7
:104820000300e000f3ff3a00e10f500003003a00fc
:104830002302ab00feff32000b0037003302ab0057
:10484000feff32000800370033002000b3bf9f0096
:10485000c0bf9f00d1bf9f00e2bf9f006a8057008a
:10486000471807006fb99700020078000080fa002f
:1048700000000600889fbe0080047800006680006b
:104880000000e00005003a000000eb000e00070009
:104890000084eb000000e00008003500086680009e
:1048a0000900e0000500320009004400060007008e
:1048b0000000e00001003d000084eb0008007800eb
:1048c0004f04be0000000600800078000100e000f8
:1048d00003003a0020cc200000668800000005009c
:1048e0000080eb0022ec2000828f500002003e008e
:1048f000016688000000eb000000060000000500d3
:10490000140020009a033700f4ff2f0098033700ab
:104910000001be001c0007000470a70003f0a10006
:1049200003f8a30013003a006509b100100032003b
:10493000090035006928e100020035000100280067
:104940000000050000004000818048008502e90069
:10495000fcff3a0000000600f88f42000500350019
:104960008100d1000080d3008502e800fcff3a00fe
:10497000000006008000eb00000005004f89de000b
:104980008201780095033700c70ade00f107b20004
:10499000f50fb20008003200e1cf42000200320001
:1049a0000170a00024000500810f7000010032009a
:1049b0000408050044000500810f700002003a0061
:1049c000140005008502e9000000400081c0480095
:1049d000fcff3b000170a000240005006022b8002d
:1049e000060220000000d0008180d2000482d200a4
:1049f0008582d2000000a0000202520083825a0089
:104a0000030031000202420083824a000000a1003c
:104a10000603e900f3ff3a000000060007f827004c
:104a2000078361000638e10004003a00f707200020
:104a3000878361008703710001003a0003f0a20040
:104a4000889fbe008a9fbe008c9fbe00470ade0082
:104a50000480a100c71ade000580a100070028001d
:104a60000785600087856100f70f20000720e100bf
:104a70009e0032000728e1009c0032000106780009
:104a80000400e000b4003200f707200087806000d7
:104a90000170a0000500e000c0003200f707200010
:104aa000878161000370a000050652000f003a00e4
:104ab0000b50e1000b0032000308e10002003a0055
:104ac0000200e1007e00320002045000838458009e
:104ad000040031000001fd008101fd008402fd00a1
:104ae0008a05fd006044b800210037000520e10080
:104af00005003d000001fd008101fd008402fd0074
:104b00008a05fd00050652007a60e10005003500c7
:104b10000170a1004722dd00848070008a8070004f
:104b2000630037006044b800ef02660007ff2f0003
:104b3000070666000500e00006003400f08312005e
:104b40008714dd000511de00071bdd000601710082
:104b50008519de007060e100050035000904780069
:104b600082047800030178008001eb007006560093
:104b70000b50e10003003a0002004000838048002f
:104b80000400370060041400e0841c000200580098
:104b9000838058000188a300060032008100d10004
:104ba0000080d3008984d3000884d3000402e80085
:104bb000270037000178a30025003a000100e0003b
:104bc000030032008186cf00698656000a00370054
:104bd0008c0020000000e00004003a00090078008a
:104be000880478000004eb00700252008086cf0039
:104bf0000d0646000c06e9007060e1000600350075
:104c00008000780009007800880478000004eb0038
:104c100070065600700252000c00e0000c003400d8
:104c20008c08dd00f00316000703de0086807000ac
:104c30000c00dd00074bde00060070008c4cdd0030
:104c40000743de00868474000c44dd000c02520031
:104c50006120e100200035006101600007002800ac
:104c600087816400f7ff27008783640007037400cf
:104c70000300e000060032008203730004003200eb
:104c80000000e800e08048000188a3000e003a0020
:104c9000f70f20000720e1004a003d000170a1004d
:104ca0004722dd00810072008a8070000000be0093
:104cb0004f06be004f05be004f04be0000000600b8
:104cc0006000b800faff37008100d1000080d300f7
:104cd0000402e800eeff3700040178008901740047
:104ce000a10107008a807000f1ff3700f70107007b
:104cf000070278000001fd008101fd00f3010700bb
:104d000087027800850372000778a3000400320050
:104d10000001fd008101fd0006020700e4ff3700ed
:104d2000850362000768a300080032000b50e10011
:104d300003003200f0ff2f00f1ff2700dcff3700f7
:104d40000001fd008101fd00d9ff37000468a300c8
:104d5000d7ff3200faff3700f8ff27008883600092
:104d60000b003a000000e00009003a0083036400f1
:104d700082837300020032000200be00ccff3700c5
:104d80000b50e100ceff3a000200be00c8ff370022
:104d900014002000810064003eff3700f8ff270068
:104da0008883610004003a000200e00002003a003b
:104db0008c007800beff37001500200083016400de
:104dc00039ff370001f8270000002000810075003e
:104dd000b7ff3700889fbe008a9fbe008c9fbe0031
:104de0001b0020000202be000586680006002800a5
:104df000060666004709de00f20fb20082003200ac
:104e00000243e80080003200c729de00f30fb20041
:104e10007d0032000343e8007b003200f107b2005e
:104e20000170a000f507b2000570a000c708dd0002
:104e30004903de00868070004700dd00c72add00e0
:104e40004923de00868272004722dd0003055100ff
:104e50000403500085835800030031000000400027
:104e6000818048000a05e9008c1f78008a9fbe00f7
:104e700004005000858058000402420085824a00e8
:104e800000004000818048000005eb000004be00e7
:104e90006033b8000406be000d48e1005600310042
:104ea000110009004dccd8000c01b8000d02b8006b
:104eb0008481410060824a008283530003045c00c5
:104ec00084845c0060055d000a00e00025003a0073
:104ed000800578000d40e10049003100880078002d
:104ee00007007800110009004d88d8000c01b800b7
:104ef0000d02b8008481410060824a006003110005
:104f000083835b0004045c00e0845c000900e00033
:104f100021003a004f01be000300e0002b003200e8
:104f2000e3016000070673008c817100010032000c
:104f3000640070004200de004e5edd000c00700078
:104f4000c258de0001e0a00083010700cf01780015
:104f5000818071004f06be004f05be004f04be00a9
:104f6000000006008c8343000d044c00e0844c00dc
:104f700060054d000000e9000a00e000d4ff3200a7
:104f80008c8343000d044c00e0844c0060054d0010
:104f90000000e900ceff37000c0343008d834b0077
:104fa00060044c00e0844c000000e9000900e000cf
:104fb000d8ff32000c0343008d834b0060044c008b
:104fc000e0844c000000e900d2ff37004200de0020
:104fd0004e5edd000c007000c258de0001e0a00053
:104fe000cf0178000300e000daff3200600010001b
:104ff000e0801800d7ff3700f0ff2f00aaff37002e
:10500000f0ff2f00b9ff37000404be002f01070096
:10501000870678000004fd008104fd002b010700d5
:10502000078366000678a300030032000960a7002a
:105030000800be002c0037000d78a30002003200eb
:105040000800be00280037000778a30026003a00b9
:1050500001f0a10009f0a1000668a30003003200de
:10506000f1ff2700f0ff2f00baff37000d68a30003
:10507000030032000800be008c807000b5ff3700ce
:105080000768a30007003a000648a30003003200a7
:10509000f1ff2700f0ff2f00aeff37000d48a300ff
:1050a000030032006000b8008c807000a9ff370058
:1050b0000748a3000400320001f827000000200088
:1050c0008c807000a3ff3700760107000004fd000c
:1050d0008104fd0002057800720107000802be008d
:1050e0008a01780059ff37000160a00012022000f9
:1050f0008258880097ff37000100e000120032005c
:105100000500e00010003200889fbe008a9fbe00ac
:105110008c9fbe000006eb0001f8a30003003200e4
:1051200060001000e08018000cf0a00005f8a3005b
:105130000300320060021200e0821a000cf0a200ac
:105140008005eb0041ff37006000b8000200050059
:10515000038368000700280007036300470ade0096
:105160000480a100c71ade000580a100f70f20000f
:105170000720e100420032000728e1004000320031
:10518000889fbe008a9fbe008c1f7800f107b20086
:10519000f307b2000400e000640032000170a000d8
:1051a0000500e000680032000370a00085054200a1
:1051b000eb07b1000204b8000302b8008484440085
:1051c00060854a00020ab800848444000a854a00c7
:1051d000030ab80004054500040033000804d000a9
:1051e0008984d2000a85d2008b05e9006158e1006c
:1051f0003d00350002102000090161000308200075
:1052000089816100f70720008783640008867300a6
:10521000c84cde00c853dd00878474004855de00aa
:105220000300e00006003200820376000400320032
:105230008904e80060054d000a88a3000c003a00cc
:10524000f70f20000758e10044003d000a70a1005c
:10525000c75ddd000a8575008a00730009007800cb
:105260004f0678004f05be004f04be000000060048
:105270000a05d1008984d3008b05e800f0ff3700d0
:10528000881f780006047800900007000702780065
:105290000001fd008101fd008c00070087027800fd
:1052a000850372000778a300050032000001fd00ad
:1052b0008101fd009f0007004f04780000000600f8
:1052c000850372000748a30003003200f0ff2f009f
:1052d000f1ff2700f8ff37000000200001f8270049
:1052e00088807000f4ff3700880178004848dd00ae
:1052f000808171004848de00c850dd000100700068
:10530000c850de00060478000b0178001600070084
:1053100088807000d2ff37000500e00005003200f1
:10532000170020003a0007009dff3700810370003e
:10533000f9ff3a00860078004f0678004f05be005e
:105340004f04be000000050083037100f9ff320026
:10535000270020002e00070094ff370001f82700e7
:1053600086807000f4ff37000100e0002600320064
:10537000610111007810e10023003c006022b800b8
:105380007010e10004003500800278000100780010
:105390008000eb00700151000200e00009003400c1
:1053a00070031100062add00822ade008603dd007c
:1053b000878272000200de00860bdd0007007000ad
:1053c0008208de0084817100f4ff270004826200fd
:1053d0008481710004002800848262006102600000
:1053e00005f0a600000006000482710007003200ec
:1053f0000000e800e0804800000006000002be0057
:105400006000b800efff37006000b8000000060041
:10541000889fbe000004eb006138e10016003a00ee
:105420000100e00008003a00c800de004800dd008e
:10543000880020000100e00003003a00c800de0000
:105440004800dd00680444008184cf00e9845400f2
:10545000060034008908dd00f08314008703de00b5
:10546000878070000900dd00090444006102140017
:105470004f04be00000006000300e00008003a00f0
:10548000c811de004811dd00880020000300e000a4
:1054900003003a00c811de004811dd006804440032
:1054a0008384cf00e9845400060034008919dd00ac
:1054b000f08314008713de00878171000911dd007d
:1054c00009044400e1021400e9ff3700270020002e
:1054d00001f0a70017002000470bde00f60fb20016
:1054e000040032000643e8000a0032004702b3001d
:1054f0000000060001037800f607b2000603700002
:1055000002003a000703b300000006008702b30060
:105510000000060001037800f607b20006037000e1
:10552000020032000770a000000006000760a00023
:10553000000006000478a300040032000578a300f0
:10554000030032000168a30001003a000200be001f
:105550000160a000000006008101700027003200f9
:105560008002eb0001f8a30003003200600010008d
:10557000e080180015002000f4072000020242001d
:1055800020003400f7032000870360000604200099
:105590000003630002082000000161004700de00f4
:1055a000c909dd0000807100c708de000600e000c8
:1055b0000800320087037100060032001000b000be
:1055c0000180b0000188a30002003200c108de00a3
:1055d0000402e800f107b200f30f20000320e1000d
:1055e00003003d004722dd008100720029003700e2
:1055f00001f827000000eb00260037006000b8002b
:1056000000000600680212007f20e1000200340062
:105610006000b8001f0037006011b8007020e10082
:105620000400350080017800010078008000eb0064
:10563000700252000400e00009003400f003120080
:105640000719dd008419de000703dd008681710083
:105650000400de00070bdd00060070008408de0099
:10566000f7ff27008383630087037100060028008b
:1056700003036300070032000700e00003003a0064
:105680006101600002817300020032001000b0006e
:105690000180b0000500a6000000060001f0a00097
:1056a000000006004f0ade004709de00f107b200e5
:1056b000f20fb2000b003200f207b1000170a0003f
:1056c000c708dd00c901de00838070004700dd00ef
:1056d0000400a6000000060060001000e080180032
:1056e00000000600810f700001003a000000060073
:1056f0008182cf000500e00010003e008082cf00d4
:10570000ee8242007028e1000400390007003e00ec
:10571000800078000000eb000e003700708312005c
:105720008600de000500dd000a00370070835200ad
:105730008600dd000000eb0006003700e282520028
:105740008508dd00708312000603de00868070008d
:105750000500dd007507b0000501ea000400a600a1
:105760000000060060001000e08018000000060045
:10577000889fbe008a9fbe00841f78007c000700bf
:105780004f00780011003300f0ff2f00838f6c0072
:1057900006003b00040565000a00a700080037006a
:1057a00009f0a6001000200008003700820f540006
:1057b000838f5c00030039001000200001003e00d0
:1057c0000000200009f0a7000000ea004f05be001d
:1057d0004f04be000000e00000000600881f7800b3
:1057e000030478000300e00007003d0060001000a3
:1057f000e080180060011900e081190002003b0000
:1058000001f02d00030037000400070008f0a70096
:1058100001f0a0004f04780000000600889fbe0041
:105820008a9fbe0000827000040271000482710031
:10583000260032000004be000200be006011b80065
:105840006b092000950220000182cf000a00390078
:105850000541b1000082cf00070039000541b100c9
:105860000982cf00040039000541b1000882cf0051
:10587000010039000541b10005425200120032001a
:105880000a003b0082817100610164008100d10047
:105890000080d3008984d3000884d3008b05e800fe
:1058a0000442e800f7ff3a0007003700080444000c
:1058b00089844c0000004800818048008b05e90085
:1058c0000442e900f9ff3a00030007004f05be005b
:1058d0004f04be00000006008100200061805500da
:1058e0000b003d000b00200061fe2f000100e100d5
:1058f0001d00340082817100610164008904d100bf
:105900000884d3000000e800faff3a00710020008c
:1059100061006400030070000200600009003200b2
:1059200061044400e0844c000988a50005003200b1
:105930008b05e8006808e10002003a008904d10004
:105940000884d300f20f20000258e10005003d005a
:10595000c75ddd00f907b200898075000800780096
:10596000000006000bf827008b00780000000500ff
:105970000004be0004fc07000003be000405be00d6
:105980000200be0000fc0700844f75000000060006
:105990000800fa00889fbe000004be000001be009f
:1059a0008300780001f0a10008007800a4fd200029
:1059b00095f42300840f5000858f580018003e0096
:1059c000f2ff2f00f3972300820f5000838f5800bf
:1059d00011003e00f2ff2f00f3072000820f50005d
:1059e000838f580005003e0002002000033820008d
:1059f0000800be00d6fd07000400370002002000aa
:105a000003b827000800be000dfc0700c0bf9f00c0
:105a1000d1bf9f00710037000800be00680037004a
:105a20004f49de0003002000143d2500b507240087
:105a3000840f5000858f58001f003e0034be2c009c
:105a400065012400840f5000858f58000e003e0031
:105a50000200e00005003200b2fd200093fc2300ac
:105a60000800be00f6fb070059003700b2fd200019
:105a700093fc23000800be00e8fb07005b00070062
:105a80000004be00550037000200e00005003200af
:105a9000b2fd2000930424000800be00e8fb0700cc
:105aa00046003700b2fd2000930424000800be0029
:105ab000dafb070041003700541d2300250e2400a7
:105ac000840f5000858f58001d003e00f4dd2e002d
:105ad000f50a2400840f5000858f58000c003e000a
:105ae0000200e0000500320042be2c0063092400e1
:105af0000800be00d2fb0700e0ff370042be2c00ca
:105b0000630924000800be00c4fb07003000370012
:105b10000200e00005003200b2fd2000930c2400da
:105b20000800be00c6fb070025003700b2fd2000bc
:105b3000930c24000800be00b8fb070020003700cb
:105b4000f2ff2f00f3f72700820f5000838f5800d9
:105b5000040036000801be000800be00affb0700cd
:105b6000c7ff37006c8157000800be004d000700da
:105b70006011b80063016000e10f5100e08f59002f
:105b800009003200e20f5100e08f59000900320095
:105b9000e00f5100e08f59000b003a002fb897003a
:105ba000bfb89700060037002fb89700bfb897001e
:105bb000b2ff37002fb89700bfb8970001f0a200de
:105bc00091000700aeff37002fb89700bfb89700cd
:105bd000060007000004be0009f0a2000800be0095
:105be0004f04be000080fa0000000600889fbe003f
:105bf0008a9fbe008c9fbe000001be0054fd0700be
:105c00000004be000001be0051fd07000005be00fb
:105c10000200200003f02b000800be004cfd07002e
:105c20000200200003f8230085fb07000006be00e9
:105c3000f2a92a00a3d223000a00be0044fd0700f7
:105c40000001be000c00be007dfb07000006be0088
:105c50000801be000a00be003dfd07000005be00b1
:105c600072a12900c37c23000800be0038fd070094
:105c7000f243200063ab230068fb07000001be0075
:105c80000a00be0032fd07000001be000c00be008d
:105c90006bfb07004f06be004f05be004f04be0061
:105ca000000006000800fa00889fbe008a9fbe0020
:105cb0008c9fbe000005be00020478000001be00fb
:105cc0008300780001f0a1000a007800a2fd200006
:105cd00093dc2400820f5000838f58001d003e008b
:105ce00032982f0023f223000a00be0018fd07009f
:105cf0000200200003b4240051fb07000200200032
:105d000003b4240045fb07000006be00661307002d
:105d100080047800a2fd200093fc23000c00be004c
:105d20000bfd07000001be000a00be003bfb0700a0
:105d30000005be00325a2800832823000c00be0054
:105d400003fd07000001be000a00be0033fb070090
:105d500026003700f2ff2f00f3f72700820f5000d4
:105d6000838f5800060036000a01be000a00be00fc
:105d70002afb0700008cbe008004eb001c003700eb
:105d80000a00be00500007000005be0032982f0038
:105d900023f22300eefc07000200200003f02300a2
:105da00027fb0700171307000203be000002be0016
:105db000e4b79f00f5b79f0086bf9f0097bf9f0085
:105dc00086fe070032982f0023f2230001fc070013
:105dd0000001be000a00be0010fb07006000b80012
:105de0002004980031049800efb49700008cbe00a6
:105df000090078004f06be004f05be004f04be00ec
:105e00000080fa0000000600889fbe008a9fbe0046
:105e10008c9fbe000005be000001be00ccfc070048
:105e20000004be000a01be00c9fc07000006be0057
:105e30004288280083c023000800be00c4fc07007d
:105e4000b2aa2a00a3e22300f4fa07000001be0070
:105e50000c00be00befc07000001be000a00be0030
:105e6000f7fa07000005be000801be000800be00ea
:105e7000b7fc07000001be000c00be00b4fc070028
:105e80000006be00c2c32600636323000800be00f4
:105e9000affc0700f27c200003952300dffa070027
:105ea0000001be000c00be00a9fc07000001be00fe
:105eb0000a00be00e2fa07004f06be004f05be0012
:105ec0004f04be00000006006022b8006033b80036
:105ed0000002be00f0ff2f00f1ff2f00f2ff2f00a5
:105ee000f3ff27000000620081806200020163006e
:105ef00083816300000006000000fa0068815700fb
:105f0000cfb89700900307000080fa000000060059
:105f1000b40107000c020700bd020700e5020700fc
:105f20003e020700ef0307009a0337000000fa0063
:105f300068815700cfb89700880307000080fa00f7
:105f40000000060011060700c806070062070700e8
:105f5000780707001b073700800178000200370030
:105f6000b15978000201e9000200e000fcff3a00ac
:105f700000000600810178000002780030417800be
:105f8000b14f510002003a000204e000f9ff3a006c
:105f90009480fb001380fb0000805000000006008e
:105fa0008001eb000200e0001000320000027800e7
:105fb00001037800b44178000304e00008003200d7
:105fc000b14278000504e000050032008203400081
:105fd000848f53000200320085cf5100f4ff32005d
:105fe0008381fb001680fb00808151000300780054
:105ff00000000600881f7800000478000800780080
:10600000aa0b0700080078004f0478000000060083
:10601000114290000482fb009180fb00c808dd0063
:106020000482700080007800d181fb001081fb00a9
:106030004811dd0003017100030037004811dd0045
:106040001180fb0002017000010078003104e000c3
:1060500004003200840f5100f8ff3a000000e9000c
:106060000000060000000500114390008683fb003d
:10607000060020001181fb008001eb00c811dd004b
:10608000020020000203730083837300214190000b
:106090004811dd008001eb0002037300838373006d
:1060a0008080e800104190008281fb000200200007
:1060b0001082fb008002eb00c822dd0004002000fb
:1060c00004017100858171001182fb004822dd000e
:1060d0008002eb0004017100858171000800370027
:1060e0001182fb008002eb000402710085827100c6
:1060f0004829dd00c821de00830171004821dd0050
:10610000010078003104e00005003200860f5100e4
:10611000878f5900f2ff3a000080e9000000060076
:1061200000000500314190000281fb008001eb007e
:106130001183fb008003eb00c833dd000600200064
:106140000603710087837100114190008281fb007a
:10615000020020000203730083837300214190003a
:106160004811dd008001eb0002037300838373009c
:10617000e30040001182fb008002eb001081fb0075
:106180008001eb00c811dd00020020000201720056
:1061900083817200104290008482fb000400200082
:1061a0000401710085817100204290004822dd00c9
:1061b0008002eb0006003700481add00c812de003e
:1061c000850272004812dd001181fb008001eb00a6
:1061d0000201720083817200010078003104e00046
:1061e00005003200860f5100878f5900f2ff3a00f8
:1061f0006300500000000600000005002802fa00bd
:10620000889fbe008a9fbe008c9fbe00000478005d
:10621000810578000f000900001feb000e02b1009d
:106220000b017800880078008004eb000d00370037
:106230000080fb00c401de008381410003024700af
:10624000ef026000160020008532dd00ee8179004b
:10625000038a72008684440000004000000047006a
:1062600009109800324078000004e00005003a0070
:106270001a0020000a0078000001eb008081eb008a
:10628000190037003104e000e9ff3a00a2003700ae
:1062900003824500e44278006bc2780084cf52004c
:1062a00005003a008a0f50000c0032000000e800a0
:1062b000820078000b00370084cf520002003600c5
:1062c00003855000060037008200e8008201780054
:1062d0001a0020000a00780002003700000578004c
:1062e000100020000101780082004000898f5000da
:1062f000e7ff390011002000010078000002eb00e8
:106300008086eb00160037008d82450065437800db
:10631000eb427900854f530005003a00810f500091
:106320000c0032000000e800040178000b00370088
:10633000854f5300020031008d00510006003700e8
:106340000401e800840678001100200001007800b4
:106350000200370080007800100020000202780060
:1063600004014000890f5100e7ff39000d01e800ea
:106370000300e800800f510002003600010578009c
:1063800001003700830678000d02e8008a8045008e
:10639000040178000b00780034179a009409070074
:1063a0003e1292000000e000080032000905e900fa
:1063b0000d0555008d0f5500010031000d057800c9
:1063c0000a05e8008002eb00010037008a825400d1
:1063d000880178000006eb0008805100890f50000a
:1063e0001600310009037800f603b30006017800b7
:1063f0008000eb000300780003179a0034179a001e
:1064000015179a0026179a00490907008e11920065
:106410003e1292009e1292002e1392000000e000a5
:106420000500320088005000898f50003a00390082
:106430008001780001003700868141008900440016
:1064400071f897000080fb006f01600017002000ca
:10645000823bdd004401de00020141006e03790051
:10646000068163000d00320000004000000047007c
:1064700000109000008054000a0032000500e00087
:10648000150032000c00e000130032008a0f5000ab
:10649000110031000a8054000f0037000104780019
:1064a000ccff37000c007800840f56000300310049
:1064b00004007800010037000000e800eb4078009d
:1064c0000104e000060032006841780082cf5000ed
:1064d000f9ff32000d00500000044400bdff3700fa
:1064e0000d0078008000e8008c8f50000800360016
:1064f0006b417800e84078000000e900814f5100ce
:10650000f8ff32000a04440005067800b2ff3700a5
:1065100008007800010037000000eb004f06be00c5
:106520004f05be004f04be000080fa0000000600c8
:10653000881f780001047800984078000104e0008a
:10654000260032008100fb008d0a07000000e000f9
:1065500022003200984090000104e0001f00320049
:10656000904090000104e0001b003200a840900021
:106570000104e00003003a0088007800a4fe070050
:1065800016003700a04090000104e0001200320025
:10659000b84090000104e00003003a008800780051
:1065a000b1fe07000d003700b04090000104e0008c
:1065b00009003200c84090000104e00003003a00e6
:1065c00088007800d7fe07000400370088007800b4
:1065d0000aff0700010037000000eb004f047800bd
:1065e00000000600ec874700889fbe008a9fbe001f
:1065f0008c9fbe008e1f7800000678000104780092
:10660000180790002805900098067800cdb79f00e5
:10661000b80590003202be002203be000400be0096
:106620000601be004f18de006011b8008000eb00cc
:10663000d0b79f00e1b79f00f2b79f0083bf9f00d4
:10664000800478000900e000060032006000b80015
:106650006011b800040250008582580006035900fa
:10666000878359000e00e000020035000d10a100e4
:10667000cdb79f000900e00005003a004fb0970039
:106680000028a30002003a000038a30002003200f4
:106690008a00e900010037008a007800f88157007d
:1066a000a200200008007800860007000900e00032
:1066b00003003a00cfb097000128a3000800320081
:1066c0000000e90000814500b1c2b3000900e0000c
:1066d00001003200d1c2b300014978000500370043
:1066e0000138a300030032000000e90001c2b3003a
:1066f00081757800480190000201e9000001510015
:10670000808045004fb297008a0178000c00780025
:106710003f0207009c0090000188a30004003200a3
:1067200098009000810f500001003d0001007800aa
:106730004f0778004f06be004f05be004f04be0055
:10674000cf00b100000006000200fa00889fbe00e2
:106750008a9fbe008005780001047800020078005e
:10676000180190002805900098007800b1bf9f00a4
:10677000b80490000200e000020035000110a10002
:10678000b1bf9f00ea815700820020008a00780094
:106790003002be002003be00080078004900070058
:1067a0003fb99700f0006100030032000000e900eb
:1067b00001c3b300817478003fb99700e80061001d
:1067c000030032000000e90001c2b30081747800c8
:1067d000480190000201e90000015100808044005e
:1067e0003fba97008a0178000b0078000802070082
:1067f0009b0090000188a3000400320098009000e4
:10680000810f500001003d00010078004f05be00df
:106810004f04be000080fa0000000600ea8747002f
:10682000889fbe008a9fbe008e1f780000047800fb
:10683000030078007287570084e2260055c72600bf
:10684000049fbe00c3962200030f78006c87570098
:10685000004feb0011059000a10490009105780015
:106860000200e00002003200020778000100370059
:10687000728757000000e00002003a000e00780026
:10688000f40907000a00e000030035008a0f5000f9
:10689000010036000a0078000b02780089017800b8
:1068a000000178008e00780008007800d801070009
:1068b0004f0778004f05be004f04be00af00b10087
:1068c00000000600f4874700889fbe008a9fbe0034
:1068d0008c9fbe008e1f78000605be000404be001b
:1068e00081bf9f0082b79f00f3b79f00b000900068
:1068f000e1b79f001301780092b79f0090069000c7
:10690000400090000000e900000678000d00e00063
:1069100001003d001d0020008040eb00efb197001a
:10692000817178001e0020001f0037000c06e9006e
:106930000fb09700cf80de006109b900a0b79f00bb
:10694000b1b79f00c2b79f00d3b79f000203be003c
:106950000002be000800be000a01be00441107008c
:10696000000778000e4078000043b000efb09700b9
:1069700080707e008d06e9000fb997000201e900e2
:1069800082bf9f002fb29700bfb297004fb397000e
:10699000dfb397000800be000a01be002d110700fa
:1069a0000205be000004be000c00e0000d00340033
:1069b000e00f5400e08f5c00e00f5d00e08f5d00b1
:1069c000daff3a000d00e000d8ff3c008fb99700d5
:1069d0000300e000030034001fb097000018a3007c
:1069e000d2ff3a000e00e00002003a00ffb097002c
:1069f0001140a1000c0078004f0778004f06be0040
:106a00004f05be004f04be004f01b100000006005c
:106a10000200fa00889fbe008a9fbe000005780031
:106a2000010478000200780018019000a80490008a
:106a300098007800b1bf9f00b80590000200e00008
:106a4000020035000110a100b1bf9f00ea8157008c
:106a5000a2002000890078003002be002003be00a2
:106a60000800780097ff0700480190000201e90044
:106a700000015100808045003fba970089017800ed
:106a80000a007800620107009a0090000188a300c4
:106a90000400320098009000810f500001003d007a
:106aa000010078004f05be004f04be000080fa00d0
:106ab00000000600fa874700889fbe008a9fbe003c
:106ac0008c9fbe008e1f780080047800010478003f
:106ad00082057800180190002805900018077800ba
:106ae000b80090000200e000020035000e10a10086
:106af000010037001200200070006700e0b79f001f
:106b0000090032003b02be002b03be00e00f520022
:106b1000e08f5a00e00f5b00e08f5b000200320064
:106b20008a86e900010037008a067800e8026700db
:106b3000f5b79f00010032008d06e9003b02be0060
:106b40002b03be00e4af9f00f5af9f0086b79f0008
:106b500097b79f00480690000c06e9000040eb0044
:106b600080707e00efb297007fb2970089037800b3
:106b700081047800d8af9f00020478008bbf9f008b
:106b80008a057800034578002a0037000c06e900e2
:106b90006fab97006f006300e90f500002003c00ec
:106ba0000003b000010037007005b0000a03fb00cd
:106bb0001604b100f90f53000c003e0000037800ea
:106bc0000650a0001606b100f90f530007003e0062
:106bd000b4b79f00a5b79f00c7b79f00770907000c
:106be000cfb39700afb297003fb2970080747e009a
:106bf0000804e9008d06e9006fa89700ffa8970038
:106c00000fb197009fb19700460020008301d1008b
:106c10000281d3008180d3000080d3000603e90005
:106c2000faff3a00e0af9f00f1af9f0082b79f00ec
:106c300093b79f00e10f56000f0034006fa8970034
:106c4000ffa897000fb197009fb19700e00f500089
:106c5000e08f5800e00f5900e08f5900cbff3a0059
:106c60000800e000c9ff3c000d00e0000200340015
:106c70000e18a300c5ff3a0089007800f4b79f0002
:106c8000870478005fac97008a4178000b05780094
:106c90008fbd97000500e000100032003b02be00ef
:106ca0002b03be00e4af9f00f5af9f0086b79f00a7
:106cb00097b79f00e00f5200e08f5a00e00f5b0093
:106cc000e08f5b00050032000c06e90083707e0057
:106cd0000c06e90000c3b30080707e00ffb297008d
:106ce0000500e000030032000c06e90000c2b3001a
:106cf00080707e00480190000201e9000c01510003
:106d00008c8040000e0278008a017800090078002b
:106d1000bf000700990090000188a3000400320022
:106d200098009000810f500001003d0001007800a4
:106d30004f0778004f06be004f05be004f04be004f
:106d4000af01b10000000600820178000101780067
:106d5000f1ff27002e093700960637003c00fa00a5
:106d60008f017800c303b1001d0009008019eb00fa
:106d7000c0a79f0080b79f00c06a2300b0b79f00e4
:106d800040fc2f000f004000130907000080fa00ac
:106d90000000060084082000848f50001d0032008f
:106da0000d003c0014082000848f500027003200a2
:106db00002003c00040820000400370024082000e2
:106dc000848f50003400320044082000848f50002b
:106dd00043003a0036003700040a2000848f500038
:106de0002700320004003c0004092000848f50007a
:106df0003b003a0028003700020c2000828f500030
:106e00002f003200020f2000828f500034003a0021
:106e10002b0037009380e9000200e00005003200fb
:106e2000810978001102fb00cfa2de00612bb900be
:106e30002800370081097800114278000482fb00a5
:106e40008002eb006033b8002200370013027800a4
:106e5000e40052000200e0000500320081097800e1
:106e60001102be004fabde00860378001900370028
:106e7000810978001102be006033b80015003700a8
:106e80009380e9008109780011027800cfa2de002a
:106e9000612bb9000f00370093027800e8805200a0
:106ea000810978003102be002103be0009003700cd
:106eb0009380e9000200e00002003200f1ff370099
:106ec0009380e90081097800110278008002eb00cc
:106ed0006033b8000498be000690be0010000500a4
:106ee0000000050044082000848f50002500320077
:106ef00008003c0014082000848f50001400320069
:106f000024082000848f5000240032000408200050
:106f10000c00370004092000848f50001f0032004d
:106f200004003c0084082000848f500024003a00b4
:106f30000e003700040a2000848f50001100320038
:106f4000040c2000848f50001d003a000d00370013
:106f50009380e900810978009100780001087800a9
:106f6000cf91de008288be00140037009380e900d4
:106f70008109780091007800010878008248780043
:106f80000e0037009380e9008109780091007800b5
:106f90000108780082087800080037009380e90033
:106fa0008109780091007800010878006112b90029
:106fb000612bb9008498be008690be0010000500c9
:106fc00000000500889fbe00000478004800900083
:106fd00082047800808f540001003600800478001d
:106fe0000901780058009000dbfb07005800900072
:106ff0000900400050049800c800900089845000a7
:10700000490498000048eb004f04be000000060051
:10701000f2874700889fbe008a9fbe008c9fbe00fb
:107020008e1f780080047800010578000204780043
:10703000830578006107620002003a008b0f54005c
:1070400008003900080178008a00780009007800fb
:10705000f00b07008b0f5400020039008805780000
:107060001e003700088655000c017800f00f56000e
:107070000100360002012000010220007e8057003e
:10708000690607008c067800050037000201200021
:10709000fe80570009007800de0b0700f0865600de
:1070a000ef8f5600f9ff3e004461de0000ff2f0025
:1070b0000091b90002014600fe80570009007800e7
:1070c000d40b07000e00e00004003a00080178002d
:1070d0008a00780009007800ce0b07000b007800ca
:1070e0004f0778004f06be004f05be004f04be009c
:1070f0002f01b1000000060000000500000005009f
:1071000000000500000178000040eb008080fb00db
:1071100081804000c3c9200063c278000404e000fd
:1071200003003a00d0c9200060c0780000000600cb
:1071300092017800934f520004003a00d0c9200019
:1071400060c078000309e800010037000040e80053
:10715000ea4f5000edff360000000600f6874700ba
:10716000889fbe008a9fbe008c9fbe008e1f780045
:107170000005780001047800830578000406780093
:107180000000eb00c0b79f008080eb00d1b79f00ec
:10719000e0b79f00f2b79f000008200080bf9f006b
:1071a00098007800010078008004eb0001003700af
:1071b0008904e800304178000204e0000300320056
:1071c00053c2b300834f5100f9ff3a000900e000b9
:1071d00004003200090178000a0078008d0b0700d6
:1071e000188c44001807780050c2b3009e4f10005e
:1071f0003f013a000e07e8000e0c7800100037003f
:10720000cfb097000100a0000b003700cfb097006f
:107210000110a00008003700cfb097000120a000a7
:1072200005003700cfb097000130a0000200370002
:10723000cfb097000140a000c1b79f00000ce8004c
:107240001800780090407800b2c2b30082cf50009e
:10725000f1ff320007003c0002c2b30082cf5000b1
:10726000f0ff320032c2b30082cf500007003a0074
:10727000efff3700d2c2b30082cf5000e0ff3200f0
:1072800002c3b30082cf5000e0ff3200a2c2b300bd
:1072900082cf50000d003a00000ce8001c80e9008d
:1072a000000e780010007800e0b79f000000e000ba
:1072b0000f003d00cfb097000100a200c1b79f00b2
:1072c0000000ea00e0b79f000900370065050700ed
:1072d000e0b79f0001003700000ce80018007800bc
:1072e0009000fb000103b100e98f5000faff360067
:1072f0004fb097000008a300020032000010a10068
:10730000c0b79f0018007800e1c2b30090cf100012
:1073100016003a008000eb00d1b79f000000e800a3
:10732000000c7800a1c2b30090cf100006003a0014
:10733000000ce8001c80e900000e780010007800c6
:10734000d0b79f000900370046050700d0b79f005f
:1073500001003700000ce800180078009000fb00e6
:107360000103b100e98f5000faff360008007800f1
:1073700064ff070080467800180078001000fb00ca
:107380008707070091062000810f50003800320067
:1073900012003c0041062000810f500034003200f2
:1073a0000a003c0011062000810f5000200032002e
:1073b00031062000810f5000a00032005102200051
:1073c000810f5000bc003a00b40037007106200065
:1073d000810f5000b8003c008800370001072000f2
:1073e000810f50005c00320007003c00e1062000e5
:1073f000810f50007a003200f1062000810f50000a
:10740000ad003a003900370051072000810f5000cd
:107410002700320081072000810f50004200320017
:1074200031072000810f5000a3003a008f00370081
:107430008d80fb000c01780000fe2f000f00400043
:10744000980707000000e000a8003200180078004c
:10745000000ce8009041780002fe2f000f0141006f
:10746000f88057000a00780024ff07000e0037005c
:107470008d80fb008c0178001200200000fe2f00a0
:107480000f00400043fe07000000e00097003200bc
:10749000180ce80002fe2f000f014100f880570091
:1074a0000a0078004ffc07008084440090003700f9
:1074b0008d80fb008c0178000001eb0000fe2f00a6
:1074c0000f00400033fe07000000e000870032009c
:1074d000180ce80002fe2f000f014100f880570051
:1074e0000a0078004afd0700efff37008d80fb009f
:1074f0008c0178000001eb0000fe2f000f0040001f
:1075000024fe07000000e00078003200180ce800bc
:1075100002fe2f000f014100f88057000a0078009a
:1075200089fc0700e0ff37008d80fb008c017800ac
:107530000001eb0000fe2f000f00400015fe0700c9
:107540000000e0006900320018007800000ce8003c
:10755000904178001c0037008c0178000001eb009e
:10756000010f200000fe2f000f00400009fe070061
:107570000000e0005d003200180ce8000fb097003a
:107580009fb097002fb19700bfb19700e00f500058
:10759000e08f5800e00f5900e08f590009003a00d1
:1075a000cfb597006fb4970040c92000a906070027
:1075b0000b027800880178000001780041c92000a2
:1075c0004700370083c7b30002fe2f000f014100c0
:1075d000f88057000a00780036fd0700b2ff370038
:1075e0000b8144008d80fb008c01780000fe2f0091
:1075f0000f0040003bfe07003c0037008d80fb0081
:107600000c01780000fe2f000f0040002507070046
:107610000000e0003500320018007800000ce8009f
:107620009041780002fe2f000f014100f8805700c2
:107630000a007800b1fe07009bff370000c8b300c6
:1076400080cf560029003a00180ce8001c80e900a1
:10765000000e780010407800e0df9f00130020004b
:10766000e2fd2f000f0141000800370000c8b30001
:1076700080cf56001d003a00180ce8001c80e9007d
:10768000000e78008001eb0010017800f8805700b0
:107690000a00780061fc070083ff370000c8b300d0
:1076a00080cf560011003a00180ce8004fb2970046
:1076b000efb19700080037000e0c78000000eb00d7
:1076c000c0b79f00e0b79f000080eb00d0b79f00dd
:1076d0000002eb008401780012002000a1c9200004
:1076e0000a0078004afe07006fff3700180ce80018
:1076f000090078004f0778004f06be004f05be0016
:107700004f04be006f01b100000006008200fa00c5
:10771000889fbe008a1f78000005780082047800e8
:10772000c13f9f000004eb00100037000902780001
:1077300088017800a2f72f000f01410081f72f0088
:107740008f8040000a00780084fe07000800400097
:10775000880f500004003d00b0042000d065880070
:107760000084eb0004003700000478004f389700d5
:107770001004e000edff3a00080078004f057800a3
:107780004f04be000080fa00000006000200fa006c
:10779000889fbe0081047800820078000301780091
:1077a0003104900036070700e10f40000b00320063
:1077b000a2002000e6805700080078006a06070053
:1077c000809cbe008294be0010002000dfb89700ad
:1077d000810f540001003a00e0ff2f004f04be006b
:1077e0000080fa0000000600ea874700889fbe007c
:1077f0008a9fbe008c9fbe008e1f78000004780018
:107800000105780083bf9f00a20590004200900010
:10781000e0b79f00b2049000830078001106780062
:1078200008007800bb0107008fb897008c08400063
:107830000b00e00004003a006fb097000000e90080
:10784000f0b79f0001003700fbb79f00ad0020009c
:107850000007eb001b00370078089000b81090007c
:10786000810f500003003100b085fb00700c9800c0
:107870000800370008007800f4040700800578004d
:10788000e18f450003003a000c00e0005c003c0082
:107890006f0037000c00e0000c003a00b00220003e
:1078a000808f550003003200d0022000808f5500e9
:1078b00006003a008b4c78008fb897009108e800da
:1078c0001e0020000e067800460037008e0f56007e
:1078d00029003a000c07e800ea8f560004003a003d
:1078e00000032000808f550022003a001f0037005f
:1078f000e88f56001f003a008b0078000150a0006e
:1079000080072000808f50001a003a00f80890008d
:1079100038109000808f5000030031003180fb0050
:10792000710c98000200370008007800c7040700b7
:10793000b81090000100e00003003200f808900049
:107940008100e900710c9800ec0307000000e000e2
:10795000130032008b747e000fb897001008e80007
:107960000e0678000d0120001e0037008d0020005b
:10797000010037000007eb0000fd2f000b00400066
:10798000e90f50000d003600f08f560004003a0059
:107990000b007800d90307000000e0000d003a005a
:1079a000381090000000e0001500320078089000c8
:1079b0000000e900700c980011003700e88f5600b5
:1079c00004003a0070032000808f5500010034004d
:1079d000ad0020008b747e000c06e8008fb8970085
:1079e0009108e8007fb09700800f560004003d002a
:1079f000efb097000100e900800f560096ff3500b8
:107a00000040eb0080747e00ea8f560005003a00cb
:107a10000d017800f680570009007800d2050700b4
:107a2000040037000d017800f68057000900780047
:107a3000c9050700009dbe000295be001b00200086
:107a40005fb09700808f540001003a00ebff2f00d9
:107a50000b0078004f0778004f06be004f05be00b0
:107a60004f04be00af00b10000000600e6874700eb
:107a7000889fbe008a9fbe008c9fbe008e1f78002c
:107a800000047800010578000306780022079000c2
:107a90004200900080bf9f00b20490009c057800d7
:107aa000080078001b0107000b0e40000e00e000ec
:107ab00002003a008fb897000107e90089067800b4
:107ac0008005eb001c003700f8089000381090008b
:107ad000808f5000030031003180fb00710c980052
:107ae000070037000800780058040700e10f400045
:107af00003003a000b00e00015003c0021003700b5
:107b000001fd2f0080804000e78f50000700360005
:107b1000381090000000e0000d003200780890005e
:107b20000000e900700c980009003700805e7800c2
:107b30008b05e8001c0ee8008e8f550004003d0008
:107b40008fb897000100e900808f5500deff3500f7
:107b50000040eb0080f47d0082002000f28057009e
:107b6000090078007c050700009dbe000295be005c
:107b700010002000ffb09700818f540001003a00f0
:107b8000e0ff2f004f0778004f06be004f05be00f4
:107b90004f04be006f00b1000000060080007800b6
:107ba0001000200002022000828f500004003200ea
:107bb000e9805000e48f5000010036000000eb0027
:107bc00000000600889fbe008a9fbe008c9fbe00fa
:107bd0008e1f78000004be000205be0084067800f7
:107be0000a00e000040032001b067800080078005c
:107bf000c80007008c0d4000290790008004eb00ae
:107c00002100370078089000b8109000810f5000d4
:107c1000030031003086fb00700c9800080037002c
:107c2000080078000904070000067800e10f46000c
:107c300003003a000900e00017003a002000370076
:107c40000a00e0000b0032000c007800d3ff0700b0
:107c50000000e00007003200381090000000e00053
:107c60000d003200780890000000e900700c9800c8
:107c7000090037000d00e000010032008cf67c00a6
:107c80008904e8009b0de8000e00e000ddff3200f3
:107c90008e8f5400dbff35000d00e0000400320041
:107ca0000a00e000020032000040eb0080f67c0099
:107cb00009f0a7008904ea000906ea004f66de0021
:107cc0000c0078004f0778004f06be004f05be003d
:107cd0004f04be00000006000200fa00889fbe00ac
:107ce000810478008200780003017800310490005c
:107cf000e3050700e10f40000b003200a200200066
:107d0000e68057000800780013050700809cbe003d
:107d10008294be0010002000dfb89700810f54004d
:107d200001003a00e0ff2f004f04be000080fa007f
:107d300000000600e8874700889fbe008a9fbe00bb
:107d40008c9fbe008e1f780000047800010578002b
:107d500083067800a205900042009000f0b79f00d3
:107d6000b20490001d067800080078006900070042
:107d70008c0e40000b00e00004003a00ffb09700ba
:107d80008100e90081bf9f00010037008bbf9f0089
:107d9000090778000006eb003900370078089000ea
:107da000b8109000810f500003003100b085fb0037
:107db000700c98000800370008007800a303070043
:107dc00080057800e18f450003003a000c00e000d8
:107dd00032003c003e0037000b007800c70207006d
:107de0000000e00023003a00e10f56001a003a00bc
:107df0000b007800ea04070081072000810f500083
:107e000015003a0000c3b300994f100012003a0069
:107e1000f808900038109000808f50000300310067
:107e20003180fb00710c98000200370008007800d8
:107e300086030700b81090000100e0000300320044
:107e4000f80890008100e900710c9800ab0207006f
:107e50000000e00007003a00381090000000e00049
:107e60000e003200780890000000e900700c9800c5
:107e70000a0037000b5f78000c06e8009d0ee80052
:107e80000fb89700800f560004003d00ffb0970028
:107e90000100e900800f5600c0ff35000040eb00f4
:107ea00080747e0002012000f480570009007800f1
:107eb000a9040700009dbe000295be001b00200023
:107ec0006fb09700808f540001003a00ebff2f0045
:107ed0000b0078004f0778004f06be004f05be002c
:107ee0004f04be008f00b100000006008000780043
:107ef0001000200002022000828f50000400320097
:107f0000e9805000e48f5000010036000000eb00d3
:107f100000000600889fbe00000478008004eb008b
:107f20000b003700f1ff07000000e00007003a00f7
:107f3000381090000000e000100032007808900037
:107f40000000e900700c98000c0037008904e8007c
:107f5000f808900038109000808f50000300310026
:107f60003180fb00710c9800eeff370008007800ac
:107f700036030700e10f4000eaff3a0009007800ed
:107f80004f04be0000000600889fbe008a1f7800d4
:107f90000004be00190078001000fb00d3ff0700aa
:107fa0000005eb000000e000090032000800780046
:107fb000d8ff0700000578001900e800800c780061
:107fc0001000fb00c9ff07000000e000faff3a00c4
:107fd0000a0078004f0578004f04be00000006003c
:107fe0001801fa00889fbe008a9fbe008c9fbe00c9
:107ff0000005780001047800830578000406780005
:1080000068004700040009000018eb0072079800a0
:1080100000082000000f9800880078000a0078000f
:10802000d9ff070080067800190037007a08900011
:10803000ba109000810f500003003100b084fb00a3
:10804000700d9800050037000a007800ff02070055
:1080500080047800e18f44000700320018007800a7
:108060001000fb00808f5400030032003a10900093
:10807000e9ff2f00110137009b0de800180ce80004
:10808000880078000a007800bfff0700808646005d
:1080900018007800904078000104e00003003200ee
:1080a00052c2b30082cf5000e0ff3a009b8d4600e1
:1080b00051c2b30090cf10008f013a000000e800d9
:1080c000000c78008000eb006107980081067800c2
:1080d000a1c2b30090cf100002003a00000ce800eb
:1080e0001d00200018007800de01070060079800de
:1080f0006102b900612bb9000a007800ae020700e6
:1081000001003700000ce800180078009000fb0028
:108110000103b100e98f5000faff36000800780033
:10812000f8fb070040579a00180078001000fb0089
:108130001b04070091062000810f50003a00320016
:1081400015003c0031062000810f5000a2003200d3
:108150000a003c00b1052000810f5000dd00320014
:1081600011062000810f50008900320051022000ca
:10817000810f50005f013a00bb003700410620002c
:10818000810f50001900320071062000810f50004d
:1081900058013c007e00370001072000810f50008d
:1081a0005b00320007003c00e1062000810f500018
:1081b00067003200f1062000810f50004d013a00a7
:1081c0003300370051072000810f50002a00320091
:1081d00081072000810f50003e003200310720004f
:1081e000810f500043013a008e0037008b01780068
:1081f000680147008e0078000a00780063fd0700e0
:10820000800478000900e0003e013500180ce80009
:108210008004eb000d00e0003a013a004e5192005c
:108220008280fb000e0037008b0178006801470058
:108230008e0078000a0078006bfd0700800478004b
:108240000900e0002f013500180ce8008004eb0065
:108250000d00e0002b013a004e5092008080fb00a0
:108260008c017800120020000e0078004b040700fb
:1082700080047800230137008b01780068014700f3
:108280008e0078000a00780093fe07001600370081
:108290008b017800680147008e0078000a007800a2
:1082a000f2fd0700800478000900e00015013500a8
:1082b000180ce8008004eb000d00e00011013a000a
:1082c0004e5092008080fb008c01780009017800fc
:1082d000e5ff37008b017800680147008e007800c9
:1082e0000a00780093fe0700800478000900e0008f
:1082f00004013500180ce8008004eb000d00e000dc
:1083000000013a004e5192008280fb00eeff3700e0
:108310008b017800680147008e0078000a00780021
:1083200084fe0700800478000900e000f5003500b5
:10833000180ce8008004eb000d00e000f1003a00aa
:108340008c01780009017800010f2000c6ff37007a
:10835000180ce8001b007800cf80de006109b9002e
:10836000009fbe000297be008004eb000d00e000fd
:10837000e4003a004e5092008080fb008c017800af
:10838000090178000e00780004040700dd003700c2
:108390008b017800680147008e0078000a007800a1
:1083a000de000700800478000900e000d5003500f9
:1083b000180ce8008004eb000d00e000d1003a004a
:1083c0004e5192008280fb000c0178000e00780074
:1083d000d3030700a6ff370000c8b300ce509200b9
:1083e00080cf5000c3003a006e0090000000e00013
:1083f00002003a001000200060079800180ce80006
:108400000002eb000d00e00003003a001c80e900d0
:10841000000e7800100278008b0178000001eb005c
:108420000d00370000c8b3004e519200804f51003c
:10843000b0003a00180ce8000002eb000d00e0006c
:1084400003003a001c80e900000e7800100278005a
:108450008b01780012002000e80047000a00780035
:10846000d8fd070082ff370000c8b300ce5092004d
:1084700080cf50009f003a00180ce800fa089000e6
:108480003a109000808f5000030031003180fb00d3
:10849000710d9800020037000a007800eb01070018
:1084a00051022000810f500002003a009b0de800ad
:1084b000930037003a1090008004eb000000e000c9
:1084c000900032007a0890000000e900700d9800da
:1084d0008c00370000c8b3004e519200804f51000d
:1084e00084003a000002eb000d00e00003003a00b7
:1084f0001c80e900000e7800100278001800e800e7
:10850000000c78008004eb00e1c5b30090cf1000b0
:1085100002003a00000ce8001900200012102000b0
:108520008900780072004700340f99003e0107006f
:108530000040eb0020579800180078009040780029
:10854000d2c2b3003e0a910082cf500005003a002b
:10855000000ce80010c0b3000940500000c79800ac
:1085600028003700d2c5b30082cf500025003a0062
:10857000000ce80010c0b3000940500000f798005c
:10858000200037000004e00023003200d3c2b30013
:10859000834f500014003a001800900010407800fb
:1085a0000004e00010003200814f50000e00320045
:1085b0000201e800020c780078b897001000fb0078
:1085c000f2004700008040000200370011c0b300f5
:1085d00009e85000f2014700830150009200fb00bf
:1085e000818f5100f9ff3500180078009000fb00e2
:1085f0008100470012c0b30009415100b2509800f9
:10860000000ce8001801780012407800d1c5b300d2
:10861000814f5000dbff3a000400e00018003200f8
:10862000840678000006eb0003003700895e7800be
:108630000c06e8009b0de8007a089000ba10900044
:10864000810f500003003100b084fb00700d9800d2
:10865000050037000a007800340f99007b010700fd
:10866000800478003e0a91000900470030509000d5
:108670000004e000edff3a00120037009b0de80017
:108680007a089000ba109000810f5000030031006a
:10869000b084fb00700d9800050037000a007800d8
:1086a000340f990069010700800478003e0a9100a8
:1086b00009004700305090000004e000efff3a004e
:1086c0000006eb003a1090000000e00003003200ca
:1086d0007a0890000000e900700d98000c00e0009e
:1086e000040032000400e000020032000040eb0011
:1086f00000727e00180ce800e18f44000100320097
:108700008004eb00090078004f06be004f05be0054
:108710004f04be000080fa000000060000000500c3
:10872000000005008400fa00889fbe008a1f7800c0
:108730000005780082047800b13f9f000000eb0044
:10874000c03f9f00000478000d0037000902780048
:1087500083f72f008f814100a2f72f000f01410006
:1087600061f72f008f8040000a0078001cfe070090
:10877000800178000300e000040035000304440099
:108780003f3897001004e000f0ff3a00e18f41000d
:1087900003003a000800e00001003a0003047800fa
:1087a000080078004f0578004f04be000080fa00f2
:1087b00000000600889fbe008a9fbe008c9fbe00fe
:1087c000800578008106780002067800eb0c9000a6
:1087d000081020000c044400080178008000eb0021
:1087e00009007800520007000000e000010032009c
:1087f00009045000080578008c0f54000100360071
:108800000c0578000a017800890078000d007800d6
:10881000d1f507000a804400f00d98000884440058
:1088200088159800e80d98000a0078004f06be00f1
:108830004f05be004f04be00000006008000780017
:108840001000200002022000828f5000040032003d
:10885000e9805000e48f5000010036000000eb007a
:1088600000000600889fbe008a1f7800000578007f
:108870000a047800984478000805e8000900fb0025
:10888000eeff07000000e000f9ff3a00b0c2b300bd
:1088900080cf540005003200d0c2b3008000eb004e
:1088a00080cf540005003a00020037008000eb0042
:1088b00001003700110020000804e8000000eb0070
:1088c000030037006a02b900020052000003b00042
:1088d0003801fb0003fd2f0082814100e98f510028
:1088e000f8ff36000100e00001003a000000ea0055
:1088f0004f0578004f04be0000000600800078009d
:1089000002fd2f000101410010002000e90f51007d
:10891000050036000150a0001106b100e58f50009f
:10892000010036000000eb0000000600f3ff3700f6
:108930008180fb00010037000201e900800178001e
:108940000008a300060032000200e000230032000d
:108950003082fb00810f5200f7ff3a00030037001e
:108960000000eb000200e0001e0032001380fb005c
:10897000810f50001c00320014102000048ab9003e
:1089800084027800010037000281e90003007800ca
:10899000e10f51000a00360033826a00f6ef2f0023
:1089a000040343000482ea0004026300060828006e
:1089b00006026200f4ff3200010037000201e90004
:1089c000800178000200e000050032003082fb00e8
:1089d000810f5200f9ff3a00030037000000050044
:1089e0000000eb0000000600030078000000060015
:1089f000010037000201e9000200e000050032003a
:108a000030427800b1417800834f5200f9ff3200c4
:108a100001003700000005000480fb008381fb009b
:108a20000300500000000600889fbe008a9fbe0021
:108a3000800478000200e0005b0032000140780012
:108a4000814c780082814400f1f99f00e20f5100cf
:108a50005500360091449800a1449800e1f99f0028
:108a6000d1f99f00e60f51004f003600b144980045
:108a7000c1f99f00e80f51004b0036000905ea00dc
:108a8000630565000a8444000a055100c1ff2f00f8
:108a9000010565000080fb008000eb001210200043
:108aa000131020004c080700008cbe000a0144008f
:108ab00060b99f0071b99f00e80f55003a00360079
:108ac0002004980031049800400498005104980054
:108ad00020b99f0031b99f0040b99f0051b99f0054
:108ae000f80f5500300036006004980071049800bb
:108af000000c9800110c9800200c9800310c980084
:108b0000400c9800510c980020b19f0031b19f009b
:108b100040b19f0051b19f0060b19f0071b19f00b3
:108b200000b99f0011b99f00640164007801410001
:108b300002044400020555006011b8000203be00a3
:108b40000002be000403be006022b80000007200f4
:108b5000818072000201730083817300100037006e
:108b6000009cbe000294be0040049800510498008e
:108b70006204980073049800000c9800110c98008f
:108b8000220c9800330c9800400c9800510c98006f
:108b9000620c9800730c98000a02b1000802b00041
:108ba000ff0f5500eeff3e00090078004f05be00a4
:108bb0004f04be0000000600889fbe008a9fbe00d2
:108bc000441098005510980066109800771098008f
:108bd000f00890002004900001045400cfc4de008f
:108be000614db90008189800191898002a189800c3
:108bf0003b189800e00f5200e08f5a00e00f5b0036
:108c0000e08f5b000c00320000149000010454005f
:108c1000cfc4de00614db9000440e10005c8e100a9
:108c200006d0e10007d8e1000300340004824000d0
:108c30003410980002003700801090003110980026
:108c40004f05be004f04be00000006002800fa00d9
:108c5000889fbe008a1f780000047800f808900002
:108c60002800900000805000081a9000981a900088
:108c7000281b9000b81b9000cf80de00040240004b
:108c8000858248000683480087834800481090008a
:108c9000d810900068119000f8119000e00f50007b
:108ca000e08f5800e00f5900e08f590005003200b6
:108cb0000020e10001a8e10002b0e10003b8e100fa
:108cc0000d003d0008007800d4b79f00e5b79f0075
:108cd000f6b79f0087bf9f003c0207008004780022
:108ce0005fb29700efb297007fb397008fbb9700fa
:108cf0000900e00016003d0078089000a8009000f0
:108d0000808050004f89de000482400085024900c7
:108d10000603490087034900041c9800151c9800ad
:108d2000261c9800371c980030149800f0ff2f0084
:108d3000f1ff2f000001be0040149800511498006c
:108d400062149800731498008084eb00520037007e
:108d500061004200e0804a0060014b00e0814b006e
:108d600090bf9f00a1bf9f00b2bf9f00c3bf9f00e5
:108d700048129000d812900068139000f8139000e9
:108d800094b79f00a5b79f00b6b79f00c7b79f00d5
:108d9000e00f5200e08f5a00e00f5b00e08f5b00b5
:108da00028003200780d9000081190000a0151004f
:108db0006112b900612bb900d4af9f00e5af9f00ed
:108dc000f6af9f0087b79f001fb09700afb0970026
:108dd0003fb19700cfb197001fba9700afba970085
:108de0003fbb9700cfbb9700040050008580580020
:108df000060159008781590090af9f00a1af9f00e5
:108e0000b2af9f00c3af9f005faa9700efaa970081
:108e10007fab97008fb397000020e10001a8e1002d
:108e200002b0e10003b8e100060034009fb29700f1
:108e30001fbb970006815200820045003114980044
:108e40000200370088139000371498002801900022
:108e5000f8089000810151001fba9700afba97003f
:108e60003fbb9700cfbb97004f98de0004824100c4
:108e7000850248000603480087034800041c980048
:108e8000151c9800261c9800371c9800828f5000f3
:108e900001003e00f9f89f00090078004f057800b6
:108ea0004f04be000080fa0000000600881f780012
:108eb0008101780000027800808268000508a30024
:108ec00002003200210037000201e90003007800af
:108ed000040478000308a300070032000200e00049
:108ee00021003200b3407800015a78000104e0000c
:108ef000f5ff3a00020037000200e0001a003200dd
:108f00001004e00003003a0017003700031c78004b
:108f10000281e90080007800e10f5100080036006e
:108f2000b0017800f5ef2f00838242000382ea004f
:108f3000048262000508280005026200f3ff320087
:108f400008007800010037000201e9000004780001
:108f50000200e00004003200b141780003587800bc
:108f60000304e000f8ff3a008000eb0008007800fe
:108f7000adfe0700080078004f04780000000600ee
:108f8000881f780001047800880078000500070039
:108f9000904f1400010032000000eb004f047800f5
:108fa00000000600881f7800000478008180fb0024
:108fb0000a003a000800780026000700000044007c
:108fc000220037001804e000200032000804e80006
:108fd0001081fb00810f51001c0032000800780056
:108fe0000808a300f7ff3a0014102000048ab90013
:108ff0000801780038007800f5ef2f0080824200e9
:109000008081ea0083826200030828008382620074
:1090100007003a0000006a00f5ef2f00808242004e
:109020000080ea000080620083016000f0ff3200ef
:10903000020078001204e000040032000201e8009f
:109040009081fb00818f5100f9ff3a004f047800b6
:109050000000060080007800040037003104e000c2
:1090600002003a00000051000000060001017800f3
:109070000108a300f9ff3a0081017800310178006e
:10908000f4ef2f00020242000281ea0002016200b6
:109090000408280004016100f7ff32008300780013
:1090a000010178003104e000fdff3a0000005100aa
:1090b000000006004400fa00889fbe008a1f780066
:1090c0000004be000205780094bf9f00a5bf9f006a
:1090d000b6bf9f00c7bf9f000000eb00c09f9f006e
:1090e000a8af9f00d89f9f000080eb00b0af9f000b
:1090f0006022b8006033b80060fb2f000f00400012
:10910000adfe07001fba9700afba97003fbb9700ac
:10911000cfbb9700120020008a00780060fb2f0070
:109120000f004000480107000900e000060032007f
:109130003fb29700afaa970004824200df9a9700df
:1091400005025200840c44004f0578004f04be0015
:109150000080fa0000000600f4ff2f00f5ff2f004a
:109160000403be00d3ff37006022b80006002000d1
:1091700007002800cfff3700f4ff2f00f5ff2f0076
:109180006033b800cbff3700040020000500280042
:109190006033b800c7ff3700f3ff3700eeff37003a
:1091a000f1fb2f0080804000f98f500001003e004d
:1091b0000050a00000000600f9ff3700f1f92f0071
:1091c00080804000f98f500001003e00f005b200a1
:1091d00000000600f9ff37000200fa00881f78003f
:1091e00000047800e2bf9f00648157000800780007
:1091f0004cfd0700980090000148a30001003200d8
:109200000080eb004f0478000080fa0000000600a8
:10921000f28747008e1f7800020278000301780071
:109220000000e00002003200000778000100370073
:10923000728757008002eb000100e000010032005d
:109240008102e90070805700060009000018eb0059
:109250000080eb0080bf9f002310200093bf9f0081
:10926000aebf9f00b1bf9f00c5bf9f000100e000df
:1092700003003d00b1042000d165880006003700de
:10928000004feb00eebf9f00debf9f008400780020
:10929000708057003c0307004f0778002f01b10092
:1092a00000000600881f78000004780000082000f5
:1092b000808f50001700350010082000808f50006c
:1092c0000b00340030082000808f500011003a005d
:1092d0009200780068805000000978003002be00db
:1092e0002003be00049cbe000694be0007003700a9
:1092f0009202780064805200000978001000be00dd
:10930000a1050700009cbe000294be0010002000d2
:10931000010037000000eb004f0478000000060059
:10932000881f780013082000838f50000f00320040
:1093300033082000838f500004003200030820000f
:10934000838f500012003a00080037009280e90035
:1093500001097800910078003002be002003be00b1
:109360008498be008690be00070037009280e90016
:1093700001097800110478005001be004000be00d1
:10938000ea050700008cbe00100020000100370035
:109390000000eb004f047800000006008408200065
:1093a000848f50001d0032000d003c001408200086
:1093b000848f50001e00320002003c000408200090
:1093c0000400370024082000848f50001e00320063
:1093d00044082000848f500028003a002200370003
:1093e000040a2000848f50001f00320004003c005b
:1093f00004092000848f500020003a00120037003a
:10940000020c2000828f500017003200020f200053
:10941000828f500019003a00130037009380e90052
:109420008109780091007800904878001200370098
:109430009380e9008109780091007800b0187800e5
:10944000a01078000c0037009380e90081097800b3
:10945000910078003002be002003be008498be0058
:109460008690be00040037009380e90081097800ef
:1094700091007800900878001000050000000500b9
:10948000889fbe008a9fbe008c9fbe0000047800ab
:109490000205780021069000c1069000b1059000f9
:1094a0009a047800080078009afa0700090d400035
:1094b0000c00e00001003a000d06e9008004eb001a
:1094c00028003700f808900038109000808f500076
:1094d000030031003180fb00710c98000700370059
:1094e00008007800d9fd0700e10f400003003a00b2
:1094f0000900e00020003c00220037000900e000e5
:109500000a003a00b1022000810f5000030032002f
:10951000d1022000810f500004003a00804d7800f5
:109520001a0de800190020000e00370001fd2f0081
:1095300080804000e98f500007003600381090000e
:109540000000e0000c003200780890000000e90004
:10955000700c98000800370080f57c008904e80052
:109560001a0de8008c8f540003003d000d00e90047
:10957000808f5400d3ff35000040eb0080f57c0065
:109580000000eb004f06be004f05be004f04be00ba
:1095900000000600c06090000141e90081407100b8
:1095a0004160980010019000e40061000400320066
:1095b0000240a000120098000080eb0000000600ae
:1095c0000110980071089800000005000200fa00e0
:1095d000889fbe000004780008007800be030700e2
:1095e0008084eb000000e00009003a009811900030
:1095f00012002000e68057000800780003000100f8
:10960000e10f500002003a002ff897008084fb0021
:10961000090078004f04be000080fa000000060038
:10962000800078001000200002022000828f50008d
:1096300004003200e9805000e48f50000100360041
:109640000000eb00000006006f02b000889fbe0023
:109650008a9fbe008c9fbe008e1f78000006780097
:109660000107780082047800d4af9f00e5af9f0027
:10967000f6af9f0087b79f0040022000800f570081
:109680007d003e00e10f57007b0032007c08900017
:10969000bc109000810f500003003100b086fb0029
:1096a000700e9800030037000c00780067fd07007b
:1096b000800678000d007800d9ff07000000e00068
:1096c000f2ff3a00b0022000808f56000500320001
:1096d0008002eb0085af9f00d0022000808f5600f3
:1096e00010003a00dd82b2000df0a7008d06ea00fe
:1096f0008d06e900cfeede008daf9f007c08900064
:10970000bc109000810f500003003100b086fb00b8
:10971000700e9800030037000c0078004bfd070026
:10972000800678000e00e00002003200f00f5700c3
:1097300042003a0000032000808f56003c003a00af
:109740007c089000bc109000810f50000300310095
:10975000b086fb00700e9800030037000c00780004
:109760003afd0700800678008d0078000150a000c7
:1097700080072000808f50002a003a007c0890006b
:10978000bc109000810f500003003100b086fb0038
:10979000700e9800030037000c0078002bfd0700c6
:1097a00080067800c0b120006d4078000e012000d6
:1097b000ef4f50008d0036003c1090000000e0009c
:1097c00003003200fc0890008100e900710e98004f
:1097d0000900e0000c0032006022b8006033b800dd
:1097e000d4af9f00e5af9f00f6af9f0087b79f0003
:1097f0000000e000a10132007c0890000000e900b8
:10980000700e98009d0137006022b8006033b800e8
:109810000c007800e8fc07006000b8006011b80098
:10982000920137000e00e0009e0132001700370061
:109830000e00e00001003a00ae002000c0b12000a0
:109840006d4078000080fb008e0f50000f00390043
:109850003c1090000000e000030032007c08900003
:109860000000e900700e98006022b8006033b80074
:109870000c007800d0fc070060012000d065880053
:109880006022b8006033b80071013700ea0f57005a
:1098900056003a000004eb000d0078000d00370080
:1098a0006a44b9000800400008fd2f00000444008d
:1098b000fc0890003c109000808f500003003100a5
:1098c0003180fb00710e9800020037000c00780018
:1098d000defc070001fd2f0080804000e98f500072
:1098e00003003e0081992100810f5400ecff3600f7
:1098f000800678008004eb006055b8001200370045
:109900001faa9700afaa97003fab9700cfab970075
:109910000004420081844a0002054b0083854b000d
:109920007c089000bc109000810f500003003100b3
:10993000b086fb00700e9800030037000c00780022
:10994000c2fc07008006780005fd2f0085824600d6
:1099500095af9f00e98f520009013e0090992900c0
:109960009199290092992900939921000040e100e2
:1099700001c8e10002d0e10003d8e100db003e00b5
:10998000a4002000050020006033b8000800be00dd
:109990000a01be00980507001faa97008002eb008d
:1099a0006033b80094af9f00a5af9f00b6af9f0093
:1099b000c7af9f000482ea008582ea000683ea00be
:1099c0008783ea00d4b79f00e5b79f00f6b79f00f2
:1099d00087bf9f000400e1000588e1000690e100d8
:1099e0000798e100c6ff3600c00037000e00e9000e
:1099f0000e006000030032000004eb000d00780050
:109a0000650037007770b9004500de006700600030
:109a100021b12000e14078008100fb000004eb0050
:109a20000d007800810478000b0037000944dd0048
:109a300001047400fc0890003c109000808f5000de
:109a4000030031003180fb00710e980002003700e6
:109a50000c0078007dfc0700c1b12000e0c0780058
:109a60008180fb008e8f500003003100f27f2000c8
:109a7000820f5400edff36008006780089007800e0
:109a80008004eb006055b800f4ff2f00f5ff2f00b5
:109a90000403be00010078000000e9000500330067
:109aa0008703d1000683d3008582d3000482d300cc
:109ab000f9ff37000d00780081067800200037009c
:109ac0000d0178000201e900050033000804d00010
:109ad0008984d2000a85d2008b85d200f9ff370035
:109ae0000180fb008000eb006011b80008047000ea
:109af000898470000a0571008b857100fc08900054
:109b00003c109000808f5000030031003180fb003a
:109b1000710e98000a0037000c00780094b79f007f
:109b2000a5b79f00b6b79f00c7b79f0047fc0700c7
:109b3000cfb397003fb39700afb297001fb2970023
:109b4000c1b12000e0c078000181fb008e0f510000
:109b5000600031000440e10005c8e10006d0e100ea
:109b600007d8e100d6ff36005a0037000ec4b9000e
:109b700008844000fc0890003c109000808f50004a
:109b8000030031003180fb00710e980002003700a5
:109b90000c0078002dfc0700c1b12000e0c0780067
:109ba0008180fb008e8f500003003100b2712000d5
:109bb000820f5400edff3600800678008004eb0031
:109bc0006055b80098af9f00a9af9f00baaf9f0043
:109bd000cbaf9f00120037000002440081824c008e
:109be00002034d0083834d0094af9f00a5af9f00fb
:109bf000b6af9f00c7af9f007c089000bc109000dc
:109c0000810f500003003100b086fb00700e9800f9
:109c1000030037000c0078000cfc07008006780079
:109c2000c0b120006d407800e0cf9f0080427800f6
:109c30000580fb008e0f5000280031006174b800d1
:109c40006055b8000802be000a03be00f0ff2f00f6
:109c5000f1ff2f000001be007e0407001faa97003d
:109c6000afaa97003fab9700cfab97000020e10071
:109c700001a8e10002b0e10003b8e10017003e00d6
:109c80000802be000a03be001fa89700afa89700f5
:109c90003fa99700cfa99700d7040700efca970004
:109ca0000584fb008004eb006055b8000882ea00e0
:109cb0008982ea000a83ea008b83ea000400e1005b
:109cc0000588e1000690e1000798e100c2ff360038
:109cd0000200370080067800040037001fac9700b0
:109ce000afac97003fad9700cfad9700c0b120005b
:109cf0006d4078000080fb008e0f50002000310086
:109d00000d00780009003700fc0890003c1090001e
:109d1000808f5000030031003180fb00710e9800ed
:109d2000020037000c007800c8fb0700c1b120001a
:109d300060c078000080fb008e0f5000f2ff3900f9
:109d400020022000d06588005fab97000608a300c2
:109d5000070032005fac9700efac97007fad970033
:109d60008fb597008003eb0087af9f00040037009a
:109d70005fac9700efac97007fad97008fb5970071
:109d80003c1090000000e000030032007c089000ce
:109d90000000e900700e98005fa89700efa89700f8
:109da0007fa997008fb197000040e10001c8e10052
:109db00002d0e10003d8e1001c0039000008a30034
:109dc0000e003a008fa897000100e0000b003a0057
:109dd00020022000d06588005faa9700efaa9700b4
:109de0007fab97008fb3970061025200e0825a0068
:109df00060035b00e0835b00150037005fa89700fd
:109e0000efa897007fa997008fb197000040e1006d
:109e100001c8e10002d0e10003d8e10003003600f0
:109e200020022000d0658800140037008fa897001a
:109e3000e18f40000b003a006000b8006011b800ec
:109e400008025000898258000a0359008b83590088
:109e5000d4af9f00e5af9f00f6af9f0087b79f008c
:109e6000060037000800be000a01be00d0af9f0008
:109e7000e1af9f00f2af9f0083b79f005fa89700fc
:109e8000efa897007fa997008fb197004f07780040
:109e90004f06be004f05be004f04be006f02b1006a
:109ea000000006008e002000d0fe3700881f7800da
:109eb00040442000ad010700000478000800e000e5
:109ec00013003200c20320008000eb00080078007d
:109ed000d5fa070060002500300c9800401e2500d0
:109ee000400c98000009250070049800001025001f
:109ef0001014980000c0eb00205c98004004200083
:109f00000800400020049800004020003004980021
:109f1000080078004f04780000000600889fbe000b
:109f20008a9fbe00100290008002eb000418a3007c
:109f300003003a0080129000700990008282520063
:109f4000d00190006001900002845100088442001a
:109f5000cfc4de00614db9008898be008a90be0073
:109f60000000eb000468a300040032001000200091
:109f7000828f510001003e000000eb004f05be0043
:109f80004f04be00000006000200fa00881f78009f
:109f900000047800e2bf9f00648157000800780049
:109fa000daf50700980090000148a3000100320094
:109fb0000080eb004f0478000080fa0000000600eb
:109fc000889fbe000004780048009000820478005a
:109fd000808f540001003600800478000901780069
:109fe00058009000dcef0700580090000900400086
:109ff00050049800c80090008984500049049800db
:10a000000048eb004f04be0000000600100078007e
:10a01000d6e93700900190000388a30001003200c8
:10a02000e7ff37000348a30001003a0005020700dc
:10a030000000060001017800920090000158a30082
:10a0400003003a0082007800910107000f003700fa
:10a050008080fb00a25990008301fb00838f500099
:10a0600007003200d2019000220a9000848f510034
:10a070000300310080597800530198000400370034
:10a080008000780002007800f4010700800078006a
:10a09000010078000000060000000600c0c120009a
:10a0a00000000600889fbe000004be000000eb0018
:10a0b0000800e00018003200180090000058a300cb
:10a0c0000d003200d800900068009000808f500092
:10a0d00009003600b80990000001eb00820078000a
:10a0e0000800780003000100d80090000080eb0019
:10a0f0000100e000080032000000eb00200c980096
:10a1000060049800500498000900e000020032004a
:10a11000180078008ce907004f04be00000006001c
:10a12000889fbe000004be000000eb000800e000b5
:10a1300025003200180090000058a30011003200e2
:10a14000d800900068009000808f50000900360011
:10a15000b80990000001eb00820078000800780048
:10a1600003000100d80090000080eb000100e00037
:10a17000150032000000eb00200c980060049800ed
:10a1800050049800780a900008109000800f520048
:10a19000060031000002520011002000cfa2de00b4
:10a1a000612bb90018007800330107000000eb00b4
:10a1b00000149800700c98000900e00002003200c2
:10a1c0001800780060e907004f04be000000060098
:10a1d0000000060000000500fdff0700e0658000ac
:10a1e0008000eb0063010700e06580008000eb0069
:10a1f00060010700e06580008000eb005d01370032
:10a200000800fa00889fbe008a1f780000047800ca
:10a21000010578008204780038009000a8009000c2
:10a220009abf9f000001780002f0a7000201ea0037
:10a230000201ea004f11de0002815400a2bf9f001c
:10a24000b1bf9f00c0bf9f0022002000ee805700da
:10a2500018007800260107000000e00006003c001e
:10a26000f80060000130a2001801900082807000a8
:10a2700011049800110037002fb99700820f500089
:10a280000e003600a8009000710c980002005000eb
:10a290000080400000149800380090000000e000aa
:10a2a000070032000905450001007800b040780041
:10a2b00071fd9f00700c9800010037008004780049
:10a2c000090078004f0578004f04be000080fa00b6
:10a2d00000000600881f780000047800180078004d
:10a2e000e50007000203be000002be00f0ff2f00e1
:10a2f000f1ff2f000001be00e00f5200e08f5a0076
:10a30000e00f5b00e08f5b00050035001800900057
:10a310000030a100100498006000b8006011b8007f
:10a320004f047800000006000800fa00889fbe0075
:10a330008a1f78000004be00180090000058a30097
:10a340001b003200d800900068009000808f500001
:10a3500013003600b80990000001eb00820078007d
:10a360000800780094bf9f00a5bf9f00b6bf9f0064
:10a37000c7bf9f000300010058059000f0ff2f00a9
:10a38000f1ff2f000001be001fba9700afba97007f
:10a390003fbb9700cfbb97000a00e00006003200e9
:10a3a0000000eb00200c9800600498005004980016
:10a3b0000800be00c7ff07004f0578004f04be002d
:10a3c0000080fa00000006000800fa00889fbe0026
:10a3d0008a1f78000004be00e18f540008003a0094
:10a3e000881090007808900000805000cf80de0038
:10a3f0000002520081825a0001035b0081835b00ee
:10a40000180090000058a3001b003200d8009000f4
:10a4100068009000808f500013003600b80990004b
:10a420000001eb00820078000800780094bf9f00d4
:10a43000a5bf9f00b6bf9f00c7bf9f0003000100dc
:10a4400058059000f0ff2f00f1ff2f000001be0023
:10a450001fba9700afba97003fbb9700cfbb9700da
:10a460000a00e000150032000000eb00200c98000c
:10a4700060049800500498000800be0095ff070093
:10a480000203be000002be00f0ff2f00f1ff2f000c
:10a490000001be00e00f5200e08f5a00e00f5b00a9
:10a4a000e08f5b00050035000000eb000014980011
:10a4b000700c98006000b8006011b8004f0578007b
:10a4c0004f04be000080fa000000060000000600f5
:10a4d00080c5200000000600881f78000004780076
:10a4e000486090008040e90000c07000406498001f
:10a4f000d800900068009000808f50000500360062
:10a50000b80990000001eb00820078000800780094
:10a51000030001000000eb00200c9800600498008c
:10a5200050049800980090000118a3000300320026
:10a530000140a00011049800080037002801900095
:10a54000380090000000410000149800700c980042
:10a550000000eb000138a300010032000080eb0096
:10a560004f047800000006001bff37000200fa00cd
:10a57000889fbe000000e00001003a0010002000ab
:10a580000004e8000800a100c06580000000e800a9
:10a590000000a100c0658800000020000000e0006d
:10a5a0000f003200e10f540006003600e20f4400b5
:10a5b00005003a00c0002000d06588000000eb00d4
:10a5c0002a00370028002000080078008cd60700f9
:10a5d000290020000000e00024003a0001003700bc
:10a5e0008004eb00c0658000b165800000805000f1
:10a5f000800f54001300360008804400d0bf9f0035
:10a6000066805700cc000700800078000000eb0057
:10a610000100e000150032000100e8000000a10088
:10a62000b1658000810f500001003200c0658800d4
:10a63000dfb89700010040000000e8000000a10022
:10a64000b0658800c16580000900e00003003200a9
:10a650000100780008187800010037000100780038
:10a660000884440088804000c16588004f04be0013
:10a670000080fa0000000600a0fd2f00f1ff2f006f
:10a68000320007004f89de008201780000000600da
:10a690000200fa0081017800e0ff9f009300900023
:10a6a0000188a30005003200d30090008058780094
:10a6b0000080fb00d10198000a0037001200200042
:10a6c0008f80e900030078005e00070080007800ba
:10a6d0000080eb000100e00002003200eff897007c
:10a6e0000180fb000080fa000000060051fe3700e8
:10a6f000889fbe008a9fbe008c1f780000067800ed
:10a7000082057800010478008004eb0009057800d8
:10a710000700370018019000980078000c007800be
:10a72000c5e70700808444000a05e800640444008b
:10a730008b0f5500f7ff3500090078004f067800b1
:10a740004f05be004f04be000000060002002f00af
:10a75000f3ff2f00820f5000838f58000400360053
:10a760000000ea00d06588000080eb008080eb00ec
:10a77000000006008001eb000000e0000500320050
:10a78000700190000200e0000200320002000100af
:10a790008001780003007800000006006000b80027
:10a7a0006011b80000000600881f7800c00120007a
:10a7b0006eff0700000478000800e0000a00320085
:10a7c000c20120008000eb000800780096f8070026
:10a7d00060002500300c980040192500400c9800be
:10a7e00000c0eb00205c9800080078004f0478005f
:10a7f00000000600adfd3700400990000240010056
:10a80000d00190006001900002825100cfa2de00d2
:10a81000612bb9008498be008690be009000900025
:10a820000000eb000168a3000400320010002000cb
:10a83000828f510001003e000000eb000000060086
:10a84000b6fd3700b00990000300e00001003200bf
:10a850000340010010007800c4e737000200fa004e
:10a86000881f780000047800c1ff9f00280890002e
:10a870000000e00006003a00080078002000070011
:10a88000800078000080eb000100e00018003a0032
:10a89000d800900028089000808f500009003100f7
:10a8a0004ff997000280fb00a85990008301fb003c
:10a8b000830f500003003200825878005104980042
:10a8c0000b003700b809900012002000e480570008
:10a8d0000800780003000100800078000080eb0091
:10a8e000e18f500002003a00cff897000180fb0092
:10a8f0004f0478000080fa00000006000000050008
:10a90000881f7800000478000800780021fb070009
:10a910000000e00006003a00a800900061049800e2
:10a92000510498003801900082804000210c98006a
:10a930004f04780000000600900078000000eb0053
:10a940000100e0000500350001007800c9e70700bc
:10a95000e10f400001003a000000eb00000006009b
:10a9600000000600feff0700fdff0700fcff3700a8
:10a9700000c0da000000060000c0da000000060097
:10a9800000c0da000000060081037800fee707003f
:10a990000001be006000b8000478a30013003a0074
:10a9a0006220e10015003e000d0039008301d10056
:10a9b0000281d3008180d3008301d1000281d300c2
:10a9c0008180d3008301d1000281d3008180d30034
:10a9d0000538b000c42add00f300b20083817200a4
:10a9e00007f0a70003f0a0000000060083ff270087
:10a9f000020020006110b900f9ff370003ff2700b3
:10aa0000f7ff37000003be00dfe707006011b80062
:10aa10000470a70007f0a1006509b1001b00320017
:10aa200012003500860220000628e10008003500eb
:10aa3000f3ff2700f2ff2f006110b9000700e000cc
:10aa400018003b00030028006000b8000200050069
:10aa500000004000818048000201490083814900d4
:10aa60008502e900faff3a0008003700f88f42003b
:10aa700002003c008000eb00000005008100d100d6
:10aa80000080d3008502e800fcff3a000700e000e8
:10aa900004003b0060001000e08018006001190015
:10aaa000e0811900000006000001be00b6e70700c3
:10aab0000470a70003f0a1006509b1001600320080
:10aac0000d0035006828e10006003500f0ff2f007a
:10aad000f1ff27000300e00013003b000100280005
:10aae0000000050000004000818048008502e90068
:10aaf000fcff3a0008003700f88f420002003c00db
:10ab00008000eb00000005008100d1000080d30030
:10ab10008502e800fcff3a000300e00002003b0071
:10ab200060001000e0801800000006001400fa0029
:10ab3000889fbe008a9fbe008c9fbe000005be009d
:10ab40000206be00680047000c90be000a90be00de
:10ab5000520107006400e1001a00320016003e00b6
:10ab60006100e1001a0032006e049000fe049000c3
:10ab70000e0b90009e0b90006011b8009e05900097
:10ab80000b38b100d50120008281710061016400a1
:10ab90008703d1000683d3008984d3000884d300bf
:10aba0008502e900f8ff3a004beb07000df0a70023
:10abb00001f0a0007401370001fc27000000200014
:10abc000faff370001f8270000002000f7ff3700e8
:10abd0006000b800f5ff3700020ab900001bb90099
:10abe0000200b8008100420081004300000006001e
:10abf000889fbe008a9fbe0030044200b0844a0095
:10ac000030054b0090854b006000b1000898be00f5
:10ac10000a90be000440e10005c8e10006d0e10052
:10ac200007d8e10002003100680040001008e80089
:10ac30004f05be004f04be0000000600889fbe0006
:10ac40008a9fbe003004be002005be0004185400d8
:10ac500005985c0006185d0007985d001100200053
:10ac60000440e10005c8e10006d0e10007d8e1009a
:10ac7000010039008000eb00108810004f05be0075
:10ac80004f04be00000006001200fa00889fbe00bc
:10ac90008a9fbe008c9fbe00e0b79f00f1b79f0067
:10aca00082bf9f0093bf9f000605be000404be0044
:10acb0000000eb00d0b79f00c0b79f00b0b79f0067
:10acc000a0b79f0090b79f00000678005fb1970083
:10acd000cfb09700820141003fb097000200e00032
:10ace00004003d00370007007e805700c0ff0700ca
:10acf00003003700330007007e805700cfff0700b6
:10ad0000dfb697000d00e0000c0035006fb2970031
:10ad1000ffb297000fbb97009fbb97001000200069
:10ad2000010020006011b8000002720081827200f0
:10ad300002037300838373001b0007000c06e80006
:10ad400001042000810f5600e0ff3a000d00e000f2
:10ad500004003d000802be000a03be007e805700ca
:10ad6000a3ff07005fa897000000e00005003a007d
:10ad70001fb29700afb297003fb39700cfb39700d1
:10ad8000090007006fb09700ffb097000fb9970058
:10ad90009fb997004f06be004f05be004f04be008e
:10ada0000080fa0000000600010007000000060015
:10adb000a4b79f00b5b79f00c6b79f00d7b79f0045
:10adc000000006004f09de0082817100b3b79f00ca
:10add0004f01de008180400082807000a1b79f009b
:10ade0008fb097004f09de000000400002007000a5
:10adf00090b79f007fa897004f01de008180400040
:10ae00008280700081b79f000d0007004f3ade007e
:10ae10000000400004007000f0af9f000800070031
:10ae20000402420085824a0006034b0087834b00e0
:10ae3000dfff07000802be000a03be000000060094
:10ae40002fb29700bfb297004fb39700dfb39700c0
:10ae500000000600881f780018002000881f780076
:10ae600089ff07008f87e9004f0478000000060083
:10ae7000801feb0084ff07008f87e90000000600b9
:10ae8000889fbe008a9fbe00e00f5000e08f5800f0
:10ae9000e00f5900e08f59000c003d006044b800fd
:10aea0006055b8000000540081805c0002015d0024
:10aeb00083815d00180020001500070008003d0098
:10aec000180007000004eb00050037000004eb0049
:10aed0000f00070002003d001200070018002000cc
:10aee000dcff07000800e000060032006022b80026
:10aef0006033b8000000520081805a0002015b00fc
:10af000083815b004f05be004f04be0000000600b9
:10af1000e00f5200e08f5a00e00f5b00e08f5b0013
:10af2000000006006044b8006055b80004025400f8
:10af300085825c0006035d0087835d0000000600db
:10af4000889fbe008a9fbe008c1f7800e00f5000d3
:10af5000e08f5800e00f5900e08f59000d003d00d0
:10af60006044b8006055b8000000540081805c0067
:10af700002015d0083815d001c0020000820e100cb
:10af800009a8e1000ab0e1000bb8e1000d003d00a6
:10af9000080037000006eb00e00f5200e08f5a0077
:10afa000e00f5b00e08f5b0006003d006044b800ee
:10afb0006055b8000402540085825c0006035d0001
:10afc00087835d00aaff07000c00e0000600320046
:10afd0006022b8006033b8000000520081805a003f
:10afe00002015b0083815b004f0678004f05be00c5
:10aff0004f04be0000000600889fbe008a9fbe006e
:10b000008c1f78000006eb00e00f5000e08f580026
:10b01000e00f5900e08f590007003d006044b80080
:10b020006055b8000000540081805c0002015d00a2
:10b0300083815d001c002000e00f5200e08f5a0069
:10b04000e00f5b00e08f5b0007003d006044b8004c
:10b050006055b8000402540085825c0006035d0060
:10b0600087835d000c00a2004c0007000c00e0008c
:10b07000060032006022b8006033b80000005200c1
:10b0800081805a0002015b0083815b004f067800db
:10b090004f05be004f04be0000000600800078008f
:10b0a0005002be005003be004439de00f700b2007b
:10b0b000f37f200003016100090032000218e10063
:10b0c00016003a00850172008301730083817300ca
:10b0d0000008200015003a0040002000130037004f
:10b0e00085017200830173008381730005003a00bb
:10b0f00004a8be0006a8be00100020000b00370008
:10b100000201e9000402420085824a0006034b0066
:10b1100087834b000748a300f9ff32000740a000d7
:10b1200004a8be0006a8be002000200080009800f1
:10b130009200980000000600680447000294be00d8
:10b140000094be00fc0447008694be008494be00b8
:10b1500009007800d1ff070008007800cfff070042
:10b1600099007800814f70000b003b000800be0082
:10b170002c0007004f00b10003003700f3ff270049
:10b18000f2ff2f006110b9004f06be004f05be0050
:10b190004f04be000080fa0000000600889fbe0039
:10b1a0008a9fbe008c9fbe000404b8000506b8004c
:10b1b0008904460060854e000606b8000a05460070
:10b1c000e0854e000706b8008b054600040eb80067
:10b1d000890446000a854e00e0854d00050eb80042
:10b1e0000a0546008b854e00060eb8008b0546000a
:10b1f0000416b8000a0546008b854e000516b800f7
:10b200008b054600041eb8008b0546000800be00f2
:10b210000a01be004f06be004f05be004f04be002f
:10b2200000000600e48240001078a300070032000e
:10b23000640240001178a3003400be001401be0077
:10b24000040032000330a700000006003500be00f5
:0cb250001501be000330a0000000060045
:020000040000fa
:10b25c0025750000004c0000696700006874000050
:10b26c0073200000726100006d700000696e0000b8
:10b27c0067200000646f0000776e00000d0a00006c
:10b28c000025000030320000580000004c65000022
:10b29c00766500006c6c0000696e00006720000091
:10b2ac00737400006172000074650000640d00008e
:10b2bc000a0000005354000020320000330000004c
:10b2cc004c650000766500006c6c0000696e000037
:10b2dc0067200000636f00006d7000006c6500005b
:10b2ec00746500000d0a0000004100006e7400003f
:10b2fc00692d00006372000065650000702000007d
:10b30c00737400006172000074650000640d00002d
:10b31c000a000000535400002032000034000000ea
:10b32c00416e0000746900002d630000726500001e
:10b33c0065700000206900006e74000065720000ea
:10b34c007275000070740000656400000d0a000046
:10b35c00004100006e740000692d00006372000053
:10b36c006565000070200000636f00006d700000c8
:10b37c006c650000746500000d0a000000530000ad
:10b38c00686f00006f740000626f00006c74000046
:10b39c0020720000616d0000706900006e67000093
:10b3ac0020750000700d00000a00000053680000ba
:10b3bc006f6f0000746200006f6c0000743a000044
:10b3cc0020460000502000007a6f00006e650000df
:10b3dc00206f0000666600002c20000072610000e7
:10b3ec006d700000696e000067200000646f000043
:10b3fc00776e00000d0a000000530000686f00001b
:10b40c006f740000626f00006c740000206f00000d
:10b41c006e0d00000a000000536800006f6f000002
:10b42c00746200006f6c00007420000072610000f8
:10b43c006d700000696e000067200000646f0000f2
:10b44c00776e00000d0a000000530000686f0000ca
:10b45c006f740000626f00006c740000206f0000bd
:10b46c00666600000d0a000000410000412000004b
:10b47c005550000000550000502000006361000092
:10b48c006c6c000020720000657100007565000096
:10b49c0073740000656400000d0a00000041000098
:10b4ac0041200000444e0000004400004e200000eb
:10b4bc00636100006c6c000020720000657100007c
:10b4cc007565000073740000656400000d0a0000cf
:10b4dc0000410000412000005858000000410000cd
:10b4ec006c6c000020630000616c00006c73000049
:10b4fc0020630000616e0000636500006c6c00004e
:10b50c00656400000d0a00000044000052000000b9
:10b51c0053460000005300006166000065200000e7
:10b52c006d6f000064650000206100006374000012
:10b53c006976000061740000656400000d0a00006b
:10b54c0000530000430000005361000066650000da
:10b55c00206d00006f640000652000006361000036
:10b56c006e630000656c00006c650000640d0000eb
:10b57c000a00000052450000534500005400000032
:10b58c004f540000000d00000a000000444d000064
:10b59c00004600005700000073650000726900004f
:10b5ac00616c0000005200004230000030000000ce
:10b5bc0072610000696e0000626f0000772000006d
:10b5cc006c6900006768000074730000206f000055
:10b5dc00666600002000000052420000303100007e
:10b5ec0000720000616900006e6200006f7700005d
:10b5fc00206c000069670000687400007320000074
:10b60c006f6e0000004c0000522000000052000041
:10b61c006177000020720000656400002069000062
:10b62c006e700000757400003a200000004c0000a1
:10b63c0052200000253200007800000072650000e6
:10b64c0064500000574d000020750000706400002d
:10b65c0061740000656400000d0a000000490000e0
:10b66c006e760000616c00006964000020720000be
:10b67c0065640000206800006578000020760000fa
:10b68c00616c0000756500000d0a0000004c0000a4
:10b69c0047200000004c000047200000253200002d
:10b6ac007800000047720000656500006e20000005
:10b6bc00505700004d2000007570000064610000c0
:10b6cc0074650000640d00000a000000496e000063
:10b6dc00766100006c690000642000006772000055
:10b6ec00656500006e200000686500007820000091
:10b6fc00766100006c750000650d00000a0000000a
:10b70c004c420000200000004c42000020250000ac
:10b71c0032780000006200006c75000065200000ab
:10b72c00505700004d20000075700000646100004f
:10b73c0074650000640d00000a000000496e0000f2
:10b74c00766100006c69000064200000626c0000ef
:10b75c007565000020680000657800002076000008
:10b76c00616c0000756500000d0a0000004c0000c3
:10b77c0057200000004c000057200000253200002c
:10b78c0078000000776800006974000065200000f4
:10b79c00505700004d2000007570000064610000df
:10b7ac0074650000640d00000a000000496e000082
:10b7bc00766100006c69000064200000776800006e
:10b7cc0069740000652000006865000078200000a6
:10b7dc00766100006c750000650d00000a00000029
:10b7ec004c540000200000004c54000020250000a8
:10b7fc00640000004c690000676800007469000078
:10b80c006e67000020740000696d00006572000016
:10b81c002075000070640000617400006564000015
:10b82c003a200000004400005320000000440000b7
:10b83c00532000002532000078000000646f0000e7
:10b84c006f720000207300007065000065640000da
:10b85c0020750000706400006174000065640000d5
:10b86c000d0a0000004900006e760000616c0000bb
:10b87c0069640000206400006f6f000072200000fb
:10b88c0073700000656500006420000068650000ae
:10b89c0078200000766100006c750000650d0000da
:10b8ac000a0000004c4f0000434b000053540000b2
:10b8bc004154000055530000004c00004f43000061
:10b8cc004b3a0000205500004e4c00004f43000046
:10b8dc004b450000442000002800000020740000ac
:10b8ec00696300006b73000020720000656d00003e
:10b8fc00616900006e6900006e670000290d000090
:10b90c000a0000004c4f0000434b00003a2000009e
:10b91c004c4f0000434b0000454400000d0a000052
:10b92c000053000041560000450000004445000053
:10b93c0046410000554c00005453000000460000e6
:10b94c0061630000746f00007279000020640000d5
:10b95c0065660000617500006c74000073200000c7
:10b96c0072650000737400006f7200006564000063
:10b97c000d0a0000004300004f4e00004649000035
:10b98c00470000002d2d00002d200000434f00002b
:10b99c004e46000049470000202d00002d2d0000d0
:10b9ac000d0a0000004400006f6f0000725300008d
:10b9bc00706400003a00000041430000546900002c
:10b9cc006d650000723a0000004100004345000024
:10b9dc006e3a0000202000002000000041480000ca
:10b9ec00546900006d650000723a000000410000cf
:10b9fc00484500006e3a00002020000020000000a6
:10ba0c004148000044690000723a00002020000008
:10ba1c00004f0000543a00002020000020200000bd
:10ba2c0020000000546f0000704f0000523a0000dc
:10ba3c0020200000004200006f7400004f520000f4
:10ba4c003a200000200000004c69000067680000ec
:10ba5c00745400003a200000004400006972000099
:10ba6c00747900003a200000200000002d2d000009
:10ba7c002d200000454e0000442000002d2d00001c
:10ba8c002d0d00000a00000043680000300d00007e
:10ba9c000a00000043680000310d00000a0000009d
:10baac0043680000320d00000a00000043680000eb
:10babc00330d00000a000000426f00006f7400009c
:10bacc00206c00006967000068740000207400009e
:10badc006573000074200000646f00006e65000048
:10baec000d0a0000005500004152000054200000d7
:10bafc005265000061640000790d00000a0000002e
:10bb0c005379000073740000656d00002072000012
:10bb1c0065610000647900000d0a0000005300000c
:10bb2c00542000003231000000530000542000006b
:10bb3c003146000000530000542000003237000052
:10bb4c000053000054200000313600000053000068
:10bb5c0054200000303700000d0a00000053000094
:10bb6c005420000030380000005300005420000026
:10bb7c003039000000530000542000003041000018
:10bb8c00005300005420000030420000004c000024
:10bb9c0054720000696700003a0000005452000023
:10bbac004156000020000000444f00004f5200009e
:10bbbc00200000004c4f0000434b00002000000010
:10bbcc005550000020000000444e000020000000f2
:10bbdc005354000020320000380000005354000081
:10bbec0020320000390000005354000020320000c5
:10bbfc0041000000535400002032000042000000bd
:10bc0c005354000020310000370d00000a000000e2
:10bc1c004f760000657200007472000061760000bf
:10bc2c00656c0000207200006573000065740000f4
:08bc3c000d0a000000000000e9
:020000040000fa
:10bc44000000fa004023a9000080fa00000006006a
:10bc54000400fa00100798001e0090008000eb001a
:10bc6400e200200003002000820f5000838f580060
:10bc74003d003e00006001000e0037001000370058
:10bc84001200370014003700160037001800370080
:10bc94001a0037001c0037001e0037002000370050
:10bca4002200370024003700260037002800370020
:10bcb4002a00370001188000010f78002b0037009c
:10bcc40011188000010f7800280037002118800027
:10bcd400010f78002500370031188000010f78002b
:10bce4002200370041188000010f78001f00370040
:10bcf40051188000010f78001c0037006118800083
:10bd0400010f78001900370071188000010f7800c6
:10bd14001600370081188000010f780013003700e7
:10bd240091188000010f780010003700a1188000de
:10bd3400010f78000d003700b1188000010f780062
:10bd44000a003700c1188000010f7800070037008f
:10bd5400d1188000010f780004003700e11880003a
:10bd6400010f780001003700000000001e00780079
:10bd74000080fa00000006001600fa00200f980068
:10bd8400ae089000811f7800e0922d00801f78009b
:10bd94000e00780057e80700e48757000e0078008b
:10bda400020007000080fa00000006000200fa000a
:10bdb400000f78000b003700000000001111800014
:10bdc40000202000008060000000e000fbff3a003b
:10bdd4001e007800104078000000fb00201188004d
:10bde4001e0fe8001e007800104078000004e000f8
:10bdf400f1ff3a000080fa00000006000200fa0099
:10be0400004f780000000000111180000020200085
:10be1400008060000000e000fbff3a001e00fb0011
:10be2400201188000080fa00000006000400fa00d7
:10be3400004f780011479800224798000602a80096
:10be44000000000030108000610060000000e0008d
:10be5400fcff3a001e80fb00000040001010880028
:10be640000000000411080000000240000806000f9
:10be74000000e000fbff3a001e4090000080fb0041
:10be84001010880000000000411080000000240011
:10be9400008060000000e000fbff3a002e409000ac
:10bea4000080fb001010880000000000411080009a
:10beb40000002400008060000000e000fbff3a0066
:10bec4000642a800000000003010800064006000fa
:10bed4000000e000fcff3a000080fa0000000600c9
:10bee4000400fa002047980031479800051607001f
:10bef4002e409000004040001d1607003e40900078
:10bf04001b1607002e4090000080fb00000040003c
:10bf1400004078000004a000151607000040eb0064
:10bf240027160700004f7800ff1507001e40780011
:10bf34000080fa00000006000000fa0002c1b3000d
:10bf44008040eb0000c4b300b8ff070032c0b30068
:10bf5400e1cfb30000c4b300b4ff07000041eb001d
:10bf64008040eb0000c4b300b0ff070042c0b30040
:10bf740011c0b30000c4b300acff07000080fa0096
:10bf8400000006000800fa002047980021079800e6
:10bf9400320798002e4090004200dd00664f4000ba
:10bfa4003e0090000000e00015003a000041eb0064
:10bfb4009e40780000c4b3009cff07001e40e800c8
:10bfc4000041eb008040780000c4b30097ff0700f5
:10bfd4001ec0e8000041eb008040780000c4b300bc
:10bfe40092ff07009e40780063c0400002c1b30086
:10bff4008040780000c4b3008cff07001e003700a7
:10c004002e00900000407800004178009e407800a7
:10c0140000c4b30085ff07002e0090004800de0036
:10c02400804078001e40e80001417800804078009c
:10c0340000c4b3007dff07003e00900080407800fc
:10c044001ec0e800014178008040780000c4b300bd
:10c0540076ff07003e0090004800de008040780034
:10c064001e4178006340410001417800804078001f
:10c0740000c4b3006dff07000080fa000000060052
:10c084000200fa000000eb00000f780020003700e7
:10c0940000c4290001002000221807001e017800b6
:10c0a4008000eb0010c0b300b6ff070000c42900f5
:10c0b400010020001b1807001e0178008000eb001f
:10c0c40020c0b300afff070000c429000100200016
:10c0d400141807001e0178008000eb0030c0b30084
:10c0e400a8ff070000c42900010020000d18070064
:10c0f400e0ff20009e007800808f50000200360090
:10c104000000eb00000f78009e007800708f400064
:10c11400f0ff20009e007800808f5000dcff360086
:10c124000080fa00000006000600fa00000f780004
:10c1340011079800220798001e0190008000eb0070
:10c1440010c0b3008fff07002e0190008000eb00a9
:10c1540020c0b3008bff07000080fa000000060037
:10c164000a00fa00881f78006000b800008fbe0043
:10c1740001003700000000001e00be0003e60700b7
:10c184000200200003f823002ce2070002002e0026
:10c19400f34f2400ede30700dce1070020079800db
:10c1a40062aa2000630024001e00be0023e20700f0
:10c1b400f6e507000200200003f823001fe2070051
:10c1c40002002e00f34f2400e0e30700cfe1070054
:10c1d4003007980062aa2000630824001e00be00f5
:10c1e40016e20700e9e507000200200003f8230037
:10c1f40012e2070002002e00f34f2400d3e30700ed
:10c20400c2e10700400798004e019000be00900074
:10c214002e009000c4ff070000c429000100200084
:10c22400c0170700a2702d0033c223001e00be00f9
:10c2340002e20700008fbe0018c0b30092ff200086
:10c24400930c24001e00be00aee107000000e000d5
:10c2540001003c000044eb000804e000c5ff32008c
:10c2640092ff2000930c24001e00be00eae10700a8
:10c27400008fbe00c0ff37000200fa00004f7800b4
:10c28400be14070080c7b300d71407000040eb00ba
:10c29400d51407001e407800d3140700c01407000b
:10c2a40080002000010020009e1707000080fa0093
:10c2b400000006000200fa00004f7800af140700e7
:10c2c40080c7b300c814070000c4b300c614070035
:10c2d4001e407800c4140700b11407000032200087
:10c2e400010020008f1707000080fa0000000600fc
:10c2f4000000fa0000a8210061002000891707004f
:10c3040080c3b300dcff070090c3b300daff07006b
:10c3140000a82100610020008217070040c1b3007b
:10c32400d5ff0700f0c7b300d3ff0700f0c5b30083
:10c33400d1ff070000482800e10120007917070019
:10c34400c0c6b300ccff0700008823001100200002
:10c354007417070080c3b300c7ff070000882300d9
:10c36400110020006f170700d0c0b300c2ff070000
:10c3740000882300110020006a17070010c0b300d2
:10c38400bdff070000882300110020006517070087
:10c3940060c0b300b8ff070000c4290001002000fa
:10c3a4006017070000c4b300b3ff0700004828006b
:10c3b400e10120005b1707000080fa00000006007e
:10c3c4000200fa00000f7800040037001e00780015
:10c3d400104078001e0fe800b6ff07001e0078002a
:10c3e400104078000004e000f8ff3a000080fa00f2
:10c3f400000006000000fa0011fe07000080fa00a9
:10c40400000006000000fa00004080000000e00088
:10c414000a003200104080000000e800104088004c
:10c42400104080001140800030062000808f5000b2
:10c43400030034000228ef00010037000000000070
:10c444000080fa00000006000000fa0011168000c7
:10c4540000202000008060000000e0000b003a0093
:10c464001116800000042000008060000000e0003d
:10c474000600320010168000610060000000e00039
:10c484000200320010002000110037001116800055
:10c4940000042000008060000000e0000b003a006f
:10c4a4001116800000202000008060000000e000e1
:10c4b4000600320010168000620060000000e000f8
:10c4c4000200320010002000010037000000eb00e1
:10c4d4000080fa00000006000000fa000049800015
:10c4e4000000e00005003a00100020000049880028
:10c4f4002229ef0010002000e04888000080fa00a4
:10c50400000006000000fa00731507001000200068
:10c51400f048880010002000b04688001000200079
:10c52400504b880010002000c046880010002000f6
:10c53400a04b880010002000804b880010002000d1
:10c54400604888001000200050468800d04a8000cf
:10c554000000e800d04a8800704980000000e8002c
:10c564007049880010178000610060000000e0003e
:10c5740004003200d04980000000e800d04988005f
:10c58400010037003a29ef00004780000000e8006e
:10c5940000478800a04c80000000e800a04c880000
:10c5a400a14c800030062000808f50000100340030
:10c5b4009429ef0093ff0700104580000000e0007d
:10c5c4000b003200204580000000e0000800340029
:10c5d400204580000000e9002045880020458000b7
:10c5e4000000e00002003a00bb0d0700a228ef00a3
:10c5f4000080fa00000006000000fa007a0a070032
:10c604000f020700460207009b010700cf01070045
:10c614000080fa00000006000000fa00ce150700b2
:10c624000080fa00000006000800fa005043800071
:10c63400e10f50000f003200e10f500005003900f7
:10c64400e20f500022003200e30f50003c003200a1
:10c65400530037006c28ef00904380000000e00096
:10c66400480032007228ef00100020005043880078
:10c674004b003700e04e800000004000800078004e
:10c684006043800000804000604388006143800074
:10c69400e00f2000808f500006003400f00f2000cf
:10c6a4006043880020002000504388006e28ef007b
:10c6b4007028ef00904380000000e0003300320057
:10c6c4007228ef006e28ef007028ef003400370066
:10c6d400f00f200060438800704380008143800095
:10c6e40061004000e0804800704388008143880076
:10c6f400904380000000e000030032007228ef0045
:10c704006e28ef007028ef0072438000834380009e
:10c7140090508000a1508000800f5100818f5900fb
:10c724001c00390030002000504388006e28ef00c0
:10c734007028ef0010932d009cfd070018003700af
:10c74400904380000000e000040032007228ef00f3
:10c75400100020005043880011003700614380001e
:10c76400e04e8000008050006043880060438000f9
:10c774000000e00009003c006c28ef006a28ef008c
:10c78400070037000000000005003700000000002b
:10c794000300370000000000010037000000000023
:10c7a400604380006101b90090448000a14480008e
:10c7b400009ab90004027800028bb900860278005e
:10c7c400050242000010b800010242008400780013
:10c7d400f20f2000030020007fe00700000f780024
:10c7e400604380006101b900b0448000c14480000e
:10c7f400009ab90004027800028bb900860278001e
:10c80400050242000010b8000102420084007800d2
:10c81400f20f2000030020006fe0070010079800cb
:10c82400604380006101b900d0448000e14480008d
:10c83400009ab90004027800028bb90086027800dd
:10c84400050242000010b800010242008400780092
:10c85400f20f2000030020005fe00700200798008b
:10c86400604380006101b900f0448000014580000c
:10c87400009ab90004027800028bb900860278009d
:10c88400050242000010b800010242008400780052
:10c89400f20f2000030020004fe00700300798004b
:10c8a4001e0078004400dd00000178008000eb00e9
:10c8b40020c0b300b3fd07001e0090004400dd005b
:10c8c400000178008000eb0010c0b300adfd07004c
:10c8d4003e0090004400dd00000178008000eb0081
:10c8e40030c0b300a7fd07000080fa000000060076
:10c8f4000000fa00d1498000b04c8000808f5000c5
:10c904000300350010002000c04988003a29ef00d8
:10c91400c0498000e10f500003003a00ed02a90075
:10c92400ec02a80002003700ed02a800ec02a90006
:10c93400d116800000002200008060000000e000aa
:10c94400020032003829ef003a29ef000080fa0093
:10c95400000006000000fa00d14a80003052800036
:10c96400808f5000030035005a29ef00c482a800cc
:10c97400d442a8000080fa00000006000000fa007b
:10c984001000200010458800200320002045880066
:10c994000080fa00000006000a00fa004007980030
:10c9a400ce009000811f780070942d00801f7800c5
:10c9b4000e0078004fe50700e48757000e0078006a
:10c9c400fafc07000080fa00000006000000fa00ec
:10c9d40020408000e10f50001e003200e10f5000a3
:10c9e40003003900e20f50002c00320039003700f8
:10c9f4001116800000002800008060000000e000a4
:10ca04002d00320010002000604688001000200035
:10ca140020408800c402a800c422a900c0942d00ac
:10ca2400e2fc070001962d00c0a7200050e5070096
:10ca34000000e000220032006200200001962d0078
:10ca4400c0a7200043e5070010002000304b8800f9
:10ca540020003700c402a800111680000004200042
:10ca6400008060000000e00005003a00111680001c
:10ca740000002800008060000000e00012003a007e
:10ca8400c402a900cc28ef00200020002040880028
:10ca940060962d00c5fc07000e00370011168000bb
:10caa40000002800008060000000e00008003a0058
:10cab4000428ef00070037000000000005003700dd
:10cac40000000000030037000000000001003700f0
:10cad400000000000080fa00000006000200fa00d6
:10cae40020448000e10f50000e00320030448000ea
:10caf400e10f50000b00320010168000610060004e
:10cb04000000e00007003a00101680006200600098
:10cb14000000e00003003a0060468000e10f50008e
:10cb240002003a0010002000010037000000eb0072
:10cb3400000f780030408000e10f500021003200e7
:10cb4400e10f500003003900e20f500038003200ba
:10cb540047003700111680000000240000806000a8
:10cb64000000e000390032001e0078000000e00000
:10cb740038003a00100020004040880010002000d7
:10cb840030408800c422a800c402a900b0972d0038
:10cb940086fc070001992d00c0a72000f4e40700db
:10cba4000000e0002d0032006200200001992d00f9
:10cbb400c0a72000e7e4070010002000304b8800e5
:10cbc4002b003700c422a8001e0078000000e000fb
:10cbd40006003200c422a9000828ef000628ef004e
:10cbe40060992d0071fc07002100370011168000a8
:10cbf40000042000008060000000e00005003a000e
:10cc04001116800000002400008060000000e00095
:10cc140014003a00c422a9000828ef0020002000d4
:10cc240030408800f09a2d0060fc070010003700a7
:10cc34001116800000002400008060000000e00065
:10cc44000a003a000628ef0009003700000000003f
:10cc54000700370000000000050037000000000056
:10cc6400030037000000000001003700000000004e
:10cc74000080fa00000006000200fa00101680008e
:10cc84004600de00614060000080fb00000f780079
:10cc940070558000e10f50000a003a001e00780031
:10cca4000000e00007003a00004a80000000e000b5
:10ccb40004003a0010002000004a88004229ef00d6
:10ccc4004829ef00004a8000e10f500013003a00a9
:10ccd400c422a800c402a900ec62a800104a800083
:10cce4000000e800104a8800505080006150800025
:10ccf40080007800104a8000808f50000b003c00b8
:10cd0400c422a90010002000404a88004229ef00f4
:10cd14004029ef00ec62a900040037004040800085
:10cd24000000e00001003a00c422a9001e007800bf
:10cd3400e10f500001003a004829ef009e007800fe
:10cd4400715588000080fa00000006000200fa0015
:10cd5400101680004900de00614060000080fb0086
:10cd6400000f780060558000e10f50000a003a007f
:10cd74001e0078000000e00007003a00604a8000ce
:10cd84000000e00004003a0010002000604a88001f
:10cd94004e29ef005229ef00604a8000e10f500055
:10cda4001b003a00f2ff20008000eb000040eb0083
:10cdb40074fc0700ece2a800ec62a800c422a900fd
:10cdc400704a80000000e800704a880070508000bb
:10cdd4008150800080007800704a8000808f50006d
:10cde4000f003c000001eb008000eb000040eb0072
:10cdf40064fc0700ece2a90010002000904a8800bf
:10ce04004e29ef004c29ef00ec62a9000400370022
:10ce1400604680000000e00001003a00c402a8005f
:10ce24001e007800e10f500001003a005229ef0083
:10ce34009e007800615588000080fa00000006001a
:10ce44000000fa00004380000000e00031003200de
:10ce54006028ef00004980000000e0001700320065
:10ce6400c1428000d0428000808f500026003d00e7
:10ce7400e04280000000e800e0428800e1428000d7
:10ce8400f0428000808f50001f003500c1428000b6
:10ce9400a04e800000804000c0428800c142800053
:10cea400d0428000808f500002003400d0428000c5
:10ceb400c04288005c28ef0013003700c0428000a5
:10cec4000000e00010003400e04280000000e800b0
:10ced400e0428800e1428000f0428000808f5000f0
:10cee40009003500c1428000a04e8000008050003f
:10cef400c0428800c04280000000e00001003d0004
:10cf04005828ef005c28ef00c0428000f60e0700ae
:10cf140001003700000000000080fa000000060055
:10cf24000400fa00404380000000e000700032007a
:10cf34006828ef00901680006800600000f0a700e9
:10cf44000000ea00000fea001e0078004f00de0037
:10cf5400000f780030448000e10f500004003200dc
:10cf640010168000610060000000e0000200320042
:10cf740010002000010037000000eb0010079800ab
:10cf840010438000e10f500016003200e10f500002
:10cf940005003900e20f500033003200e30f500067
:10cfa4003c003200590037006428ef000000eb0019
:10cfb400670f07001e0078000000e0004e003200fa
:10cfc4001e0090000000e0004d0032001000200020
:10cfd400104388006628ef00509c2d0073fb070067
:10cfe4004a0037001e0078000000e00005003a0007
:10cff4003000200010438800c09d2d006bfb07000b
:10d0040042003700304380000000e80030438800cd
:10d0140031438000d04e8000808f50000f003500d7
:10d0240021438000c04e80000080400020438800df
:10d0340021438000b04e8000808f500006003500f0
:10d04400b04e800020438800200020001043880058
:10d0540030a02d0055fb07006628ef002043800018
:10d064003b0f070029003700b04e8000380f07003f
:10d074001e0078000000e00023003a003000200089
:10d08400104388006628ef0020a12d0047fb07000d
:10d094001e003700304380000000e8003043880061
:10d0a40031438000d04e8000808f50000c0035004a
:10d0b40021438000c04e800000805000204388003f
:10d0c400204380000000e00004003c006428ef00de
:10d0d4006228ef00b0a22d0034fb07006628ef00a1
:10d0e400204380001a0f07000000000007003700eb
:10d0f40000000000050037000000000003003700b6
:10d104000000000001003700000000000080fa0069
:10d11400000006002200fa0000179800b1a32d00b9
:10d124000e10900001e507000000e0000800320046
:10d1340010002000204488008628ef00c422a800a4
:10d14400c402a90010a42d0018fb07000002370038
:10d1540051a52d000e109000f4e407000000e0003b
:10d164000800320010002000304488008428ef00ba
:10d17400c402a800c422a900b0a52d000bfb07001f
:10d18400f3013700f1a62d000e109000e7e407002c
:10d194000000e000070032008428ef008628ef003a
:10d1a400c422a900c402a90050a72d00fffa070059
:10d1b400e7013700b1a82d000e1090006ce30700c2
:10d1c4000000e00009003a008428ef008628ef0000
:10d1d400c422a900c402a90010002000f04788005e
:10d1e40050a72d00f1fa0700d9013700e1a82d005e
:10d1f4000e1090005ee307000000e00006003a0015
:10d2040010002000004088000228ef0010a92d0023
:10d21400e6fa0700ce01370071aa2d000e10900027
:10d2240053e307000000e00005003a000028ef0087
:10d234000228ef00a0aa2d00dcfa0700c401370081
:10d2440001ac2d000e10900049e307000000e0003f
:10d25400bf01320061ac2d000e10900044e30700c2
:10d264000000e00005003a00b04c8000c2fa07005c
:10d2740090ac2d00cdfa0700b5013700c1ac2d00ec
:10d284000e1090003ae307000000e00005003a00a9
:10d29400c04c8000b8fa070090ac2d00c3fa070018
:10d2a400ab013700f1ac2d000e10900030e3070005
:10d2b4000000e00005003a00009c2000bbfa0700d3
:10d2c40090ac2d00b9fa0700a101370021ad2d0063
:10d2d4000e10900026e307000000e00005003a006d
:10d2e400009c2000b1fa070090ac2d00affa0700b3
:10d2f4009701370091ad2d000e1090001ce307003c
:10d304000000e00008003a00504080000000e00007
:10d3140005003a001000200050408800e0ad2d00c8
:10d32400a2fa07008a01370021af2d000e109000e9
:10d334000fe307000000e00007003a0050408000bf
:10d34400e10f500004003a000a28ef0070af2d00ee
:10d3540096fa07007e0137003200200091b02d00bc
:10d364000e1090000de307000000e00026003a00d4
:10d374000e1090006300400022002000800078001e
:10d384000e0078001ae307000040eb0020479800e5
:10d39400d0b02d0085fa07000e10900083fa070024
:10d3a40090ac2d0081fa070064004700801f7800cc
:10d3b400d0b12d00801f78000e109000dae2070033
:10d3c400e4875700e10f50000c003a002e00900053
:10d3d400cf80de0090448800a144880040b22d0034
:10d3e40072fa070090448000a14480000000780095
:10d3f40061fa070061fd07005501370050b32d00a5
:10d404006afa07005201370032002000d1b42d001f
:10d414000e109000e1e207000000e0001f003a0057
:10d424000e109000e3004000660047002200200038
:10d43400efe207000040eb00004f98006a0047004d
:10d44400801f780010b52d00801f78000e1090000a
:10d45400b5e20700e4875700e10f50000c003a00e2
:10d464005e009000cf80de00b0448800c144880094
:10d4740080b52d004dfa0700b0448000c1448000ff
:10d48400000078003cfa07003cfd0700300137003b
:10d49400c0b62d0045fa07002d01370032002000e8
:10d4a40061b82d000e109000bce207000000e000ff
:10d4b4001f003a000e109000e30040006c0047008b
:10d4c40022002000cae207000040eb00604f9800f1
:10d4d40070004700801f7800a0b82d00801f7800de
:10d4e4000e10900090e20700e4875700e10f50000f
:10d4f4000c003a000e089000cf80de00d044880073
:10d50400e144880010b92d0028fa0700d0448000b7
:10d51400e14480000000780017fa070017fd0700b7
:10d524000b01370040ba2d0020fa0700080137002c
:10d5340032002000d1bb2d000e10900097e20700ae
:10d544000000e0001f003a000e109000e3004000cd
:10d554007200470022002000a5e207000040eb0013
:10d564004057980076004700801f780010bc2d00bb
:10d57400801f78000e1090006be20700e4875700cc
:10d58400e10f50000c003a003e089000cf80de000e
:10d59400f04488000145880080bc2d0003fa070090
:10d5a400f04480000145800000007800f2f9070093
:10d5b400f2fc0700e6003700c0bd2d00fbf90700b0
:10d5c400e30037003200200061bf2d000e109000f0
:10d5d40072e207000000e00017003a0078004700fc
:10d5e400801f7800a0bf2d00801f78000e109000cf
:10d5f4004de20700e4875700e10f5000d4003a00e1
:10d604004e089000cf80de0090508800a150880022
:10d6140000c02d00e5f9070090508000a150800063
:10d6240000007800d4f9070090ac2d00dff9070062
:10d63400d2fc0700c60037003200200091c12d0043
:10d644000e10900055e207000000e0001f003a00b1
:10d654000e109000e30040007a00470022002000f2
:10d6640063e207000040eb00405f98007e00470043
:10d67400801f7800d0c12d00801f78000e1090000c
:10d6840029e20700e4875700e10f50000c003a003c
:10d694007e089000cf80de00c04f8800d14f880004
:10d6a40040c22d00c1f90700c04f8000d14f800057
:10d6b40000007800b0f90700b0fc0700a4003700b0
:10d6c40090c32d00b9f90700a100370081c52d00d2
:10d6d4000e10900026e207000000e0000e003a0061
:10d6e400004980000000e0000800320030c62d0030
:10d6f400aef90700104980007e0010009ef9070073
:10d7040040c72d00a9f907009100370080c82d00fb
:10d71400a6f907008e00370071c92d000e10900085
:10d7240013e207000000e00004003a006a09070061
:10d73400a228ef00a428ef0085003700c1c92d00fe
:10d744000e1090000ae207000000e00007003a0013
:10d754007f08070060090700a228ef00a428ef0053
:10d7640050ca2d0091f907007900370011cc2d0023
:10d774000e109000fee107000000e00074003a0083
:10d7840080cc2d0089f9070090b02d0087f907009f
:10d7940090448000a1448000000078007efc0700d3
:10d7a40090ac2d0081f90700d0b42d007ff907005b
:10d7b400b0448000c14480000000780076fc07007b
:10d7c40090ac2d0079f9070060b82d0077f90700b7
:10d7d400d0448000e1448000000078006efc070023
:10d7e40090ac2d0071f90700d0bb2d006ff9070034
:10d7f400f0448000014580000000780066fc0700ca
:10d8040090ac2d0069f9070090cd2d0067f9070051
:10d81400c04f8000d14f80000000780056f9070007
:10d8240090ac2d0061f9070020ce2d005ff90700b0
:10d83400e04f8000f14f8000000078004ef90700af
:10d8440090ac2d0059f90700b0ce2d0057f9070010
:10d854000050800048f9070090ac2d0053f90700f0
:10d8640040cf2d0051f90700105080002150800056
:10d874000000780040f9070090ac2d004bf9070038
:10d88400d0cf2d0049f90700704480003af9070011
:10d8940090ac2d0045f9070060d02d0043f9070036
:10d8a4008044800034f9070090ac2d003ff9070054
:10d8b400f0d02d003df90700305080004150800029
:10d8c400000078002cf9070090ac2d0037f9070010
:10d8d40080d12d0035f90700505080006150800040
:10d8e4000000780024f9070090ac2d002ff9070000
:10d8f40010d22d002df90700705080008150800057
:10d90400000078001cf9070090ac2d0027f90700ef
:10d91400a0d22d0025f9070090508000a15080006e
:10d924000000780014f9070090ac2d001ff90700df
:10d9340030d32d001df90700104580000ef90700b3
:10d9440090ac2d0019f90700c0d32d0017f907007a
:10d954000080fa00000006000000fa0011168000a2
:10d9640000022000008060000000e00003003a0094
:10d9740050488000e10f500002003a0010002000df
:10d98400010037000000eb000080fa0000000600f0
:10d994002200fa00881f7800c211070000a82100a5
:10d9a40061002000df110700ef100700490907009c
:10d9b40000a8210061002000da1107004a100700c6
:10d9c400f90f0700320507009710070077100700ca
:10d9d4002610070069050700c410070098f807001f
:10d9e400c01f26005d050700cde2a800ecc2a90017
:10d9f4003a0d0700550d07000000eb006d0d070000
:10da040000102000650d0700cde2a800ff0b070001
:10da14001b0c07000000eb00330c07000010200073
:10da24002b0c0700f00f2000d0428800910c070057
:10da3400ad0c07000000eb00c50c0700001020002f
:10da4400bd0c070000482800e1012000b5110700c3
:10da540039f9070000502300c1002000b11107006c
:10da6400a0d42d00d1f8070000202100a107200038
:10da7400ac11070000d52d00ccf80700f2ff200000
:10da84008000eb0010c0b3003ef907000020210025
:10da9400a1072000a31107000001eb008000eb00a8
:10daa40010c0b30037f9070060d52d00bff8070098
:10dab400f2ff20008000eb0020c0b30031f9070022
:10dac40000202100a1072000961107000001eb00af
:10dad4008000eb0020c0b3002af90700c0d52d0058
:10dae400b2f80700f2ff20008000eb0030c0b30062
:10daf40024f9070000202100a10720008911070054
:10db04000001eb008000eb0030c0b3001df90700fa
:10db140020d62d00a5f80700c402a900c422a9003c
:10db2400c482a800d442a800d482a900dd22a8009f
:10db3400dcc2a900cde2a800e4e2a900e4c2a90085
:10db4400ec02a800ec22a800ec42a900ec62a900b7
:10db5400ec82a900eca2a900ecc2a900ece2a900a5
:10db6400ed02a900ed82a900f4e2a800f5c2a90023
:10db7400f5e2a90000482800e1012000691107002e
:10db8400103a8000000178000260a10060042000c7
:10db940071052000237420008049780081497800b1
:10dba400824978001136800000fc2f00008060005c
:10dbb4003000b300103688002135800000fc2f00af
:10dbc400008060003000b30020358800103a8000e7
:10dbd400000178000260a0006004200071052000ac
:10dbe40023742000804978008149780082497800b4
:10dbf40090d72d006df807008207070060d82d002c
:10dc04006af807000000eb00ea0c07000080eb0054
:10dc1400000f7800c04f8000d14f800000007800d2
:10dc24000048880001003700000000000060fe008a
:10dc3400420907000004e00025003200140907002f
:10dc4400004f98000e489000ea4f50000300320045
:10dc54000e489000ed4f50000e003a0057c8bf0028
:10dc64008080fb0070812000008040008040eb0039
:10dc740001487800708120004cf8070090ac2d001a
:10dc84004af807007081200022fd07005768ef0062
:10dc94000f0037007185200091407800e0c3b30085
:10dca40080cf500009003e0057c8bf000081fb0030
:10dcb40071812000810041000e4990008248780063
:10dcc4000040e80057e8b700010037005768ef004c
:10dcd4001116800000042000008060000000e000b5
:10dce40019003a0011168000002020000080600016
:10dcf4000000e000140032000000eb001007980060
:10dd04001e0078000000e00003003200f2f9070072
:10dd1400100020005048880051d92d00c0a72000d1
:10dd240093e007000000e00055003200620020008c
:10dd340051d92d00c0a7200086e007001000200064
:10dd4400304b88004e003700111680000020200060
:10dd5400008060000000e00019003a001116800005
:10dd640000042000008060000000e0001400320085
:10dd740010002000100798001e007800e10f5000ea
:10dd840003003200d4f90700100020005048880036
:10dd9400b1d92d00c0a7200075e007000000e00005
:10dda4003700320062002000b1d92d00c0a7200046
:10ddb40068e0070010002000304b88003000370076
:10ddc4001116800000202000008060000000e000a8
:10ddd400140032001116800000042000008060004e
:10dde4000000e0000f00320020002000100798001f
:10ddf4000a29ef0011da2d00c0a720005ce007001b
:10de04000000e0001e0032006200200011da2d0044
:10de1400c0a720004fe0070010002000304b88000e
:10de240017003700111680000020200000806000d9
:10de34000000e00012003a001116800000042000e7
:10de4400008060000000e0000d003a003000200077
:10de54001007980071da2d00c0a7200044e00700e5
:10de64000000e000060032006200200071da2d009c
:10de7400c0a7200037e0070010002000304b8800c6
:10de8400d2fa070015fb0700101680004500de00db
:10de9400614060000080fb00500798005e00900025
:10dea400e10f500007003a00304c80000000e00011
:10deb40004003a0010002000f0478800d0da2d005a
:10dec400baf70700de019000334c88001116800079
:10ded40000042000008060000000e0000500320023
:10dee4001116800000202000008060000000e00087
:10def400e5003a0040458000e20f50007500320012
:10df0400e20f500005003e000000e000080032006f
:10df1400e10f50002a003200e5003700e30f500003
:10df240090003200e40f5000d3003200e0003700cc
:10df3400504880000000e00008003a0051168000bc
:10df440000002200008060000000e0001b003a0096
:10df5400f04780000000e000180032005ef907007e
:10df6400cde2a900ecc2a9001000200040458800c1
:10df74000229ef000429ef000629ef000000eb005e
:10df84000c0c07000a29ef00f5c2a800f5e2a9006d
:10df940051db2d0000a72000f5df07000000e000a2
:10dfa400060032006200200051db2d0000a7200093
:10dfb400e8df070010002000104b8800b100370094
:10dfc400c04680000000e00019003200d828ef00ad
:10dfd400304880000000e800304888003148800064
:10dfe40070518000808f500011003500114880006e
:10dff40000488000808f50000a003d0011488000d6
:10e004008051800000804000104888001148800042
:10e0140000488000808f50000200340000488000d7
:10e024001048880010488000e20b07000629ef0022
:10e034005116800000002100008060000000e00014
:10e0440023003a0011488000210798000a00370095
:10e054002e0090000000e00002003d000000eb00f4
:10e06400200798002e009000d20b07002e0090008d
:10e074004006b100200798002e0090000000e00048
:10e08400f3ff3d00ecc2a8000000eb00c90b070041
:10e0940020002000404588000a29ef00fe28ef00f8
:10e0a400b1db2d0000a72000b1df07000000e00075
:10e0b4000600320062002000b1db2d0000a7200022
:10e0c400a4df070010002000104b8800f5c2a9004f
:10e0d4006c003700005080000000e00003003200b4
:10e0e400904880000000e00006003a00e04780000d
:10e0f4000000e00003003a00f04780000000e00068
:10e1040017003200cde2a900ecc2a80030002000c4
:10e11400404588000229ef000429ef000629ef009a
:10e124000000eb00a30b0700f5c2a900f5e2a8006c
:10e134001229ef0011dc2d0000a720008cdf07005e
:10e144000000e000060032006200200011dc2d0017
:10e1540000a720007fdf070010002000104b88007c
:10e1640048003700c04680000000e000190032007b
:10e17400d828ef00304880000000e80030488800cc
:10e184003148800070518000808f500011003500ac
:10e194001148800000488000808f50000a003d0034
:10e1a40011488000805180000080400010488800a1
:10e1b4001148800000488000808f50000200340025
:10e1c400004880001048880010488000790b070040
:10e1d4000629ef0051168000000022000080600034
:10e1e4000000e00023003a00124880003207980043
:10e1f4000d0037003e0090000000e00002003d00ea
:10e204000000eb00300798003e009000690b070007
:10e2140000c4290001002000c20f07003e00900046
:10e224004006b100300798003e0090000000e00076
:10e23400f0ff3d000000eb005e0b0700fe28ef003e
:10e24400400020004045880071dc2d0000a720001c
:10e2540047df07000000e0000600320062002000f3
:10e2640071dc2d0000a720003adf07001000200019
:10e27400104b880003003700a828ef000a29ef009c
:10e28400000000000a003700cde2a8000000eb0007
:10e29400480b0700f828ef00f028ef00ce28ef0025
:10e2a400a828ef000a29ef000e29ef001029ef003b
:10e2b4009e019000030f78001116800000042000d6
:10e2c400008060000000e00006003a009016800024
:10e2d400700060000000e00002003a00100020001e
:10e2e400010037000000eb00e10f50000e00320087
:10e2f4001116800000202000008060000000e00073
:10e3040006003a0090168000700060000000e000f3
:10e3140002003a0010002000010037000000eb006a
:10e32400e10f500012003a0040458000e40f500015
:10e3340003003200404580000000e00010003a0075
:10e3440041f807000000e000070032004049800067
:10e354000000e0000c003a00100020004049880052
:10e364005df80700090037002829ef00070037008f
:10e374002629ef002429ef002829ef0003003700a5
:10e384000000000001003700000000000049800088
:10e394000000e0000e003200f04880000000e000c1
:10e3a4000b0032001e29ef00104980000000e80035
:10e3b400104988001149800010032000808f50000c
:10e3c400030034002029ef001c29ef002229ef006c
:10e3d400004980000000e00002003200ec82a80046
:10e3e40001003700ec82a90011168000000420000f
:10e3f400008060000000e000070032001116800079
:10e4040000202000008060000000e00002003200d4
:10e4140010002000010037000000eb0060079800a6
:10e42400ee0090007107980040458000e10f500015
:10e434000600320040458000e20f50000300320025
:10e4440040458000e30f500002003a001000200015
:10e45400010037000000eb00000f98000049800025
:10e464000000a20000f0a7000000ea000000e9009c
:10e474004f00de00100f9800204480000000a2002e
:10e4840000f0a7000000ea000000e9004f00de00f1
:10e49400200f9800304480000000a20000f0a70084
:10e4a4000000ea000000e9004f00de00300f980091
:10e4b400f04780000000a20000f0a7000000ea007e
:10e4c4000000e9004f00de00400f98007e0090003d
:10e4d4000000e00003003200404c80000000e00037
:10e4e4001e0032000e0890000000e000030032001d
:10e4f400504c80000000e000180032001e0890001c
:10e504000000e00003003200604c80000000e000e6
:10e51400120032004e0890000000e00003003200b8
:10e52400704c80000000e0000c0032002e089000c7
:10e534000000e00003003200804c80000000e00096
:10e54400060032003e0890000000e0002500320082
:10e55400904c80000000e00022003a0010002000ef
:10e5640090438800d0dc2d0010f607007e00900058
:10e574000000e0000200320040dd2d000bf6070031
:10e584000e0890000000e00003003a004e089000de
:10e594000000e00002003200a0dd2d0003f60700b9
:10e5a4001e0890000000e0000200320000de2d0092
:10e5b400fef507002e0890000000e0000200320083
:10e5c40060de2d00f9f507003e0890000000e00031
:10e5d40002003200a0de2d00f4f5070090ac2d00ff
:10e5e400f2f507007e019000424c88008e099000ed
:10e5f400534c88009e089000614c88002e099000be
:10e60400824c8800be099000934c8800ce0890008c
:10e61400714c8800b04b80000000e0000200320022
:10e624007629ef0000f8070040458000e20f500013
:10e6340015003a00005080000000e0001200320093
:10e64400b04680000000e00013003200d628ef003e
:10e65400a04880000000e800a0488800a04880008e
:10e664006101b900e04f8000f14f8000800f51003c
:10e67400818f59000700390010002000904888005d
:10e684001429ef00040037001429ef001229ef00c9
:10e694000100370000000000600020006cf5070056
:10e6a4009045880090458000cf80de00b2d80700f6
:10e6b40002002000e3332400a4da070002002f0044
:10e6c400f3572400c2d90700500f9800610f980037
:10e6d400b0508000c1508000d2cc2c00c3e4230091
:10e6e400cdd8070018c0b3005e099000ee09900071
:10e6f40084d807000000e00001003c000044eb0067
:10e704000804e0000e003a00b0508000c1508000c0
:10e71400d2cc2c00c3e42300c8d8070018c0b3002f
:10e724005e099000ee09900074d807000000e00034
:10e73400010035000044eb000804e000040032004e
:10e744005e099000ee099000b2508800c350880022
:10e75400600020003ef5070050458800d116800077
:10e7640000002400008060000000e00001003a0086
:10e774005c29ef00d11680000000240000806000b6
:10e784000000e0000200320010002000e04a88008f
:10e7940010178000610060000000e0000b003a00e8
:10e7a4009117800000002100008060000000e0005c
:10e7b40006003a00604a8000e10f50000300320076
:10e7c400004a8000e10f500002003a0010002000cf
:10e7d400010037000000eb00700f9800f045800046
:10e7e400e10f50000d003200e10f5000030039002a
:10e7f400e20f5000150032002c003700c228ef0051
:10e80400f4e2a8007e0890000000e000220032003c
:10e8140010002000f045880024003700c228ef00d3
:10e82400f4e2a8007e0890000000e0001c003a001a
:10e8340020002000f0458800c028ef0010002000d0
:10e8440010468800f4e2a9001800370010002000e8
:10e8540010468800f4e2a900504b8000e10f5000fc
:10e8640004003a006a29ef00004680000000e80036
:10e874000046880001468000f0508000808f5000e0
:10e8840009003500be28ef00c028ef00c228ef00c1
:10e89400f4e2a80005003700000000000300370080
:10e8a4000000000001003700000000001046800056
:10e8b4000000e00002003200ec42a8000100370032
:10e8c400ec42a900dd22a800d442a800c482a8001a
:10e8d400d0168000d016800051178000000022005e
:10e8e400008060000000e000150032001116800076
:10e8f40000042000008060000000e00010003200ee
:10e904001116800000202000008060000000e0005c
:10e914000b003200e1de2d0020a8200094dd07006a
:10e924000000e0000600320062002000e1de2d005d
:10e9340020a8200087dd070010002000404b88003d
:10e944005117800000002200008060000000e000f9
:10e9540012003200111680000004200000806000c4
:10e964000000e0000d003a00ec22a900e4e2a80057
:10e9740041df2d0020a820007ddd07000000e0001d
:10e98400060032006200200041df2d0020a8200094
:10e9940070dd070010002000404b880051178000f4
:10e9a40000002200008060000000e0001700320038
:10e9b4001116800000202000008060000000e000ac
:10e9c40012003a0090168000680060000000e00029
:10e9d4000e003a0010002000a04a8800e4c2a800fb
:10e9e400a1df2d0020a8200061dd07000000e00069
:10e9f4000600320062002000a1df2d0020a82000c4
:10ea040054dd070010002000404b8800511780009f
:10ea140000002200008060000000e0000f003a00c7
:10ea24005429ef005629ef00e4c2a900e4e2a9004a
:10ea340001e02d0020a820004ddd07000000e000cb
:10ea4400060032006200200001e02d0020a8200012
:10ea540040dd070010002000404b8800190c07001f
:10ea64000000e00001003400a6f607005901070089
:10ea74000000e00001003400dff6070010178000fa
:10ea84006100600000f0a7000000ea000000ea0056
:10ea94004f00de00001798000e1090000000e00008
:10eaa4000e003200c04980000000e0000b003a0074
:10eab400d1498000b04c8000808f50000b0035009d
:10eac40010002000c04988003a29ef0060e02d00c2
:10ead400b6f40700a9f70700040037000e109000f1
:10eae4000000e00001003a003a29ef00d11680004e
:10eaf40000002200008060000000e00008003200f6
:10eb0400c04980000000e00003003200e0e02d0076
:10eb1400a6f4070099f707003829ef003a29ef0017
:10eb2400c0498000e10f500003003a00ed02a80044
:10eb3400ec02a90002003700ed02a900ec02a800d3
:10eb440090168000680060000000e00002003200bf
:10eb5400d482a80001003700d482a900104b8000a1
:10eb6400e10f500001003a006229ef00204b8000c1
:10eb7400e10f500001003a006429ef00304b80009f
:10eb8400e10f500005003a00c0a7200087f40700f9
:10eb940090ac2d0085f407006629ef00404b8000ff
:10eba400e10f500020fc3a0020a820007ff4070069
:10ebb40090ac2d007df407006829ef001bfc3700a2
:020000040000fa
:10ebc4000000fa00ffff37000000fa00ffff3700e3
:10ebd4001600fa00881f78006000b8006011b800c1
:10ebe400300798004107980052079800630798007f
:10ebf4006000b8006011b80070079800010f980019
:10ec0400120f9800230f980004802700051020009d
:10ec14000400be00dc090700008fbe005005200080
:10ec2400a10a2000470907001e00be006a09070068
:10ec3400404798004e4090000004a2000004e00009
:10ec440001003200deff0700302322001101200002
:10ec540030079800410798006056250041042000c1
:10ec640050079800610798003e009000ce00900085
:10ec74000001be001e00be006a090700404798005c
:10ec84004e4090000084fb005e009000ee00900077
:10ec940022002000030020003e024100ae82490011
:10eca4000001be000400be005e0907000080fb00f6
:10ecb4000000640000f0a7000000ea000000ea0081
:10ecc4004f00de00404798004e4090000004a20030
:10ecd4000004e00001003200b9ff07001e0907002c
:10ece4001e00be003009070070079800010f98004d
:10ecf40022002000030020003e004100ae804900b5
:10ed040029090700100f9800210f98003e01900078
:10ed1400ce0190007e0090008e089000800f51007c
:10ed2400818f590007003a005e019000ee019000c7
:10ed34001e089000ae089000800f5100818f59008a
:10ed440001003200a0ff07004f0478000080fa00a1
:10ed5400000006000e00fa000080270001102000c9
:10ed64008909070020079800310798005005200002
:10ed7400a10a2000f30807002e009000be009000b6
:10ed840015090700004f98000e4890000004a200e7
:10ed94000004e0000100320089ff07006000b800b1
:10eda400008fbe00110037002e009000be009000be
:10edb4003e014000ae8148000200be001e01be00bc
:10edc40018090700004f98000e4890000004a200a4
:10edd4000004e0000100320079ff07002200200057
:10ede400030020001e0f41005e974900f03f200001
:10edf400010020001e01be00800f5100818f5900c8
:10ee0400e9ff3600d40807006000b800008fbe0098
:10ee1400120037002e009000be0090003e0140001a
:10ee2400ae8148000200be00df08070050079800ca
:10ee3400610798005e009000ee009000be0f500045
:10ee4400ae8f5800010032005fff0700220020004f
:10ee5400030020001e0f41005e974900f03f200090
:10ee6400010020001e01be00800f5100818f590057
:10ee7400e8ff36000080fa00000006000000fa00f7
:10ee840053ff0700b3ff07000080fa0000000600ec
:020000040000fa
:10ee94000000fa000a21ef00b00920007008880081
:10eea4000003280090088800a05780000000e000bc
:10eeb40002003a0060792700280007008500a900b5
:10eec4009500a800f66aef000080fa000000060032
:10eed4000200fa00000f78009e0078007108880094
:10eee400f66aef000080fa00000006000000fa0055
:10eef400700880000080fa00000006000200fa009a
:10ef0400000f78009e00780051088800f66aef0030
:10ef14000080fa00000006000000fa00500880009b
:10ef24000080fa00000006000000fa001000200033
:10ef3400d04b880010002000304a880010002000c8
:10ef44000043880010002000404388001000200087
:10ef5400b04b88000080fa00000006000200fa00ae
:10ef6400000f78009500a9009e007800a157880042
:10ef74009500a8000080fa00000006000000fa00d6
:10ef8400f66aef009500a80013e1a8000080fa00db
:10ef9400000006000000fa0013e1a9009500a90092
:10efa4000080fa00000006000200fa0061af2000b1
:10efb40091407800014f78001e4078000004e00082
:10efc40001003200f66aef001e4078000080fa006b
:10efd400000006000000fa00f7cabf000080fb0032
:10efe4000080fa00000006000000fa00f76aef0053
:08eff4000080fa000000060095
:020000040000fa
:10f000000000000000000000000000000000000000
:10f0100000000000000000000000000000000000f0
:10f0200000000000000000000000000000000000e0
:10f0300000000000000000000000000000000000d0
:10f0400000000000000000000000000000000000c0
:10f0500000000000000000000000000000000000b0
:10f0600000000000000000000000000000000000a0
:10f070000000000000000000000000000000000090
:10f080000000000000000000000000000000000080
:10f090000000000000000000000000000000000070
:10f0a0000000000000000000000000000000000060
:10f0b0000000000000000000000000000000000050
:10f0c0000000000000000000000000000000000040
:10f0d0000000000000000000000000000000000030
:10f0e0000000000000000000000000000000000020
:10f0f0000000000000000000000000000000000010
:10f1000000000000000000000000000000000000ff
:10f1100000000000000000000000000000000000ef
:10f1200000000000000000000000000000000000df
:10f1300000000000000000000000000000000000cf
:10f1400000000000000000000000000000000000bf
:10f1500000000000000000000000000000000000af
:10f16000000000000000000000000000000000009f
:10f17000000000000000000000000000000000008f
:10f18000000000000000000000000000000000007f
:10f19000000000000000000000000000000000006f
:10f1a000000000000000000000000000000000005f
:10f1b000000000000000000000000000000000004f
:10f1c000000000000000000000000000000000003f
:10f1d000000000000000000000000000000000002f
:10f1e000000000000000000000000000000000001f
:10f1f000000000000000000000000000000000000f
:10f2000000000000000000000000000000000000fe
:10f2100000000000000000000000000000000000ee
:10f2200000000000000000000000000000000000de
:10f2300000000000000000000000000000000000ce
:10f2400000000000000000000000000000000000be
:10f2500000000000000000000000000000000000ae
:10f26000000000000000000000000000000000009e
:10f27000000000000000000000000000000000008e
:10f28000000000000000000000000000000000007e
:10f29000000000000000000000000000000000006e
:10f2a000000000000000000000000000000000005e
:10f2b000000000000000000000000000000000004e
:10f2c000000000000000000000000000000000003e
:10f2d000000000000000000000000000000000002e
:10f2e000000000000000000000000000000000001e
:10f2f000000000000000000000000000000000000e
:10f3000000000000000000000000000000000000fd
:10f3100000000000000000000000000000000000ed
:10f3200000000000000000000000000000000000dd
:10f3300000000000000000000000000000000000cd
:10f3400000000000000000000000000000000000bd
:10f3500000000000000000000000000000000000ad
:10f36000000000000000000000000000000000009d
:10f37000000000000000000000000000000000008d
:10f38000000000000000000000000000000000007d
:10f39000000000000000000000000000000000006d
:10f3a000000000000000000000000000000000005d
:10f3b000000000000000000000000000000000004d
:10f3c000000000000000000000000000000000003d
:10f3d000000000000000000000000000000000002d
:10f3e000000000000000000000000000000000001d
:10f3f000000000000000000000000000000000000d
:10f4000000000000000000000000000000000000fc
:10f4100000000000000000000000000000000000ec
:10f4200000000000000000000000000000000000dc
:10f4300000000000000000000000000000000000cc
:10f4400000000000000000000000000000000000bc
:10f4500000000000000000000000000000000000ac
:10f46000000000000000000000000000000000009c
:10f47000000000000000000000000000000000008c
:10f48000000000000000000000000000000000007c
:10f49000000000000000000000000000000000006c
:10f4a000000000000000000000000000000000005c
:10f4b000000000000000000000000000000000004c
:10f4c000000000000000000000000000000000003c
:10f4d000000000000000000000000000000000002c
:10f4e000000000000000000000000000000000001c
:10f4f000000000000000000000000000000000000c
:10f5000000000000000000000000000000000000fb
:10f5100000000000000000000000000000000000eb
:10f5200000000000000000000000000000000000db
:10f5300000000000000000000000000000000000cb
:10f5400000000000000000000000000000000000bb
:10f5500000000000000000000000000000000000ab
:10f56000000000000000000000000000000000009b
:10f57000000000000000000000000000000000008b
:10f58000000000000000000000000000000000007b
:10f59000000000000000000000000000000000006b
:10f5a000000000000000000000000000000000005b
:10f5b000000000000000000000000000000000004b
:10f5c000000000000000000000000000000000003b
:10f5d000000000000000000000000000000000002b
:10f5e000000000000000000000000000000000001b
:10f5f000000000000000000000000000000000000b
:10f6000000000000000000000000000000000000fa
:10f6100000000000000000000000000000000000ea
:10f6200000000000000000000000000000000000da
:10f6300000000000000000000000000000000000ca
:10f6400000000000000000000000000000000000ba
:10f6500000000000000000000000000000000000aa
:10f66000000000000000000000000000000000009a
:10f67000000000000000000000000000000000008a
:10f68000000000000000000000000000000000007a
:10f69000000000000000000000000000000000006a
:10f6a000000000000000000000000000000000005a
:10f6b000000000000000000000000000000000004a
:10f6c000000000000000000000000000000000003a
:10f6d000000000000000000000000000000000002a
:10f6e000000000000000000000000000000000001a
:10f6f000000000000000000000000000000000000a
:10f7000000000000000000000000000000000000f9
:10f7100000000000000000000000000000000000e9
:10f7200000000000000000000000000000000000d9
:10f7300000000000000000000000000000000000c9
:10f7400000000000000000000000000000000000b9
:10f7500000000000000000000000000000000000a9
:10f760000000000000000000000000000000000099
:10f770000000000000000000000000000000000089
:10f780000000000000000000000000000000000079
:10f790000000000000000000000000000000000069
:10f7a0000000000000000000000000000000000059
:10f7b0000000000000000000000000000000000049
:10f7c0000000000000000000000000000000000039
:10f7d0000000000000000000000000000000000029
:10f7e0000000000000000000000000000000000019
:10f7f0000000000000000000000000000000000009
:020000040000fa
:10f800000400fa00008fbe001e00be004008de00ab
:10f81000004078000080fb00a00288001e007800f5
:10f820001000ba000080fa00000006000000fa0094
:10f8300020042400003b880010002000a002880063
:10f84000000025008080eb000108bb000500fc00e3
:10f8500050052000303b8800a00a2000303b880083
:10f8600061e7a800000000000000000000000000a8
:10f87000013b800000002800008060000000e000e4
:10f88000fbff3a000080fa00000006000600fa00c4
:10f8900020079800000025001007980010002400a1
:10f8a000003b880010002000a00288000000eb0050
:10f8b000000f7800130037001e00780000004000a1
:10f8c000ae00900000804000900078001e0078009c
:10f8d00000004000000178001e0090000000410080
:10f8e0000108bb001e007800000040008000780086
:10f8f0001e00900000804000f10f20000188bb0036
:10f900001e0fe800f00320009e007800808f50005a
:10f91000e9ff36000500fc0050052000303b880060
:10f92000a00a2000303b880061e7a800000000002a
:10f930000000000000000000013b800000002800e3
:10f94000008060000000e000fbff3a000080fa0049
:10f95000000006000000fa009228ef009428ef0053
:10f960009628ef009828ef009a28ef009c28ef00d7
:10f97000f00f200001002000f044880001458800bd
:10f98000f007200001002000c04f8800d14f880000
:10f990004006200001002000e04f8800f14f880061
:10f9a0001000200000508800c0122000010020003c
:10f9b00010508800215088008e28ef009028ef001a
:10f9c000a005200001002000305088004150880030
:10f9d0002003200001002000505088006150880062
:10f9e0002003200001002000705088008150880012
:10f9f00080bb20000100200090508800a1508800aa
:10fa00000080fa00000006000200fa00889fbe0095
:10fa1000000025001100200079ff0700000f78008a
:10fa2000a0552a009e007800808f5000020032000e
:10fa3000c8ff0700a60037002000250011002000a5
:10fa40006fff07006104b80040002500110020008e
:10fa50006bff07008000eb00c000dd00000020000d
:10fa6000000074008180740090448800a1448800e4
:10fa7000600025001100200061ff07006104b8004c
:10fa800080002500110020005dff07008000eb00d2
:10fa9000c000dd00000020000000740081807400c0
:10faa000b0448800c1448800a00025001100200057
:10fab00053ff07006104b800c000250011002000ba
:10fac0004fff07008000eb00c000dd0000002000b9
:10fad0000000740081807400d0448800e1448800f4
:10fae000e00025001100200045ff07006104b80078
:10faf000000125001100200041ff07008000eb00fd
:10fb0000c000dd000000200000007400818074004f
:10fb1000f0448800014588002001250011002000e4
:10fb200037ff07006104b8004001250011002000e4
:10fb300033ff07008000eb00c000dd000000200064
:10fb40000000740081807400c04f8800d14f88008d
:10fb5000600125001100200029ff07006104b800a2
:10fb6000800125001100200025ff07008000eb0028
:10fb7000c000dd00000020000000740081807400df
:10fb8000e04f8800f14f8800a001250011002000ff
:10fb90001bff070000508800c00125001100200055
:10fba00017ff07006104b800e001250011002000e4
:10fbb00013ff07008000eb00c000dd000000200004
:10fbc000000074008180740010508800215088006b
:10fbd000000225001100200009ff07007044880082
:10fbe000200225001100200005ff07008044880046
:10fbf000400225001100200001ff07006104b80049
:10fc00006002250011002000fdfe07008000eb00cf
:10fc1000c000dd000000200000007400818074003e
:10fc200030508800415088008002250011002000db
:10fc3000f3fe07006104b800a002250011002000b7
:10fc4000effe07008000eb00c000dd000000200098
:10fc5000000074008180740050508800615088005a
:10fc6000c002250011002000e5fe07006104b80075
:10fc7000e002250011002000e1fe07008000eb00fb
:10fc8000c000dd00000020000000740081807400ce
:10fc9000705088008150880000032500110020006a
:10fca000d7fe07006104b8002003250011002000e2
:10fcb000d3fe07008000eb00c000dd000000200044
:10fcc000000074008180740090508800a15088006a
:10fcd0004f04be000080fa00000006008200fa0017
:10fce0000000eb00000f7800070037001e007800ce
:10fcf00000004000000047000080e8008080eb002a
:10fd0000010878001e0fe800f00320009e00780034
:10fd1000808f5000f5ff3400a0552a00100798008e
:10fd200090448000a14480000000780020079800e3
:10fd300090448000a14480004008de00000078006c
:10fd400030079800b0448000c14480000000780073
:10fd500040079800b0448000c14480004008de00a5
:10fd60000000780050079800d0448000e1448000f3
:10fd70000000780060079800d0448000e1448000d3
:10fd80004008de000000780070079800f044800012
:10fd90000145800000007800000f9800f0448000ca
:10fda000014580004008de0000007800100f980038
:10fdb000c04f8000d14f800000007800200f9800d5
:10fdc000c04f8000d14f80004008de000000780066
:10fdd000300f9800e04f8000f14f80000000780065
:10fde000400f9800e04f8000f14f80004008de0097
:10fdf00000007800500f980000508000600f9800bd
:10fe0000105080002150800000007800700f980092
:10fe100010508000215080004008de000000780073
:10fe200000179800704480001017980080448000ec
:10fe3000201798003050800041508000000078006a
:10fe40003017980030508000415080004008de009c
:10fe500000007800401798005050800061508000ea
:10fe600000007800501798005050800061508000ca
:10fe70004008de0000007800601798007050800095
:10fe8000815080000000780070179800705080004a
:10fe9000815080004008de0000007800001f9800bc
:10fea00090508000a150800000007800101f980042
:10feb00090508000a15080004008de0000007800d3
:10fec000201f980059fe07000e80e8006ffe070013
:10fed0000080fa00000006000000fa009580a900ea
:10fee0009560a90080002000001188002222ef0008
:10fef000900120004011880090ad2000b05688008d
:10ff000090ad2000a056880020ae200090568800ba
:10ff100020ae200080568800d86aef00c0fa270083
:10ff200007000700c0ff27002d0007009560a8000c
:10ff300021e2a8002342a8000080fa000000060089
:10ff40000200fa00000f78001e0078006057880059
:10ff50000080fa00000006000000fa00b1568000a0
:10ff6000a0568000808f500002003a009580a900c2
:10ff7000190037008580a90010003700b0568000b6
:10ff8000904078008180fb00211188000000e8008b
:10ff9000b0568800b156800020ae2000808f5000ff
:10ffa00002003a0090ad2000b0568800b1568000a3
:10ffb000a0568000808f5000060032001111800092
:10ffc00000202000008060000000e000ebff320015
:10ffd00001003700000000000080fa000000060069
:10ffe0000200fa00000f78001e00780070578800a9
:10fff0000080fa00000006000000fa001e00370032
:020000040001f9
:1000000080568000311180008140780001487800de
:1000100081568000a0ae2000808f50000900320081
:10002000805680008000e80090568000808f50004d
:1000300004003200805680000000e80080568800ee
:100040000d00370081568000a0ae2000808f500048
:1000500007003a009156800020ae2000808f5000ab
:100060000300320020ae20008056880002003700d6
:1000700010c0b300d8eab700101180006100600022
:100080000000e000deff3a008560a9000080fa0071
:10009000000006000200fa000040eb00004f78006c
:1000a000000000009156800080568000808f500034
:1000b000fcff320090568000104f78009056800070
:1000c0000000e8009056880091568000b0ae2000f5
:1000d000808f500002003a0020ae20009056880029
:1000e0001e4078000080fa00000006000200fa00be
:1000f000004f7800000000001c0007000004a20070
:100100000004e000fcff3a00a05680001e48780082
:10011000a05680000000e800a0568800a15680008c
:1001200020ae2000808f500002003a0090ad2000e9
:10013000a05688009580a8000080fa000000060004
:100140000000fa0091568000805680000080680010
:1001500000f0a7000000ea000000ea004f00de0007
:10016000004078000080fa00000006000400fa0059
:10017000b156800011079800a15680001e00900023
:10018000808f5000060031009e009000a056800035
:10019000008050000000e900000f780005003700e3
:1001a0009e009000a0568000008050006800400033
:1001b000000f78001e00780000f0a7000000ea00a1
:1001c0000000ea004f00de00004078000080fa00e6
:1001d000000006000000fa00a1568000b056800022
:1001e000808f500009003a0011118000001020009b
:1001f0000080600000f0a7000000ea000000ea00b4
:100200004f00de0000407800010037000040eb00a6
:100210000080fa00000006000400fa008156800009
:1002200011079800905680009e009000808f50002b
:10023000060031009e009000905680000080500023
:1002400069004000000f7800030037009e00900016
:1002500090568000008f5000f00f20009e00780024
:10026000808f50000200360000c0eb000200370013
:100270001e007800004078000080fa0000000600b0
:100280000000fa00e4ff07000080fa00000006000a
:100290000400fa00b156800011079800a1568000b2
:1002a0001e009000808f5000060031009e009000dc
:1002b000a0568000008050000000e900000f780088
:1002c000050037009e009000a0568000008050007e
:1002d00068004000000f7800f00f20009e007800ba
:1002e000808f50000200360000c0eb000200370093
:1002f0001e007800004078000080fa000000060030
:100300000000fa00e2ff07000080fa00000006008b
:100310000000fa00afff07000080fa0000000600ae
:100320000800fa002007980031079800baff07007c
:100330000080fb00000f78003e0090009e0f5000f0
:1003400002003100be009000010f78000000eb00b9
:1003500010079800090037004eff0700ae0090001c
:10036000804878002e0090000000e80020079800e8
:100370001e0090000000e800100798001e0090008a
:100380009e0f5000f4ff39001e0078000080fa0034
:10039000000006000800fa002007980031079800c6
:1003a000bbff07000080fb00000f78003e009000bc
:1003b0009e0f500002003100be009000010f780037
:1003c0000000eb0010079800090037002e00900095
:1003d00010407800ae0090008100e80021079800ee
:1003e00042ff07001e0090000000e8001007980080
:1003f0001e0090009e0f5000f4ff39001e00780090
:100400000080fa00000006000400fa000000eb0083
:10041000000f780080ff0700204798009cff07002e
:10042000304798002e4090000080fb000000e00064
:1004300003003200e90f50000300320004003700cf
:100440001e20a000040037001e00a000020037009c
:100450001e10a000000000003e4090000080fb0045
:100460000000e00003003200e90f500003003200fa
:10047000040037001e30a000020037001e40a0001c
:10048000000000001e0078000080fa000000060056
:100490000400fa0010079800915680001e0090009a
:1004a000008f4000020037009e007800698f5000e6
:1004b000b0ae20009e007800808f5000faff3e0012
:1004c0001e007800104078000080fa00000006004e
:1004d0000000fa0050ff07000080fb000000e90068
:1004e0004f00de00004078000080fa0000000600a7
:1004f0000000fa0066ff07000080fb000000e90032
:100500004f00de00004078000080fa000000060086
:100510000000fa00101180000080fa0000000600c0
:020000040000fa
:020000040001f9
:10052000b20c00000400000082000000ffffff008a
:10053000ff000000040b0000020000008200000029
:10054000ffff0000b00a0000200000008000000053
:10055000f00a00000400000080000000f40a00001f
:100560000400000080000000060b000002000000f4
:1005700080000000080b0000020000008000000066
:100580000a0b000002000000800000000c0b0000bd
:100590000200000080000000f80a000004000000d3
:1005a00080000000fc0a0000040000008000000041
:1005b000d00a00002000000080000000000b0000b6
:1005c00004000000800000000e0b0000020000008c
:1005d000800000000008000096010000800000007c
:1005e000960900001a010000820000005a002c0049
:1005f00001303000303030003030300030304900d1
:10060000436c610073730000003132002f322f0001
:100610003236000000000000000000000000000072
:100620000000000045433100375f300030313400b6
:100630005f303500380000000000000000000500b9
:1006400000ff000005000200000300003030300011
:10065000303030003030300030303000303030005a
:1006600030303000303030003030300030007f002b
:100670000000000064000000000100002c010000e8
:10068000005a0000000005000000000032000000d9
:1006900000b80b000000000000dc41000000dc009e
:1006a000411e000014000100000100006400280049
:1006b00000960000ff000200000400002c01f4007e
:1006c00001010000b80b010000d007000100190073
:1006d0000001000004000a00005765007373650004
:1006e00078204c006966740020636f00204c740011
:1006f00064000000626c61006e6b0000000000008e
:100700000000000000000000000000000000530096
:10071000542030003000530054203000300053008b
:1007200054203000300053005420300030001e00b0
:100730000052450043454900564544000000000072
:1007400000000000000000000000000000000000a9
:100750000000000000000000000000000000010098
:1007600000010000100b00000200000080000000eb
:10077000940c00001e00000082000000286e69003a
:100780006c29000025006800076c09004c836a0092
:100790009074a0007ac000008068880000846c001b
:1007a00082008100ba0c00000200000080000000fe
:1007b000120b00000a01000082000000000102008c
:1007c0000407030006050000ffffff00ffffff0016
:1007d000ffffff00ffffff00ffffff00ffffff0025
:1007e000ffffff00ffffff00ffffff00ffffff0015
:1007f000ffffff00ffffff00ffffff00ffffff0005
:10080000ffffff00ffffff00ff00010002030400e5
:10081000050607000809ff00ffffff00ffffff00bc
:100820000a0b0c000d0e0f0010111200131415000e
:1008300016171800191a1b001c1d1e001f2021006e
:100840002223ff00ffffff00ffff0a000b0c0d003b
:100850000e0f1000111213001415160017181900ae
:100860001a1b1c001d1e1f002021220023ffff0059
:10087000ffffff00ffffff00ffffff00ffffff0084
:10088000ffffff00ffffff00ffffff00ffffff0074
:10089000ffffff00ffffff00ffffff00ffffff0064
:1008a000ffffff00ffffff00ffffff00ffffff0054
:1008b000ffffff00ffffff00ffffff00ffffff0044
:1008c000ffffff00ffffff00ffffff00ffffff0034
:1008d000ffffff00ffffff00ffffff00ffffff0024
:1008e000ffffff00ffffff00ffffff00ffffff0014
:1008f000ffffff00ffffff00ffffff00ffffff0004
:10090000ffffff00ffffff00ffffff00ffffff00f3
:10091000ffffff00ffffff00ffffff00ffff0000e2
:100920001c0c00003c0000008200000001000300dd
:100930000000000000000000000000000000900027
:10094000500000000000000000065000945100001c
:100950000000000000000000000000000000000097
:100960000000000000000000000000000000000087
:10097000000000000000000000000000bc0c0000af
:100980000200000080000000580c00003c00000045
:1009900082000000010003000000000000000000d1
:1009a0000000000000009000500000000000000067
:1009b00000065000945100000000000000000000fc
:1009c0000000000000000000000000000000000027
:1009d0000000000000000000000000000000000017
:1009e00000000000b60c00000400000080000000c1
:1009f000be0c0000020000008200000001000000a8
:100a0000c00c000002000000800000000000000098
:020000040000fa
:020000040001f9
:100a10000000fa00e0c02100d00c8800f0012000a6
:100a2000e00c880000082000f00c88000005200081
:100a3000000d8800d00c8000004078006740600006
:100a40000080fb00505888000080fa00000006007b
:100a50000000fa000080fa00000006000000fa0022
:100a60002104800000042000008060000000e000fd
:100a700002003200f6ff070084c0a9000080fa00df
:100a8000000006000000fa00505880000040780086
:100a9000674060000080fb0067006000d20c8000af
:100aa00081ff2f008100610001007000d00c8800e0
:100ab0000080fa00000006000000fa00d10c80005f
:100ac00080ff2f0000806000d00c88000080fa00ba
:100ad000000006000200fa00000f78009e00780077
:100ae000f10c88000080fa00000006000200fa0005
:100af000000f78009e007800010d88000080fa0049
:100b0000000006000000fa00200480004600de001d
:100b1000614060000080fb0000f0a7000000ea00d8
:100b20000000ea004f00de00004078000080fa007c
:100b3000000006000400fa00100798001e00900054
:100b4000e10f50000f003200e10f500003003900a8
:100b5000e20f5000150032001e003700d00c80005c
:100b60004400de00614060000080fb0000f0a70050
:100b70000000ea000000ea004f00de00004f7800ad
:100b800014003700d00c80004500de00614060009a
:100b90000080fb0000f0a7000000ea000000ea006f
:100ba0004f00de00004f78000a003700d00c8000b4
:100bb0004600de00614060000080fb0000f0a700fe
:100bc0000000ea000000ea004f00de00004f78005d
:100bd000000000001e4078000080fa0000000600bf
:100be0000200fa00000f78001e007800e10f5000ac
:100bf00007003200e10f500003003900e20f5000ff
:100c000005003200060037009a81a9000400370071
:100c10009aa1a900020037009ac1a90000000000b3
:100c20000080fa00000006000000fa009cc1a80045
:100c30000080fa00000006000000fa00e00c8000ce
:100c40004600de00614060000080fb0000f0a7006d
:100c50000000ea000000ea004f00de0000407800db
:100c60000080fa00000006000000fa009cc1a90004
:100c70000080fa00000006000000fa00e0c0210039
:100c8000200d8800f0012000300d880000082000b1
:100c9000400d8800f00f2000500d8800200d8000ce
:100ca00000407800674060000080fb0070588800ba
:100cb0000080fa00000006000000fa000080fa0040
:100cc000000006000000fa0031048000002020002f
:100cd000008060000000e00002003200f6ff070024
:100ce0008720a9000080fa00000006000000fa003a
:100cf0007058800000407800674060000080fb0072
:100d000067006000220d800081ff2f0081006100dc
:100d100001007000200d88000080fa00000006002d
:100d20000000fa00210d800080ff2f00008060008d
:100d3000200d88000080fa00000006000200fa0082
:100d4000000f78009e007800410d88000080fa00b6
:100d5000000006000200fa00000f78009e007800f4
:100d6000510d88000080fa00000006000000fa0023
:100d7000300480004900de00614060000080fb001c
:100d800000f0a7000000ea000000ea004f00de00cb
:100d9000004078000080fa00000006000400fa001d
:100da000100798001e009000e10f50000f00320065
:100db000e10f500003003900e20f5000150032002f
:100dc0001e003700200d80004400de0061406000fe
:100dd0000080fb0000f0a7000000ea000000ea002d
:100de0004f00de00004f780014003700200d800017
:100df0004500de00614060000080fb0000f0a700bd
:100e00000000ea000000ea004f00de00004f78001a
:100e10000a003700200d80004600de0061406000bf
:100e20000080fb0000f0a7000000ea000000ea00dc
:100e30004f00de00004f7800000000001e407800e8
:100e40000080fa00000006000200fa00000f78009f
:100e50001e007800e10f500007003200e10f500043
:100e600003003900e20f5000050032000600370091
:100e7000a481a90004003700a4a1a9000200370042
:100e8000a4c1a900000000000080fa0000000600d4
:100e90000000fa00a6c1a8000080fa0000000600c9
:100ea0000000fa00300d80004600de006140600066
:100eb0000080fb0000f0a7000000ea000000ea004c
:100ec0004f00de00004078000080fa0000000600bd
:100ed0000000fa00a6c1a9000080fa000000060088
:100ee0000000fa00e0c02100800c8800f001200022
:100ef000900c880000082000a00c8800f00f200053
:100f0000b00c8800800c80000040780067406000d2
:100f10000080fb00305888000080fa0000000600c6
:100f20000000fa000080fa00000006000000fa004d
:100f300020048000640060000000e0000200320035
:100f4000f7ff07008440a9000080fa0000000600b7
:100f50000000fa00305880000040780067406000d0
:100f60000080fb0067006000820c800081ff2f0082
:100f70008100610001007000800c88000080fa0090
:100f8000000006000000fa00810c800080ff2f00a6
:100f900000806000800c88000080fa0000000600dd
:100fa0000200fa00000f78009e007800a10c880073
:100fb0000080fa00000006000200fa00000f78002e
:100fc0009e007800b10c88000080fa000000060046
:100fd0000000fa00200480004200de006140600052
:100fe0000080fb0000f0a7000000ea000000ea001b
:100ff0004f00de00004078000080fa00000006008c
:101000000400fa00100798001e009000e10f500045
:101010000f003200e10f500003003900e20f5000d2
:10102000150032001e003700800c80004400de00f6
:10103000614060000080fb0000f0a7000000ea00b3
:101040000000ea004f00de00004f78001400370077
:10105000800c80004500de00614060000080fb00e5
:1010600000f0a7000000ea000000ea004f00de00e8
:10107000004f78000a003700800c80004600de0038
:10108000614060000080fb0000f0a7000000ea0063
:101090000000ea004f00de00004f78000000000072
:1010a0001e4078000080fa00000006000200fa00ee
:1010b000000f78001e007800e10f5000070032009a
:1010c000e10f500003003900e20f5000050032002c
:1010d000060037009081a9000400370090a1a90004
:1010e0000200370090c1a900000000000080fa0053
:1010f000000006000000fa0092c1a8000080fa007b
:10110000000006000000fa00900c80004600de009f
:10111000614060000080fb0000f0a7000000ea00d2
:101120000000ea004f00de00004078000080fa0076
:10113000000006000000fa0092c1a9000080fa0039
:0411400000000600a5
:020000040000fa
:020000040001f9
:101144000000fe0022cb200000197800010978007d
:10115400000006000000fe000000eb008000eb0031
:10116400f8ff07006627ef00000006000000fe00fd
:10117400801f7800811f780021cb20000600fc002e
:1011840031007800303b880011007800303b880043
:1011940061e7a8000000000000000000cf00780014
:1011a4004f00780000000600a2028000a10288001f
:1011b4009080ba001000ba00a20288000000060065
:1011c400a2028000a10288001000ba00a2028800d6
:1011d400000006000000fe0061e7af00feff3700dc
:1011e400f23f2000000161000c003a0022042400b8
:1011f400023b8800a2028000a10288000008bb0014
:10120400ba8802000000000061e7af00feff37006b
:10121400a20288001000200061a7af000000200097
:101224000000060061e7af00feff37000000a700e2
:101234000d003700a4028000a102880031002400c0
:10124400013b88000208bb000388bb00ba88020087
:101254000000000061e7af00feff3700a402880031
:101264001000200061a7af0000002000000006006d
:1012740061e7af00feff37000000a7000e00370053
:1012840033002400033b8800a3028000a1028800ed
:101294000208bb00f20f20000288bb00ba880200db
:1012a4000000000061e7af00feff3700a3028800e2
:1012b4001000200061a7af0000002000000006001d
:1012c40061e7af00feff3700f30720008081610073
:1012d40010003a0013002400033b8800a30280009e
:1012e400a1028800040420003208bb003298bb002d
:1012f4001400b100fcff3a00ba88020000000000ac
:1013040061e7af00feff3700a30288001000200051
:1013140061a7af00000020000000060061e7af00f5
:10132400feff3700f30720008081610011003a00be
:1013340013002400033b8800a3028000a10288005c
:1013440004042000f10f20003208bb000198bb0008
:101354001400b100fcff3a00ba880200000000004b
:1013640061e7af00feff3700a302880010002000f1
:1013740061a7af000000200000000600f23f20003b
:10138400000061000000060002c02f0000006100a0
:0c139400f2ff2f00810061000000060045
:020000040000fa
:020000040001f9
:1013a0000000fa00800120002016880000002800bc
:1013b0006016880000002200a0168800a0d6200039
:1013c000e0168800e422ef00ec22ef00c0242000a9
:1013d000a0178800c06e2c0000168800f0ff2700c0
:1013e00040168800a00021008016880050cb2f00f6
:1013f000c0168800f033200000178800e822ef00b4
:1014000030102300801788005620ef005820ef008e
:101410005a20ef005c20ef005e20ef006020ef001c
:101420006e20ef007020ef007220ef007420ef00bc
:101430007620ef007820ef00c622ef00ce22ef00ea
:10144000d622ef00de22ef00e622ef00ee22ef00d0
:10145000f622ef00e024ef00c03f200010278800b4
:10146000e424ef0000c02000302788000020200086
:1014700040278800ec24ef00113a8000f00b200098
:1014800000816000600420007105200023742000aa
:1014900080497800814978008249780021358000b0
:1014a00000fc2f00008060003001b3002035880070
:1014b000d1368000f00f2c008080600000302000ca
:1014c00001007000d0368800c136800000fc2f007b
:1014d000008060004001b300c0368800a136800063
:1014e000f00f2c00808060000030210001007000af
:1014f000a03688001136800000fc2f0000806000bc
:101500002001b30010368800103a800000017800f6
:101510000260a000600420007105200023742000f8
:101520008049780081497800824978000080fa007b
:10153000000006000400fa00008fbe0017e2a900b8
:101540001e00be0000004000818048000001be0077
:1015500000902000d103200020cd0700000078007b
:101560000000e900a010880017e2a80000a82100f0
:1015700061002000ec0207000080fa000000060075
:101580000000fa001602a80000000000b010800061
:10159000610060000000e000fcff3a000080fa00fb
:1015a000000006000000fa001642a800000000003b
:1015b000b0108000640060000000e000fcff3a0012
:1015c0000080fa00000006000000fa001622a800c1
:1015d00000000000b0108000620060000000e00029
:1015e000fcff3a000080fa00000006000200fa004a
:1015f000004f78001e80fb00901088000000000063
:10160000c110800000002400008060000000e000a5
:10161000fbff3a00c110800000002800008060003d
:1016200000f0a7000000ea000000e9004f00de0023
:10163000004078000080fa00000006000400fa0074
:10164000204798001662a80000000000c01080002b
:10165000620060000000e000fcff3200001080002b
:10166000004f78002e4090000004e000020032009d
:101670000040eb000100370010c0b3000080fb0009
:10168000610060004500dd00b11080000150a10044
:1016900001007000b01088001682a8000000000051
:1016a000b0108000700060000000e000fcff3a0015
:1016b0001e4078000080fa00000006000400fa00d6
:1016c000008fbe0007e2a9001e00be00000040001f
:1016d000818048000001be0000902000d10320005e
:1016e000becc0700000078000000e9002010880050
:1016f00007e2a80000fa2000010020008a0207008b
:101700000080fa00000006000000fa000602a800af
:101710000000000030108000610060000000e00068
:10172000fcff3a000080fa00000006000000fa000a
:101730000642a80000000000301080006400600035
:101740000000e000fcff3a000080fa000000060004
:101750000000fa000622a8000000000030108000ff
:10176000620060000000e000fcff3a000080fa0028
:10177000000006000200fa00004f78001e80fb0007
:1017800010108800000000004110800000002400bc
:10179000008060000000e000fbff3a004110800084
:1017a000000028000080600000f0a7000000ea00b0
:1017b0000000e9004f00de00004078000080fa00e1
:1017c000000006000400fa00204798000662a80006
:1017d0000000000040108000620060000000e00097
:1017e000fcff320000108000004f78002e40900077
:1017f0000004e000020032000040eb00010037006e
:1018000010c0b3000080fb00610060004500dd00f7
:10181000311080000150a1000100700030108800dc
:101820000682a800000000003010800070006000f8
:101830000000e000fcff3a001e4078000080fa0043
:04184000000006009e
:020000040000fa
:020000040001f9
:101844000000fa0030402000000a8800c000200098
:10185400100a8800000a8000004078006740600099
:101864000080fb00605888000080fa000000060039
:101874000000fa000080fa00000006000000fa00f0
:1018840020048000620060000000e00002003200da
:10189400f7ff07008420a9000080fa00000006007a
:1018a4000000fa0060588000004078006740600043
:1018b4000080fb0067006000020a800081ff2f00a7
:1018c4008100610001007000000a88000080fa00b5
:1018d400000006000000fa00010a800080ff2f00cb
:1018e40000806000000a88000080fa000000060002
:1018f4000000fa00200a80000080fa0000000600c0
:101904000000fa0042c1a8000080fa0000000600ae
:101914000000fa00100a80004600de00614060000a
:101924000080fb0000f0a7000000ea000000ea00cd
:101934004f00de00004078000080fa00000006003e
:101944000000fa0042c1a9000080fa00000006006d
:101954000000fa00000a80004400de0061406000dc
:101964000080fb0000f0a7000000ea000000ea008d
:101974004f00de00004078000080fa0000000600fe
:101984000000fa00000a80006800600000f0a70070
:101994000000ea000000e9004f00de00004078008b
:1019a4000080fa00000006000000fa000621ef00a3
:1019b40090862100600888000002280080088800c2
:1019c400c05780000000e00002003a0020d2280046
:1019d4001e00070084e0a90094e0a800fa6aef0062
:1019e4000080fa00000006000200fa00000f7800f0
:1019f4009e00780061088800fa6aef000080fa000f
:101a0400000006000000fa00600880000080fa0070
:101a1400000006000200fa00000f78009e00780023
:101a240031088800fa6aef000080fa00000006001e
:101a34000000fa00300880000080fa000000060070
:101a44000000fa000080fa00000006000200fa001c
:101a5400000f780094e0a9009e007800c157880028
:101a640094e0a8000080fa00000006000000fa00dc
:101a7400fa6aef0094e0a80011e1a8000080fa00df
:101a8400000006000000fa0011e1a90094e0a9009a
:101a94000080fa00000006000200fa00a1af200056
:101aa40091407800014f78001e4078000004e00067
:101ab40001003200fa6aef001e4078000080fa004c
:101ac400000006000000fa00fbcabf000080fb0013
:101ad4000080fa00000006000000fa00fb6aef0034
:101ae4000080fa00000006000000fa000021ef0068
:101af400f07c2000100888000000280020088800de
:101b0400e05780000000e00002003a0020dc2800da
:101b14001e0007008460a9009460a800fe6aef001c
:101b24000080fa00000006000200fa00000f7800ae
:101b34009e00780011088800fe6aef000080fa0019
:101b4400000006000000fa00100880000080fa007f
:101b5400000006000200fa00000f78009e007800e2
:101b640001088800fe6aef000080fa000000060009
:101b74000000fa00000880000080fa00000006005f
:101b84000000fa000080fa00000006000200fa00db
:101b9400000f78009460a9009e007800e157880047
:101ba4009460a8000080fa00000006000000fa001b
:101bb400fe6aef009460a80005e1a8000080fa0026
:101bc400000006000000fa0005e1a9009460a900e5
:101bd4000080fa00000006000200fa00e1af2000d5
:101be40091407800014f78001e4078000004e00026
:101bf40001003200fe6aef001e4078000080fa0007
:101c0400000006000000fa00ffcabf000080fb00cd
:101c14000080fa00000006000000fa00ff6aef00ee
:101c24000080fa00000006000000fa001421ef0012
:101c340080d02300d008880000032800f008880022
:101c4400005880000000e00002003a0020e628006e
:101c54001e0007008760a9009760a800026bef00d0
:101c64000080fa00000006000200fa00000f78006d
:101c74009e007800d1088800026bef000080fa0013
:101c8400000006000000fa00d00880000080fa007e
:101c9400000006000200fa00000f78009e007800a1
:101ca400a1088800026bef000080fa000000060023
:101cb4000000fa00a00880000080fa00000006007e
:101cc4000000fa000080fa00000006000200fa009a
:101cd400000f78009760a9009e00780001588800e2
:101ce4009760a8000080fa00000006000000fa00d7
:101cf400026bef009760a8001fe1a8000080fa00c3
:101d0400000006000000fa001fe1a9009760a90086
:101d14000080fa00000006000200fa0021b0200052
:101d240091407800014f78001e4078000004e000e4
:101d340001003200026bef001e4078000080fa00c0
:101d4400000006000000fa0003cbbf000080fb0087
:101d54000080fa00000006000000fa00036bef00a8
:101d64000080fa00000006000000fa00400028008d
:101d7400001a880080432000101a880010002000f8
:101d8400201a88004823ef0000f22700701a880008
:101d9400403f2000801a88005223ef005423ef00b4
:101da4005623ef005823ef006023ef006223ef0077
:101db4006423ef00de24ef0080ee28000600070015
:101dc40095a0a8000080fa00000006000000fa00b8
:101dd4000080fa00000006000200fa00000f7800fc
:101de4001e007800405888000080fa0000000600b9
:101df4000000fa004023a8000080fa00000006005a
:101e04000000fa004023a9000080fa000000060048
:101e14000800fa0030079800101a80004200de0023
:101e24007f4060000080fb00200798000030200005
:101e3400100798000000eb00000f78000b0037003b
:101e44001e00780000004000be00900000804000aa
:101e54009e00900091007800010878001e00900018
:101e64000080e800100798001e0fe8009e0078002c
:101e74002e009000808f5000f1ff36001e00780085
:101e84000080fa00000006000000fa00210680002d
:101e9400f0f82f00008060000040a00020068800b9
:101ea4005105800080ff2f00008060000000a0002a
:101eb4005005880041058000f0ff28000080600084
:101ec40000c0a0004005880051058000f0f82f00f4
:101ed400008060000050a00050058800610580006b
:101ee400f0f82f00808060000005200001007000e1
:101ef400600588006105800080ff2f00008060007d
:101f04003000b30060058800e1058000f08f2f00e9
:101f1400008060000090a000e0058800e1058000da
:101f2400f0f82f00008060000060a000e005880049
:101f340081058000f0ff28008080600000002300fd
:101f440001007000800588004105800080ff2f009b
:101f5400008060005000b300400588003105800017
:101f6400f0ff28000080600000e0a0003005880039
:101f740021058000f0ff28000080600000d0a00050
:101f8400200588000080fa00000006000200fa0024
:101f9400000f78000300370000fa20000100200041
:101fa400600007001e00780000f0a7000000ea00af
:101fb4000000ea004f00de00004078001e0fe90038
:101fc4000004e000f4ff3a000080fa00000006007c
:101fd4000200fa00000f7800050037000008200016
:101fe400010020004f00070001fe2f001e8f40005b
:101ff4001e007800ff0f5000f8ff3e00030037007a
:102004004000200001002000460007001e00780068
:1020140000f0a7000000ea000000ea004f00de0024
:10202400004078001e0fe9000004e000f4ff3a00cd
:102034000080fa00000006000000fa0000002300ff
:10204400203a88004827ef004e27ef007027ef0062
:102054007227ef007427ef007627ef007a27ef004e
:102064007c27ef007200200080072000a1092000d7
:1020740033742000804978008149780082497800cf
:102084000001eb006004200071052000237420008f
:102094008049780081497800824978000080fa00fc
:1020a400000006000000fa00bcfc0700e2ff070085
:1020b40075ff070087f70700dbfe070087fb0700b3
:1020c400ecfa07001afd070037fe07007afd070047
:1020d40025ff07006ef307004cfa0700d8fd070040
:1020e40081fe07000080fa00000006000200fa00ea
:1020f400000f78009e007800215888000000fe0040
:102104000080fa00000006000000fa0000ab200086
:102114008007780080ac2000000188000080fa006d
:0421240000000600b1
:020000040000fa
:020000040001f9
:10212800f03fb1000180b10006003500ee03090060
:1021380000000000403fb1000180b100fbff3d00fe
:102148001000b000203fb0000200350000800900f8
:08215800000000000000060079
:020000040000fa
:020000040001f9
:10216000809fbe00ec8057003100780080578800c7
:1021700011007800f2eab7004f00be000000060030
:020000040000fa
:020000040002f8
:04aff000ffff00005f
:020000040000fa
:020000040002f8
:04aff400fffe00005c
:020000040000fa
:020000040002f8
:04aff800977f00003f
:020000040000fa
:020000040002f8
:04affc00803f000092
:00000001FF
