:020000040000fa
:080000000002040000000000f2
:020000040000fa
:0400080038050000b7
:020000040000fa
:04000c004c030000a1
:020000040000fa
:040010008e0300005b
:020000040000fa
:040014006c03000079
:020000040000fa
:04001800ae03000033
:020000040000fa
:04001c0038050000a3
:020000040000fa
:04002000380500009f
:020000040000fa
:04002400380500009b
:020000040000fa
:040028003805000097
:020000040000fa
:04002c003805000093
:020000040000fa
:04003000380500008f
:020000040000fa
:040034007a0400004a
:020000040000fa
:040038003805000087
:020000040000fa
:04003c003805000083
:020000040000fa
:04004000380500007f
:020000040000fa
:040044004404000070
:020000040000fa
:04004800ce030000e3
:020000040000fa
:04004c003805000073
:020000040000fa
:04005000380500006f
:020000040000fa
:04005400ce040000d6
:020000040000fa
:04005800b0040000f0
:020000040000fa
:04005c000404000098
:020000040000fa
:04006000380500005f
:020000040000fa
:04006400380500005b
:020000040000fa
:040068003805000057
:020000040000fa
:04006c003805000053
:020000040000fa
:04007000380500004f
:020000040000fa
:04007400380500004b
:020000040000fa
:040078003805000047
:020000040000fa
:04007c003805000043
:020000040000fa
:04008000380500003f
:020000040000fa
:04008400380500003b
:020000040000fa
:040088003805000037
:020000040000fa
:04008c003805000033
:020000040000fa
:04009000380500002f
:020000040000fa
:040094000205000061
:020000040000fa
:040098003805000027
:020000040000fa
:04009c003805000023
:020000040000fa
:0400a000380500001f
:020000040000fa
:0400a400380500001b
:020000040000fa
:0400a8003805000017
:020000040000fa
:0400ac003805000013
:020000040000fa
:0400b000380500000f
:020000040000fa
:0400b400380500000b
:020000040000fa
:0400b8003805000007
:020000040000fa
:0400bc003805000003
:020000040000fa
:0400c00038050000ff
:020000040000fa
:0400c40038050000fb
:020000040000fa
:0400c80038050000f7
:020000040000fa
:0400cc0038050000f3
:020000040000fa
:0400d00038050000ef
:020000040000fa
:0400d40038050000eb
:020000040000fa
:0400d80038050000e7
:020000040000fa
:0400dc0038050000e3
:020000040000fa
:0400e00038050000df
:020000040000fa
:0400e40038050000db
:020000040000fa
:0400e80038050000d7
:020000040000fa
:0400ec0038050000d3
:020000040000fa
:0400f00038050000cf
:020000040000fa
:0400f40038050000cb
:020000040000fa
:0400f80038050000c7
:020000040000fa
:0400fc0038050000c3
:020000040000fa
:0401000038050000be
:020000040000fa
:0401040038050000ba
:020000040000fa
:0401080038050000b6
:020000040000fa
:04010c0038050000b2
:020000040000fa
:0401100038050000ae
:020000040000fa
:0401140038050000aa
:020000040000fa
:0401180038050000a6
:020000040000fa
:04011c0038050000a2
:020000040000fa
:04012000380500009e
:020000040000fa
:04012400380500009a
:020000040000fa
:040128003805000096
:020000040000fa
:04012c00ec040000df
:020000040000fa
:04013000380500008e
:020000040000fa
:04013400380500008a
:020000040000fa
:040138003805000086
:020000040000fa
:04013c003805000082
:020000040000fa
:04014000380500007e
:020000040000fa
:04014400380500007a
:020000040000fa
:040148003805000076
:020000040000fa
:04014c003805000072
:020000040000fa
:04015000380500006e
:020000040000fa
:04015400380500006a
:020000040000fa
:040158003805000066
:020000040000fa
:04015c003805000062
:020000040000fa
:04016000380500005e
:020000040000fa
:04016400380500005a
:020000040000fa
:040168003805000056
:020000040000fa
:04016c003805000052
:020000040000fa
:04017000380500004e
:020000040000fa
:04017400380500004a
:020000040000fa
:040178003805000046
:020000040000fa
:04017c003805000042
:020000040000fa
:04018000380500003e
:020000040000fa
:04018400380500003a
:020000040000fa
:040188003805000036
:020000040000fa
:04018c003805000032
:020000040000fa
:04019000380500002e
:020000040000fa
:04019400380500002a
:020000040000fa
:040198003805000026
:020000040000fa
:04019c003805000022
:020000040000fa
:0401a000380500001e
:020000040000fa
:0401a400380500001a
:020000040000fa
:0401a8003805000016
:020000040000fa
:0401ac003805000012
:020000040000fa
:0401b000380500000e
:020000040000fa
:0401b400380500000a
:020000040000fa
:0401b8003805000006
:020000040000fa
:0401bc003805000002
:020000040000fa
:0401c00038050000fe
:020000040000fa
:0401c40038050000fa
:020000040000fa
:0401c80038050000f6
:020000040000fa
:0401cc0038050000f2
:020000040000fa
:0401d00038050000ee
:020000040000fa
:0401d40038050000ea
:020000040000fa
:0401d80038050000e6
:020000040000fa
:0401dc0038050000e2
:020000040000fa
:0401e00038050000de
:020000040000fa
:0401e40038050000da
:020000040000fa
:0401e80038050000d6
:020000040000fa
:0401ec0038050000d2
:020000040000fa
:0401f00038050000ce
:020000040000fa
:0401f40038050000ca
:020000040000fa
:0401f80038050000c6
:020000040000fa
:0401fc0038050000c2
:020000040000fa
:0402080038050000b5
:020000040000fa
:04020c004c0300009f
:020000040000fa
:040210008e03000059
:020000040000fa
:040214006c03000077
:020000040000fa
:04021800ae03000031
:020000040000fa
:04021c0038050000a1
:020000040000fa
:04022000380500009d
:020000040000fa
:040224003805000099
:020000040000fa
:040228003805000095
:020000040000fa
:04022c003805000091
:020000040000fa
:04023000380500008d
:020000040000fa
:040234007a04000048
:020000040000fa
:040238003805000085
:020000040000fa
:04023c003805000081
:020000040000fa
:04024000380500007d
:020000040000fa
:04024400440400006e
:020000040000fa
:04024800ce030000e1
:020000040000fa
:04024c003805000071
:020000040000fa
:04025000380500006d
:020000040000fa
:04025400ce040000d4
:020000040000fa
:04025800b0040000ee
:020000040000fa
:04025c000404000096
:020000040000fa
:04026000380500005d
:020000040000fa
:040264003805000059
:020000040000fa
:040268003805000055
:020000040000fa
:04026c003805000051
:020000040000fa
:04027000380500004d
:020000040000fa
:040274003805000049
:020000040000fa
:040278003805000045
:020000040000fa
:04027c003805000041
:020000040000fa
:04028000380500003d
:020000040000fa
:040284003805000039
:020000040000fa
:040288003805000035
:020000040000fa
:04028c003805000031
:020000040000fa
:04029000380500002d
:020000040000fa
:04029400020500005f
:020000040000fa
:040298003805000025
:020000040000fa
:04029c003805000021
:020000040000fa
:0402a000380500001d
:020000040000fa
:0402a4003805000019
:020000040000fa
:0402a8003805000015
:020000040000fa
:0402ac003805000011
:020000040000fa
:0402b000380500000d
:020000040000fa
:0402b4003805000009
:020000040000fa
:0402b8003805000005
:020000040000fa
:0402bc003805000001
:020000040000fa
:0402c00038050000fd
:020000040000fa
:0402c40038050000f9
:020000040000fa
:0402c80038050000f5
:020000040000fa
:0402cc0038050000f1
:020000040000fa
:0402d00038050000ed
:020000040000fa
:0402d40038050000e9
:020000040000fa
:0402d80038050000e5
:020000040000fa
:0402dc0038050000e1
:020000040000fa
:0402e00038050000dd
:020000040000fa
:0402e40038050000d9
:020000040000fa
:0402e80038050000d5
:020000040000fa
:0402ec0038050000d1
:020000040000fa
:0402f00038050000cd
:020000040000fa
:0402f40038050000c9
:020000040000fa
:0402f80038050000c5
:020000040000fa
:0402fc0038050000c1
:020000040000fa
:0403000038050000bc
:020000040000fa
:0403040038050000b8
:020000040000fa
:0403080038050000b4
:020000040000fa
:04030c0038050000b0
:020000040000fa
:0403100038050000ac
:020000040000fa
:0403140038050000a8
:020000040000fa
:0403180038050000a4
:020000040000fa
:04031c0038050000a0
:020000040000fa
:04032000380500009c
:020000040000fa
:040324003805000098
:020000040000fa
:040328003805000094
:020000040000fa
:04032c00ec040000dd
:020000040000fa
:04033000380500008c
:020000040000fa
:040334003805000088
:020000040000fa
:040338003805000084
:020000040000fa
:04033c003805000080
:020000040000fa
:04034000380500007c
:020000040000fa
:040344003805000078
:020000040000fa
:040348003805000074
:020000040000fa
:04034c003805000070
:020000040000fa
:04035000380500006c
:020000040000fa
:040354003805000068
:020000040000fa
:040358003805000064
:020000040000fa
:04035c003805000060
:020000040000fa
:04036000380500005c
:020000040000fa
:040364003805000058
:020000040000fa
:040368003805000054
:020000040000fa
:04036c003805000050
:020000040000fa
:04037000380500004c
:020000040000fa
:040374003805000048
:020000040000fa
:040378003805000044
:020000040000fa
:04037c003805000040
:020000040000fa
:04038000380500003c
:020000040000fa
:040384003805000038
:020000040000fa
:040388003805000034
:020000040000fa
:04038c003805000030
:020000040000fa
:04039000380500002c
:020000040000fa
:040394003805000028
:020000040000fa
:040398003805000024
:020000040000fa
:04039c003805000020
:020000040000fa
:0403a000380500001c
:020000040000fa
:0403a4003805000018
:020000040000fa
:0403a8003805000014
:020000040000fa
:0403ac003805000010
:020000040000fa
:0403b000380500000c
:020000040000fa
:0403b4003805000008
:020000040000fa
:0403b8003805000004
:020000040000fa
:0403bc003805000000
:020000040000fa
:0403c00038050000fc
:020000040000fa
:0403c40038050000f8
:020000040000fa
:0403c80038050000f4
:020000040000fa
:0403cc0038050000f0
:020000040000fa
:0403d00038050000ec
:020000040000fa
:0403d40038050000e8
:020000040000fa
:0403d80038050000e4
:020000040000fa
:0403dc0038050000e0
:020000040000fa
:0403e00038050000dc
:020000040000fa
:0403e40038050000d8
:020000040000fa
:0403e80038050000d4
:020000040000fa
:0403ec0038050000d0
:020000040000fa
:0403f00038050000cc
:020000040000fa
:0403f40038050000c8
:020000040000fa
:0403f80038050000c4
:020000040000fa
:0403fc0038050000c0
:020000040000fa
:100400002fc520000e7f22000e0188000000000092
:10041000000020000000e000020032000001200087
:100420002002880014000700440207000000e000da
:1004300003003a0020912400010020000200370050
:100440000000200001002000810f70000100320038
:1004500014000700000020000000e000020032004d
:100460000000020000000000a8420200000000009e
:100470000040da000000fe004440a900c02e200029
:100480000000e000030032000020200090018800fe
:100490004440a800000006008a1f78008b1f7800e7
:1004a00000000600a1028800800478000000eb0034
:1004b0001f003700e284440054a0b4009905ba003c
:1004c000e284440054a0b4009906ba00e2844400d7
:1004d00054a0b4000006eb00476fde00fd07b20039
:1004e000ae018800636ce10003003a00eaff0700f8
:1004f0000000eb000e003700606ce10008003a00dd
:10050000004deb000a05e800020039003420ec0041
:100510000af0a0008b05e900f9ff3e000400370057
:100520006168e100010032000086eb000b0007006b
:1005300019c7ba001905ba000e04e00003003a001a
:100540000a00e000dbff3a0000000600fe07b200f0
:10055000ae0288008a047800f5ff37000cd0a300b3
:10056000e20f4d001c00390089027800354dba00b9
:100570000a05e800020039003420ec000af0a0006f
:100580008b05e9000f003200254dba000a05e8008e
:10059000020039003420ec000af0a0008b05e900cd
:1005a000080032000c00e0000600320015cdba0051
:1005b0000a05e800020039003420ec000af0a0002f
:1005c0008b05e9008984e80054a0b4000b00e0002a
:1005d000e2ff3a00000006009902ba00055d7800cb
:1005e0008b05e900f7ff3200c82ade00055d7800c0
:1005f0008b05e900f3ff32000c00e000f1ff320050
:1006000019ddba00eeff3700be5a040000000000fa
:100610002c5e040000000000765b04000000000077
:100620002e5c0400000000004050040000000000a8
:100630009050040000000000e65c04000000000090
:1006400016420400000000002842040000000000e0
:10065000a241040000000000d415040000000000c6
:10066000b62e0400000000009430040000000000da
:10067000402f040000000000b02f04000000000024
:1006800044300400000000000000040000000000ee
:10069000b62e0400000000003600f800809fbe0067
:1006a000829fbe00849fbe00869fbe000000fa00ad
:1006b0008020a9000000eb00042e07000080fa0053
:1006c0004f03be004f02be004f01be004f00be00f0
:1006d0003600f900004006003600f800809fbe009a
:1006e000829fbe00849fbe00869fbe000000fa006d
:1006f000fd2d07008040a90010002000f32d070009
:100700000080fa004f03be004f02be004f01be0042
:100710004f00be003600f900004006003600f80029
:10072000809fbe00829fbe00849fbe00869fbe0049
:100730000000fa008060a90020002000e32d0700df
:100740000080fa004f03be004f02be004f01be0002
:100750004f00be003600f900004006003600f800e9
:10076000809fbe00829fbe00849fbe00869fbe0009
:100770000000fa008080a90030002000d32d07007f
:100780000080fa004f03be004f02be004f01be00c2
:100790004f00be003600f900004006003600f800a9
:1007a000809fbe00829fbe00849fbe00869fbe00c9
:1007b0000000fa00d04a80000000e0000200320091
:1007c000d04a80000000010030c4200010407800b2
:1007d0008040e80030c420000148780020c4200098
:1007e00011c0b300014878008500a9000080fa001c
:1007f0004f03be004f02be004f01be004f00be00bf
:100800003600f900004006003600f800809fbe0068
:10081000829fbe00849fbe00869fbe003200f8000b
:100820003400f80010002000a00188000020200003
:10083000900188000000fa002104800000002200de
:10084000008060000000e00006003200f04a8000f6
:100850000000e00002003200f04a800000000100c9
:1008600085a0a9000080fa003400f9003200f900e8
:100870004f03be004f02be004f01be004f00be003e
:100880003600f900004006003600f800809fbe00e8
:10089000829fbe00849fbe00869fbe000000fa00bb
:1008a000204b80000000e00002003200204b80005e
:1008b0000000010050c42000104078008040e80093
:1008c00050c420000148780040c4200011c0b3008b
:1008d0000148780084e0a9000080fa004f03be00c0
:1008e0004f02be004f01be004f00be003600f900af
:1008f000004006003600f800809fbe00829fbe00c8
:10090000849fbe00869fbe000000fa00304b80002e
:100910000000e00002003200304b800000000100c7
:1009200070c42000104078008040e80070c42000af
:100930000148780060c4200011c0b300014878006d
:100940008460a9000080fa004f03be004f02be0081
:100950004f01be004f00be003600f9000040060007
:100960003600f800809fbe00829fbe00849fbe00bc
:10097000869fbe000000fa00804a8000000001004f
:100980000080fa004f03be004f02be004f01be00c0
:100990004f00be003600f900004006003600f800a7
:1009a000809fbe00829fbe00849fbe00869fbe00c7
:1009b0000000fa00904a8000000001000080fa0068
:1009c0004f03be004f02be004f01be004f00be00ed
:1009d0003600f90000400600801f78000000fa0091
:1009e00010118000620060000000e0000100320091
:1009f0002222a9008c20a9000080fa004f00780074
:100a0000004006003600f800809fbe00829fbe00b6
:100a1000849fbe00869fbe000000fa00404b80000d
:100a20000000e00002003200404b800000000100a6
:100a300090c42000104078008040e80090c420005e
:100a40000148780080c4200011c0b300014878003c
:100a50008760a9000080fa004f03be004f02be006d
:100a60004f01be004f00be003600f90000400600f6
:100a70000040da000000fe000a00fa000000e0007a
:100a800037003a0073628000e18f510003003200aa
:100a9000e28f51000e003a000900370000222000ca
:100aa0000000e00001003a000040da002002e2000d
:100ab0000b0035002822ef0021e2a80008003700d3
:100ac000002320000000e00001003a000040da00ae
:100ad0003002e200020035003822ef0031e2a800c7
:100ae000020078001a003700040a2000e18f51004c
:100af0000b003a00030037000402e90002003a004c
:100b000003003700040a20002202ab00faff320083
:100b100014118000050037000402e90002003200d1
:100b20003202ab00fcff32009411800061026200cf
:100b300009003200e18f510002003a0034118000b8
:100b400001003700b4118000845878000000e900eb
:100b50000000e000e4ff3a00000051000800370008
:100b600023002000b3bf9f00c0bf9f00d1bf9f00e4
:100b7000e2bf9f006a805700d51607006fb8970044
:100b80000080fa00000006000a00fa0011002000b0
:100b9000b1bf9f00c0bf9f006a805700ce160700fc
:100ba0004fb897000080fa00000006000a00fa0023
:100bb000e20f500034003e0070628000e10f5000f0
:100bc00003003200e20f500011003a000c00370021
:100bd000032220000300e00001003a000040da0098
:100be0002002e200020035002822ef0021e2a800e6
:100bf0002342ab000d003a002342a8000b0037004f
:100c0000032320000300e00001003a000040da0066
:100c10003002e200020035003822ef0031e2a80085
:100c20003342ab0001003a003342a8008201780051
:100c30000b0037003102fb00e10f500004003a00c6
:100c40002322ab00feff3a00241188000300370086
:100c50003322ab00feff3a00a41188008301e900b3
:100c60000300e000f3ff3a00e10f500003003a00f8
:100c70002302ab00feff32000b0037003302ab0053
:100c8000feff32000800370033002000b3bf9f0092
:100c9000c0bf9f00d1bf9f00e2bf9f006a80570086
:100ca0008f1607006fb99700020078000080fa00e5
:100cb00000000600889fbe008004780080628000eb
:100cc0000000e00005003a000000eb000e00070005
:100cd0000084eb000000e00008003500886280001e
:100ce0000900e0000500320009004400060007008a
:100cf0000000e00001003d000084eb0008007800e7
:100d00004f04be0000000600800078000100e000f3
:100d100003003a0000002000806288000000050007
:100d20000080eb0002002000828f500002003e0095
:100d3000816288000000eb00000006000000050052
:100d4000140020009a033700f4ff2f0098033700a7
:100d50000001be001c0007000470a70003f0a10002
:100d600003f8a30013003a006509b1001000320037
:100d7000090035006928e100020035000100280063
:100d80000000050000004000818048008502e90065
:100d9000fcff3a0000000600f88f42000500350015
:100da0008100d1000080d3008502e800fcff3a00fa
:100db000000006008000eb00000005004f89de0007
:100dc0008201780095033700c70ade00f107b20000
:100dd000f50fb20008003200e1cf420002003200fd
:100de0000170a00024000500810f70000100320096
:100df0000408050044000500810f700002003a005d
:100e0000140005008502e9000000400081c0480090
:100e1000fcff3b000170a000240005006022b80028
:100e2000060220000000d0008180d2000482d2009f
:100e30008582d2000000a0000202520083825a0084
:100e4000030031000202420083824a000000a10038
:100e50000603e900f3ff3a000000060007f8270048
:100e6000078361000638e10004003a00f70720001c
:100e7000878361008703710001003a0003f0a2003c
:100e8000889fbe008a9fbe008c9fbe00470ade007e
:100e90000480a100c71ade000580a1000700280019
:100ea0000785600087856100f70f20000720e100bb
:100eb0009e0032000728e1009c0032000106780005
:100ec0000400e000b4003200f707200087806000d3
:100ed0000170a0000500e000c0003200f70720000c
:100ee000878161000370a000050652000f003a00e0
:100ef0000b50e1000b0032000308e10002003a0051
:100f00000200e1007e003200020450008384580099
:100f1000040031000001fd008101fd008402fd009c
:100f20008a05fd006044b800210037000520e1007b
:100f300005003d000001fd008101fd008402fd006f
:100f40008a05fd00050652007a60e10005003500c3
:100f50000170a1004722dd00848070008a8070004b
:100f6000630037006044b800ef02660007ff2f00ff
:100f7000070666000500e00006003400f08312005a
:100f80008714dd000511de00071bdd00060171007e
:100f90008519de007060e100050035000904780065
:100fa00082047800030178008001eb00700656008f
:100fb0000b50e10003003a0002004000838048002b
:100fc0000400370060041400e0841c000200580094
:100fd000838058000188a300060032008100d10000
:100fe0000080d3008984d3000884d3000402e80081
:100ff000270037000178a30025003a000100e00037
:10100000030032008186cf00698656000a0037004f
:101010008c0020000000e00004003a000900780085
:10102000880478000004eb00700252008086cf0034
:101030000d0646000c06e9007060e1000600350070
:101040008000780009007800880478000004eb0034
:1010500070065600700252000c00e0000c003400d4
:101060008c08dd00f00316000703de0086807000a8
:101070000c00dd00074bde00060070008c4cdd002c
:101080000743de00868474000c44dd000c0252002d
:101090006120e100200035006101600007002800a8
:1010a00087816400f7ff27008783640007037400cb
:1010b0000300e000060032008203730004003200e7
:1010c0000000e800e08048000188a3000e003a001c
:1010d000f70f20000720e1004a003d000170a10049
:1010e0004722dd00810072008a8070000000be008f
:1010f0004f06be004f05be004f04be0000000600b4
:101100006000b800faff37008100d1000080d300f2
:101110000402e800eeff3700040178008901740042
:10112000a10107008a807000f1ff3700f701070076
:10113000070278000001fd008101fd00f3010700b6
:1011400087027800850372000778a300040032004c
:101150000001fd008101fd0006020700e4ff3700e9
:10116000850362000768a300080032000b50e1000d
:1011700003003200f0ff2f00f1ff2700dcff3700f3
:101180000001fd008101fd00d9ff37000468a300c4
:10119000d7ff3200faff3700f8ff2700888360008e
:1011a0000b003a000000e00009003a0083036400ed
:1011b00082837300020032000200be00ccff3700c1
:1011c0000b50e100ceff3a000200be00c8ff37001e
:1011d00014002000810064003eff3700f8ff270064
:1011e0008883610004003a000200e00002003a0037
:1011f0008c007800beff37001500200083016400da
:1012000039ff370001f82700000020008100750039
:10121000b7ff3700889fbe008a9fbe008c9fbe002c
:101220001b0020000202be000586680006002800a0
:10123000060666004709de00f20fb20082003200a7
:101240000243e80080003200c729de00f30fb2003d
:101250007d0032000343e8007b003200f107b2005a
:101260000170a000f507b2000570a000c708dd00fe
:101270004903de00868070004700dd00c72add00dc
:101280004923de00868272004722dd0003055100fb
:101290000403500085835800030031000000400023
:1012a000818048000a05e9008c1f78008a9fbe00f3
:1012b00004005000858058000402420085824a00e4
:1012c00000004000818048000005eb000004be00e3
:1012d0006033b8000406be000d48e100560031003e
:1012e000110009004dccd8000c01b8000d02b80067
:1012f0008481410060824a008283530003045c00c1
:1013000084845c0060055d000a00e00025003a006e
:10131000800578000d40e100490031008800780028
:1013200007007800110009004d88d8000c01b800b2
:101330000d02b8008481410060824a006003110000
:1013400083835b0004045c00e0845c000900e0002f
:1013500021003a004f01be000300e0002b003200e4
:10136000e3016000070673008c8171000100320008
:10137000640070004200de004e5edd000c00700074
:10138000c258de0001e0a00083010700cf01780011
:10139000818071004f06be004f05be004f04be00a5
:1013a000000006008c8343000d044c00e0844c00d8
:1013b00060054d000000e9000a00e000d4ff3200a3
:1013c0008c8343000d044c00e0844c0060054d000c
:1013d0000000e900ceff37000c0343008d834b0073
:1013e00060044c00e0844c000000e9000900e000cb
:1013f000d8ff32000c0343008d834b0060044c0087
:10140000e0844c000000e900d2ff37004200de001b
:101410004e5edd000c007000c258de0001e0a0004e
:10142000cf0178000300e000daff32006000100016
:10143000e0801800d7ff3700f0ff2f00aaff370029
:10144000f0ff2f00b9ff37000404be002f01070092
:10145000870678000004fd008104fd002b010700d1
:10146000078366000678a300030032000960a70026
:101470000800be002c0037000d78a30002003200e7
:101480000800be00280037000778a30026003a00b5
:1014900001f0a10009f0a1000668a30003003200da
:1014a000f1ff2700f0ff2f00baff37000d68a300ff
:1014b000030032000800be008c807000b5ff3700ca
:1014c0000768a30007003a000648a30003003200a3
:1014d000f1ff2700f0ff2f00aeff37000d48a300fb
:1014e000030032006000b8008c807000a9ff370054
:1014f0000748a3000400320001f827000000200084
:101500008c807000a3ff3700760107000004fd0007
:101510008104fd0002057800720107000802be0088
:101520008a01780059ff37000160a00012022000f4
:10153000524b880097ff37000100e0001200320094
:101540000500e00010003200889fbe008a9fbe00a8
:101550008c9fbe000006eb0001f8a30003003200e0
:1015600060001000e08018000cf0a00005f8a30057
:101570000300320060021200e0821a000cf0a200a8
:101580008005eb0041ff37006000b8000200050055
:10159000038368000700280007036300470ade0092
:1015a0000480a100c71ade000580a100f70f20000b
:1015b0000720e100420032000728e100400032002d
:1015c000889fbe008a9fbe008c1f7800f107b20082
:1015d000f307b2000400e000640032000170a000d4
:1015e0000500e000680032000370a000850542009d
:1015f000eb07b1000204b8000302b8008484440081
:1016000060854a00020ab800848444000a854a00c2
:10161000030ab80004054500040033000804d000a4
:101620008984d2000a85d2008b05e9006158e10067
:101630003d00350002102000090161000308200070
:1016400089816100f70720008783640008867300a2
:10165000c84cde00c853dd00878474004855de00a6
:101660000300e0000600320082037600040032002e
:101670008904e80060054d000a88a3000c003a00c8
:10168000f70f20000758e10044003d000a70a10058
:10169000c75ddd000a8575008a00730009007800c7
:1016a0004f0678004f05be004f04be000000060044
:1016b0000a05d1008984d3008b05e800f0ff3700cc
:1016c000881f780006047800900007000702780061
:1016d0000001fd008101fd008c00070087027800f9
:1016e000850372000778a300050032000001fd00a9
:1016f0008101fd009f0007004f04780000000600f4
:10170000850372000748a30003003200f0ff2f009a
:10171000f1ff2700f8ff37000000200001f8270044
:1017200088807000f4ff3700880178004848dd00a9
:10173000808171004848de00c850dd000100700063
:10174000c850de00060478000b0178001600070080
:1017500088807000d2ff37000500e00005003200ed
:10176000170020003a0007009dff3700810370003a
:10177000f9ff3a00860078004f0678004f05be005a
:101780004f04be000000050083037100f9ff320022
:10179000270020002e00070094ff370001f82700e3
:1017a00086807000f4ff37000100e0002600320060
:1017b000610111007810e10023003c006022b800b4
:1017c0007010e1000400350080027800010078000c
:1017d0008000eb00700151000200e00009003400bd
:1017e00070031100062add00822ade008603dd0078
:1017f000878272000200de00860bdd0007007000a9
:101800008208de0084817100f4ff270004826200f8
:1018100084817100040028008482620061026000fb
:1018200005f0a600000006000482710007003200e7
:101830000000e800e0804800000006000002be0052
:101840006000b800efff37006000b800000006003d
:10185000889fbe000004eb006138e10016003a00ea
:101860000100e00008003a00c800de004800dd008a
:10187000880020000100e00003003a00c800de00fc
:101880004800dd00680444008184cf00e9845400ee
:10189000060034008908dd00f08314008703de00b1
:1018a000878070000900dd00090444006102140013
:1018b0004f04be00000006000300e00008003a00ec
:1018c000c811de004811dd00880020000300e000a0
:1018d00003003a00c811de004811dd00680444002e
:1018e0008384cf00e9845400060034008919dd00a8
:1018f000f08314008713de00878171000911dd0079
:1019000009044400e1021400e9ff37002700200029
:1019100001f0a70017002000470bde00f60fb20011
:10192000040032000643e8000a0032004702b30018
:101930000000060001037800f607b20006037000fd
:1019400002003a000703b300000006008702b3005c
:101950000000060001037800f607b20006037000dd
:10196000020032000770a000000006000760a0001f
:10197000000006000478a300040032000578a300ec
:10198000030032000168a30001003a000200be001b
:101990000160a000000006008101700027003200f5
:1019a0008002eb0001f8a300030032006000100089
:1019b000e080180015002000f40720000202420019
:1019c00020003400f7032000870360000604200095
:1019d0000003630002082000000161004700de00f0
:1019e000c909dd0000807100c708de000600e000c4
:1019f0000800320087037100060032001000b000ba
:101a00000180b0000188a30002003200c108de009e
:101a10000402e800f107b200f30f20000320e10008
:101a200003003d004722dd008100720029003700dd
:101a300001f827000000eb00260037006000b80026
:101a400000000600680212007f20e100020034005e
:101a50006000b8001f0037006011b8007020e1007e
:101a60000400350080017800010078008000eb0060
:101a7000700252000400e00009003400f00312007c
:101a80000719dd008419de000703dd00868171007f
:101a90000400de00070bdd00060070008408de0095
:101aa000f7ff270083836300870371000600280087
:101ab00003036300070032000700e00003003a0060
:101ac0006101600002817300020032001000b0006a
:101ad0000180b0000500a6000000060001f0a00093
:101ae000000006004f0ade004709de00f107b200e1
:101af000f20fb2000b003200f207b1000170a0003b
:101b0000c708dd00c901de00838070004700dd00ea
:101b10000400a6000000060060001000e08018002d
:101b200000000600810f700001003a00000006006e
:101b30008182cf000500e00010003e008082cf00cf
:101b4000ee8242007028e1000400390007003e00e8
:101b5000800078000000eb000e0037007083120058
:101b60008600de000500dd000a00370070835200a9
:101b70008600dd000000eb0006003700e282520024
:101b80008508dd00708312000603de008680700089
:101b90000500dd007507b0000501ea000400a6009d
:101ba0000000060060001000e08018000000060041
:101bb000889fbe008a9fbe00841f78007c000700bb
:101bc0004f00780011003300f0ff2f00838f6c006e
:101bd00006003b00040565000a00a7000800370066
:101be00009f0a6001000200008003700820f540002
:101bf000838f5c00030039001000200001003e00cc
:101c00000000200009f0a7000000ea004f05be0018
:101c10004f04be000000e00000000600881f7800ae
:101c2000030478000300e00007003d00600010009e
:101c3000e080180060011900e081190002003b00fb
:101c400001f02d00030037000400070008f0a70092
:101c500001f0a0004f04780000000600889fbe003d
:101c60008a9fbe000082700004027100048271002d
:101c7000260032000004be000200be006011b80061
:101c80006b092000950220000182cf000a00390074
:101c90000541b1000082cf00070039000541b100c5
:101ca0000982cf00040039000541b1000882cf004d
:101cb000010039000541b100054252001200320016
:101cc0000a003b0082817100610164008100d10043
:101cd0000080d3008984d3000884d3008b05e800fa
:101ce0000442e800f7ff3a00070037000804440008
:101cf00089844c0000004800818048008b05e90081
:101d00000442e900f9ff3a00030007004f05be0056
:101d10004f04be00000006008100200061805500d5
:101d20000b003d000b00200061fe2f000100e100d0
:101d30001d00340082817100610164008904d100ba
:101d40000884d3000000e800faff3a007100200088
:101d500061006400030070000200600009003200ae
:101d600061044400e0844c000988a50005003200ad
:101d70008b05e8006808e10002003a008904d10000
:101d80000884d300f20f20000258e10005003d0056
:101d9000c75ddd00f907b200898075000800780092
:101da000000006000bf827008b00780000000500fb
:101db0000004be0004fc07000003be000405be00d2
:101dc0000200be0000fc0700844f75000000060002
:101dd0000800fa00889fbe000004be000001be009b
:101de0008300780001f0a10008007800a4fd200025
:101df00095f42300840f5000858f580018003e0092
:101e0000f2ff2f00f3972300820f5000838f5800ba
:101e100011003e00f2ff2f00f3072000820f500058
:101e2000838f580005003e00020020000338200088
:101e30000800be00d6fd07000400370002002000a5
:101e400003b827000800be000dfc0700c0bf9f00bc
:101e5000d1bf9f00710037000800be006800370046
:101e60004f49de0003002000143d2500b507240083
:101e7000840f5000858f58001f003e0034be2c0098
:101e800065012400840f5000858f58000e003e002d
:101e90000200e00005003200b2fd200093fc2300a8
:101ea0000800be00f6fb070059003700b2fd200015
:101eb00093fc23000800be00e8fb07005b0007005e
:101ec0000004be00550037000200e00005003200ab
:101ed000b2fd2000930424000800be00e8fb0700c8
:101ee00046003700b2fd2000930424000800be0025
:101ef000dafb070041003700541d2300250e2400a3
:101f0000840f5000858f58001d003e00f4dd2e0028
:101f1000f50a2400840f5000858f58000c003e0005
:101f20000200e0000500320042be2c0063092400dc
:101f30000800be00d2fb0700e0ff370042be2c00c5
:101f4000630924000800be00c4fb0700300037000e
:101f50000200e00005003200b2fd2000930c2400d6
:101f60000800be00c6fb070025003700b2fd2000b8
:101f7000930c24000800be00b8fb070020003700c7
:101f8000f2ff2f00f3f72700820f5000838f5800d5
:101f9000040036000801be000800be00affb0700c9
:101fa000c7ff37006c8157000800be004d000700d6
:101fb0006011b80063016000e10f5100e08f59002b
:101fc00009003200e20f5100e08f59000900320091
:101fd000e00f5100e08f59000b003a002fb8970036
:101fe000bfb89700060037002fb89700bfb897001a
:101ff000b2ff37002fb89700bfb8970001f0a200da
:1020000091000700aeff37002fb89700bfb89700c8
:10201000060007000004be0009f0a2000800be0090
:102020004f04be000080fa0000000600889fbe003a
:102030008a9fbe008c9fbe000001be0054fd0700b9
:102040000004be000001be0051fd07000005be00f7
:102050000200200003f02b000800be004cfd07002a
:102060000200200003f8230085fb07000006be00e5
:10207000f2a92a00a3d223000a00be0044fd0700f3
:102080000001be000c00be007dfb07000006be0084
:102090000801be000a00be003dfd07000005be00ad
:1020a00072a12900c37c23000800be0038fd070090
:1020b000f243200063ab230068fb07000001be0071
:1020c0000a00be0032fd07000001be000c00be0089
:1020d0006bfb07004f06be004f05be004f04be005d
:1020e000000006000800fa00889fbe008a9fbe001c
:1020f0008c9fbe000005be00020478000001be00f7
:102100008300780001f0a1000a007800a2fd200001
:1021100093dc2400820f5000838f58001d003e0086
:1021200032982f0023f223000a00be0018fd07009a
:102130000200200003b4240051fb0700020020002d
:1021400003b4240045fb07000006be00ae110700e3
:1021500080047800a2fd200093fc23000c00be0048
:102160000bfd07000001be000a00be003bfb07009c
:102170000005be00325a2800832823000c00be0050
:1021800003fd07000001be000a00be0033fb07008c
:1021900026003700f2ff2f00f3f72700820f5000d0
:1021a000838f5800060036000a01be000a00be00f8
:1021b0002afb0700008cbe008004eb001c003700e7
:1021c0000a00be00500007000005be0032982f0034
:1021d00023f22300eefc07000200200003f023009e
:1021e00027fb07005f1107000203be000002be00cc
:1021f000e4b79f00f5b79f0086bf9f0097bf9f0081
:1022000086fe070032982f0023f2230001fc07000e
:102210000001be000a00be0010fb07006000b8000d
:102220002004980031049800efb49700008cbe00a1
:10223000090078004f06be004f05be004f04be00e7
:102240000080fa0000000600889fbe008a9fbe0042
:102250008c9fbe000005be000001be00ccfc070044
:102260000004be000a01be00c9fc07000006be0053
:102270004288280083c023000800be00c4fc070079
:10228000b2aa2a00a3e22300f4fa07000001be006c
:102290000c00be00befc07000001be000a00be002c
:1022a000f7fa07000005be000801be000800be00e6
:1022b000b7fc07000001be000c00be00b4fc070024
:1022c0000006be00c2c32600636323000800be00f0
:1022d000affc0700f27c200003952300dffa070023
:1022e0000001be000c00be00a9fc07000001be00fa
:1022f0000a00be00e2fa07004f06be004f05be000e
:102300004f04be00000006006022b8006033b80031
:102310000002be00f0ff2f00f1ff2f00f2ff2f00a0
:10232000f3ff270000006200818062000201630069
:1023300083816300000006000000fa0068815700f6
:10234000cfb89700140207000080fa0000000600d2
:1023500038000700900007004101070069010700ed
:10236000c2000700730207001e0237000000fa00d7
:1023700068815700cfb897000c0207000080fa0070
:1023800000000600950407004c050700e60507005d
:10239000fc0507009f0537008101780000027800e6
:1023a00030417800b14f510002003a000204e000d1
:1023b000f9ff3a009480fb001380fb00008050007e
:1023c000000006008001eb000200e0001000320077
:1023d0000002780001037800b44178000304e000b3
:1023e00008003200b14278000504e0000500320028
:1023f00082034000848f53000200320085cf5100d9
:10240000f4ff32008381fb001680fb0080815100c5
:102410000300780000000600881f780000047800a0
:10242000080078002e0a0700080078004f047800a2
:1024300000000600ec874700889fbe008a9fbe0010
:102440008c9fbe008e1f7800000678000104780083
:10245000180790002805900098067800cdb79f00d7
:10246000b80590003202be002203be000400be0088
:102470000601be004f18de006011b8008000eb00be
:10248000d0b79f00e1b79f00f2b79f0083bf9f00c6
:10249000800478000900e000060032006000b80007
:1024a0006011b800040250008582580006035900ec
:1024b000878359000e00e000020035000d10a100d6
:1024c000cdb79f000900e00005003a004fb097002b
:1024d0000028a30002003a000038a30002003200e6
:1024e0008a00e900010037008a007800f88157006f
:1024f000a200200008007800860007000900e00024
:1025000003003a00cfb097000128a3000800320072
:102510000000e90000814500b1c2b3000900e000fd
:1025200001003200d1c2b300014978000500370034
:102530000138a300030032000000e90001c2b3002b
:1025400081757800480190000201e9000001510006
:10255000808045004fb297008a0178000c00780017
:102560003f0207009c0090000188a3000400320095
:1025700098009000810f500001003d00010078009c
:102580004f0778004f06be004f05be004f04be0047
:10259000cf00b100000006000200fa00889fbe00d4
:1025a0008a9fbe0080057800010478000200780050
:1025b000180190002805900098007800b1bf9f0096
:1025c000b80490000200e000020035000110a100f4
:1025d000b1bf9f00ea815700820020008a00780086
:1025e0003002be002003be0008007800490007004a
:1025f0003fb99700f0006100030032000000e900dd
:1026000001c3b300817478003fb99700e80061000e
:10261000030032000000e90001c2b30081747800b9
:10262000480190000201e90000015100808044004f
:102630003fba97008a0178000b0078000802070073
:102640009b0090000188a3000400320098009000d5
:10265000810f500001003d00010078004f05be00d1
:102660004f04be000080fa0000000600ea87470021
:10267000889fbe008a9fbe008e1f780000047800ed
:10268000030078007287570084e2260055c72600b1
:10269000049fbe00c3962200030f78006c8757008a
:1026a000004feb0011059000a10490009105780007
:1026b0000200e0000200320002077800010037004b
:1026c000728757000000e00002003a000e00780018
:1026d000b80907000a00e000030035008a0f500027
:1026e000010036000a0078000b02780089017800aa
:1026f000000178008e00780008007800d8010700fb
:102700004f0778004f05be004f04be00af00b10078
:1027100000000600f4874700889fbe008a9fbe0025
:102720008c9fbe008e1f78000605be000404be000c
:1027300081bf9f0082b79f00f3b79f00b000900059
:10274000e1b79f001301780092b79f0090069000b8
:10275000400090000000e900000678000d00e00055
:1027600001003d001d0020008040eb00efb197000c
:10277000817178001e0020001f0037000c06e90060
:102780000fb09700cf80de006109b900a0b79f00ad
:10279000b1b79f00c2b79f00d3b79f000203be002e
:1027a0000002be000800be000a01be0008110700ba
:1027b000000778000e4078000043b000efb09700ab
:1027c00080707e008d06e9000fb997000201e900d4
:1027d00082bf9f002fb29700bfb297004fb3970000
:1027e000dfb397000800be000a01be00f110070029
:1027f0000205be000004be000c00e0000d00340025
:10280000e00f5400e08f5c00e00f5d00e08f5d00a2
:10281000daff3a000d00e000d8ff3c008fb99700c6
:102820000300e000030034001fb097000018a3006d
:10283000d2ff3a000e00e00002003a00ffb097001d
:102840001140a1000c0078004f0778004f06be0031
:102850004f05be004f04be004f01b100000006004e
:102860000200fa00889fbe008a9fbe000005780023
:10287000010478000200780018019000a80490007c
:1028800098007800b1bf9f00b80590000200e000fa
:10289000020035000110a100b1bf9f00ea8157007e
:1028a000a2002000890078003002be002003be0094
:1028b0000800780097ff0700480190000201e90036
:1028c00000015100808045003fba970089017800df
:1028d0000a007800620107009a0090000188a300b6
:1028e0000400320098009000810f500001003d006c
:1028f000010078004f05be004f04be000080fa00c2
:1029000000000600fa874700889fbe008a9fbe002d
:102910008c9fbe008e1f7800800478000104780030
:1029200082057800180190002805900018077800ab
:10293000b80090000200e000020035000e10a10077
:10294000010037001200200070006700e0b79f0010
:10295000090032003b02be002b03be00e00f520014
:10296000e08f5a00e00f5b00e08f5b000200320056
:102970008a86e900010037008a067800e8026700cd
:10298000f5b79f00010032008d06e9003b02be0052
:102990002b03be00e4af9f00f5af9f0086b79f00fa
:1029a00097b79f00480690000c06e9000040eb0036
:1029b00080707e00efb297007fb2970089037800a5
:1029c00081047800d8af9f00020478008bbf9f007d
:1029d0008a057800034578002a0037000c06e900d4
:1029e0006fab97006f006300e90f500002003c00de
:1029f0000003b000010037007005b0000a03fb00bf
:102a00001604b100f90f53000c003e0000037800db
:102a10000650a0001606b100f90f530007003e0053
:102a2000b4b79f00a5b79f00c7b79f003b09070039
:102a3000cfb39700afb297003fb2970080747e008b
:102a40000804e9008d06e9006fa89700ffa8970029
:102a50000fb197009fb19700460020008301d1007d
:102a60000281d3008180d3000080d3000603e900f7
:102a7000faff3a00e0af9f00f1af9f0082b79f00de
:102a800093b79f00e10f56000f0034006fa8970026
:102a9000ffa897000fb197009fb19700e00f50007b
:102aa000e08f5800e00f5900e08f5900cbff3a004b
:102ab0000800e000c9ff3c000d00e0000200340007
:102ac0000e18a300c5ff3a0089007800f4b79f00f4
:102ad000870478005fac97008a4178000b05780086
:102ae0008fbd97000500e000100032003b02be00e1
:102af0002b03be00e4af9f00f5af9f0086b79f0099
:102b000097b79f00e00f5200e08f5a00e00f5b0084
:102b1000e08f5b00050032000c06e90083707e0048
:102b20000c06e90000c3b30080707e00ffb297007e
:102b30000500e000030032000c06e90000c2b3000b
:102b400080707e00480190000201e9000c015100f4
:102b50008c8040000e0278008a017800090078001d
:102b6000bf000700990090000188a3000400320014
:102b700098009000810f500001003d000100780096
:102b80004f0778004f06be004f05be004f04be0041
:102b9000af01b10000000600820178000101780059
:102ba000f1ff2700f2083700960637003c00fa00d4
:102bb0008f017800c303b1001d0009008019eb00ec
:102bc000c0a79f0080b79f00405d2100b0b79f0065
:102bd00040fc2f000f004000d70807000080fa00db
:102be0000000060084082000848f50001d00320081
:102bf0000d003c0014082000848f50002700320094
:102c000002003c00040820000400370024082000d3
:102c1000848f50003400320044082000848f50001c
:102c200043003a0036003700040a2000848f500029
:102c30002700320004003c0004092000848f50006b
:102c40003b003a0028003700020c2000828f500021
:102c50002f003200020f2000828f500034003a0013
:102c60002b0037009380e9000200e00005003200ed
:102c7000810978001102fb00cfa2de00612bb900b0
:102c80002800370081097800114278000482fb0097
:102c90008002eb006033b800220037001302780096
:102ca000e40052000200e0000500320081097800d3
:102cb0001102be004fabde0086037800190037001a
:102cc000810978001102be006033b800150037009a
:102cd0009380e9008109780011027800cfa2de001c
:102ce000612bb9000f00370093027800e880520092
:102cf000810978003102be002103be0009003700bf
:102d00009380e9000200e00002003200f1ff37008a
:102d10009380e90081097800110278008002eb00bd
:102d20006033b8000498be000690be001000050095
:102d30000000050044082000848f50002500320068
:102d400008003c0014082000848f5000140032005a
:102d500024082000848f5000240032000408200042
:102d60000c00370004092000848f50001f0032003f
:102d700004003c0084082000848f500024003a00a6
:102d80000e003700040a2000848f5000110032002a
:102d9000040c2000848f50001d003a000d00370005
:102da0009380e9008109780091007800010878009b
:102db000cf91de008288be00140037009380e900c6
:102dc0008109780091007800010878008248780035
:102dd0000e0037009380e9008109780091007800a7
:102de0000108780082087800080037009380e90025
:102df0008109780091007800010878006112b9001b
:102e0000612bb9008498be008690be0010000500ba
:102e100000000500889fbe00000478004800900074
:102e200082047800808f540001003600800478000e
:102e300009017800580090008106070058009000b2
:102e40000900400050049800c80090008984500098
:102e5000490498000048eb004f04be000000060043
:102e6000f2874700889fbe008a9fbe008c9fbe00ed
:102e70008e1f780080047800010578000204780035
:102e8000830578006107620002003a008b0f54004e
:102e900008003900080178008a00780009007800ed
:102ea000b40b07008b0f540002003900880578002e
:102eb0001e003700088655000c017800f00f560000
:102ec0000100360002012000010220007e80570030
:102ed000620607008c06780005003700020120001a
:102ee000fe80570009007800a20b0700f08656000c
:102ef000ef8f5600f9ff3e004461de0000ff2f0017
:102f00000091b90002014600fe80570009007800d8
:102f1000980b07000e00e00004003a00080178005a
:102f20008a00780009007800920b07000b007800f7
:102f30004f0778004f06be004f05be004f04be008d
:102f40002f01b10000000600000005000000050090
:102f500000000500000178000040eb008080fb00cd
:102f60008180400023c1200063c278000404e00097
:102f700003003a0030c1200060c078000000060065
:102f800092017800934f520004003a0030c12000b3
:102f900060c078000309e800010037000040e80045
:102fa000ea4f5000edff360000000600f6874700ac
:102fb000889fbe008a9fbe008c9fbe008e1f780037
:102fc0000005780001047800830578000406780085
:102fd0000000eb00c0b79f008080eb00d1b79f00de
:102fe000e0b79f00f2b79f000008200080bf9f005d
:102ff00098007800010078008004eb0001003700a1
:103000008904e800304178000204e0000300320047
:1030100053c2b300834f5100f9ff3a000900e000aa
:1030200004003200090178000a007800510b070003
:10303000188c44001807780050c2b3009e4f10004f
:103040003f013a000e07e8000e0c78001000370030
:10305000cfb097000100a0000b003700cfb0970061
:103060000110a00008003700cfb097000120a00099
:1030700005003700cfb097000130a00002003700f4
:10308000cfb097000140a000c1b79f00000ce8003e
:103090001800780090407800b2c2b30082cf500090
:1030a000f1ff320007003c0002c2b30082cf5000a3
:1030b000f0ff320032c2b30082cf500007003a0066
:1030c000efff3700d2c2b30082cf5000e0ff3200e2
:1030d00002c3b30082cf5000e0ff3200a2c2b300af
:1030e00082cf50000d003a00000ce8001c80e9007f
:1030f000000e780010007800e0b79f000000e000ac
:103100000f003d00cfb097000100a200c1b79f00a3
:103110000000ea00e0b79f000900370065050700de
:10312000e0b79f0001003700000ce80018007800ad
:103130009000fb000103b100e98f5000faff360058
:103140004fb097000008a300020032000010a10059
:10315000c0b79f0018007800e1c2b30090cf100004
:1031600016003a008000eb00d1b79f000000e80095
:10317000000c7800a1c2b30090cf100006003a0006
:10318000000ce8001c80e900000e780010007800b8
:10319000d0b79f000900370046050700d0b79f0051
:1031a00001003700000ce800180078009000fb00d8
:1031b0000103b100e98f5000faff360008007800e3
:1031c00064ff070080467800180078001000fb00bc
:1031d0004b07070091062000810f50003800320095
:1031e00012003c0041062000810f500034003200e4
:1031f0000a003c0011062000810f50002000320020
:1032000031062000810f5000a00032005102200042
:10321000810f5000bc003a00b40037007106200056
:10322000810f5000b8003c008800370001072000e3
:10323000810f50005c00320007003c00e1062000d6
:10324000810f50007a003200f1062000810f5000fb
:10325000ad003a003900370051072000810f5000bf
:103260002700320081072000810f50004200320009
:1032700031072000810f5000a3003a008f00370073
:103280008d80fb000c01780000fe2f000f00400035
:103290005c0707000000e000a8003200180078007a
:1032a000000ce8009041780002fe2f000f01410061
:1032b000f88057000a00780024ff07000e0037004e
:1032c0008d80fb008c0178001200200000fe2f0092
:1032d0000f00400043fe07000000e00097003200ae
:1032e000180ce80002fe2f000f014100f880570083
:1032f0000a0078004ffc07008084440090003700eb
:103300008d80fb008c0178000001eb0000fe2f0097
:103310000f00400033fe07000000e000870032008d
:10332000180ce80002fe2f000f014100f880570042
:103330000a0078004afd0700efff37008d80fb0090
:103340008c0178000001eb0000fe2f000f00400010
:1033500024fe07000000e00078003200180ce800ae
:1033600002fe2f000f014100f88057000a0078008c
:1033700089fc0700e0ff37008d80fb008c0178009e
:103380000001eb0000fe2f000f00400015fe0700bb
:103390000000e0006900320018007800000ce8002e
:1033a000904178001c0037008c0178000001eb0090
:1033b000010f200000fe2f000f00400009fe070053
:1033c0000000e0005d003200180ce8000fb097002c
:1033d0009fb097002fb19700bfb19700e00f50004a
:1033e000e08f5800e00f5900e08f590009003a00c3
:1033f000cfb597006fb49700a0c020006d060700fe
:103400000b0278008801780000017800a1c020003c
:103410004700370083c7b30002fe2f000f014100b1
:10342000f88057000a00780036fd0700b2ff370029
:103430000b8144008d80fb008c01780000fe2f0082
:103440000f0040003bfe07003c0037008d80fb0072
:103450000c01780000fe2f000f004000e906070075
:103460000000e0003500320018007800000ce80091
:103470009041780002fe2f000f014100f8805700b4
:103480000a007800b1fe07009bff370000c8b300b8
:1034900080cf560029003a00180ce8001c80e90093
:1034a000000e780010407800e0df9f00130020003d
:1034b000e2fd2f000f0141000800370000c8b300f3
:1034c00080cf56001d003a00180ce8001c80e9006f
:1034d000000e78008001eb0010017800f8805700a2
:1034e0000a00780061fc070083ff370000c8b300c2
:1034f00080cf560011003a00180ce8004fb2970038
:10350000efb19700080037000e0c78000000eb00c8
:10351000c0b79f00e0b79f000080eb00d0b79f00ce
:103520000002eb00840178001200200001c120009d
:103530000a0078004afe07006fff3700180ce80009
:10354000090078004f0778004f06be004f05be0007
:103550004f04be006f01b100000006008200fa00b7
:10356000889fbe008a1f78000005780082047800da
:10357000c13f9f000004eb001000370009027800f3
:1035800088017800a2f72f000f01410081f72f007a
:103590008f8040000a00780084fe07000800400089
:1035a000880f500004003d00b004200050628800e5
:1035b0000084eb0004003700000478004f389700c7
:1035c0001004e000edff3a00080078004f05780095
:1035d0004f04be000080fa00000006000200fa005e
:1035e000889fbe0081047800820078000301780083
:1035f00031049000fa060700e10f40000b00320092
:10360000a2002000e6805700080078002e06070080
:10361000809cbe008294be0010002000dfb897009e
:10362000810f540001003a00e0ff2f004f04be005c
:103630000080fa0000000600ea874700889fbe006d
:103640008a9fbe008c9fbe008e1f78000004780009
:103650000105780083bf9f00a20590004200900002
:10366000e0b79f00b2049000830078001106780054
:1036700008007800bb0107008fb897008c08400055
:103680000b00e00004003a006fb097000000e90072
:10369000f0b79f0001003700fbb79f00ad0020008e
:1036a0000007eb001b00370078089000b81090006e
:1036b000810f500003003100b085fb00700c9800b2
:1036c0000800370008007800ed0407008005780046
:1036d000e18f450003003a000c00e0005c003c0074
:1036e0006f0037000c00e0000c003a00b002200030
:1036f000808f550003003200d0022000808f5500db
:1037000006003a008b4c78008fb897009108e800cb
:103710001e0020000e067800460037008e0f56006f
:1037200029003a000c07e800ea8f560004003a002e
:1037300000032000808f550022003a001f00370050
:10374000e88f56001f003a008b0078000150a0005f
:1037500080072000808f50001a003a00f80890007f
:1037600038109000808f5000030031003180fb0042
:10377000710c98000200370008007800c0040700b0
:10378000b81090000100e00003003200f80890003b
:103790008100e900710c9800ec0307000000e000d4
:1037a000130032008b747e000fb897001008e800f9
:1037b0000e0678000d0120001e0037008d0020004d
:1037c000010037000007eb0000fd2f000b00400058
:1037d000e90f50000d003600f08f560004003a004b
:1037e0000b007800d90307000000e0000d003a004c
:1037f000381090000000e0001500320078089000ba
:103800000000e900700c980011003700e88f5600a6
:1038100004003a0070032000808f5500010034003e
:10382000ad0020008b747e000c06e8008fb8970076
:103830009108e8007fb09700800f560004003d001b
:10384000efb097000100e900800f560096ff3500a9
:103850000040eb0080747e00ea8f560005003a00bd
:103860000d017800f68057000900780096050700e2
:10387000040037000d017800f68057000900780039
:103880008d050700009dbe000295be001b002000b4
:103890005fb09700808f540001003a00ebff2f00cb
:1038a0000b0078004f0778004f06be004f05be00a2
:1038b0004f04be00af00b10000000600e6874700dd
:1038c000889fbe008a9fbe008c9fbe008e1f78001e
:1038d00000047800010578000306780022079000b4
:1038e0004200900080bf9f00b20490009c057800c9
:1038f000080078001b0107000b0e40000e00e000de
:1039000002003a008fb897000107e90089067800a5
:103910008005eb001c003700f8089000381090007c
:10392000808f5000030031003180fb00710c980043
:10393000070037000800780051040700e10f40003d
:1039400003003a000b00e00015003c0021003700a6
:1039500001fd2f0080804000e78f500007003600f7
:10396000381090000000e0000d0032007808900050
:103970000000e900700c980009003700805e7800b4
:103980008b05e8001c0ee8008e8f550004003d00fa
:103990008fb897000100e900808f5500deff3500e9
:1039a0000040eb0080f47d0082002000f280570090
:1039b0000900780040050700009dbe000295be008a
:1039c00010002000ffb09700818f540001003a00e2
:1039d000e0ff2f004f0778004f06be004f05be00e6
:1039e0004f04be006f00b1000000060080007800a8
:1039f0001000200002022000828f500004003200dc
:103a0000e9805000e48f5000010036000000eb0018
:103a100000000600889fbe008a9fbe008c9fbe00eb
:103a20008e1f78000004be000205be0084067800e8
:103a30000a00e000040032001b067800080078004d
:103a4000c80007008c0d4000290790008004eb009f
:103a50002100370078089000b8109000810f5000c6
:103a6000030031003086fb00700c9800080037001e
:103a7000080078000204070000067800e10f460005
:103a800003003a000900e00017003a002000370068
:103a90000a00e0000b0032000c007800d3ff0700a2
:103aa0000000e00007003200381090000000e00045
:103ab0000d003200780890000000e900700c9800ba
:103ac000090037000d00e000010032008cf67c0098
:103ad0008904e8009b0de8000e00e000ddff3200e5
:103ae0008e8f5400dbff35000d00e0000400320033
:103af0000a00e000020032000040eb0080f67c008b
:103b000009f0a7008904ea000906ea004f66de0012
:103b10000c0078004f0778004f06be004f05be002e
:103b20004f04be00000006000200fa00889fbe009d
:103b3000810478008200780003017800310490004d
:103b4000a7050700e10f40000b003200a200200093
:103b5000e680570008007800d7040700809cbe006c
:103b60008294be0010002000dfb89700810f54003f
:103b700001003a00e0ff2f004f04be000080fa0071
:103b800000000600e8874700889fbe008a9fbe00ad
:103b90008c9fbe008e1f780000047800010578001d
:103ba00083067800a205900042009000f0b79f00c5
:103bb000b20490001d067800080078006900070034
:103bc0008c0e40000b00e00004003a00ffb09700ac
:103bd0008100e90081bf9f00010037008bbf9f007b
:103be000090778000006eb003900370078089000dc
:103bf000b8109000810f500003003100b085fb0029
:103c0000700c980008003700080078009c0307003b
:103c100080057800e18f450003003a000c00e000c9
:103c200032003c003e0037000b007800c70207005e
:103c30000000e00023003a00e10f56001a003a00ad
:103c40000b007800ae04070081072000810f5000b0
:103c500015003a0000c3b300994f100012003a005b
:103c6000f808900038109000808f50000300310059
:103c70003180fb00710c98000200370008007800ca
:103c80007f030700b81090000100e000030032003d
:103c9000f80890008100e900710c9800ab02070061
:103ca0000000e00007003a00381090000000e0003b
:103cb0000e003200780890000000e900700c9800b7
:103cc0000a0037000b5f78000c06e8009d0ee80044
:103cd0000fb89700800f560004003d00ffb097001a
:103ce0000100e900800f5600c0ff35000040eb00e6
:103cf00080747e0002012000f480570009007800e3
:103d00006d040700009dbe000295be001b00200050
:103d10006fb09700808f540001003a00ebff2f0036
:103d20000b0078004f0778004f06be004f05be001d
:103d30004f04be008f00b100000006008000780034
:103d40001000200002022000828f50000400320088
:103d5000e9805000e48f5000010036000000eb00c5
:103d600000000600889fbe00000478008004eb007d
:103d70000b003700f1ff07000000e00007003a00e9
:103d8000381090000000e000100032007808900029
:103d90000000e900700c98000c0037008904e8006e
:103da000f808900038109000808f50000300310018
:103db0003180fb00710c9800eeff3700080078009e
:103dc0002f030700e10f4000eaff3a0009007800e6
:103dd0004f04be0000000600889fbe008a1f7800c6
:103de0000004be00190078001000fb00d3ff07009c
:103df0000005eb000000e000090032000800780038
:103e0000d8ff0700000578001900e800800c780052
:103e10001000fb00c9ff07000000e000faff3a00b5
:103e20000a0078004f0578004f04be00000006002d
:103e30001801fa00889fbe008a9fbe008c9fbe00ba
:103e400000057800010478008305780004067800f6
:103e500068004700040009000018eb007207980092
:103e600000082000000f9800880078000a00780001
:103e7000d9ff070080067800190037007a08900003
:103e8000ba109000810f500003003100b084fb0095
:103e9000700d9800050037000a007800f80207004e
:103ea00080047800e18f4400070032001800780099
:103eb0001000fb00808f5400030032003a10900085
:103ec000e9ff2f00110137009b0de800180ce800f6
:103ed000880078000a007800bfff0700808646004f
:103ee00018007800904078000104e00003003200e0
:103ef00052c2b30082cf5000e0ff3a009b8d4600d3
:103f000051c2b30090cf10008f013a000000e800ca
:103f1000000c78008000eb006107980081067800b3
:103f2000a1c2b30090cf100002003a00000ce800dc
:103f30001d00200018007800de01070060079800cf
:103f40006102b900612bb9000a007800a7020700de
:103f500001003700000ce800180078009000fb001a
:103f60000103b100e98f5000faff36000800780025
:103f7000f8fb070040579a00180078001000fb007b
:103f8000df03070091062000810f50003a00320045
:103f900015003c0031062000810f5000a2003200c5
:103fa0000a003c00b1052000810f5000dd00320006
:103fb00011062000810f50008900320051022000bc
:103fc000810f50005f013a00bb003700410620001e
:103fd000810f50001900320071062000810f50003f
:103fe00058013c007e00370001072000810f50007f
:103ff0005b00320007003c00e1062000810f50000a
:1040000067003200f1062000810f50004d013a0098
:104010003300370051072000810f50002a00320082
:1040200081072000810f50003e0032003107200040
:10403000810f500043013a008e0037008b01780059
:10404000680147008e0078000a00780063fd0700d1
:10405000800478000900e0003e013500180ce800fb
:104060008004eb000d00e0003a013a004e5192004e
:104070008280fb000e0037008b017800680147004a
:104080008e0078000a0078006bfd0700800478003d
:104090000900e0002f013500180ce8008004eb0057
:1040a0000d00e0002b013a004e5092008080fb0092
:1040b0008c017800120020000e0078000f04070029
:1040c00080047800230137008b01780068014700e5
:1040d0008e0078000a00780093fe07001600370073
:1040e0008b017800680147008e0078000a00780094
:1040f000f2fd0700800478000900e000150135009a
:10410000180ce8008004eb000d00e00011013a00fb
:104110004e5092008080fb008c01780009017800ed
:10412000e5ff37008b017800680147008e007800ba
:104130000a00780093fe0700800478000900e00080
:1041400004013500180ce8008004eb000d00e000cd
:1041500000013a004e5192008280fb00eeff3700d2
:104160008b017800680147008e0078000a00780013
:1041700084fe0700800478000900e000f5003500a7
:10418000180ce8008004eb000d00e000f1003a009c
:104190008c01780009017800010f2000c6ff37006c
:1041a000180ce8001b007800cf80de006109b90020
:1041b000009fbe000297be008004eb000d00e000ef
:1041c000e4003a004e5092008080fb008c017800a1
:1041d000090178000e007800c8030700dd003700f1
:1041e0008b017800680147008e0078000a00780093
:1041f000de000700800478000900e000d5003500eb
:10420000180ce8008004eb000d00e000d1003a003b
:104210004e5192008280fb000c0178000e00780065
:1042200097030700a6ff370000c8b300ce509200e6
:1042300080cf5000c3003a006e0090000000e00004
:1042400002003a001000200060079800180ce800f7
:104250000002eb000d00e00003003a001c80e900c2
:10426000000e7800100278008b0178000001eb004e
:104270000d00370000c8b3004e519200804f51002e
:10428000b0003a00180ce8000002eb000d00e0005e
:1042900003003a001c80e900000e7800100278004c
:1042a0008b01780012002000e80047000a00780027
:1042b000d8fd070082ff370000c8b300ce5092003f
:1042c00080cf50009f003a00180ce800fa089000d8
:1042d0003a109000808f5000030031003180fb00c5
:1042e000710d9800020037000a007800e401070011
:1042f00051022000810f500002003a009b0de8009f
:10430000930037003a1090008004eb000000e000ba
:10431000900032007a0890000000e900700d9800cb
:104320008c00370000c8b3004e519200804f5100fe
:1043300084003a000002eb000d00e00003003a00a8
:104340001c80e900000e7800100278001800e800d8
:10435000000c78008004eb00e1c5b30090cf1000a2
:1043600002003a00000ce8001900200012102000a2
:104370008900780072004700340f99003701070068
:104380000040eb002057980018007800904078001b
:10439000d2c2b3003e0a910082cf500005003a001d
:1043a000000ce80010c0b3000940500000c798009e
:1043b00028003700d2c5b30082cf500025003a0054
:1043c000000ce80010c0b3000940500000f798004e
:1043d000200037000004e00023003200d3c2b30005
:1043e000834f500014003a001800900010407800ed
:1043f0000004e00010003200814f50000e00320037
:104400000201e800020c780078b897001000fb0069
:10441000f2004700008040000200370011c0b300e6
:1044200009e85000f2014700830150009200fb00b0
:10443000818f5100f9ff3500180078009000fb00d3
:104440008100470012c0b30009415100b2509800ea
:10445000000ce8001801780012407800d1c5b300c4
:10446000814f5000dbff3a000400e00018003200ea
:10447000840678000006eb0003003700895e7800b0
:104480000c06e8009b0de8007a089000ba10900036
:10449000810f500003003100b084fb00700d9800c4
:1044a000050037000a007800340f990074010700f6
:1044b000800478003e0a91000900470030509000c7
:1044c0000004e000edff3a00120037009b0de80009
:1044d0007a089000ba109000810f5000030031005c
:1044e000b084fb00700d9800050037000a007800ca
:1044f000340f990062010700800478003e0a9100a1
:1045000009004700305090000004e000efff3a003f
:104510000006eb003a1090000000e00003003200bb
:104520007a0890000000e900700d98000c00e0008f
:10453000040032000400e000020032000040eb0002
:1045400000727e00180ce800e18f44000100320088
:104550008004eb00090078004f06be004f05be0046
:104560004f04be000080fa000000060000000500b5
:10457000000005008400fa00889fbe008a1f7800b2
:104580000005780082047800b13f9f000000eb0036
:10459000c03f9f00000478000d003700090278003a
:1045a00083f72f008f814100a2f72f000f014100f8
:1045b00061f72f008f8040000a0078001cfe070082
:1045c000800178000300e00004003500030444008b
:1045d0003f3897001004e000f0ff3a00e18f4100ff
:1045e00003003a000800e00001003a0003047800ec
:1045f000080078004f0578004f04be000080fa00e4
:1046000000000600889fbe008a9fbe008c9fbe00ef
:10461000800578008106780002067800eb0c900097
:10462000081020000c044400080178008000eb0012
:1046300009007800520007000000e000010032008d
:1046400009045000080578008c0f54000100360062
:104650000c0578000a017800890078000d007800c8
:10466000770007000a804400f00d98000884440099
:1046700088159800e80d98000a0078004f06be00e3
:104680004f05be004f04be00000006008000780009
:104690001000200002022000828f5000040032002f
:1046a000e9805000e48f5000010036000000eb006c
:1046b00000000600889fbe008a1f78000005780071
:1046c0000a047800984478000805e8000900fb0017
:1046d000eeff07000000e000f9ff3a00b0c2b300af
:1046e00080cf540005003200d0c2b3008000eb0040
:1046f00080cf540005003a00020037008000eb0034
:1047000001003700110020000804e8000000eb0061
:10471000030037006a02b900020052000003b00033
:104720003801fb0003fd2f0082814100e98f510019
:10473000f8ff36000100e00001003a000000ea0046
:104740004f0578004f04be0000000600800078008e
:1047500002fd2f000101410010002000e90f51006f
:10476000050036000150a0001106b100e58f500091
:10477000010036000000eb0000000600f3ff3700e8
:104780008180fb00010037000201e9008001780010
:104790000008a300060032000200e00023003200ff
:1047a0003082fb00810f5200f7ff3a000300370010
:1047b0000000eb000200e0001e0032001380fb004e
:1047c000810f50001c00320014102000048ab90030
:1047d00084027800010037000281e90003007800bc
:1047e000e10f51000a00360033826a00f6ef2f0015
:1047f000040343000482ea00040263000608280060
:1048000006026200f4ff3200010037000201e900f5
:10481000800178000200e000050032003082fb00d9
:10482000810f5200f9ff3a00030037000000050035
:104830000000eb0000000600030078000000060006
:104840008001780002003700b15978000201e900c8
:104850000200e000fcff3a0000000600889fbe0056
:104860008a9fbe00800478000200e0005b003200f6
:1048700001407800814c780082814400f1f99f006a
:10488000e20f51005500360091449800a144980071
:10489000e1f99f00d1f99f00e60f51004f0036006b
:1048a000b1449800c1f99f00e80f51004b00360059
:1048b0000905ea00630565000a8444000a05510001
:1048c000c1ff2f00010565000080fb008000eb00a8
:1048d000121020001310200017080700008cbe00e3
:1048e0000a01440060b99f0071b99f00e80f5500ac
:1048f0003a003600200498003104980040049800e3
:104900005104980020b99f0031b99f0040b99f0021
:1049100051b99f00f80f5500300036006004980030
:1049200071049800000c9800110c9800200c98005d
:10493000310c9800400c9800510c980020b19f0059
:1049400031b19f0040b19f0051b19f0060b19f0005
:1049500071b19f0000b99f0011b99f00640164000c
:104960007801410002044400020555006011b800be
:104970000203be000002be000403be006022b800b5
:104980000000720081807200020173008381730055
:1049900010003700009cbe000294be004004980046
:1049a000510498006204980073049800000c980069
:1049b000110c9800220c9800330c9800400c9800c1
:1049c000510c9800620c9800730c98000a02b10018
:1049d0000802b000ff0f5500eeff3e00090078000e
:1049e0004f05be004f04be0000000600889fbe00b9
:1049f0008a9fbe00441098005510980066109800d9
:104a000077109800f00890002004900001045400f2
:104a1000cfc4de00614db90008189800191898003d
:104a20002a1898003b189800e00f5200e08f5a00b7
:104a3000e00f5b00e08f5b000c0032000014900080
:104a400001045400cfc4de00614db9000440e10010
:104a500005c8e10006d0e10007d8e10003003400fa
:104a6000048240003410980002003700801090004b
:104a7000311098004f05be004f04be000000060034
:104a80002800fa00889fbe008a1f78000004780082
:104a9000f80890002800900000805000081a90004c
:104aa000981a9000281b9000b81b9000cf80de0061
:104ab000040240008582480006834800878348003e
:104ac00048109000d810900068119000f8119000e4
:104ad000e00f5000e08f5800e00f5900e08f5900c0
:104ae000050032000020e10001a8e10002b0e10071
:104af00003b8e1000d003d0008007800d4b79f0026
:104b0000e5b79f00f6b79f0087bf9f000702070029
:104b1000800478005fb29700efb297007fb39700f0
:104b20008fbb97000900e00016003d007808900058
:104b3000a8009000808050004f89de000482400071
:104b4000850249000603490087034900041c9800b8
:104b5000151c9800261c9800371c980030149800eb
:104b6000f0ff2f00f1ff2f000001be00401498005d
:104b70005114980062149800731498008084eb001c
:104b80005200370061004200e0804a0060014b00a3
:104b9000e0814b0090bf9f00a1bf9f00b2bf9f006c
:104ba000c3bf9f0048129000d81290006813900075
:104bb000f813900094b79f00a5b79f00b6b79f0069
:104bc000c7b79f00e00f5200e08f5a00e00f5b0074
:104bd000e08f5b0028003200780d900008119000f3
:104be0000a0151006112b900612bb900d4af9f00d6
:104bf000e5af9f00f6af9f0087b79f001fb09700fb
:104c0000afb097003fb19700cfb197001fba9700a0
:104c1000afba97003fbb9700cfbb9700040050008e
:104c200085805800060159008781590090af9f0088
:104c3000a1af9f00b2af9f00c3af9f005faa9700d4
:104c4000efaa97007fab97008fb397000020e10099
:104c500001a8e10002b0e10003b8e1000600340061
:104c60009fb297001fbb970006815200820045004b
:104c70003114980002003700881390003714980010
:104c800028019000f8089000810151001fba970098
:104c9000afba97003fbb9700cfbb97004f98de009d
:104ca000048241008502480006034800870348004b
:104cb000041c9800151c9800261c9800371c9800ae
:104cc000828f500001003e00f9f89f000900780033
:104cd0004f0578004f04be000080fa000000060077
:104ce000881f7800810178000002780080826800c7
:104cf0000508a30002003200210037000201e9008c
:104d000003007800040478000308a30007003200c1
:104d10000200e00021003200b3407800015a780020
:104d20000104e000f5ff3a00020037000200e00055
:104d30001a0032001004e00003003a0017003700a8
:104d4000031c78000281e90080007800e10f510027
:104d500008003600b0017800f5ef2f008382420092
:104d60000382ea000482620005082800050262004e
:104d7000f3ff320008007800010037000201e9006b
:104d8000000478000200e00004003200b141780025
:104d9000035878000304e000f8ff3a008000eb00bd
:104da00008007800adfe0700080078004f04780086
:104db0000000060080007800040037003104e000a5
:104dc00002003a00000051000000060001017800d6
:104dd0000108a300f9ff3a00810178003101780051
:104de000f4ef2f00020242000281ea000201620099
:104df0000408280004016100f7ff320083007800f6
:104e0000010178003104e000fdff3a00000051008c
:104e1000000006004400fa00889fbe008a1f780048
:104e20000004be000205780094bf9f00a5bf9f004c
:104e3000b6bf9f00c7bf9f000000eb00c09f9f0050
:104e4000a8af9f00d89f9f000080eb00b0af9f00ed
:104e50006022b8006033b80060fb2f000f004000f4
:104e6000e2fe07001fba9700afba97003fbb97005a
:104e7000cfbb9700120020008a00780060fb2f0053
:104e80000f004000480107000900e0000600320062
:104e90003fb29700afaa970004824200df9a9700c2
:104ea00005025200840c44004f0578004f04be00f8
:104eb0000080fa0000000600f4ff2f00f5ff2f002d
:104ec0000403be00d3ff37006022b80006002000b4
:104ed00007002800cfff3700f4ff2f00f5ff2f0059
:104ee0006033b800cbff3700040020000500280025
:104ef0006033b800c7ff3700f3ff3700eeff37001d
:104f0000f1fb2f0080804000f98f500001003e002f
:104f10000050a00000000600f9ff3700f1f92f0053
:104f200080804000f98f500001003e00f005b20083
:104f300000000600f9ff37000200fa00881f780021
:104f400000047800e2bf9f006481570008007800e9
:104f500088fd0700980090000148a300010032007e
:104f60000080eb004f0478000080fa00000006008b
:104f7000f28747008e1f7800020278000301780054
:104f80000000e00002003200000778000100370056
:104f9000728757008002eb000100e0000100320040
:104fa0008102e90070805700060009000018eb003c
:104fb0000080eb0080bf9f002310200093bf9f0064
:104fc000aebf9f00b1bf9f00c5bf9f000100e000c2
:104fd00003003d00b1042000516288000600370044
:104fe000004feb00eebf9f00debf9f008400780003
:104ff000708057003c0307004f0778002f01b10075
:1050000000000600881f78000004780000082000d7
:10501000808f50001700350010082000808f50004e
:105020000b00340030082000808f500011003a003f
:105030009200780068805000000978003002be00bd
:105040002003be00049cbe000694be00070037008b
:105050009202780064805200000978001000be00bf
:10506000a1050700009cbe000294be0010002000b5
:10507000010037000000eb004f047800000006003c
:10508000881f780013082000838f50000f00320023
:1050900033082000838f50000400320003082000f2
:1050a000838f500012003a00080037009280e90018
:1050b00001097800910078003002be002003be0094
:1050c0008498be008690be00070037009280e900f9
:1050d00001097800110478005001be004000be00b4
:1050e000ea050700008cbe00100020000100370018
:1050f0000000eb004f047800000006008408200048
:10510000848f50001d0032000d003c001408200068
:10511000848f50001e00320002003c000408200072
:105120000400370024082000848f50001e00320045
:1051300044082000848f500028003a0022003700e5
:10514000040a2000848f50001f00320004003c003d
:1051500004092000848f500020003a00120037001c
:10516000020c2000828f500017003200020f200036
:10517000828f500019003a00130037009380e90035
:10518000810978009100780090487800120037007b
:105190009380e9008109780091007800b0187800c8
:1051a000a01078000c0037009380e9008109780096
:1051b000910078003002be002003be008498be003b
:1051c0008690be00040037009380e90081097800d2
:1051d000910078009008780010000500000005009c
:1051e000889fbe008a9fbe008c9fbe00000478008e
:1051f0000205780021069000c1069000b1059000dc
:105200009a04780008007800d6fa0700090d4000db
:105210000c00e00001003a000d06e9008004eb00fc
:1052200028003700f808900038109000808f500058
:10523000030031003180fb00710c9800070037003b
:10524000080078000efe0700e10f400003003a005e
:105250000900e00020003c00220037000900e000c7
:105260000a003a00b1022000810f50000300320012
:10527000d1022000810f500004003a00804d7800d8
:105280001a0de800190020000e00370001fd2f0064
:1052900080804000e98f50000700360038109000f1
:1052a0000000e0000c003200780890000000e900e7
:1052b000700c98000800370080f57c008904e80035
:1052c0001a0de8008c8f540003003d000d00e9002a
:1052d000808f5400d3ff35000040eb0080f57c0048
:1052e0000000eb004f06be004f05be004f04be009d
:1052f00000000600c06090000141e900814071009b
:105300004160980010019000e40061000400320048
:105310000240a000120098000080eb000000060090
:105320000110980071089800000005000200fa00c2
:10533000889fbe000004780008007800be030700c4
:105340008084eb000000e00009003a009811900012
:1053500012002000e68057000800780003000100da
:10536000e10f500002003a002ff897008084fb0004
:10537000090078004f04be000080fa00000006001b
:10538000800078001000200002022000828f500070
:1053900004003200e9805000e48f50000100360024
:1053a0000000eb00000006006f02b000889fbe0006
:1053b0008a9fbe008c9fbe008e1f7800000678007a
:1053c0000107780082047800d4af9f00e5af9f000a
:1053d000f6af9f0087b79f0040022000800f570064
:1053e0007d003e00e10f57007b0032007c089000fa
:1053f000bc109000810f500003003100b086fb000c
:10540000700e9800030037000c0078009cfd070028
:10541000800678000d007800d9ff07000000e0004a
:10542000f2ff3a00b0022000808f560005003200e3
:105430008002eb0085af9f00d0022000808f5600d5
:1054400010003a00dd82b2000df0a7008d06ea00e0
:105450008d06e900cfeede008daf9f007c08900046
:10546000bc109000810f500003003100b086fb009b
:10547000700e9800030037000c00780080fd0700d4
:10548000800678000e00e00002003200f00f5700a6
:1054900042003a0000032000808f56003c003a0092
:1054a0007c089000bc109000810f50000300310078
:1054b000b086fb00700e9800030037000c007800e7
:1054c0006ffd0700800678008d0078000150a00075
:1054d00080072000808f50002a003a007c0890004e
:1054e000bc109000810f500003003100b086fb001b
:1054f000700e9800030037000c00780060fd070074
:1055000080067800609720006d4078000e01200032
:10551000ef4f50008d0036003c1090000000e0007e
:1055200003003200fc0890008100e900710e980031
:105530000900e0000c0032006022b8006033b800bf
:10554000d4af9f00e5af9f00f6af9f0087b79f00e5
:105550000000e000a10132007c0890000000e9009a
:10556000700e98009d0137006022b8006033b800cb
:105570000c0078001dfd07006000b8006011b80045
:10558000920137000e00e0009e0132001700370044
:105590000e00e00001003a00ae00200060972000fd
:1055a0006d4078000080fb008e0f50000f00390026
:1055b0003c1090000000e000030032007c089000e6
:1055c0000000e900700e98006022b8006033b80057
:1055d0000c00780005fd0700600120005062880083
:1055e0006022b8006033b80071013700ea0f57003d
:1055f00056003a000004eb000d0078000d00370063
:105600006a44b9000800400008fd2f00000444006f
:10561000fc0890003c109000808f50000300310087
:105620003180fb00710e9800020037000c007800fa
:1056300013fd070001fd2f0080804000e98f50001e
:1056400003003e0081992100810f5400ecff3600d9
:10565000800678008004eb006055b8001200370027
:105660001faa9700afaa97003fab9700cfab970058
:105670000004420081844a0002054b0083854b00f0
:105680007c089000bc109000810f50000300310096
:10569000b086fb00700e9800030037000c00780005
:1056a000f7fc07008006780005fd2f008582460084
:1056b00095af9f00e98f520009013e0090992900a3
:1056c0009199290092992900939921000040e100c5
:1056d00001c8e10002d0e10003d8e100db003e0098
:1056e000a4002000050020006033b8000800be00c0
:1056f0000a01be00980507001faa97008002eb0070
:105700006033b80094af9f00a5af9f00b6af9f0075
:10571000c7af9f000482ea008582ea000683ea00a0
:105720008783ea00d4b79f00e5b79f00f6b79f00d4
:1057300087bf9f000400e1000588e1000690e100ba
:105740000798e100c6ff3600c00037000e00e900f0
:105750000e006000030032000004eb000d00780032
:10576000650037007770b9004500de006700600013
:10577000c1962000e14078008100fb000004eb00ae
:105780000d007800810478000b0037000944dd002b
:1057900001047400fc0890003c109000808f5000c1
:1057a000030031003180fb00710e980002003700c9
:1057b0000c007800b2fc070061972000e0c0780080
:1057c0008180fb008e8f500003003100f27f2000ab
:1057d000820f5400edff36008006780089007800c3
:1057e0008004eb006055b800f4ff2f00f5ff2f0098
:1057f0000403be00010078000000e900050033004a
:105800008703d1000683d3008582d3000482d300ae
:10581000f9ff37000d00780081067800200037007e
:105820000d0178000201e900050033000804d000f2
:105830008984d2000a85d2008b85d200f9ff370017
:105840000180fb008000eb006011b80008047000cc
:10585000898470000a0571008b857100fc08900036
:105860003c109000808f5000030031003180fb001d
:10587000710e98000a0037000c00780094b79f0062
:10588000a5b79f00b6b79f00c7b79f007cfc070075
:10589000cfb397003fb39700afb297001fb2970006
:1058a00061972000e0c078000181fb008e0f51005d
:1058b000600031000440e10005c8e10006d0e100cd
:1058c00007d8e100d6ff36005a0037000ec4b900f1
:1058d00008844000fc0890003c109000808f50002d
:1058e000030031003180fb00710e98000200370088
:1058f0000c00780062fc070061972000e0c078008f
:105900008180fb008e8f500003003100b2712000b7
:10591000820f5400edff3600800678008004eb0013
:105920006055b80098af9f00a9af9f00baaf9f0025
:10593000cbaf9f00120037000002440081824c0070
:1059400002034d0083834d0094af9f00a5af9f00dd
:10595000b6af9f00c7af9f007c089000bc109000be
:10596000810f500003003100b086fb00700e9800dc
:10597000030037000c00780041fc07008006780027
:10598000609720006d407800e0cf9f008042780053
:105990000580fb008e0f5000280031006174b800b4
:1059a0006055b8000802be000a03be00f0ff2f00d9
:1059b000f1ff2f000001be007e0407001faa970020
:1059c000afaa97003fab9700cfab97000020e10054
:1059d00001a8e10002b0e10003b8e10017003e00b9
:1059e0000802be000a03be001fa89700afa89700d8
:1059f0003fa99700cfa99700d7040700efca9700e7
:105a00000584fb008004eb006055b8000882ea00c2
:105a10008982ea000a83ea008b83ea000400e1003d
:105a20000588e1000690e1000798e100c2ff36001a
:105a30000200370080067800040037001fac970092
:105a4000afac97003fad9700cfad970060972000b7
:105a50006d4078000080fb008e0f50002000310068
:105a60000d00780009003700fc0890003c10900001
:105a7000808f5000030031003180fb00710e9800d0
:105a8000020037000c007800fdfb07006197200042
:105a900060c078000080fb008e0f5000f2ff3900dc
:105aa00020022000506288005fab97000608a30028
:105ab000070032005fac9700efac97007fad970016
:105ac0008fb597008003eb0087af9f00040037007d
:105ad0005fac9700efac97007fad97008fb5970054
:105ae0003c1090000000e000030032007c089000b1
:105af0000000e900700e98005fa89700efa89700db
:105b00007fa997008fb197000040e10001c8e10034
:105b100002d0e10003d8e1001c0039000008a30016
:105b20000e003a008fa897000100e0000b003a0039
:105b300020022000506288005faa9700efaa970019
:105b40007fab97008fb3970061025200e0825a004a
:105b500060035b00e0835b00150037005fa89700df
:105b6000efa897007fa997008fb197000040e10050
:105b700001c8e10002d0e10003d8e10003003600d3
:105b80002002200050628800140037008fa8970080
:105b9000e18f40000b003a006000b8006011b800cf
:105ba00008025000898258000a0359008b8359006b
:105bb000d4af9f00e5af9f00f6af9f0087b79f006f
:105bc000060037000800be000a01be00d0af9f00eb
:105bd000e1af9f00f2af9f0083b79f005fa89700df
:105be000efa897007fa997008fb197004f07780023
:105bf0004f06be004f05be004f04be006f02b1004d
:105c0000000006008e002000d0fe3700881f7800bc
:105c100040442000ad010700000478000800e000c7
:105c200013003200c20320008000eb00080078005f
:105c30000afb070060eb2200300c980040092300ab
:105c4000400c980000f422007004980000fb220031
:105c50001014980000c0eb00205c98004004200065
:105c60000800400020049800004020003004980004
:105c7000080078004f04780000000600889fbe00ee
:105c80008a9fbe00100290008002eb000418a3005f
:105c900003003a0080129000700990008282520046
:105ca000d0019000600190000284510008844200fd
:105cb000cfc4de00614db9008898be008a90be0056
:105cc0000000eb000468a300040032001000200074
:105cd000828f510001003e000000eb004f05be0026
:105ce0004f04be00000006000200fa00881f780082
:105cf00000047800e2bf9f0064815700080078002c
:105d000016f60700980090000148a3000100320039
:105d10000080eb004f0478000080fa0000000600cd
:105d2000889fbe000004780048009000820478003c
:105d3000808f54000100360080047800090178004b
:105d400058009000befa070058009000090040007b
:105d500050049800c80090008984500049049800bd
:105d60000048eb004f04be00000006001000780061
:105d70008eeb3700900190000388a30001003200f1
:105d8000e7ff37000348a30001003a0005020700bf
:105d90000000060001017800920090000158a30065
:105da00003003a0082007800910107000f003700dd
:105db0008080fb00a25990008301fb00838f50007c
:105dc00007003200d2019000220a9000848f510017
:105dd0000300310080597800530198000400370017
:105de0008000780002007800f4010700800078004d
:105df00001007800000006000000060020b7200027
:105e000000000600889fbe000004be000000eb00fa
:105e10000800e00018003200180090000058a300ad
:105e20000d003200d800900068009000808f500074
:105e300009003600b80990000001eb0082007800ec
:105e40000800780003000100d80090000080eb00fb
:105e50000100e000080032000000eb00200c980078
:105e600060049800500498000900e000020032002d
:105e70001800780044eb07004f04be000000060045
:105e8000889fbe000004be000000eb000800e00098
:105e900025003200180090000058a30011003200c5
:105ea000d800900068009000808f500009003600f4
:105eb000b80990000001eb0082007800080078002b
:105ec00003000100d80090000080eb000100e0001a
:105ed000150032000000eb00200c980060049800d0
:105ee00050049800780a900008109000800f52002b
:105ef000060031000002520011002000cfa2de0097
:105f0000612bb90018007800330107000000eb0096
:105f100000149800700c98000900e00002003200a4
:105f20001800780018eb07004f04be0000000600c0
:105f30000000060000000500fdff07006062800011
:105f40008000eb0063010700606280008000eb00ce
:105f500060010700606280008000eb005d01370097
:105f60000800fa00889fbe008a1f780000047800ad
:105f7000010578008204780038009000a8009000a5
:105f80009abf9f000001780002f0a7000201ea001a
:105f90000201ea004f11de0002815400a2bf9f00ff
:105fa000b1bf9f00c0bf9f0022002000ee805700bd
:105fb00018007800260107000000e00006003c0001
:105fc000f80060000130a20018019000828070008b
:105fd00011049800110037002fb99700820f50006c
:105fe0000e003600a8009000710c980002005000ce
:105ff0000080400000149800380090000000e0008d
:10600000070032000905450001007800b040780023
:1060100071fd9f00700c980001003700800478002b
:10602000090078004f0578004f04be000080fa0098
:1060300000000600881f780000047800180078002f
:10604000e50007000203be000002be00f0ff2f00c3
:10605000f1ff2f000001be00e00f5200e08f5a0058
:10606000e00f5b00e08f5b0005003500180090003a
:106070000030a100100498006000b8006011b80062
:106080004f047800000006000800fa00889fbe0058
:106090008a1f78000004be00180090000058a3007a
:1060a0001b003200d800900068009000808f5000e4
:1060b00013003600b80990000001eb008200780060
:1060c0000800780094bf9f00a5bf9f00b6bf9f0047
:1060d000c7bf9f000300010058059000f0ff2f008c
:1060e000f1ff2f000001be001fba9700afba970062
:1060f0003fbb9700cfbb97000a00e00006003200cc
:106100000000eb00200c98006004980050049800f8
:106110000800be00c7ff07004f0578004f04be000f
:106120000080fa00000006000800fa00889fbe0008
:106130008a1f78000004be00e18f540008003a0076
:10614000881090007808900000805000cf80de001a
:106150000002520081825a0001035b0081835b00d0
:10616000180090000058a3001b003200d8009000d7
:1061700068009000808f500013003600b80990002e
:106180000001eb00820078000800780094bf9f00b7
:10619000a5bf9f00b6bf9f00c7bf9f0003000100bf
:1061a00058059000f0ff2f00f1ff2f000001be0006
:1061b0001fba9700afba97003fbb9700cfbb9700bd
:1061c0000a00e000150032000000eb00200c9800ef
:1061d00060049800500498000800be0095ff070076
:1061e0000203be000002be00f0ff2f00f1ff2f00ef
:1061f0000001be00e00f5200e08f5a00e00f5b008c
:10620000e08f5b00050035000000eb0000149800f3
:10621000700c98006000b8006011b8004f0578005d
:106220004f04be000080fa000000060000000600d7
:10623000e0ba200000000600881f78000004780003
:10624000486090008040e90000c070004064980001
:10625000d800900068009000808f50000500360044
:10626000b80990000001eb00820078000800780077
:10627000030001000000eb00200c9800600498006f
:1062800050049800980090000118a3000300320009
:106290000140a00011049800080037002801900078
:1062a000380090000000410000149800700c980025
:1062b0000000eb000138a300010032000080eb0079
:1062c0004f047800000006001bff37000200fa00b0
:1062d000889fbe000000e00001003a00100020008e
:1062e0000004e8000800a100006280000000e8004f
:1062f0000000a10000628800000020000000e00013
:106300000f003200e10f540006003600e20f440097
:1063100005003a00c0002000506288000000eb0039
:106320002a003700280020000800780034e7070022
:10633000290020000000e00024003a00010037009e
:106340008004eb0000628000f1618000008050005a
:10635000800f54001300360008804400d0bf9f0017
:1063600066805700cc000700800078000000eb003a
:106370000100e000150032000100e8000000a1006b
:10638000f1618000810f500001003200006288003e
:10639000dfb89700010040000000e8000000a10005
:1063a000f0618800016280000900e0000300320013
:1063b000010078000818780001003700010078001b
:1063c0000884440088804000016288004f04be00b9
:1063d0000080fa0000000600a0fd2f00f1ff2f0052
:1063e000320007004f89de008201780000000600bd
:1063f0000200fa0081017800e0ff9f009300900006
:106400000188a30005003200d30090008058780076
:106410000080fb00d10198000a0037001200200024
:106420008f80e900030078005e000700800078009c
:106430000080eb000100e00002003200eff897005e
:106440000180fb000080fa000000060051fe3700ca
:10645000889fbe008a9fbe008c1f780000067800cf
:1064600082057800010478008004eb0009057800bb
:106470000700370018019000980078000c007800a1
:106480007de90700808444000a05e80064044400b4
:106490008b0f5500f7ff3500090078004f06780094
:1064a0004f05be004f04be000000060002002f0092
:1064b000f3ff2f00820f5000838f58000400360036
:1064c0000000ea00506288000080eb008080eb0052
:1064d000000006008001eb000000e0000500320033
:1064e000700190000200e000020032000200010092
:1064f0008001780003007800000006006000b8000a
:106500006011b80000000600881f7800c00120005c
:106510006eff0700000478000800e0000a00320067
:10652000c20120008000eb0008007800cbf80700d3
:1065300060eb2200300c980040042300400c9800cf
:1065400000c0eb00205c9800080078004f04780041
:1065500000000600adfd3700400990000240010038
:10656000d00190006001900002825100cfa2de00b5
:10657000612bb9008498be008690be009000900008
:106580000000eb000168a3000400320010002000ae
:10659000828f510001003e000000eb000000060069
:1065a000b6fd3700b00990000300e00001003200a2
:1065b00003400100100078007ce937000200fa0077
:1065c000881f780000047800c1ff9f002808900011
:1065d0000000e00006003a000800780020000700f4
:1065e000800078000080eb000100e00018003a0015
:1065f000d800900028089000808f500009003100da
:106600004ff997000280fb00a85990008301fb001e
:10661000830f500003003200825878005104980024
:106620000b003700b809900012002000e4805700ea
:106630000800780003000100800078000080eb0073
:10664000e18f500002003a00cff897000180fb0074
:106650004f0478000080fa000000060000000500ea
:10666000881f7800000478000800780021fb0700ec
:106670000000e00006003a00a800900061049800c5
:10668000510498003801900082804000210c98004d
:106690004f04780000000600900078000000eb0036
:1066a0000100e000050035000100780081e90700e5
:1066b000e10f400001003a000000eb00000006007e
:1066c00000000600feff0700fdff0700fcff37008b
:1066d00000c0da000000060000c0da00000006007a
:1066e00000c0da000000060081037800b6e9070068
:1066f0000001be006000b8000478a30013003a0057
:106700006220e10015003e000d0039008301d10038
:106710000281d3008180d3008301d1000281d300a4
:106720008180d3008301d1000281d3008180d30016
:106730000538b000c42add00f300b2008381720086
:1067400007f0a70003f0a0000000060083ff270069
:10675000020020006110b900f9ff370003ff270095
:10676000f7ff37000003be0097e907006011b8008b
:106770000470a70007f0a1006509b1001b003200fa
:1067800012003500860220000628e10008003500ce
:10679000f3ff2700f2ff2f006110b9000700e000af
:1067a00018003b00030028006000b800020005004c
:1067b00000004000818048000201490083814900b7
:1067c0008502e900faff3a0008003700f88f42001e
:1067d00002003c008000eb00000005008100d100b9
:1067e0000080d3008502e800fcff3a000700e000cb
:1067f00004003b0060001000e080180060011900f8
:10680000e0811900000006000001be006ee90700eb
:106810000470a70003f0a1006509b1001600320062
:106820000d0035006828e10006003500f0ff2f005c
:10683000f1ff27000300e00013003b0001002800e7
:106840000000050000004000818048008502e9004a
:10685000fcff3a0008003700f88f420002003c00bd
:106860008000eb00000005008100d1000080d30013
:106870008502e800fcff3a000300e00002003b0054
:1068800060001000e0801800000006001400fa000c
:10689000889fbe008a9fbe008c9fbe000005be0080
:1068a0000206be00680047000c90be000a90be00c1
:1068b000520107006400e1001a00320016003e0099
:1068c0006100e1001a0032006e049000fe049000a6
:1068d0000e0b90009e0b90006011b8009e0590007a
:1068e0000b38b100d5012000828171006101640084
:1068f0008703d1000683d3008984d3000884d300a2
:106900008502e900f8ff3a0003ed07000df0a7004b
:1069100001f0a0007401370001fc270000002000f6
:10692000faff370001f8270000002000f7ff3700ca
:106930006000b800f5ff3700020ab900001bb9007b
:106940000200b80081004200810043000000060000
:10695000889fbe008a9fbe0030044200b0844a0077
:1069600030054b0090854b006000b1000898be00d8
:106970000a90be000440e10005c8e10006d0e10035
:1069800007d8e10002003100680040001008e8006c
:106990004f05be004f04be0000000600889fbe00e9
:1069a0008a9fbe003004be002005be0004185400bb
:1069b00005985c0006185d0007985d001100200036
:1069c0000440e10005c8e10006d0e10007d8e1007d
:1069d000010039008000eb00108810004f05be0058
:1069e0004f04be00000006001200fa00889fbe009f
:1069f0008a9fbe008c9fbe00e0b79f00f1b79f004a
:106a000082bf9f0093bf9f000605be000404be0026
:106a10000000eb00d0b79f00c0b79f00b0b79f0049
:106a2000a0b79f0090b79f00000678005fb1970065
:106a3000cfb09700820141003fb097000200e00014
:106a400004003d00370007007e805700c0ff0700ac
:106a500003003700330007007e805700cfff070098
:106a6000dfb697000d00e0000c0035006fb2970014
:106a7000ffb297000fbb97009fbb9700100020004c
:106a8000010020006011b8000002720081827200d3
:106a900002037300838373001b0007000c06e800e9
:106aa00001042000810f5600e0ff3a000d00e000d5
:106ab00004003d000802be000a03be007e805700ad
:106ac000a3ff07005fa897000000e00005003a0060
:106ad0001fb29700afb297003fb39700cfb39700b4
:106ae000090007006fb09700ffb097000fb997003b
:106af0009fb997004f06be004f05be004f04be0071
:106b00000080fa00000006000100070000000600f7
:106b1000a4b79f00b5b79f00c6b79f00d7b79f0027
:106b2000000006004f09de0082817100b3b79f00ac
:106b30004f01de008180400082807000a1b79f007d
:106b40008fb097004f09de00000040000200700087
:106b500090b79f007fa897004f01de008180400022
:106b60008280700081b79f000d0007004f3ade0061
:106b70000000400004007000f0af9f000800070014
:106b80000402420085824a0006034b0087834b00c3
:106b9000dfff07000802be000a03be000000060077
:106ba0002fb29700bfb297004fb39700dfb39700a3
:106bb00000000600881f780018002000881f780059
:106bc00089ff07008f87e9004f0478000000060066
:106bd000801feb0084ff07008f87e900000006009c
:106be000889fbe008a9fbe00e00f5000e08f5800d3
:106bf000e00f5900e08f59000c003d006044b800e0
:106c00006055b8000000540081805c0002015d0006
:106c100083815d00180020001500070008003d007a
:106c2000180007000004eb00050037000004eb002b
:106c30000f00070002003d001200070018002000ae
:106c4000dcff07000800e000060032006022b80008
:106c50006033b8000000520081805a0002015b00de
:106c600083815b004f05be004f04be00000006009c
:106c7000e00f5200e08f5a00e00f5b00e08f5b00f6
:106c8000000006006044b8006055b80004025400db
:106c900085825c0006035d0087835d0000000600be
:106ca000889fbe008a9fbe008c1f7800e00f5000b6
:106cb000e08f5800e00f5900e08f59000d003d00b3
:106cc0006044b8006055b8000000540081805c004a
:106cd00002015d0083815d001c0020000820e100ae
:106ce00009a8e1000ab0e1000bb8e1000d003d0089
:106cf000080037000006eb00e00f5200e08f5a005a
:106d0000e00f5b00e08f5b0006003d006044b800d0
:106d10006055b8000402540085825c0006035d00e3
:106d200087835d00aaff07000c00e0000600320028
:106d30006022b8006033b8000000520081805a0021
:106d400002015b0083815b004f0678004f05be00a7
:106d50004f04be0000000600889fbe008a9fbe0050
:106d60008c1f78000006eb00e00f5000e08f580009
:106d7000e00f5900e08f590007003d006044b80063
:106d80006055b8000000540081805c0002015d0085
:106d900083815d001c002000e00f5200e08f5a004c
:106da000e00f5b00e08f5b0007003d006044b8002f
:106db0006055b8000402540085825c0006035d0043
:106dc00087835d000c00a2004c0007000c00e0006f
:106dd000060032006022b8006033b80000005200a4
:106de00081805a0002015b0083815b004f067800be
:106df0004f05be004f04be00000006008000780072
:106e00005002be005003be004439de00f700b2005d
:106e1000f37f200003016100090032000218e10045
:106e200016003a00850172008301730083817300ac
:106e30000008200015003a00400020001300370031
:106e400085017200830173008381730005003a009d
:106e500004a8be0006a8be00100020000b003700ea
:106e60000201e9000402420085824a0006034b0049
:106e700087834b000748a300f9ff32000740a000ba
:106e800004a8be0006a8be002000200080009800d4
:106e90009200980000000600680447000294be00bb
:106ea0000094be00fc0447008694be008494be009b
:106eb00009007800d1ff070008007800cfff070025
:106ec00099007800814f70000b003b000800be0065
:106ed0002c0007004f00b10003003700f3ff27002c
:106ee000f2ff2f006110b9004f06be004f05be0033
:106ef0004f04be000080fa0000000600889fbe001c
:106f00008a9fbe008c9fbe000404b8000506b8002e
:106f10008904460060854e000606b8000a05460052
:106f2000e0854e000706b8008b054600040eb80049
:106f3000890446000a854e00e0854d00050eb80024
:106f40000a0546008b854e00060eb8008b054600ec
:106f50000416b8000a0546008b854e000516b800d9
:106f60008b054600041eb8008b0546000800be00d5
:106f70000a01be004f06be004f05be004f04be0012
:106f800000000600e48240001078a30007003200f1
:106f9000640240001178a3003400be001401be005a
:106fa000040032000330a700000006003500be00d8
:0c6fb0001501be000330a0000000060028
:020000040000fa
:106fbc0025750000005400004f50000000520000e6
:106fcc004553000045540000004f000054000000e1
:106fdc000d0a0000004400004d0000004657000060
:106fec000073000065720000696100006c00000015
:106ffc005242000030300000007200006169000055
:10700c006e6200006f770000206c00006967000062
:10701c0068740000732000006f660000662000009a
:10702c00005200004230000031000000726100008c
:10703c00696e0000626f0000772000006c69000030
:10704c006768000074730000206f00006e00000081
:10705c004c5200002000000052610000772000001c
:10706c007265000064200000206900006e70000052
:10707c00757400003a200000004c00005220000003
:10708c0020250000327800000072000065640000ca
:10709c00505700004d200000757000006461000026
:1070ac0074650000640d00000a000000496e0000c9
:1070bc00766100006c6900006420000072650000bd
:1070cc0064200000686500007820000076610000f4
:1070dc006c750000650d00000a0000004c470000b4
:1070ec00200000004c4700002025000032780000f2
:1070fc000047000072650000656e00002050000023
:10710c00574d000020750000706400006174000091
:10711c00656400000d0a0000004900006e76000056
:10712c00616c00006964000020670000726500005b
:10713c00656e000020680000657800002076000075
:10714c00616c0000756500000d0a0000004c000029
:10715c0042200000004c00004220000025320000bc
:10716c0078000000626c0000756500002050000083
:10717c00574d000020750000706400006174000021
:10718c00656400000d0a0000004900006e760000e6
:10719c00616c000069640000206200006c750000e6
:1071ac006520000068650000782000007661000012
:1071bc006c750000650d00000a0000004c570000c3
:1071cc00200000004c570000202500003278000001
:1071dc000077000068690000746500002050000012
:1071ec00574d0000207500007064000061740000b1
:1071fc00656400000d0a0000004900006e76000076
:10720c00616c000069640000207700006869000070
:10721c00746500002068000065780000207600008e
:10722c00616c0000756500000d0a00000044000050
:10723c0053200000004400005320000025320000c1
:10724c0078000000646f00006f7200002073000073
:10725c00706500006564000020750000706400001b
:10726c0061740000656400000d0a00000055000008
:10727c00415200005420000052650000616400007f
:10728c00790d00000a000000726500006420000007
:10729c00686100007320000063680000616e0000ec
:1072ac0067650000640d00000a00000067720000b2
:1072bc00656500006e20000068610000732000000e
:1072cc0063680000616e000067650000640d0000db
:1072dc000a000000626c0000756500002068000068
:1072ec006173000020630000686100006e6700009d
:1072fc00656400000d0a000000770000686900005a
:10730c0074650000206800006173000020630000b9
:10731c00686100006e670000656400000d0a0000e3
:10732c00004400004f4f0000523a00002053000070
:10733c007461000072740000696e00006720000028
:10734c006f700000656e0000696e00006720000021
:10735c007365000071750000656e000063650000c8
:10736c000d0a000000520000414d0000503a000090
:10737c0020300000252000002d3e000020350000ac
:10738c003025000020500000574d0000206f0000f9
:10739c00766500007220000032200000736500004a
:1073ac00636f00006e640000730d00000a000000a3
:1073bc005354000020300000380d00000a0000007b
:1073cc004f500000454e0000494e00004720000081
:1073dc002d200000505700004d3a00002000000006
:1073ec002028000000250000290d00000a000000e4
:1073fc00524100004d5000003a2000005265000040
:10740c0061630000686500006420000035300000f6
:10741c0025200000505700004d2000007461000032
:10742c0072670000657400000d0a00000044000043
:10743c004f4f0000523a000020460000756c0000cf
:10744c006c790000206f0000706500006e2c00004d
:10745c0020730000746f000070700000696e0000f3
:10746c00672000006d6f0000746f0000720d00004b
:10747c000a0000005354000020300000390d0000b9
:10748c000a000000444f00004f5200003a20000058
:10749c005374000061720000746900006e67000094
:1074ac00206300006c6f0000736900006e670000c1
:1074bc002073000065710000756500006e630000ac
:1074cc00650d00000a00000053540000203000003d
:1074dc00410d00000a000000434c00004f53000017
:1074ec00494e0000472000002d200000505700009e
:1074fc004d3a000020000000444f00004f520000a5
:10750c003a200000467500006c6c000079200000e9
:10751c00636c00006f730000656400002c20000099
:10752c00737400006f700000706900006e670000db
:10753c00206d00006f7400006f7200000d0a0000d7
:10754c000053000054200000304200000d0a0000df
:10755c0000410000757400006f2d0000636c00008a
:10756c006f73000065200000746900006d650000f9
:10757c0072200000657800007069000072650000e0
:08758c00640d00000a0000007c
:020000040000fa
:107594000000fa004023a9000080fa000000060061
:1075a4000400fa00100798001e0090008000eb0011
:1075b400e200200003002000820f5000838f580057
:1075c4003d003e00006001000e003700100037004f
:1075d4001200370014003700160037001800370077
:1075e4001a0037001c0037001e0037002000370047
:1075f4002200370024003700260037002800370017
:107604002a00370001188000010f78002b00370092
:1076140011188000010f780028003700211880001d
:10762400010f78002500370031188000010f780021
:107634002200370041188000010f78001f00370036
:1076440051188000010f78001c0037006118800079
:10765400010f78001900370071188000010f7800bd
:107664001600370081188000010f780013003700de
:1076740091188000010f780010003700a1188000d5
:10768400010f78000d003700b1188000010f780059
:107694000a003700c1188000010f78000700370086
:1076a400d1188000010f780004003700e118800031
:1076b400010f780001003700000000001e00780070
:1076c4000080fa00000006000a00fa002007980073
:1076d40031079800420798004e0090000000e8002f
:1076e400104078000000fb00c800dd004e00900050
:1076f400104078000000fb00810070002e00900014
:107704000108bb002e0090008000eb000188bb0044
:107714004e00900063004000104078000000fb0021
:10772400c800dd004e0090000080e80010407800a2
:107734000000fb00810070002e0090000080e80033
:107744000108bb002e0090000080e8008000eb00e0
:107754000188bb004e009000650040001040780096
:107764000000fb00c800dd004e00900064004000f3
:10777400104078000000fb00810070002e00900093
:10778400640040000108bb002e009000640040002b
:107794008000eb000188bb0010002400003b88003f
:1077a4002e019000be019000028fbe000500fc0077
:1077b40050052000303b8800a00a2000303b8800a0
:1077c40061e7a8000000fc0000000000013b80000d
:1077d40000002800008060000000e000fbff3a0089
:1077e4000080fa00000006000800fa002007980054
:1077f400310798002e009000100fba002e00900060
:107804001080ba00204798002e4090000080fb00b2
:107814008000eb00c001dd00020020001e007800a3
:107824008000eb0000007100818071000080fa008c
:10783400000006000a00fa0030079800410798008b
:107844000000eb00000f78001d0037001e007800d8
:10785400000040006101b9003e009000ce0090009d
:107864000200400083804800dfff070010079800f3
:10787400210798001e007800000040009e00900040
:1078840001417800c1b22000827078001e007800a7
:10789400000040000001e8001e009000ae009000cf
:1078a400c809dd004800de0000807100c808de0061
:1078b40080407800c0b22000017079001e0fe800fb
:1078c4001e007800e20f5000e0ff34000080fa0050
:1078d400000006001600fa00200f9800ae08900081
:1078e400811f7800e07d2b00801f78000e00780057
:1078f40090ea0700e48757000e00780002000700b2
:107904000080fa00000006000200fa00000f780070
:107914000b0037000000000011118000002020003f
:10792400008060000000e000fbff3a001e007800c9
:10793400104078000000fb00201188001e0fe800b2
:107944001e007800104078000004e000f1ff3a00c7
:107954000080fa00000006002000fa00700f980072
:1079640000482800e1012000651107007e0890000e
:10797400117e2b0087ea07000000e00000013200be
:107984007e089000517e2b0082ea07000000e00090
:10799400fb0032007e089000b17e2b007dea0700d8
:1079a4000000e00005003a00a0478000c9ff07007e
:1079b400e07e2b00d4ff0700f10037007e08900022
:1079c400117f2b0073ea07000000e00005003a0075
:1079d400b0478000bfff0700e07e2b00caff07000e
:1079e400e70037007e089000417f2b0069ea07001a
:1079f4000000e00005003a00a0a92000c2ff070033
:107a0400e07e2b00c0ff0700dd0037007e089000f9
:107a1400717f2b005fea07000000e00005003a00d8
:107a2400a0a92000b8ff0700e07e2b00b6ff0700e6
:107a3400d30037007e089000e17f2b0055ea070051
:107a44000000e00008003a00004080000000e00070
:107a540005003a00100020000040880030802b0010
:107a6400a9ff0700c60037007e08900071812b0033
:107a740048ea07000000e00007003a0000408000e8
:107a8400e10f500004003a000028ef00c0812b00f1
:107a94009dff0700ba0037007e08900032002000e6
:107aa400e1822b0046ea07000000e00025003a00ce
:107ab4007e089000660040002200200080007800cc
:107ac4000e00780053ea07000040eb0020479800be
:107ad40020832b008cff07007e0890008aff07009c
:107ae400e07e2b0088ff07007e089000e40047003a
:107af400811f780031842b00811f78001aea070067
:107b0400e4875700e10f50000b003a002e0090006c
:107b1400cf80de001041880021418800b0842b0012
:107b240079ff0700104180002141800000007800a7
:107b340068ff070092003700c0852b0072ff070022
:107b44008f0037007e0890003200200041872b0010
:107b54001bea07000000e0001e003a007e089000c7
:107b6400e6004000660047002200200029ea0700e2
:107b74000040eb00004f98007e089000ea004700a8
:107b8400811f780081872b00811f7800f6e90700a8
:107b9400e4875700e10f50000b003a005e009000ac
:107ba400cf80de003041880041418800f0872b00ff
:107bb40055ff0700304180004141800000007800fb
:107bc40044ff07006e00370030892b004eff07008a
:107bd4006b0037007e08900032002000d18a2b0011
:107be400f7e907000000e0001e003a007e0890005c
:107bf400e60040006c0047002200200005ea070070
:107c04000040eb00604f98007e089000f0004700b1
:107c1400811f7800118b2b00811f7800d2e90700a7
:107c2400e4875700e10f50000b003a000e08900063
:107c3400cf80de005041880061418800808b2b009a
:107c440031ff07005041800061418000000078004e
:107c540020ff07004a003700b08c2b002aff0700e2
:107c6400470037007e08900032002000418e2b0030
:107c7400d3e907000000e0001e003a007e089000ef
:107c8400e60040007200470022002000e1e90700fe
:107c94000040eb00405798007e089000f600470033
:107ca400811f7800818e2b00811f7800aee90700c8
:107cb400e4875700e10f50000b003a003e089000a3
:107cc400cf80de007041880081418800f08e2b0057
:107cd4000dff0700704180008141800000007800a2
:107ce400fcfe07002600370030902b0006ff07003b
:107cf400230037007e08900032002000d1912b0031
:107d0400afe907000000e0001d003a007e08900083
:107d1400e60040007800470022002000bde907008b
:107d24000040eb00205f98007e089000fc004700b4
:107d3400811f780011922b00811f78008ae90700c7
:107d4400e4875700e10f50000b003a006e089000e2
:107d5400cf80de00c0478800d147880080922b0086
:107d6400e9fe0700c0478000d1478000000078008a
:107d7400d8fe07000200370030902b00e2fe070017
:107d84000080fa00000006000200fa00004f7800ac
:107d9400000000001111800000202000008060001d
:107da4000000e000fbff3a001e00fb0020118800e9
:107db4000080fa00000006000400fa00004f78007a
:107dc40011479800224798000602a800000000000e
:107dd40030108000610060000000e000fcff3a0009
:107de4001e80fb000000400010108800000000000e
:107df4004110800000002400008060000000e000ca
:107e0400fbff3a001e4090000080fb001010880029
:107e14000000000041108000000024000080600089
:107e24000000e000fbff3a002e4090000080fb00c1
:107e340010108800000000004110800000002400a1
:107e4400008060000000e000fbff3a000642a8004a
:107e54000000000030108000640060000000e000ba
:107e6400fcff3a000080fa00000006000400fa005b
:107e74002047980031479800e50c07002e409000f9
:107e840000404000fd0c07003e409000fb0c070042
:107e94002e4090000080fb0000004000004078006d
:107ea4000004a000f50c07000040eb00070d0700dc
:107eb400004f7800df0c07001e4078000080fa00b5
:107ec400000006000000fa0002c1b30031c0b30094
:107ed40000c4b300b8ff070032c0b300e1cfb30061
:107ee40000c4b300b4ff07000041eb008040eb0086
:107ef40000c4b300b0ff070042c0b30011c0b30018
:107f040000c4b300acff07000080fa0000000600c4
:107f14000800fa00204798002107980032079800cb
:107f24002e4090004200dd00664f40002e0090007d
:107f340000407800004178009e40780000c4b300ff
:107f44009dff07002e0090004800de00804078006e
:107f54001e40e800014178008040780000c4b3006e
:107f640095ff07003e009000804078001ec0e800a6
:107f7400014178008040780000c4b3008eff070000
:107f84003e0090004800de00804078001e417800ea
:107f940063404100014178008040780000c4b30090
:107fa40085ff07000080fa00000006000200fa00c6
:107fb4000000eb00000f7800240037001e01780059
:107fc4008000eb000040eb00d1ff070000c4290053
:107fd40001002000ca0f07001e0178008000eb009a
:107fe40010c0b300caff070000c42900010020002c
:107ff400c30f07001e0178008000eb0020c0b3000f
:10800400c3ff070000c4290001002000bc0f0700c3
:108014001e0178008000eb0030c0b300bcff0700f5
:1080240000c4290001002000b50f0700f0ff200064
:108034009e007800808f5000020036000000eb00a4
:10804400000f78009e007800708f4000000021002f
:108054009e007800808f5000d8ff36000080fa0020
:10806400000006000600fa00000f780011079800cf
:10807400220798001e0178008000eb000040eb000e
:10808400a3ff07001e0190008000eb0010c0b300a6
:108094009fff07002e0190008000eb0020c0b3007a
:1080a4009bff07000080fa00000006000a00fa00a7
:1080b400881f78006000b800008fbe000100370000
:1080c400000000001e00be0040e707000200200080
:1080d40003f8230069e3070002002e00f34f240095
:1080e4002ae5070019e307002007980062aa200088
:1080f400630024001e00be0060e3070033e70700ae
:108104000200200003f823005ce3070002002e00b5
:10811400f34f24001de507000ce307003007980027
:1081240062aa2000630824001e00be0053e3070077
:1081340026e707000200200003f823004fe30700ae
:1081440002002e00f34f240010e50700ffe20700b1
:10815400400798004e019000be0090002e00900051
:10816400c0ff070000c4290001002000640f0700bd
:10817400a2702d0033c223001e00be003fe307009f
:10818400008fbe0018c0b30092ff2000930c24009f
:108194001e00be00ebe207000000e00001003c000e
:1081a4000044eb000804e000c5ff320092ff200009
:1081b400930c24001e00be0027e30700008fbe00be
:1081c400c0ff37000200fa00004f7800ae0b070032
:1081d40080c7b300c70b07000040eb00c50b0700c6
:1081e4001e407800c30b0700b00b0700800020007e
:1081f40001002000420f07000080fa000000060082
:108204000200fa00004f78009f0b070080c7b300fc
:10821400b80b070000c4b300b60b07001e4078007b
:10822400b40b0700a10b070000322000010020005e
:10823400330f07000080fa00000006000000fa0077
:1082440000a82100610020002d0f070080c3b300a7
:10825400dcff070090c3b300daff070000a8210089
:1082640061002000260f070040c1b300d5ff0700be
:10827400f0c7b300d3ff0700f0c5b300d1ff070078
:1082840000482800e10120001d0f0700c0c6b3000c
:10829400ccff07000088230011002000180f0700fe
:1082a40080c3b300c7ff070000882300110020002b
:1082b400130f0700d0c0b300c2ff070000882300db
:1082c400110020000e0f070010c0b300bdff07000f
:1082d4000088230011002000090f070060c0b300cc
:1082e400b8ff070000c4290001002000040f0700a4
:1082f40000c4b300b3ff070000482800e1012000d8
:10830400ff0e07000080fa00000006000200fa00d9
:10831400000f7800040037001e0078001040780039
:108324001e0fe800b6ff07001e007800104078001a
:108334000004e000f8ff3a000080fa0000000600a4
:108344000000fa0092fc07000080fa00000006001a
:108354000000fa000e0d07001000200010478800ee
:1083640010002000204788001000200040478800ab
:1083740010002000b045880010002000a0448800b0
:10838400100020009042880010002000a0428800c5
:1083940010002000f04688001000200010448800df
:1083a400504680000000e80050468800f0448000f9
:1083b4000000e800f0448800504580000000e80018
:1083c40050458800e04280000000e800e042880058
:1083d4000080fa00000006000000fa00900c07007c
:1083e40010002000a042880010002000c046880031
:1083f4000080fa00000006000200fa009c0d07004d
:1084040010002000000f780010002000c0468800f3
:1084140060212400000001008022240000000100eb
:108424000080fa00000006000000fa00f144800019
:10843400a0498000808f5000020035003229ef00ef
:108444009e28ef000080fa00000006000000fa00f9
:1084540051458000a0478000808f50000300350004
:108464001000200040458800aa28ef004045800005
:10847400e10f500003003a00ed02a900ec02a8004d
:1084840002003700ed02a800ec02a900d11680001a
:1084940000002200008060000000e00002003200c2
:1084a400a828ef00aa28ef000080fa0000000600c8
:1084b4000000fa0051468000104a8000808f50006e
:1084c40012003500ca28ef00c482a800d442a800d4
:1084d400dd22a800d442a800c482a800a01780000e
:1084e4004e00de00614060000004a20061406000b4
:1084f4000080fb00610060004e00dd00a1178000d9
:1085040001e0a10001007000a01788000080fa00bb
:10851400000006000000fa0011168000000220008e
:10852400008060000000e00003003a000044800086
:10853400e10f500002003a00100020000100370053
:108544000000eb000080fa00000006003200fa0090
:10855400881f78004b0e0700930c0700360c0700a9
:10856400d90b0700ec0c0700c60c0700690c0700c8
:108574000c0c07001f0d0700a00607009c0d070048
:1085840003fc0700201a2400fe0b07007b090700e8
:108594009609070040002000ae09070000102000e3
:1085a400a6090700006a280011002000050b070037
:1085b40000482800e1012000510e070041fe070099
:1085c400c482a800d442a800d482a900dcc2a900b5
:1085d400dd22a800dd62a800e402a900e4a2a9004b
:1085e400e4e2a900e4c2a800ec22a800ec02a8007e
:1085f400ec42a800ec62a800ec82a800eca2a9005e
:10860400ecc2a900ece2a900ece2a900ed02a90089
:10861400ed82a800f4e2a800f5c2a900f5e2a900e1
:10862400103a8000000178000260a100600420007c
:108634007105200023742000804978008149780066
:10864400824978001136800000fc2f000080600011
:108654003000b300103688002135800000fc2f0064
:10866400008060003000b30020358800103a80009c
:10867400000178000260a000600420007105200061
:108684002374200080497800814978008249780069
:10869400d0932b009cfc0700a00020006d0907006c
:1086a4000000eb00200798000100370000000000e4
:1086b4004001200067090700601780004300de00c6
:1086c400614060000004a200614060000080fb0083
:1086d400610060004300dd00611780000130a100eb
:1086e4000100700060178800e4a2a900008823003c
:1086f40011002000020e0700ece2a80032408000c6
:10870400434080001041800021418000800f5100cf
:10871400818f59000e0032001041800021418000f9
:108724003040880041408800a0942b0076fc07006c
:108734003040800041408000000078004400dd00ab
:10874400000178008000eb0020c0b300f0fd0700ba
:1087540072408000834080003041800041418000ad
:10876400800f5100818f59000e003200304180008b
:10877400414180007040880081408800c0952b00f2
:1087840061fc070070408000814080000000780098
:108794004400dd00000178008000eb0010c0b3004d
:1087a400dbfd0700524080006340800050418000a0
:1087b40061418000800f5100818f59000e0032000a
:1087c4005041800061418000504088006140880031
:1087d40000972b004cfc0700504080006140800053
:1087e400000078004400dd00000178008000eb0008
:1087f4000040eb00c6fd070092408000a3408000cb
:108804007041800081418000800f5100818f5900a8
:108814000e00320070418000814180009040880049
:10882400a140880030982b0037fc0700904080005e
:10883400a1408000000078004400dd0000017800c1
:108844008000eb0030c0b300b1fd070085060700cf
:108854000004e00023003200570607006047980038
:108864006e409000ea4f5000030032006e409000ca
:10887400ed4f50000d003a0005c8bf000080fb001a
:1088840021b320000041eb008270780020b3200067
:108894001dfc0700e07e2b001bfc070020b320001a
:1088a4002dfc07000568ef000e0037005180200002
:1088b40091407800e0c3b30080cf500008003e0030
:1088c40005c8bf008080fb0022b32000ee41900069
:1088d40003f178000040e80005e8b7000100370024
:1088e4000568ef001116800000042000008060007d
:1088f4000000e00005003200111680000020200076
:10890400008060000000e00003013a00a041800004
:10891400e20f50007d003200e20f500005003e00df
:108924000000e00008003200e10f50002300320094
:1089340010013700e30f500093003200e40f5000a1
:10894400f10032000b0137005116800000002200b4
:10895400008060000000e00017003a00edfe070010
:108964000000e00003003a00004480000000e00042
:108974001100320070992b00e3fb0700e4a2a90068
:10898400ecc2a90010002000a04188007828ef0064
:108994007a28ef007c28ef00c0438000ad08070070
:1089a400909b2b00d8fb07008028ef00e09d2b0054
:1089b400d5fb0700ec62a900d6003700a042800076
:1089c4000000e0002f0032005428ef00e043800054
:1089d4000000e800e0438800e14380005049800043
:1089e400808f500027003500c1438000404980003b
:1089f400808f500020003d00c1438000604980000a
:108a040000804000c0438800c1438000404980008a
:108a1400808f50000200340040498000c043880029
:108a2400c04380008b080700c1438000400620003b
:108a34000088b90080007800f0ff20000001780071
:108a4400110009008200d80040079800609e2b00a6
:108a5400adfb0700c04380009efb0700609f2b0016
:108a6400a9fb07004e0090009afb0700909f2b0083
:108a7400a5fb070002003700e09f2b00a2fb0700c4
:108a84007c28ef0051168000000021000080600067
:108a94000000e0001c003a00d0a12b009afb070064
:108aa400c3438000030f78000c0037001e007800d9
:108ab4000000e00002003d000000eb00000f780021
:108ac4001e0078006308070000c42900010020008c
:108ad4000b0d0700c1f92f001e8f40001e00780007
:108ae4000000e000f1ff3d00ecc2a8000000eb0034
:108af4005808070020002000a04188008028ef00cb
:108b040000a42b0080fb07008200370081fe0700d1
:108b14000000e00005003200511680000000210032
:108b2400008060000000e00006003200e0408000a9
:108b34000000e00013003200404480000000e00028
:108b44001000320080a42b006ffb0700e4a2a900f0
:108b5400ecc2a80030002000a04188007828ef0073
:108b64007a28ef007c28ef00c04380003908070012
:108b7400909b2b0064fb07008828ef00a0a62b0025
:108b840061fb070063003700601780004200de00cd
:108b9400614060000004a200614060000080fb00ae
:108ba400610060004200dd00611780000120a10027
:108bb4000100700060178800a04280000000e000ff
:108bc4002f0032005428ef00e04380000000e8004a
:108bd400e0438800e143800050498000808f5000ca
:108be40027003500c143800040498000808f500039
:108bf40020003d00c14380006049800000804000a7
:108c0400c0438800c143800040498000808f5000e9
:108c14000200340040498000c0438800c043800003
:108c24000c080700c1438000400620000088b900fa
:108c340080007800f0ff2000000178001100090096
:108c44008200d8005007980020a72b002efb0700b5
:108c5400c04380001ffb0700609f2b002afb070016
:108c64005e0090001bfb0700909f2b0026fb070073
:108c740002003700e09f2b0023fb07007c28ef0055
:108c84005116800000002200008060000000e00017
:108c94001c003a0020a82b001bfb0700c3438000e4
:108ca400130798000d0037001e0090000000e0003c
:108cb40002003d000000eb00100798001e00900029
:108cc400e407070000c42900010020008c0c070001
:108cd4001e0090004006b100100798001e0090008e
:108ce4000000e000f0ff3d000000eb00d9070700a2
:108cf40040002000a041880070aa2b0002fb07005e
:108d0400ec62a800030037003428ef008028ef004d
:108d14000000000017003700e4a2a90060178000db
:108d24004200de00614060000004a2006140600077
:108d34000080fb00610060004200dd0061178000dc
:108d44000120a1000100700060178800a00020002d
:108d5400c00707007428ef006c28ef004a28ef00d2
:108d64003428ef008028ef008428ef008628ef00e5
:108d7400ec62a900ee00900021079800a041800059
:108d8400e20f500017003a00e04080000000e000cd
:108d940014003200904280000000e0001500320010
:108da4005228ef00504480000000e800504488003e
:108db400504480006101b900e0478000f147800021
:108dc400800f5100818f59000900390010002000e4
:108dd400404488008a28ef00f0aa2b00cafa070052
:108de400040037008a28ef008828ef0001003700cc
:108df4000000000090468000e10f500003003a009c
:108e0400f0ae2000c0fa0700d228ef00a046800090
:108e1400e10f500003003a0050af2000bafa0700f7
:108e2400d428ef00b0468000e10f500003003a0060
:108e3400b0af2000b4fa0700d628ef0040002000ad
:108e4400d7f90700b1aa2a000100b8004208de00e1
:108e54008002b0003043880030002000d0f90700c1
:108e64004300de007e004000a04788002000200070
:108e7400cbf90700004a880010002000c8f9070059
:108e8400b1aa2a000100b8004208de006a00b90055
:108e9400000078000119200080804000908828009c
:108ea4000008b8004308de00b047880060002000d6
:108eb400bbf90700f0418800f0418000cf80de005c
:108ec400bddf070002002000e3332400afe1070008
:108ed40002002f00f3572400cde00700700798002c
:108ee400010f9800a0488000b1488000d2cc2c002b
:108ef400c3e42300d8df070018c0b3007e0190004c
:108f04008e0990008fdf07000000e00001003c00a4
:108f14000044eb000804e0000e003a00a048800082
:108f2400b1488000d2cc2c00c3e42300d3df070077
:108f340018c0b3007e0190008e0990007fdf070007
:108f44000000e000010035000044eb000804e000ec
:108f5400040032007e0190008e099000a24888002f
:108f6400b3488800600020008df90700b0418800f4
:108f7400d116800000002400008060000000e000a2
:108f840001003a00cc28ef00d11680000000240034
:108f9400008060000000e0000200320010002000a9
:108fa40060468800f0ae2000e10f500008003a004f
:108fb400b04480000000e00005003a0010002000ea
:108fc400b04488009828ef001000200090448800e6
:108fd400b04480000000e0000d003200a044800096
:108fe4000000e0000a003200c04480000000e800f5
:108ff400c04488009428ef00c0448000fd0f500056
:10900400030034009628ef009228ef009828ef0020
:10901400ec82a80010178000610060000000e000ee
:1090240005003a0011178000001020000080600045
:109034000000e00004003200100020000047880017
:1090440010002000f04688001017800061006000c6
:109054000000e00024003a001117800000102000f6
:10906400008060000000e0001f003a00004780001c
:10907400e10f50001c003a0010002000d046880088
:10908400f0468000e10f500017003a00c04680000f
:10909400e10f500004003a00e04680000000e800c0
:1090a400e0468800d828ef00e1468000204a80008e
:1090b400808f500004003500da28ef00dc28ef0030
:1090c400de28ef00e028ef00d04680000000e0003a
:1090d40001003a00f4e2a800d0468000e10f5000fd
:1090e40001003a00f4e2a900f4e2a800dd22a8009d
:1090f400d442a80010178000620060000000e00065
:1091040001003200ece2a800101780006200600049
:109114000000e00001003a00ece2a900d016800053
:10912400d0168000c04580000000e00007003a002f
:109134001116800000042000008060000000e000a0
:1091440002003a001000200080458800804580001d
:10915400e10f50000d003a00b0458000e10f5000cf
:109164000a003a00904580000000e800904588001d
:10917400b628ef0091458000e0498000808f5000c0
:1091840002003500b228ef00b028ef00104680003e
:109194000000e00007003a001116800000202000c3
:1091a400008060000000e00002003a00100020008f
:1091b400e0458800e0458000e10f50000f003a00d0
:1091c40040478000e10f50000c003a00f045800059
:1091d4000000e800f0458800e828ef00f145800031
:1091e400004a8000808f500004003500be28ef0044
:1091f400bc28ef0010002000104688005e0907001c
:10920400e10f500001003a0051fc0700fe0807007e
:10921400e10f500025fd3a006ffc070024fd3700e4
:020000040000fa
:109224003a0c00000400000082000000ffffff0071
:10923400ff000000ea0b0000200000008000000096
:10924400580900000200000082000000ffff000037
:10925400540900000400000080000000420c0000db
:1092640002000000800000005a0900000200000013
:10927400800000005c090000020000008000000083
:109284005e09000002000000800000006009000088
:1092940002000000800000006209000002000000db
:1092a40080000000440c0000020000008000000068
:1092b400640900000200000080000000460c000069
:1092c40002000000800000006609000002000000a7
:1092d40080000000280c0000120000008000000044
:1092e400460900000e00000080000000480c000049
:1092f4000200000080000000680900000200000075
:1093040080000000760a0000ae0000008200000029
:109314003030300030303000000075006e6b6e006d
:109324006f776e0000312f00312f31003938300053
:109334000000000000000000000000000000000029
:1093440045433100375f3000303134005f30300046
:109354003500000000000000000030003030300014
:1093640030303000303030003030300030303000b9
:10937400303030003030300030303000576573000a
:1093840073657800204c690066742000636f2000c8
:109394004c746400000062006c616e006b0000009d
:1093a40000000000000000000000000000000000b9
:1093b400005354002030300000535400203030005b
:1093c400005354002030300000524500434549000a
:1093d40056454400000000000000000000000000aa
:1093e4000000000000000000000000000000000079
:1093f4000000000000000000240b00004e000000ec
:1094040080000000f4080000520000008200000008
:109414005a002c00017f000000002c000100000015
:109424002c010000005a000000000f0000000000a2
:109434000f000000002c01000000000000dc4100cf
:109444000000dc004101000001006400002800006d
:109454009600ff00007f000002000100002c0100c4
:109464000a00010000b80b000100d0000701000051
:1094740019000100003200000a000500000000008d
:1094840000080000f4000000800000006a090000e9
:1094940002000000800000000a0c00001e00000012
:1094a40082000000286e69006c2900002500680015
:1094b400076c09004c836a009074a0007ac0000015
:1094c4008068880000846c00820081004a0c0000df
:1094d40002000000800000006c0900000a01000086
:1094e40082000000000102000407030006050000da
:1094f400ffffff00ffffff00ffffff00ffffff0074
:10950400ffffff00ffffff00ffffff00ffffff0063
:10951400ffffff00ffffff00ffffff00ffffff0053
:10952400ffffff00ffffff00ffffff00ffffff0043
:10953400ff00010002030400050607000809ff00fc
:10954400ffffff00ffffff000a0b0c000d0e0f00d2
:10955400101112001314150016171800191a1b0005
:109564001c1d1e001f2021002223ff00ffffff00ff
:10957400ffff0a000b0c0d000e0f10001112130058
:1095840014151600171819001a1b1c001d1e1f00a5
:109594002021220023ffff00ffffff00ffffff0049
:1095a400ffffff00ffffff00ffffff00ffffff00c3
:1095b400ffffff00ffffff00ffffff00ffffff00b3
:1095c400ffffff00ffffff00ffffff00ffffff00a3
:1095d400ffffff00ffffff00ffffff00ffffff0093
:1095e400ffffff00ffffff00ffffff00ffffff0083
:1095f400ffffff00ffffff00ffffff00ffffff0073
:10960400ffffff00ffffff00ffffff00ffffff0062
:10961400ffffff00ffffff00ffffff00ffffff0052
:10962400ffffff00ffffff00ffffff00ffffff0042
:10963400ffffff00ffffff00ffffff00ffffff0032
:10964400ffffff00ffff0000720b00003c00000062
:109654008200000001000300000000000000000080
:1096640000000000000040002f0000000000000087
:1096740000b62e004430000000000000000000008e
:1096840000000000000000000000000000000000d6
:1096940000000000000000000000000000000000c6
:1096a400000000004c0c00000200000080000000dc
:1096b400ae0b00003c00000082000000010003002b
:1096c4000000000000000000000000000000400056
:1096d4002f0000000000000000b62e0044300000ff
:1096e4000000000000000000000000000000000076
:1096f4000000000000000000000000000000000066
:109704000000000000000000000000003e0c00000b
:1097140004000000800000004e0c00000200000065
:109724008200000001000000500c00000200000054
:089734008000000000000000ad
:020000040000fa
:10973c000200fa00000f78000300370000fa200046
:10974c0001002000ec0907001e00780000f0a700c3
:10975c000000ea000000ea004f00de000040780044
:10976c001e0fe9000004e000f4ff3a000080fa004c
:10977c00000006000200fa00000f78000500370018
:10978c000008200001002000db09070001fe2f006b
:10979c001e8f40001e007800ff0f5000f8ff3e00a7
:1097ac00030037004000200001002000d209070010
:1097bc001e00780000f0a7000000ea000000ea009c
:1097cc004f00de00004078001e0fe9000004e000ae
:0c97dc00f4ff3a000080fa0000000600d4
:020000040000fa
:109800000000000000000000000000000000000058
:109810000000000000000000000000000000000048
:109820000000000000000000000000000000000038
:109830000000000000000000000000000000000028
:109840000000000000000000000000000000000018
:109850000000000000000000000000000000000008
:1098600000000000000000000000000000000000f8
:1098700000000000000000000000000000000000e8
:1098800000000000000000000000000000000000d8
:1098900000000000000000000000000000000000c8
:1098a00000000000000000000000000000000000b8
:1098b00000000000000000000000000000000000a8
:1098c0000000000000000000000000000000000098
:1098d0000000000000000000000000000000000088
:1098e0000000000000000000000000000000000078
:1098f0000000000000000000000000000000000068
:109900000000000000000000000000000000000057
:109910000000000000000000000000000000000047
:109920000000000000000000000000000000000037
:109930000000000000000000000000000000000027
:109940000000000000000000000000000000000017
:109950000000000000000000000000000000000007
:1099600000000000000000000000000000000000f7
:1099700000000000000000000000000000000000e7
:1099800000000000000000000000000000000000d7
:1099900000000000000000000000000000000000c7
:1099a00000000000000000000000000000000000b7
:1099b00000000000000000000000000000000000a7
:1099c0000000000000000000000000000000000097
:1099d0000000000000000000000000000000000087
:1099e0000000000000000000000000000000000077
:1099f0000000000000000000000000000000000067
:109a00000000000000000000000000000000000056
:109a10000000000000000000000000000000000046
:109a20000000000000000000000000000000000036
:109a30000000000000000000000000000000000026
:109a40000000000000000000000000000000000016
:109a50000000000000000000000000000000000006
:109a600000000000000000000000000000000000f6
:109a700000000000000000000000000000000000e6
:109a800000000000000000000000000000000000d6
:109a900000000000000000000000000000000000c6
:109aa00000000000000000000000000000000000b6
:109ab00000000000000000000000000000000000a6
:109ac0000000000000000000000000000000000096
:109ad0000000000000000000000000000000000086
:109ae0000000000000000000000000000000000076
:109af0000000000000000000000000000000000066
:109b00000000000000000000000000000000000055
:109b10000000000000000000000000000000000045
:109b20000000000000000000000000000000000035
:109b30000000000000000000000000000000000025
:109b40000000000000000000000000000000000015
:109b50000000000000000000000000000000000005
:109b600000000000000000000000000000000000f5
:109b700000000000000000000000000000000000e5
:109b800000000000000000000000000000000000d5
:109b900000000000000000000000000000000000c5
:109ba00000000000000000000000000000000000b5
:109bb00000000000000000000000000000000000a5
:109bc0000000000000000000000000000000000095
:109bd0000000000000000000000000000000000085
:109be0000000000000000000000000000000000075
:109bf0000000000000000000000000000000000065
:109c00000000000000000000000000000000000054
:109c10000000000000000000000000000000000044
:109c20000000000000000000000000000000000034
:109c30000000000000000000000000000000000024
:109c40000000000000000000000000000000000014
:109c50000000000000000000000000000000000004
:109c600000000000000000000000000000000000f4
:109c700000000000000000000000000000000000e4
:109c800000000000000000000000000000000000d4
:109c900000000000000000000000000000000000c4
:109ca00000000000000000000000000000000000b4
:109cb00000000000000000000000000000000000a4
:109cc0000000000000000000000000000000000094
:109cd0000000000000000000000000000000000084
:109ce0000000000000000000000000000000000074
:109cf0000000000000000000000000000000000064
:109d00000000000000000000000000000000000053
:109d10000000000000000000000000000000000043
:109d20000000000000000000000000000000000033
:109d30000000000000000000000000000000000023
:109d40000000000000000000000000000000000013
:109d50000000000000000000000000000000000003
:109d600000000000000000000000000000000000f3
:109d700000000000000000000000000000000000e3
:109d800000000000000000000000000000000000d3
:109d900000000000000000000000000000000000c3
:109da00000000000000000000000000000000000b3
:109db00000000000000000000000000000000000a3
:109dc0000000000000000000000000000000000093
:109dd0000000000000000000000000000000000083
:109de0000000000000000000000000000000000073
:109df0000000000000000000000000000000000063
:109e00000000000000000000000000000000000052
:109e10000000000000000000000000000000000042
:109e20000000000000000000000000000000000032
:109e30000000000000000000000000000000000022
:109e40000000000000000000000000000000000012
:109e50000000000000000000000000000000000002
:109e600000000000000000000000000000000000f2
:109e700000000000000000000000000000000000e2
:109e800000000000000000000000000000000000d2
:109e900000000000000000000000000000000000c2
:109ea00000000000000000000000000000000000b2
:109eb00000000000000000000000000000000000a2
:109ec0000000000000000000000000000000000092
:109ed0000000000000000000000000000000000082
:109ee0000000000000000000000000000000000072
:109ef0000000000000000000000000000000000062
:109f00000000000000000000000000000000000051
:109f10000000000000000000000000000000000041
:109f20000000000000000000000000000000000031
:109f30000000000000000000000000000000000021
:109f40000000000000000000000000000000000011
:109f50000000000000000000000000000000000001
:109f600000000000000000000000000000000000f1
:109f700000000000000000000000000000000000e1
:109f800000000000000000000000000000000000d1
:109f900000000000000000000000000000000000c1
:109fa00000000000000000000000000000000000b1
:109fb00000000000000000000000000000000000a1
:109fc0000000000000000000000000000000000091
:109fd0000000000000000000000000000000000081
:109fe0000000000000000000000000000000000071
:109ff0000000000000000000000000000000000061
:020000040000fa
:10a000000000fa009580a9009560a900800020005a
:10a01000001188002222ef00700620004011880005
:10a0200080c22000604a880080c22000504a880018
:10a0300010c32000404a880010c32000304a880026
:10a040004e69ef0000042500070007000009250005
:10a050002d0007009560a80021e2a8002342a80077
:10a060000080fa00000006000200fa00000f7800ed
:10a070001e007800804a88000080fa000000060078
:10a080000000fa00614a8000504a8000808f500032
:10a0900002003a009580a900190037008580a900c8
:10a0a00010003700604a8000904078008180fb00fb
:10a0b000211188000000e800604a8800614a8000a1
:10a0c00010c32000808f500002003a0080c22000a0
:10a0d000604a8800614a8000504a8000808f5000aa
:10a0e0000600320011118000002020000080600076
:10a0f0000000e000ebff320001003700000000002c
:10a100000080fa00000006000200fa00000f78004c
:10a110001e007800904a88000080fa0000000600c7
:10a120000000fa001e003700304a80003111800024
:10a130008140780001487800314a800090c32000b7
:10a14000808f500009003200304a80008000e80013
:10a15000404a8000808f500004003200304a800066
:10a160000000e800304a88000d003700314a8000c6
:10a1700090c32000808f500007003a00414a8000c1
:10a1800010c32000808f50000300320010c3200055
:10a19000304a88000200370010c0b3004ee9b70013
:10a1a00010118000610060000000e000deff3a0056
:10a1b0008560a9000080fa00000006000200fa0095
:10a1c0000040eb00004f780000000000414a800092
:10a1d000304a8000808f5000fcff3200404a8000ef
:10a1e000104f7800404a80000000e800404a880094
:10a1f000414a8000a0c32000808f500002003a0036
:10a2000010c32000404a88001e4078000080fa00f9
:10a21000000006000200fa00004f78000000000075
:10a220001c0007000004a2000004e000fcff3a004c
:10a23000504a80001e487800504a80000000e80024
:10a24000504a8800514a800010c32000808f50007f
:10a2500002003a0080c22000504a88009580a80081
:10a260000080fa00000006000000fa00414a800069
:10a27000304a80000080680000f0a7000000ea007b
:10a280000000ea004f00de00004078000080fa0085
:10a29000000006000400fa00614a800011079800df
:10a2a000514a80001e009000808f5000060031004f
:10a2b0009e009000504a8000008050000000e9009d
:10a2c000000f7800050037009e009000504a800083
:10a2d0000080500068004000000f78001e007800e9
:10a2e00000f0a7000000ea000000ea004f00de00d6
:10a2f000004078000080fa00000006000000fa002c
:10a30000514a8000604a8000808f500009003a0066
:10a3100011118000001020000080600000f0a700f4
:10a320000000ea000000ea004f00de000040780074
:10a33000010037000040eb000080fa00000006003a
:10a340000400fa00314a800011079800404a80005a
:10a350009e009000808f5000060031009e0090000b
:10a36000404a80000080500069004000000f7800e3
:10a37000030037009e009000404a8000008f50008c
:10a38000f00f20009e007800808f50000200360001
:10a3900000c0eb00020037001e007800004078008b
:10a3a0000080fa00000006000000fa00e4ff070049
:10a3b0000080fa00000006000400fa00614a8000f4
:10a3c00011079800514a80001e009000808f5000b5
:10a3d000060031009e009000504a8000008050002e
:10a3e0000000e900000f7800050037009e00900093
:10a3f000504a80000080500068004000000f780044
:10a40000f00f20009e007800808f50000200360080
:10a4100000c0eb00020037001e007800004078000a
:10a420000080fa00000006000000fa00e2ff0700ca
:10a430000080fa00000006000000fa00afff0700ed
:10a440000080fa00000006000800fa0020079800cb
:10a4500031079800baff07000080fb00000f78006a
:10a460003e0090009e0f500002003100be009000a0
:10a47000010f78000000eb0010079800090037007a
:10a480004eff0700ae009000804878002e0090003c
:10a490000000e800200798001e0090000000e8007f
:10a4a000100798001e0090009e0f5000f4ff390026
:10a4b0001e0078000080fa00000006000800fa0084
:10a4c0002007980031079800bbff07000080fb00c1
:10a4d000000f78003e0090009e0f500002003100f7
:10a4e000be009000010f78000000eb0010079800fc
:10a4f000090037002e00900010407800ae00900058
:10a500008100e8002107980042ff07001e0090002c
:10a510000000e800100798001e0090009e0f5000f9
:10a52000f4ff39001e0078000080fa0000000600e9
:10a530000400fa000000eb00000f780080ff070025
:10a54000204798009cff0700304798002e4090005d
:10a550000080fb000000e00003003200e90f500023
:10a5600003003200040037001e20a0000400370062
:10a570001e00a000020037001e10a0000000000016
:10a580003e4090000080fb000000e000030032002d
:10a59000e90f500003003200040037001e30a00015
:10a5a000020037001e40a000000000001e007800de
:10a5b0000080fa00000006000400fa00100798006e
:10a5c000414a80001e009000008f400002003700ca
:10a5d0009e007800698f5000a0c320009e00780084
:10a5e000808f5000faff3e001e0078001040780077
:10a5f0000080fa00000006000000fa0050ff07008b
:10a600000080fb000000e9004f00de000040780001
:10a610000080fa00000006000000fa0066ff070054
:10a620000080fb000000e9004f00de0000407800e1
:10a630000080fa00000006000000fa0010118000ff
:08a640000080fa000000060092
:020000040000fa
:10a648000000fa00ffff37000000fa00ffff3700a4
:10a658001600fa00881f78006000b8006011b80082
:10a668003007980041079800520798006307980040
:10a678006000b8006011b80070079800010f9800da
:10a68800120f9800230f980004c024000510200022
:10a698000400be0063020700008fbe0050052000c2
:10a6a800a10a2000ce0107001e00be00f10107002c
:10a6b800404798004e4090000004a2000004e000cb
:10a6c80001003200deff07003023220011012000c4
:10a6d8003007980041079800605625004104200083
:10a6e80050079800610798003e009000ce00900047
:10a6f8000001be001e00be00f1010700404798009f
:10a708004e4090000084fb005e009000ee00900038
:10a7180022002000030020003e024100ae824900d2
:10a728000001be000400be00e50107000080fb0038
:10a738000000640000f0a7000000ea000000ea0042
:10a748004f00de00404798004e4090000004a200f1
:10a758000004e00001003200b9ff0700a50107006e
:10a768001e00be00b701070070079800010f98008f
:10a7780022002000030020003e004100ae80490076
:10a78800b0010700100f9800210f98003e019000bb
:10a79800ce0190007e0090008e089000800f51003e
:10a7a800818f590007003a005e019000ee01900089
:10a7b8001e089000ae089000800f5100818f59004c
:10a7c80001003200a0ff07004f0478000080fa0063
:10a7d800000006000e00fa0000c02400011020004e
:10a7e8001002070020079800310798005005200044
:10a7f800a10a20007a0107002e009000be009000f8
:10a808009c010700004f98000e4890000004a20029
:10a818000004e0000100320089ff07006000b80072
:10a82800008fbe00110037002e009000be0090007f
:10a838003e014000ae8148000200be001e01be007d
:10a848009f010700004f98000e4890000004a200e6
:10a858000004e0000100320079ff07002200200018
:10a86800030020001e0f41005e974900f03f2000c2
:10a87800010020001e01be00800f5100818f590089
:10a88800e9ff36005b0107006000b800008fbe00da
:10a89800120037002e009000be0090003e014000dc
:10a8a800ae8148000200be0066010700500798000c
:10a8b800610798005e009000ee009000be0f500007
:10a8c800ae8f5800010032005fff07002200200011
:10a8d800030020001e0f41005e974900f03f200052
:10a8e800010020001e01be00800f5100818f590019
:10a8f800e8ff36000080fa00000006000000fa00b9
:10a9080053ff0700b3ff07000080fa0000000600ad
:10a918000000fa0060c02100d00c8800f00120007f
:10a92800e00c880000002800f00c880000052000da
:10a93800000d8800d00c800000407800674060005f
:10a948000080fb00004b88000080fa000000060031
:10a958000000fa000080fa00000006000000fa007b
:10a968002104800000042000008060000000e00056
:10a9780002003200f6ff070084c0a9000080fa0038
:10a98800000006000000fa00004b8000004078003c
:10a99800674060000080fb0067006000d20c800008
:10a9a80081ff2f008100610001007000d00c880039
:10a9b8000080fa00000006000000fa00d10c8000b8
:10a9c80080ff2f0000806000d00c88000080fa0013
:10a9d800000006000200fa00000f78009e007800d0
:10a9e800f10c88000080fa00000006000200fa005e
:10a9f800000f78009e007800010d88000080fa00a2
:10aa0800000006000000fa00200480004600de0076
:10aa1800614060000080fb0000f0a7000000ea0031
:10aa28000000ea004f00de00004078000080fa00d5
:10aa3800000006000400fa00100798001e009000ad
:10aa4800e10f50000f003200e10f50000300390001
:10aa5800e20f5000150032001e003700d00c8000b5
:10aa68004400de00614060000080fb0000f0a700a9
:10aa78000000ea000000ea004f00de00004f780006
:10aa880014003700d00c80004500de0061406000f3
:10aa98000080fb0000f0a7000000ea000000ea00c8
:10aaa8004f00de00004f78000a003700d00c80000d
:10aab8004600de00614060000080fb0000f0a70057
:10aac8000000ea000000ea004f00de00004f7800b6
:10aad800000000001e4078000080fa000000060018
:10aae8000200fa00000f78001e007800e10f500005
:10aaf80007003200e10f500003003900e20f500058
:10ab080005003200060037009a81a90004003700ca
:10ab18009aa1a900020037009ac1a900000000000c
:10ab28000080fa00000006000000fa009cc1a8009e
:10ab38000080fa00000006000000fa00e00c800027
:10ab48004600de00614060000080fb0000f0a700c6
:10ab58000000ea000000ea004f00de000040780034
:10ab68000080fa00000006000000fa009cc1a9005d
:10ab78000080fa00000006000000fa00e0c0210092
:10ab8800800c8800f0012000900c8800000820004c
:10ab9800a00c8800f00f2000b00c8800800c80000a
:10aba80000407800674060000080fb00e04a8800b1
:10abb8000080fa00000006000000fa000080fa0099
:10abc800000006000000fa00200480006400600015
:10abd8000000e00002003200f7ff07008440a900ef
:10abe8000080fa00000006000000fa00e04a800039
:10abf80000407800674060000080fb00670060004c
:10ac0800820c800081ff2f0081006100010070002c
:10ac1800800c88000080fa00000006000000fa009e
:10ac2800810c800080ff2f0000806000800c88006d
:10ac38000080fa00000006000200fa00000f780009
:10ac48009e007800a10c88000080fa000000060031
:10ac58000200fa00000f78009e007800b10c88000e
:10ac68000080fa00000006000000fa0020048000be
:10ac78004200de00614060000080fb0000f0a70099
:10ac88000000ea000000ea004f00de000040780003
:10ac98000080fa00000006000400fa00100798007f
:10aca8001e009000e10f50000f003200e10f50002d
:10acb80003003900e20f5000150032001e00370073
:10acc800800c80004400de00614060000080fb00d2
:10acd80000f0a7000000ea000000ea004f00de00d4
:10ace800004f780014003700800c80004500de001b
:10acf800614060000080fb0000f0a7000000ea004f
:10ad08000000ea004f00de00004f78000a0037001c
:10ad1800800c80004600de00614060000080fb007f
:10ad280000f0a7000000ea000000ea004f00de0083
:10ad3800004f7800000000001e4078000080fa00f4
:10ad4800000006000200fa00000f78001e007800dc
:10ad5800e10f500007003200e10f500003003900f6
:10ad6800e20f500005003200060037009081a9006c
:10ad78000400370090a1a9000200370090c1a90083
:10ad8800000000000080fa00000006000000fa0041
:10ad980092c1a8000080fa00000006000000fa0036
:10ada800900c80004600de00614060000080fb00df
:10adb80000f0a7000000ea000000ea004f00de00f3
:10adc800004078000080fa00000006000000fa0049
:0cadd80092c1a9000080fa0000000600f3
:020000040000fa
:10ade4000000fe00a2c320000019780001097800c9
:10adf400000006000000fe000000eb008000eb00f5
:10ae0400f8ff07006627ef00000006000000fe00c0
:10ae1400801f7800811f7800a1c320000600fc0079
:10ae240031007800303b880011007800303b880006
:10ae340061e7a8000000000000000000cf007800d7
:10ae44004f00780000000600a2028000a1028800e2
:10ae54009080ba001000ba00a20288000000060028
:10ae6400a2028000a10288001000ba00a202880099
:10ae7400000006000000fe0061e7af00feff37009f
:10ae8400f23f2000000161000c003a00220424007b
:10ae9400023b8800a2028000a10288000008bb00d7
:10aea4000a5702000000000061e7af00feff370010
:10aeb400a20288001000200061a7af00000020005b
:10aec4000000060061e7af00feff37000000a700a6
:10aed4000d003700a4028000a10288003100240084
:10aee400013b88000208bb000388bb000a5702002c
:10aef4000000000061e7af00feff3700a4028800f5
:10af04001000200061a7af00000020000000060030
:10af140061e7af00feff37000000a7000e00370016
:10af240033002400033b8800a3028000a1028800b0
:10af34000208bb00f20f20000288bb000a5702007f
:10af44000000000061e7af00feff3700a3028800a5
:10af54001000200061a7af000000200000000600e0
:10af640061e7af00feff3700f30720008081610036
:10af740010003a0013002400033b8800a302800061
:10af8400a1028800040420003208bb003298bb00f0
:10af94001400b100fcff3a000a5702000000000050
:10afa40061e7af00feff3700a30288001000200015
:10afb40061a7af00000020000000060061e7af00b9
:10afc400feff3700f30720008081610011003a0082
:10afd40013002400033b8800a3028000a102880020
:10afe40004042000f10f20003208bb000198bb00cc
:10aff4001400b100fcff3a000a57020000000000f0
:10b0040061e7af00feff3700a302880010002000b4
:10b0140061a7af000000200000000600f23f2000fe
:10b02400000061000000060002c02f000000610063
:0cb03400f2ff2f00810061000000060008
:020000040000fa
:10b040000400fa00008fbe0017e2a9001e00be0037
:10b0500000004000818048000001be0000902000f8
:10b06000d10320006dd70700000078000000e90040
:10b07000a010880017e2a80000a8210061002000ad
:10b08000a00307000080fa00000006000000fa009c
:10b090001602a80000000000b010800061006000ef
:10b0a0000000e000fcff3a000080fa00000006000b
:10b0b0000000fa001642a80000000000b010800056
:10b0c000640060000000e000fcff3a000080fa002d
:10b0d000000006000000fa001622a8000000000090
:10b0e000b0108000620060000000e000fcff3a0049
:10b0f0000080fa00000006000200fa00004f78000d
:10b100001e80fb009010880000000000c11080002d
:10b1100000002400008060000000e000fbff3a0017
:10b12000c1108000000028000080600000f0a7002f
:10b130000000ea000000e9004f00de000040780057
:10b140000080fa00000006000400fa002047980082
:10b150001662a80000000000c010800062006000bd
:10b160000000e000fcff320000108000004f78007b
:10b170002e4090000004e000020032000040eb008e
:10b180000100370010c0b3000080fb0061006000c8
:10b190004500dd00b11080000150a10001007000e9
:10b1a000b01088001682a80000000000b0108000d7
:10b1b000700060000000e000fcff3a001e407800d4
:10b1c0000080fa00000006000400fa00008fbe00b4
:10b1d00007e2a9001e00be00000040008180480078
:10b1e0000001be0000902000d10320000bd7070013
:10b1f000000078000000e9002010880007e2a800a5
:10b2000000fa2000010020003e0307000080fa0041
:10b21000000006000000fa000602a800000000007e
:10b2200030108000610060000000e000fcff3a0088
:10b230000080fa00000006000000fa000642a800a4
:10b240000000000030108000640060000000e0009a
:10b25000fcff3a000080fa00000006000000fa003f
:10b260000622a8000000000030108000620060008c
:10b270000000e000fcff3a000080fa000000060039
:10b280000200fa00004f78001e80fb0010108800ba
:10b2900000000000411080000000240000806000d9
:10b2a0000000e000fbff3a00411080000000280091
:10b2b0000080600000f0a7000000ea000000e90044
:10b2c0004f00de00004078000080fa000000060019
:10b2d0000400fa00204798000662a8000000000061
:10b2e00040108000620060000000e000fcff3200bf
:10b2f00000108000004f78002e4090000004e00015
:10b30000020032000040eb000100370010c0b30023
:10b310000080fb00610060004500dd00311080000e
:10b320000150a10001007000301088000682a800c2
:10b330000000000030108000700060000000e0009d
:10b34000fcff3a001e4078000080fa000000060072
:10b350000000fa008003200020168800cc22ef00b5
:10b3600000002200a0168800a0d62000e016880069
:10b37000e422ef00ec22ef00c0202000a01788009c
:10b38000f06e2c00001688000080eb00401688004c
:10b39000a00021008016880070cb2f00c016880006
:10b3a000f031200000178800e822ef003010230061
:10b3b000801788005620ef005820ef005a20ef0039
:10b3c0005c20ef005e20ef006020ef006e20ef00b9
:10b3d0007020ef007220ef007420ef007620ef0065
:10b3e0007820ef00c622ef00ce22ef00d622ef0039
:10b3f000de22ef00e622ef00ee22ef00f622ef0061
:10b40000e024ef00c03f200010278800e424ef0074
:10b4100000c020003027880000202000402788003e
:10b42000ec24ef00113a8000f00b20000081600056
:10b4300060042000710520002374200080497800fa
:10b440008149780082497800d1368000f00f2c00c5
:10b45000808060000030200001007000d03688003d
:10b460002135800000fc2f00008060003001b30017
:10b47000203588001136800000fc2f00008060001d
:10b480002001b30010368800a1368000f00f2c0098
:10b49000808060000030210001007000a03688002c
:10b4a000103a8000000178000260a00060042000d3
:10b4b00071052000237420008049780081497800bc
:10b4c000824978000080fa00000006000000fa00bf
:10b4d0000a21ef00c0302000700888000003280017
:10b4e00090088800d04a80000000e00002003a0086
:10b4f000e0ab2500240007008500a9009500a80006
:10b5000020c420008040eb00014878000080fa0051
:10b51000000006000200fa00000f78009e0078008c
:10b520007108880020c420008040eb0001487800aa
:10b530000080fa00000006000000fa007008800099
:10b540000080fa00000006000200fa00000f7800f8
:10b550009e0078005108880020c420008040eb0045
:10b56000014878000080fa00000006000000fa00a0
:10b57000500880000080fa00000006000000fa0079
:10b580000080fa00000006000200fa00000f7800b8
:10b590009500a9009e007800d14a88009500a80077
:10b5a0000080fa00000006000000fa0020c420001d
:10b5b0008040eb00014878009500a80013e1a80046
:10b5c0000080fa00000006000000fa0013e1a90064
:10b5d0009500a9000080fa00000006000200fa00b1
:10b5e00020c42000104f78001e4078000004e000c6
:10b5f0000300320020c420008040eb0001487800a6
:10b600001e4078000080fa00000006000000fa00ea
:10b6100030c42000104078000080fb000080fa0059
:10b62000000006000000fa0030c420008040eb005b
:10b63000014878000080fa00000006000000fa00cf
:10b640000621ef0090862100600888000002280093
:10b6500080088800204b80000000e00002003a00d3
:10b6600060b725002400070084e0a90094e0a8004a
:10b6700040c420008040eb00014878000080fa00c0
:10b68000000006000200fa00000f78009e0078001b
:10b690006108880040c420008040eb000148780029
:10b6a0000080fa00000006000000fa006008800038
:10b6b0000080fa00000006000200fa00000f780087
:10b6c0009e0078003108880040c420008040eb00d4
:10b6d000014878000080fa00000006000000fa002f
:10b6e000300880000080fa00000006000000fa0028
:10b6f0000080fa00000006000200fa00000f780047
:10b7000094e0a9009e007800214b880094e0a800f6
:10b710000080fa00000006000000fa0040c420008b
:10b720008040eb000148780094e0a80011e1a800f7
:10b730000080fa00000006000000fa0011e1a900f4
:10b7400094e0a9000080fa00000006000200fa0060
:10b7500040c42000104f78001e4078000004e00034
:10b760000300320040c420008040eb000148780014
:10b770001e4078000080fa00000006000000fa0079
:10b7800050c42000104078000080fb000080fa00c8
:10b79000000006000000fa0050c420008040eb00ca
:10b7a000014878000080fa00000006000000fa005e
:10b7b0000021ef00f07c2000100888000000280025
:10b7c00020088800304b80000000e00002003a00b2
:10b7d000e0c22500240007008460a9009460a8004e
:10b7e00060c420008040eb00014878000080fa002f
:10b7f000000006000200fa00000f78009e007800aa
:10b800001108880060c420008040eb0001487800e7
:10b810000080fa00000006000000fa001008800016
:10b820000080fa00000006000200fa00000f780015
:10b830009e0078000108880060c420008040eb0072
:10b84000014878000080fa00000006000000fa00bd
:10b85000000880000080fa00000006000000fa00e6
:10b860000080fa00000006000200fa00000f7800d5
:10b870009460a9009e007800314b88009460a80075
:10b880000080fa00000006000000fa0060c42000fa
:10b890008040eb00014878009460a80005e1a80012
:10b8a0000080fa00000006000000fa0005e1a9008f
:10b8b0009460a9000080fa00000006000200fa006f
:10b8c00060c42000104f78001e4078000004e000a3
:10b8d0000300320060c420008040eb000148780083
:10b8e0001e4078000080fa00000006000000fa0008
:10b8f00070c42000104078000080fb000080fa0037
:10b90000000006000000fa0070c420008040eb0038
:10b91000014878000080fa00000006000000fa00ec
:10b920001421ef0080d02300d008880000032800f5
:10b93000f0088800404b80000000e00002003a0060
:10b9400060ce2500240007008760a9009760a8004a
:10b9500080c420008040eb00014878000080fa009d
:10b96000000006000200fa00000f78009e00780038
:10b97000d108880080c420008040eb000148780096
:10b980000080fa00000006000000fa00d0088000e5
:10b990000080fa00000006000200fa00000f7800a4
:10b9a0009e007800a108880080c420008040eb0041
:10b9b000014878000080fa00000006000000fa004c
:10b9c000a00880000080fa00000006000000fa00d5
:10b9d0000080fa00000006000200fa00000f780064
:10b9e0009760a9009e007800414b88009760a800ee
:10b9f0000080fa00000006000000fa0080c4200069
:10ba00008040eb00014878009760a8001fe1a80083
:10ba10000080fa00000006000000fa001fe1a90003
:10ba20009760a9000080fa00000006000200fa00fa
:10ba300080c42000104f78001e4078000004e00011
:10ba40000300320080c420008040eb0001487800f1
:10ba50001e4078000080fa00000006000000fa0096
:10ba600090c42000104078000080fb000080fa00a5
:10ba7000000006000000fa0090c420008040eb00a7
:10ba8000014878000080fa00000006000000fa007b
:10ba900030402000000a8800c0002000100a880002
:10baa000000a800000407800674060000080fb00d2
:10bab000104b88000080fa00000006000000fa0029
:10bac0000080fa00000006000000fa002004800058
:10bad000620060000000e00002003200f7ff070093
:10bae0008420a9000080fa00000006000000fa008f
:10baf000104b800000407800674060000080fb0031
:10bb000067006000020a800081ff2f008100610051
:10bb100001007000000a88000080fa0000000600a2
:10bb20000000fa00010a800080ff2f000080600002
:10bb3000000a88000080fa00000006000000fa00f9
:10bb4000200a80000080fa00000006000000fa00d1
:10bb500042c1a8000080fa00000006000000fa00c0
:10bb6000100a80004600de00614060000080fb009b
:10bb700000f0a7000000ea000000ea004f00de002d
:10bb8000004078000080fa00000006000000fa0083
:10bb900042c1a9000080fa00000006000000fa007f
:10bba000000a80004400de00614060000080fb006d
:10bbb00000f0a7000000ea000000ea004f00de00ed
:10bbc000004078000080fa00000006000000fa0043
:10bbd000000a80006800600000f0a7000000ea0092
:10bbe0000000e9004f00de00004078000080fa000d
:10bbf000000006000000fa0040002800001a88003b
:10bc000080432000101a880010002000201a8800ad
:10bc10004823ef0000f22700701a8800403f200000
:10bc2000801a88005223ef005423ef005623ef00c0
:10bc30005823ef006023ef006223ef006423ef003e
:10bc4000de24ef00c0e225000600070095a0a80052
:10bc50000080fa00000006000000fa000080fa00f0
:10bc6000000006000200fa00000f78001e007800b5
:10bc7000f04a88000080fa00000006000000fa0088
:10bc80004023a8000080fa00000006000000fa002f
:10bc90004023a9000080fa00000006000800fa0016
:10bca00030079800101a80004200de007f406000dc
:10bcb0000080fb002007980000302000100798004b
:10bcc0000000eb00000f78000b0037001e0078002a
:10bcd00000004000be009000008040009e009000e8
:10bce00091007800010878001e0090000080e800b4
:10bcf000100798001e0fe8009e0078002e009000ac
:10bd0000808f5000f1ff36001e0078000080fa009e
:10bd1000000006000000fa0051058000f0f82f0036
:10bd2000008060000050a0005005880021068000bf
:10bd3000f0f82f00008060000040a000200688007e
:10bd40005105800080ff2f00008060000000a000ef
:10bd50005005880041058000f0ff28000080600049
:10bd600000c0a0004005880061058000f0f82f00a9
:10bd700080806000000520000100700060058800e0
:10bd80006105800080ff2f00008060005000b3003c
:10bd900060058800e1058000f08f2f0000806000c2
:10bda00000a0a000e0058800e1058000f0f82f0069
:10bdb000008060000060a000e00588008105800030
:10bdc000f0ff280080806000000023000100700068
:10bdd000800588004105800080ff2f000080600002
:10bde0003000b3004005880031058000f0ff2800d6
:10bdf0008080600000002300010070003005880092
:10be000021058000f0ff28000080600000d0a00025
:0cbe1000200588000080fa0000000600f9
:020000040000fa
:10be1c000000fa0000002300203a88004827ef00b9
:10be2c004e27ef007027ef007227ef007427ef000a
:10be3c007627ef007a27ef007c27ef0072002000b6
:10be4c0080072000a109200033742000804978006d
:10be5c0081497800824978000001eb0060042000e1
:10be6c0071052000237420008049780081497800f6
:10be7c00824978000080fa00000006000000fa00f9
:10be8c0030fd0700e2ff07009fff070059f807008d
:10be9c0038fb07009efe0700e5fd070065fc070068
:10beac00c6fc070050ff070085fd070097fa070046
:10bebc00f3fe07003afe07000080fa0000000600bf
:10becc000200fa00000f78009e007800c14a88003a
:10bedc000000fe000080fa00000006000000fa00de
:10beec00a0be20008007780020c020000001880040
:08befc000080fa0000000600be
:020000040000fa
:10bf0400f03fb1000180b10006003500ee030900e6
:10bf140000000000403fb1000180b100fbff3d0084
:10bf24001000b000203fb00002003500008009007e
:08bf34000000000000000600ff
:020000040000fa
:10bf3c00809fbe00ec80570031007800a04a88003a
:10bf4c001100780056e9b7004f00be000000060053
:020000040000fa
:020000040002f8
:04aff000ffff00005f
:020000040000fa
:020000040002f8
:04aff400fffe00005c
:020000040000fa
:020000040002f8
:04aff8009f7f000037
:020000040000fa
:020000040002f8
:04affc00803f000092
:00000001FF
