:020000040000fa
:080000000002040000000000f2
:020000040000fa
:0400080030050000bf
:020000040000fa
:04000c0044030000a9
:020000040000fa
:040010008603000063
:020000040000fa
:040014006403000081
:020000040000fa
:04001800a60300003b
:020000040000fa
:04001c0030050000ab
:020000040000fa
:0400200030050000a7
:020000040000fa
:0400240030050000a3
:020000040000fa
:04002800300500009f
:020000040000fa
:04002c00300500009b
:020000040000fa
:040030003005000097
:020000040000fa
:040034007204000052
:020000040000fa
:04003800300500008f
:020000040000fa
:04003c00300500008b
:020000040000fa
:040040003005000087
:020000040000fa
:040044003c04000078
:020000040000fa
:04004800c6030000eb
:020000040000fa
:04004c00300500007b
:020000040000fa
:040050003005000077
:020000040000fa
:04005400c6040000de
:020000040000fa
:04005800a8040000f8
:020000040000fa
:04005c00fc030000a1
:020000040000fa
:040060003005000067
:020000040000fa
:040064003005000063
:020000040000fa
:04006800300500005f
:020000040000fa
:04006c00300500005b
:020000040000fa
:040070003005000057
:020000040000fa
:040074003005000053
:020000040000fa
:04007800300500004f
:020000040000fa
:04007c00300500004b
:020000040000fa
:040080003005000047
:020000040000fa
:040084003005000043
:020000040000fa
:04008800300500003f
:020000040000fa
:04008c00300500003b
:020000040000fa
:040090003005000037
:020000040000fa
:04009400fa0400006a
:020000040000fa
:04009800300500002f
:020000040000fa
:04009c00300500002b
:020000040000fa
:0400a0003005000027
:020000040000fa
:0400a4003005000023
:020000040000fa
:0400a800300500001f
:020000040000fa
:0400ac00300500001b
:020000040000fa
:0400b0003005000017
:020000040000fa
:0400b4003005000013
:020000040000fa
:0400b800300500000f
:020000040000fa
:0400bc00300500000b
:020000040000fa
:0400c0003005000007
:020000040000fa
:0400c4003005000003
:020000040000fa
:0400c80030050000ff
:020000040000fa
:0400cc0030050000fb
:020000040000fa
:0400d00030050000f7
:020000040000fa
:0400d40030050000f3
:020000040000fa
:0400d80030050000ef
:020000040000fa
:0400dc0030050000eb
:020000040000fa
:0400e00030050000e7
:020000040000fa
:0400e40030050000e3
:020000040000fa
:0400e80030050000df
:020000040000fa
:0400ec0030050000db
:020000040000fa
:0400f00030050000d7
:020000040000fa
:0400f40030050000d3
:020000040000fa
:0400f80030050000cf
:020000040000fa
:0400fc0030050000cb
:020000040000fa
:0401000030050000c6
:020000040000fa
:0401040030050000c2
:020000040000fa
:0401080030050000be
:020000040000fa
:04010c0030050000ba
:020000040000fa
:0401100030050000b6
:020000040000fa
:0401140030050000b2
:020000040000fa
:0401180030050000ae
:020000040000fa
:04011c0030050000aa
:020000040000fa
:0401200030050000a6
:020000040000fa
:0401240030050000a2
:020000040000fa
:04012800300500009e
:020000040000fa
:04012c00e4040000e7
:020000040000fa
:040130003005000096
:020000040000fa
:040134003005000092
:020000040000fa
:04013800300500008e
:020000040000fa
:04013c00300500008a
:020000040000fa
:040140003005000086
:020000040000fa
:040144003005000082
:020000040000fa
:04014800300500007e
:020000040000fa
:04014c00300500007a
:020000040000fa
:040150003005000076
:020000040000fa
:040154003005000072
:020000040000fa
:04015800300500006e
:020000040000fa
:04015c00300500006a
:020000040000fa
:040160003005000066
:020000040000fa
:040164003005000062
:020000040000fa
:04016800300500005e
:020000040000fa
:04016c00300500005a
:020000040000fa
:040170003005000056
:020000040000fa
:040174003005000052
:020000040000fa
:04017800300500004e
:020000040000fa
:04017c00300500004a
:020000040000fa
:040180003005000046
:020000040000fa
:040184003005000042
:020000040000fa
:04018800300500003e
:020000040000fa
:04018c00300500003a
:020000040000fa
:040190003005000036
:020000040000fa
:040194003005000032
:020000040000fa
:04019800300500002e
:020000040000fa
:04019c00300500002a
:020000040000fa
:0401a0003005000026
:020000040000fa
:0401a4003005000022
:020000040000fa
:0401a800300500001e
:020000040000fa
:0401ac00300500001a
:020000040000fa
:0401b0003005000016
:020000040000fa
:0401b4003005000012
:020000040000fa
:0401b800300500000e
:020000040000fa
:0401bc00300500000a
:020000040000fa
:0401c0003005000006
:020000040000fa
:0401c4003005000002
:020000040000fa
:0401c80030050000fe
:020000040000fa
:0401cc0030050000fa
:020000040000fa
:0401d00030050000f6
:020000040000fa
:0401d40030050000f2
:020000040000fa
:0401d80030050000ee
:020000040000fa
:0401dc0030050000ea
:020000040000fa
:0401e00030050000e6
:020000040000fa
:0401e40030050000e2
:020000040000fa
:0401e80030050000de
:020000040000fa
:0401ec0030050000da
:020000040000fa
:0401f00030050000d6
:020000040000fa
:0401f40030050000d2
:020000040000fa
:0401f80030050000ce
:020000040000fa
:0401fc0030050000ca
:020000040000fa
:0402080030050000bd
:020000040000fa
:04020c0044030000a7
:020000040000fa
:040210008603000061
:020000040000fa
:04021400640300007f
:020000040000fa
:04021800a603000039
:020000040000fa
:04021c0030050000a9
:020000040000fa
:0402200030050000a5
:020000040000fa
:0402240030050000a1
:020000040000fa
:04022800300500009d
:020000040000fa
:04022c003005000099
:020000040000fa
:040230003005000095
:020000040000fa
:040234007204000050
:020000040000fa
:04023800300500008d
:020000040000fa
:04023c003005000089
:020000040000fa
:040240003005000085
:020000040000fa
:040244003c04000076
:020000040000fa
:04024800c6030000e9
:020000040000fa
:04024c003005000079
:020000040000fa
:040250003005000075
:020000040000fa
:04025400c6040000dc
:020000040000fa
:04025800a8040000f6
:020000040000fa
:04025c00fc0300009f
:020000040000fa
:040260003005000065
:020000040000fa
:040264003005000061
:020000040000fa
:04026800300500005d
:020000040000fa
:04026c003005000059
:020000040000fa
:040270003005000055
:020000040000fa
:040274003005000051
:020000040000fa
:04027800300500004d
:020000040000fa
:04027c003005000049
:020000040000fa
:040280003005000045
:020000040000fa
:040284003005000041
:020000040000fa
:04028800300500003d
:020000040000fa
:04028c003005000039
:020000040000fa
:040290003005000035
:020000040000fa
:04029400fa04000068
:020000040000fa
:04029800300500002d
:020000040000fa
:04029c003005000029
:020000040000fa
:0402a0003005000025
:020000040000fa
:0402a4003005000021
:020000040000fa
:0402a800300500001d
:020000040000fa
:0402ac003005000019
:020000040000fa
:0402b0003005000015
:020000040000fa
:0402b4003005000011
:020000040000fa
:0402b800300500000d
:020000040000fa
:0402bc003005000009
:020000040000fa
:0402c0003005000005
:020000040000fa
:0402c4003005000001
:020000040000fa
:0402c80030050000fd
:020000040000fa
:0402cc0030050000f9
:020000040000fa
:0402d00030050000f5
:020000040000fa
:0402d40030050000f1
:020000040000fa
:0402d80030050000ed
:020000040000fa
:0402dc0030050000e9
:020000040000fa
:0402e00030050000e5
:020000040000fa
:0402e40030050000e1
:020000040000fa
:0402e80030050000dd
:020000040000fa
:0402ec0030050000d9
:020000040000fa
:0402f00030050000d5
:020000040000fa
:0402f40030050000d1
:020000040000fa
:0402f80030050000cd
:020000040000fa
:0402fc0030050000c9
:020000040000fa
:0403000030050000c4
:020000040000fa
:0403040030050000c0
:020000040000fa
:0403080030050000bc
:020000040000fa
:04030c0030050000b8
:020000040000fa
:0403100030050000b4
:020000040000fa
:0403140030050000b0
:020000040000fa
:0403180030050000ac
:020000040000fa
:04031c0030050000a8
:020000040000fa
:0403200030050000a4
:020000040000fa
:0403240030050000a0
:020000040000fa
:04032800300500009c
:020000040000fa
:04032c00e4040000e5
:020000040000fa
:040330003005000094
:020000040000fa
:040334003005000090
:020000040000fa
:04033800300500008c
:020000040000fa
:04033c003005000088
:020000040000fa
:040340003005000084
:020000040000fa
:040344003005000080
:020000040000fa
:04034800300500007c
:020000040000fa
:04034c003005000078
:020000040000fa
:040350003005000074
:020000040000fa
:040354003005000070
:020000040000fa
:04035800300500006c
:020000040000fa
:04035c003005000068
:020000040000fa
:040360003005000064
:020000040000fa
:040364003005000060
:020000040000fa
:04036800300500005c
:020000040000fa
:04036c003005000058
:020000040000fa
:040370003005000054
:020000040000fa
:040374003005000050
:020000040000fa
:04037800300500004c
:020000040000fa
:04037c003005000048
:020000040000fa
:040380003005000044
:020000040000fa
:040384003005000040
:020000040000fa
:04038800300500003c
:020000040000fa
:04038c003005000038
:020000040000fa
:040390003005000034
:020000040000fa
:040394003005000030
:020000040000fa
:04039800300500002c
:020000040000fa
:04039c003005000028
:020000040000fa
:0403a0003005000024
:020000040000fa
:0403a4003005000020
:020000040000fa
:0403a800300500001c
:020000040000fa
:0403ac003005000018
:020000040000fa
:0403b0003005000014
:020000040000fa
:0403b4003005000010
:020000040000fa
:0403b800300500000c
:020000040000fa
:0403bc003005000008
:020000040000fa
:0403c0003005000004
:020000040000fa
:0403c4003005000000
:020000040000fa
:0403c80030050000fc
:020000040000fa
:0403cc0030050000f8
:020000040000fa
:0403d00030050000f4
:020000040000fa
:0403d40030050000f0
:020000040000fa
:0403d80030050000ec
:020000040000fa
:0403dc0030050000e8
:020000040000fa
:0403e00030050000e4
:020000040000fa
:0403e40030050000e0
:020000040000fa
:0403e80030050000dc
:020000040000fa
:0403ec0030050000d8
:020000040000fa
:0403f00030050000d4
:020000040000fa
:0403f40030050000d0
:020000040000fa
:0403f80030050000cc
:020000040000fa
:0403fc0030050000c8
:020000040000fa
:100400002fca20000e7f22000e018800000000008d
:10041000000020000000e000020032000001200087
:100420002002880014000700400207000000e000de
:1004300003003a00e01d2600010020000200370002
:100440000000200001002000810f70000100320038
:1004500014000700000020000000e000020032004d
:100460000000020000000000024d02000000000039
:100470000040da000000fe004440a9006052200065
:100480000000e000030032000020200090018800fe
:100490004440a800000006008a1f78008b1f7800e7
:1004a00000000600a1028800800478000000eb0034
:1004b0001f003700e284440054a0b4009905ba003c
:1004c000e284440054a0b4009906ba00e2844400d7
:1004d00054a0b4000006eb00476fde00fd07b20039
:1004e000ae018800636ce10003003a00eaff0700f8
:1004f0000000eb000e003700606ce10008003a00dd
:10050000004deb000a05e800020039003420ec0041
:100510000af0a0008b05e900f9ff3e000400370057
:100520006168e100010032000086eb000b0007006b
:1005300019c7ba001905ba000e04e00003003a001a
:100540000a00e000dbff3a0000000600fe07b200f0
:10055000ae0288008a047800f5ff37000cd0a300b3
:10056000e20f4d001c00390089027800354dba00b9
:100570000a05e800020039003420ec000af0a0006f
:100580008b05e9000f003200254dba000a05e8008e
:10059000020039003420ec000af0a0008b05e900cd
:1005a000080032000c00e0000600320015cdba0051
:1005b0000a05e800020039003420ec000af0a0002f
:1005c0008b05e9008984e80054a0b4000b00e0002a
:1005d000e2ff3a00000006009902ba00055d7800cb
:1005e0008b05e900f7ff3200c82ade00055d7800c0
:1005f0008b05e900f3ff32000c00e000f1ff320050
:1006000019ddba00eeff37004e6b04000000000059
:10061000bc6e040000000000066c04000000000036
:10062000be6c040000000000405c040000000000fc
:10063000905c040000000000766d040000000000e3
:100640006044040000000000c41804000000000022
:100650001e32040000000000fc3304000000000013
:10066000a83204000000000018330400000000005d
:10067000ac33040000000000000004000000000093
:100680001e320400000000003600f800809fbe000b
:10069000829fbe00849fbe00869fbe000000fa00bd
:1006a0008020a9000000eb00603607000080fa00ff
:1006b0004f03be004f02be004f01be004f00be0000
:1006c0003600f900004006003600f800809fbe00aa
:1006d000829fbe00849fbe00869fbe000000fa007d
:1006e000593607008040a900100020004f3607004f
:1006f0000080fa004f03be004f02be004f01be0053
:100700004f00be003600f900004006003600f80039
:10071000809fbe00829fbe00849fbe00869fbe0059
:100720000000fa008060a900200020003f3607008a
:100730000080fa004f03be004f02be004f01be0012
:100740004f00be003600f900004006003600f800f9
:10075000809fbe00829fbe00849fbe00869fbe0019
:100760000000fa008080a900300020002f3607002a
:100770000080fa004f03be004f02be004f01be00d2
:100780004f00be003600f900004006003600f800b9
:10079000809fbe00829fbe00849fbe00869fbe00d9
:1007a0000000fa00404d80000000e000020032002e
:1007b000404d80000000010030c92000104078004a
:1007c0008040e80030c920000148780020c920009e
:1007d00011c0b300014878008500a9000080fa002c
:1007e0004f03be004f02be004f01be004f00be00cf
:1007f0003600f900004006003600f800809fbe0079
:10080000829fbe00849fbe00869fbe003200f8001b
:100810003400f80010002000a00188000020200013
:10082000900188000000fa002104800000002200ee
:10083000008060000000e00006003200604d800093
:100840000000e00002003200604d80000000010066
:1008500085a0a9000080fa003400f9003200f900f8
:100860004f03be004f02be004f01be004f00be004e
:100870003600f900004006003600f800809fbe00f8
:10088000829fbe00849fbe00869fbe000000fa00cb
:10089000904d80000000e00002003200904d80008a
:1008a0000000010050c92000104078008040e8009e
:1008b00050c920000148780040c9200011c0b30091
:1008c0000148780084e0a9000080fa004f03be00d0
:1008d0004f02be004f01be004f00be003600f900bf
:1008e000004006003600f800809fbe00829fbe00d8
:1008f000849fbe00869fbe000000fa00a04d8000cd
:100900000000e00002003200a04d80000000010065
:1009100070c92000104078008040e80070c92000b5
:100920000148780060c9200011c0b3000148780078
:100930008460a9000080fa004f03be004f02be0091
:100940004f01be004f00be003600f9000040060017
:100950003600f800809fbe00829fbe00849fbe00cc
:10096000869fbe000000fa00f04c800000000100ed
:100970000080fa004f03be004f02be004f01be00d0
:100980004f00be003600f900004006003600f800b7
:10099000809fbe00829fbe00849fbe00869fbe00d7
:1009a0000000fa00004d8000000001000080fa0005
:1009b0004f03be004f02be004f01be004f00be00fd
:1009c0003600f90000400600801f78000000fa00a1
:1009d00010118000620060000000e00001003200a1
:1009e0002222a9008c20a9000080fa004f00780084
:1009f000004006003600f800809fbe00829fbe00c7
:100a0000849fbe00869fbe000000fa00b04d8000ab
:100a10000000e00002003200b04d80000000010044
:100a200090c92000104078008040e80090c9200064
:100a30000148780080c9200011c0b3000148780047
:100a40008760a9000080fa004f03be004f02be007d
:100a50004f01be004f00be003600f9000040060006
:100a60000040da000000fe000a00fa000000e0008a
:100a700037003a00f3648000e18f51000300320038
:100a8000e28f51000e003a000900370000222000da
:100a90000000e00001003a000040da002002e2001d
:100aa0000b0035002822ef0021e2a80008003700e3
:100ab000002320000000e00001003a000040da00be
:100ac0003002e200020035003822ef0031e2a800d7
:100ad000020078001a003700040a2000e18f51005c
:100ae0000b003a00030037000402e90002003a005c
:100af00003003700040a20002202ab00faff320094
:100b000014118000050037000402e90002003200e1
:100b10003202ab00fcff32009411800061026200df
:100b200009003200e18f510002003a0034118000c8
:100b300001003700b4118000845878000000e900fb
:100b40000000e000e4ff3a00000051000800370018
:100b500023002000b3bf9f00c0bf9f00d1bf9f00f4
:100b6000e2bf9f006a8057008d1807006fb897009a
:100b70000080fa00000006000a00fa0011002000c0
:100b8000b1bf9f00c0bf9f006a8057008618070052
:100b90004fb897000080fa00000006000a00fa0033
:100ba000e20f500034003e00f0648000e10f50007e
:100bb00003003200e20f500011003a000c00370031
:100bc000032220000300e00001003a000040da00a8
:100bd0002002e200020035002822ef0021e2a800f6
:100be0002342ab000d003a002342a8000b0037005f
:100bf000032320000300e00001003a000040da0077
:100c00003002e200020035003822ef0031e2a80095
:100c10003342ab0001003a003342a8008201780061
:100c20000b0037003102fb00e10f500004003a00d6
:100c30002322ab00feff3a00241188000300370096
:100c40003322ab00feff3a00a41188008301e900c3
:100c50000300e000f3ff3a00e10f500003003a0008
:100c60002302ab00feff32000b0037003302ab0063
:100c7000feff32000800370033002000b3bf9f00a2
:100c8000c0bf9f00d1bf9f00e2bf9f006a80570096
:100c9000471807006fb99700020078000080fa003b
:100ca00000000600889fbe00800478000065800078
:100cb0000000e00005003a000000eb000e00070015
:100cc0000084eb000000e0000800350008658000ab
:100cd0000900e0000500320009004400060007009a
:100ce0000000e00001003d000084eb0008007800f7
:100cf0004f04be0000000600800078000100e00004
:100d000003003a0000002000006588000000050094
:100d10000080eb0002002000828f500002003e00a5
:100d2000016588000000eb000000060000000500df
:100d3000140020009a033700f4ff2f0098033700b7
:100d40000001be001c0007000470a70003f0a10012
:100d500003f8a30013003a006509b1001000320047
:100d6000090035006928e100020035000100280073
:100d70000000050000004000818048008502e90075
:100d8000fcff3a0000000600f88f42000500350025
:100d90008100d1000080d3008502e800fcff3a000a
:100da000000006008000eb00000005004f89de0017
:100db0008201780095033700c70ade00f107b20010
:100dc000f50fb20008003200e1cf4200020032000d
:100dd0000170a00024000500810f700001003200a6
:100de0000408050044000500810f700002003a006d
:100df000140005008502e9000000400081c04800a1
:100e0000fcff3b000170a000240005006022b80038
:100e1000060220000000d0008180d2000482d200af
:100e20008582d2000000a0000202520083825a0094
:100e3000030031000202420083824a000000a10048
:100e40000603e900f3ff3a000000060007f8270058
:100e5000078361000638e10004003a00f70720002c
:100e6000878361008703710001003a0003f0a2004c
:100e7000889fbe008a9fbe008c9fbe00470ade008e
:100e80000480a100c71ade000580a1000700280029
:100e90000785600087856100f70f20000720e100cb
:100ea0009e0032000728e1009c0032000106780015
:100eb0000400e000b4003200f707200087806000e3
:100ec0000170a0000500e000c0003200f70720001c
:100ed000878161000370a000050652000f003a00f0
:100ee0000b50e1000b0032000308e10002003a0061
:100ef0000200e1007e0032000204500083845800aa
:100f0000040031000001fd008101fd008402fd00ac
:100f10008a05fd006044b800210037000520e1008b
:100f200005003d000001fd008101fd008402fd007f
:100f30008a05fd00050652007a60e10005003500d3
:100f40000170a1004722dd00848070008a8070005b
:100f5000630037006044b800ef02660007ff2f000f
:100f6000070666000500e00006003400f08312006a
:100f70008714dd000511de00071bdd00060171008e
:100f80008519de007060e100050035000904780075
:100f900082047800030178008001eb00700656009f
:100fa0000b50e10003003a0002004000838048003b
:100fb0000400370060041400e0841c0002005800a4
:100fc000838058000188a300060032008100d10010
:100fd0000080d3008984d3000884d3000402e80091
:100fe000270037000178a30025003a000100e00047
:100ff000030032008186cf00698656000a00370060
:101000008c0020000000e00004003a000900780095
:10101000880478000004eb00700252008086cf0044
:101020000d0646000c06e9007060e1000600350080
:101030008000780009007800880478000004eb0044
:1010400070065600700252000c00e0000c003400e4
:101050008c08dd00f00316000703de0086807000b8
:101060000c00dd00074bde00060070008c4cdd003c
:101070000743de00868474000c44dd000c0252003d
:101080006120e100200035006101600007002800b8
:1010900087816400f7ff27008783640007037400db
:1010a0000300e000060032008203730004003200f7
:1010b0000000e800e08048000188a3000e003a002c
:1010c000f70f20000720e1004a003d000170a10059
:1010d0004722dd00810072008a8070000000be009f
:1010e0004f06be004f05be004f04be0000000600c4
:1010f0006000b800faff37008100d1000080d30003
:101100000402e800eeff3700040178008901740052
:10111000a10107008a807000f1ff3700f701070086
:10112000070278000001fd008101fd00f3010700c6
:1011300087027800850372000778a300040032005c
:101140000001fd008101fd0006020700e4ff3700f9
:10115000850362000768a300080032000b50e1001d
:1011600003003200f0ff2f00f1ff2700dcff370003
:101170000001fd008101fd00d9ff37000468a300d4
:10118000d7ff3200faff3700f8ff2700888360009e
:101190000b003a000000e00009003a0083036400fd
:1011a00082837300020032000200be00ccff3700d1
:1011b0000b50e100ceff3a000200be00c8ff37002e
:1011c00014002000810064003eff3700f8ff270074
:1011d0008883610004003a000200e00002003a0047
:1011e0008c007800beff37001500200083016400ea
:1011f00039ff370001f8270000002000810075004a
:10120000b7ff3700889fbe008a9fbe008c9fbe003c
:101210001b0020000202be000586680006002800b0
:10122000060666004709de00f20fb20082003200b7
:101230000243e80080003200c729de00f30fb2004d
:101240007d0032000343e8007b003200f107b2006a
:101250000170a000f507b2000570a000c708dd000e
:101260004903de00868070004700dd00c72add00ec
:101270004923de00868272004722dd00030551000b
:101280000403500085835800030031000000400033
:10129000818048000a05e9008c1f78008a9fbe0003
:1012a00004005000858058000402420085824a00f4
:1012b00000004000818048000005eb000004be00f3
:1012c0006033b8000406be000d48e100560031004e
:1012d000110009004dccd8000c01b8000d02b80077
:1012e0008481410060824a008283530003045c00d1
:1012f00084845c0060055d000a00e00025003a007f
:10130000800578000d40e100490031008800780038
:1013100007007800110009004d88d8000c01b800c2
:101320000d02b8008481410060824a006003110010
:1013300083835b0004045c00e0845c000900e0003f
:1013400021003a004f01be000300e0002b003200f4
:10135000e3016000070673008c8171000100320018
:10136000640070004200de004e5edd000c00700084
:10137000c258de0001e0a00083010700cf01780021
:10138000818071004f06be004f05be004f04be00b5
:10139000000006008c8343000d044c00e0844c00e8
:1013a00060054d000000e9000a00e000d4ff3200b3
:1013b0008c8343000d044c00e0844c0060054d001c
:1013c0000000e900ceff37000c0343008d834b0083
:1013d00060044c00e0844c000000e9000900e000db
:1013e000d8ff32000c0343008d834b0060044c0097
:1013f000e0844c000000e900d2ff37004200de002c
:101400004e5edd000c007000c258de0001e0a0005e
:10141000cf0178000300e000daff32006000100026
:10142000e0801800d7ff3700f0ff2f00aaff370039
:10143000f0ff2f00b9ff37000404be002f010700a2
:10144000870678000004fd008104fd002b010700e1
:10145000078366000678a300030032000960a70036
:101460000800be002c0037000d78a30002003200f7
:101470000800be00280037000778a30026003a00c5
:1014800001f0a10009f0a1000668a30003003200ea
:10149000f1ff2700f0ff2f00baff37000d68a3000f
:1014a000030032000800be008c807000b5ff3700da
:1014b0000768a30007003a000648a30003003200b3
:1014c000f1ff2700f0ff2f00aeff37000d48a3000b
:1014d000030032006000b8008c807000a9ff370064
:1014e0000748a3000400320001f827000000200094
:1014f0008c807000a3ff3700760107000004fd0018
:101500008104fd0002057800720107000802be0098
:101510008a01780059ff37000160a0001202200004
:10152000c24d880097ff37000100e0001200320032
:101530000500e00010003200889fbe008a9fbe00b8
:101540008c9fbe000006eb0001f8a30003003200f0
:1015500060001000e08018000cf0a00005f8a30067
:101560000300320060021200e0821a000cf0a200b8
:101570008005eb0041ff37006000b8000200050065
:10158000038368000700280007036300470ade00a2
:101590000480a100c71ade000580a100f70f20001b
:1015a0000720e100420032000728e100400032003d
:1015b000889fbe008a9fbe008c1f7800f107b20092
:1015c000f307b2000400e000640032000170a000e4
:1015d0000500e000680032000370a00085054200ad
:1015e000eb07b1000204b8000302b8008484440091
:1015f00060854a00020ab800848444000a854a00d3
:10160000030ab80004054500040033000804d000b4
:101610008984d2000a85d2008b05e9006158e10077
:101620003d00350002102000090161000308200080
:1016300089816100f70720008783640008867300b2
:10164000c84cde00c853dd00878474004855de00b6
:101650000300e0000600320082037600040032003e
:101660008904e80060054d000a88a3000c003a00d8
:10167000f70f20000758e10044003d000a70a10068
:10168000c75ddd000a8575008a00730009007800d7
:101690004f0678004f05be004f04be000000060054
:1016a0000a05d1008984d3008b05e800f0ff3700dc
:1016b000881f780006047800900007000702780071
:1016c0000001fd008101fd008c0007008702780009
:1016d000850372000778a300050032000001fd00b9
:1016e0008101fd009f0007004f0478000000060004
:1016f000850372000748a30003003200f0ff2f00ab
:10170000f1ff2700f8ff37000000200001f8270054
:1017100088807000f4ff3700880178004848dd00b9
:10172000808171004848de00c850dd000100700073
:10173000c850de00060478000b0178001600070090
:1017400088807000d2ff37000500e00005003200fd
:10175000170020003a0007009dff3700810370004a
:10176000f9ff3a00860078004f0678004f05be006a
:101770004f04be000000050083037100f9ff320032
:10178000270020002e00070094ff370001f82700f3
:1017900086807000f4ff37000100e0002600320070
:1017a000610111007810e10023003c006022b800c4
:1017b0007010e1000400350080027800010078001c
:1017c0008000eb00700151000200e00009003400cd
:1017d00070031100062add00822ade008603dd0088
:1017e000878272000200de00860bdd0007007000b9
:1017f0008208de0084817100f4ff27000482620009
:10180000848171000400280084826200610260000b
:1018100005f0a600000006000482710007003200f7
:101820000000e800e0804800000006000002be0062
:101830006000b800efff37006000b800000006004d
:10184000889fbe000004eb006138e10016003a00fa
:101850000100e00008003a00c800de004800dd009a
:10186000880020000100e00003003a00c800de000c
:101870004800dd00680444008184cf00e9845400fe
:10188000060034008908dd00f08314008703de00c1
:10189000878070000900dd00090444006102140023
:1018a0004f04be00000006000300e00008003a00fc
:1018b000c811de004811dd00880020000300e000b0
:1018c00003003a00c811de004811dd00680444003e
:1018d0008384cf00e9845400060034008919dd00b8
:1018e000f08314008713de00878171000911dd0089
:1018f00009044400e1021400e9ff3700270020003a
:1019000001f0a70017002000470bde00f60fb20021
:10191000040032000643e8000a0032004702b30028
:101920000000060001037800f607b200060370000d
:1019300002003a000703b300000006008702b3006c
:101940000000060001037800f607b20006037000ed
:10195000020032000770a000000006000760a0002f
:10196000000006000478a300040032000578a300fc
:10197000030032000168a30001003a000200be002b
:101980000160a00000000600810170002700320005
:101990008002eb0001f8a300030032006000100099
:1019a000e080180015002000f40720000202420029
:1019b00020003400f70320008703600006042000a5
:1019c0000003630002082000000161004700de0000
:1019d000c909dd0000807100c708de000600e000d4
:1019e0000800320087037100060032001000b000ca
:1019f0000180b0000188a30002003200c108de00af
:101a00000402e800f107b200f30f20000320e10018
:101a100003003d004722dd008100720029003700ed
:101a200001f827000000eb00260037006000b80036
:101a300000000600680212007f20e100020034006e
:101a40006000b8001f0037006011b8007020e1008e
:101a50000400350080017800010078008000eb0070
:101a6000700252000400e00009003400f00312008c
:101a70000719dd008419de000703dd00868171008f
:101a80000400de00070bdd00060070008408de00a5
:101a9000f7ff270083836300870371000600280097
:101aa00003036300070032000700e00003003a0070
:101ab0006101600002817300020032001000b0007a
:101ac0000180b0000500a6000000060001f0a000a3
:101ad000000006004f0ade004709de00f107b200f1
:101ae000f20fb2000b003200f207b1000170a0004b
:101af000c708dd00c901de00838070004700dd00fb
:101b00000400a6000000060060001000e08018003d
:101b100000000600810f700001003a00000006007e
:101b20008182cf000500e00010003e008082cf00df
:101b3000ee8242007028e1000400390007003e00f8
:101b4000800078000000eb000e0037007083120068
:101b50008600de000500dd000a00370070835200b9
:101b60008600dd000000eb0006003700e282520034
:101b70008508dd00708312000603de008680700099
:101b80000500dd007507b0000501ea000400a600ad
:101b90000000060060001000e08018000000060051
:101ba000889fbe008a9fbe00841f78007c000700cb
:101bb0004f00780011003300f0ff2f00838f6c007e
:101bc00006003b00040565000a00a7000800370076
:101bd00009f0a6001000200008003700820f540012
:101be000838f5c00030039001000200001003e00dc
:101bf0000000200009f0a7000000ea004f05be0029
:101c00004f04be000000e00000000600881f7800be
:101c1000030478000300e00007003d0060001000ae
:101c2000e080180060011900e081190002003b000b
:101c300001f02d00030037000400070008f0a700a2
:101c400001f0a0004f04780000000600889fbe004d
:101c50008a9fbe000082700004027100048271003d
:101c6000260032000004be000200be006011b80071
:101c70006b092000950220000182cf000a00390084
:101c80000541b1000082cf00070039000541b100d5
:101c90000982cf00040039000541b1000882cf005d
:101ca000010039000541b100054252001200320026
:101cb0000a003b0082817100610164008100d10053
:101cc0000080d3008984d3000884d3008b05e8000a
:101cd0000442e800f7ff3a00070037000804440018
:101ce00089844c0000004800818048008b05e90091
:101cf0000442e900f9ff3a00030007004f05be0067
:101d00004f04be00000006008100200061805500e5
:101d10000b003d000b00200061fe2f000100e100e0
:101d20001d00340082817100610164008904d100ca
:101d30000884d3000000e800faff3a007100200098
:101d400061006400030070000200600009003200be
:101d500061044400e0844c000988a50005003200bd
:101d60008b05e8006808e10002003a008904d10010
:101d70000884d300f20f20000258e10005003d0066
:101d8000c75ddd00f907b2008980750008007800a2
:101d9000000006000bf827008b007800000005000b
:101da0000004be0004fc07000003be000405be00e2
:101db0000200be0000fc0700844f75000000060012
:101dc0000800fa00889fbe000004be000001be00ab
:101dd0008300780001f0a10008007800a4fd200035
:101de00095f42300840f5000858f580018003e00a2
:101df000f2ff2f00f3972300820f5000838f5800cb
:101e000011003e00f2ff2f00f3072000820f500068
:101e1000838f580005003e00020020000338200098
:101e20000800be00d6fd07000400370002002000b5
:101e300003b827000800be000dfc0700c0bf9f00cc
:101e4000d1bf9f00710037000800be006800370056
:101e50004f49de0003002000143d2500b507240093
:101e6000840f5000858f58001f003e0034be2c00a8
:101e700065012400840f5000858f58000e003e003d
:101e80000200e00005003200b2fd200093fc2300b8
:101e90000800be00f6fb070059003700b2fd200025
:101ea00093fc23000800be00e8fb07005b0007006e
:101eb0000004be00550037000200e00005003200bb
:101ec000b2fd2000930424000800be00e8fb0700d8
:101ed00046003700b2fd2000930424000800be0035
:101ee000dafb070041003700541d2300250e2400b3
:101ef000840f5000858f58001d003e00f4dd2e0039
:101f0000f50a2400840f5000858f58000c003e0015
:101f10000200e0000500320042be2c0063092400ec
:101f20000800be00d2fb0700e0ff370042be2c00d5
:101f3000630924000800be00c4fb0700300037001e
:101f40000200e00005003200b2fd2000930c2400e6
:101f50000800be00c6fb070025003700b2fd2000c8
:101f6000930c24000800be00b8fb070020003700d7
:101f7000f2ff2f00f3f72700820f5000838f5800e5
:101f8000040036000801be000800be00affb0700d9
:101f9000c7ff37006c8157000800be004d000700e6
:101fa0006011b80063016000e10f5100e08f59003b
:101fb00009003200e20f5100e08f590009003200a1
:101fc000e00f5100e08f59000b003a002fb8970046
:101fd000bfb89700060037002fb89700bfb897002a
:101fe000b2ff37002fb89700bfb8970001f0a200ea
:101ff00091000700aeff37002fb89700bfb89700d9
:10200000060007000004be0009f0a2000800be00a0
:102010004f04be000080fa0000000600889fbe004a
:102020008a9fbe008c9fbe000001be0054fd0700c9
:102030000004be000001be0051fd07000005be0007
:102040000200200003f02b000800be004cfd07003a
:102050000200200003f8230085fb07000006be00f5
:10206000f2a92a00a3d223000a00be0044fd070003
:102070000001be000c00be007dfb07000006be0094
:102080000801be000a00be003dfd07000005be00bd
:1020900072a12900c37c23000800be0038fd0700a0
:1020a000f243200063ab230068fb07000001be0081
:1020b0000a00be0032fd07000001be000c00be0099
:1020c0006bfb07004f06be004f05be004f04be006d
:1020d000000006000800fa00889fbe008a9fbe002c
:1020e0008c9fbe000005be00020478000001be0007
:1020f0008300780001f0a1000a007800a2fd200012
:1021000093dc2400820f5000838f58001d003e0096
:1021100032982f0023f223000a00be0018fd0700aa
:102120000200200003b4240051fb0700020020003d
:1021300003b4240045fb07000006be006613070039
:1021400080047800a2fd200093fc23000c00be0058
:102150000bfd07000001be000a00be003bfb0700ac
:102160000005be00325a2800832823000c00be0060
:1021700003fd07000001be000a00be0033fb07009c
:1021800026003700f2ff2f00f3f72700820f5000e0
:10219000838f5800060036000a01be000a00be0008
:1021a0002afb0700008cbe008004eb001c003700f7
:1021b0000a00be00500007000005be0032982f0044
:1021c00023f22300eefc07000200200003f02300ae
:1021d00027fb0700171307000203be000002be0022
:1021e000e4b79f00f5b79f0086bf9f0097bf9f0091
:1021f00086fe070032982f0023f2230001fc07001f
:102200000001be000a00be0010fb07006000b8001d
:102210002004980031049800efb49700008cbe00b1
:10222000090078004f06be004f05be004f04be00f7
:102230000080fa0000000600889fbe008a9fbe0052
:102240008c9fbe000005be000001be00ccfc070054
:102250000004be000a01be00c9fc07000006be0063
:102260004288280083c023000800be00c4fc070089
:10227000b2aa2a00a3e22300f4fa07000001be007c
:102280000c00be00befc07000001be000a00be003c
:10229000f7fa07000005be000801be000800be00f6
:1022a000b7fc07000001be000c00be00b4fc070034
:1022b0000006be00c2c32600636323000800be0000
:1022c000affc0700f27c200003952300dffa070033
:1022d0000001be000c00be00a9fc07000001be000a
:1022e0000a00be00e2fa07004f06be004f05be001e
:1022f0004f04be00000006006022b8006033b80042
:102300000002be00f0ff2f00f1ff2f00f2ff2f00b0
:10231000f3ff270000006200818062000201630079
:1023200083816300000006000000fa006881570006
:10233000cfb89700900307000080fa000000060065
:10234000b40107000c020700bd020700e502070008
:102350003e020700ef0307009a0337000000fa006f
:1023600068815700cfb89700880307000080fa0003
:102370000000060011060700c806070062070700f4
:10238000780707001b07370080017800020037003c
:10239000b15978000201e9000200e000fcff3a00b8
:1023a00000000600810178000002780030417800ca
:1023b000b14f510002003a000204e000f9ff3a0078
:1023c0009480fb001380fb0000805000000006009a
:1023d0008001eb000200e0001000320000027800f3
:1023e00001037800b44178000304e00008003200e3
:1023f000b14278000504e00005003200820340008d
:10240000848f53000200320085cf5100f4ff320068
:102410008381fb001680fb0080815100030078005f
:1024200000000600881f780000047800080078008b
:10243000aa0b0700080078004f047800000006008f
:10244000114290000482fb009180fb00c808dd006f
:102450000482700080007800d181fb001081fb00b5
:102460004811dd0003017100030037004811dd0051
:102470001180fb0002017000010078003104e000cf
:1024800004003200840f5100f8ff3a000000e90018
:102490000000060000000500114390008683fb0049
:1024a000060020001181fb008001eb00c811dd0057
:1024b0000200200002037300838373002141900017
:1024c0004811dd008001eb00020373008383730079
:1024d0008080e800104190008281fb000200200013
:1024e0001082fb008002eb00c822dd000400200007
:1024f00004017100858171001182fb004822dd001a
:102500008002eb0004017100858171000800370032
:102510001182fb008002eb000402710085827100d1
:102520004829dd00c821de00830171004821dd005b
:10253000010078003104e00005003200860f5100f0
:10254000878f5900f2ff3a000080e9000000060082
:1025500000000500314190000281fb008001eb008a
:102560001183fb008003eb00c833dd000600200070
:102570000603710087837100114190008281fb0086
:102580000200200002037300838373002141900046
:102590004811dd008001eb000203730083837300a8
:1025a000e30040001182fb008002eb001081fb0081
:1025b0008001eb00c811dd00020020000201720062
:1025c00083817200104290008482fb00040020008e
:1025d0000401710085817100204290004822dd00d5
:1025e0008002eb0006003700481add00c812de004a
:1025f000850272004812dd001181fb008001eb00b2
:102600000201720083817200010078003104e00051
:1026100005003200860f5100878f5900f2ff3a0003
:102620006300500000000600000005002802fa00c8
:10263000889fbe008a9fbe008c9fbe000004780069
:10264000810578000f000900001feb000e02b100a9
:102650000b017800880078008004eb000d00370043
:102660000080fb00c401de008381410003024700bb
:10267000ef026000160020008532dd00ee81790057
:10268000038a720086844400000040000000470076
:1026900009109800324078000004e00005003a007c
:1026a0001a0020000a0078000001eb008081eb0096
:1026b000190037003104e000e9ff3a00a2003700ba
:1026c00003824500e44278006bc2780084cf520058
:1026d00005003a008a0f50000c0032000000e800ac
:1026e000820078000b00370084cf520002003600d1
:1026f00003855000060037008200e8008201780060
:102700001a0020000a007800020037000005780057
:10271000100020000101780082004000898f5000e5
:10272000e7ff390011002000010078000002eb00f3
:102730008086eb00160037008d82450065437800e7
:10274000eb427900854f530005003a00810f50009d
:102750000c0032000000e800040178000b00370094
:10276000854f5300020031008d00510006003700f4
:102770000401e800840678001100200001007800c0
:10278000020037008000780010002000020278006c
:1027900004014000890f5100e7ff39000d01e800f6
:1027a0000300e800800f51000200360001057800a8
:1027b00001003700830678000d02e8008a8045009a
:1027c000040178000b00780034179a009409070080
:1027d0003e1292000000e000080032000905e90006
:1027e0000d0555008d0f5500010031000d057800d5
:1027f0000a05e8008002eb00010037008a825400dd
:10280000880178000006eb0008805100890f500015
:102810001600310009037800f603b30006017800c2
:102820008000eb000300780003179a0034179a0029
:1028300015179a0026179a00490907008e11920071
:102840003e1292009e1292002e1392000000e000b1
:102850000500320088005000898f50003a0039008e
:102860008001780001003700868141008900440022
:1028700071f897000080fb006f01600017002000d6
:10288000823bdd004401de00020141006e0379005d
:10289000068163000d003200000040000000470088
:1028a00000109000008054000a0032000500e00093
:1028b000150032000c00e000130032008a0f5000b7
:1028c000110031000a8054000f0037000104780025
:1028d000ccff37000c007800840f56000300310055
:1028e00004007800010037000000e800eb407800a9
:1028f0000104e000060032006841780082cf5000f9
:10290000f9ff32000d00500000044400bdff370005
:102910000d0078008000e8008c8f50000800360021
:102920006b417800e84078000000e900814f5100d9
:10293000f8ff32000a04440005067800b2ff3700b1
:1029400008007800010037000000eb004f06be00d1
:102950004f05be004f04be000080fa0000000600d4
:10296000881f780001047800984078000104e00096
:10297000260032008100fb008d0a07000000e00005
:1029800022003200984090000104e0001f00320055
:10299000904090000104e0001b003200a84090002d
:1029a0000104e00003003a0088007800a4fe07005c
:1029b00016003700a04090000104e0001200320031
:1029c000b84090000104e00003003a00880078005d
:1029d000b1fe07000d003700b04090000104e00098
:1029e00009003200c84090000104e00003003a00f2
:1029f00088007800d7fe07000400370088007800c0
:102a00000aff0700010037000000eb004f047800c8
:102a100000000600ec874700889fbe008a9fbe002a
:102a20008c9fbe008e1f780000067800010478009d
:102a3000180790002805900098067800cdb79f00f1
:102a4000b80590003202be002203be000400be00a2
:102a50000601be004f18de006011b8008000eb00d8
:102a6000d0b79f00e1b79f00f2b79f0083bf9f00e0
:102a7000800478000900e000060032006000b80021
:102a80006011b80004025000858258000603590006
:102a9000878359000e00e000020035000d10a100f0
:102aa000cdb79f000900e00005003a004fb0970045
:102ab0000028a30002003a000038a3000200320000
:102ac0008a00e900010037008a007800f881570089
:102ad000a200200008007800860007000900e0003e
:102ae00003003a00cfb097000128a300080032008d
:102af0000000e90000814500b1c2b3000900e00018
:102b000001003200d1c2b30001497800050037004e
:102b10000138a300030032000000e90001c2b30045
:102b200081757800480190000201e9000001510020
:102b3000808045004fb297008a0178000c00780031
:102b40003f0207009c0090000188a30004003200af
:102b500098009000810f500001003d0001007800b6
:102b60004f0778004f06be004f05be004f04be0061
:102b7000cf00b100000006000200fa00889fbe00ee
:102b80008a9fbe008005780001047800020078006a
:102b9000180190002805900098007800b1bf9f00b0
:102ba000b80490000200e000020035000110a1000e
:102bb000b1bf9f00ea815700820020008a007800a0
:102bc0003002be002003be00080078004900070064
:102bd0003fb99700f0006100030032000000e900f7
:102be00001c3b300817478003fb99700e800610029
:102bf000030032000000e90001c2b30081747800d4
:102c0000480190000201e900000151008080440069
:102c10003fba97008a0178000b007800080207008d
:102c20009b0090000188a3000400320098009000ef
:102c3000810f500001003d00010078004f05be00eb
:102c40004f04be000080fa0000000600ea8747003b
:102c5000889fbe008a9fbe008e1f78000004780007
:102c6000030078007287570084e2260055c72600cb
:102c7000049fbe00c3962200030f78006c875700a4
:102c8000004feb0011059000a10490009105780021
:102c90000200e00002003200020778000100370065
:102ca000728757000000e00002003a000e00780032
:102cb000f40907000a00e000030035008a0f500005
:102cc000010036000a0078000b02780089017800c4
:102cd000000178008e00780008007800d801070015
:102ce0004f0778004f05be004f04be00af00b10093
:102cf00000000600f4874700889fbe008a9fbe0040
:102d00008c9fbe008e1f78000605be000404be0026
:102d100081bf9f0082b79f00f3b79f00b000900073
:102d2000e1b79f001301780092b79f0090069000d2
:102d3000400090000000e900000678000d00e0006f
:102d400001003d001d0020008040eb00efb1970026
:102d5000817178001e0020001f0037000c06e9007a
:102d60000fb09700cf80de006109b900a0b79f00c7
:102d7000b1b79f00c2b79f00d3b79f000203be0048
:102d80000002be000800be000a01be004411070098
:102d9000000778000e4078000043b000efb09700c5
:102da00080707e008d06e9000fb997000201e900ee
:102db00082bf9f002fb29700bfb297004fb397001a
:102dc000dfb397000800be000a01be002d11070006
:102dd0000205be000004be000c00e0000d0034003f
:102de000e00f5400e08f5c00e00f5d00e08f5d00bd
:102df000daff3a000d00e000d8ff3c008fb99700e1
:102e00000300e000030034001fb097000018a30087
:102e1000d2ff3a000e00e00002003a00ffb0970037
:102e20001140a1000c0078004f0778004f06be004b
:102e30004f05be004f04be004f01b1000000060068
:102e40000200fa00889fbe008a9fbe00000578003d
:102e5000010478000200780018019000a804900096
:102e600098007800b1bf9f00b80590000200e00014
:102e7000020035000110a100b1bf9f00ea81570098
:102e8000a2002000890078003002be002003be00ae
:102e90000800780097ff0700480190000201e90050
:102ea00000015100808045003fba970089017800f9
:102eb0000a007800620107009a0090000188a300d0
:102ec0000400320098009000810f500001003d0086
:102ed000010078004f05be004f04be000080fa00dc
:102ee00000000600fa874700889fbe008a9fbe0048
:102ef0008c9fbe008e1f780080047800010478004b
:102f000082057800180190002805900018077800c5
:102f1000b80090000200e000020035000e10a10091
:102f2000010037001200200070006700e0b79f002a
:102f3000090032003b02be002b03be00e00f52002e
:102f4000e08f5a00e00f5b00e08f5b000200320070
:102f50008a86e900010037008a067800e8026700e7
:102f6000f5b79f00010032008d06e9003b02be006c
:102f70002b03be00e4af9f00f5af9f0086b79f0014
:102f800097b79f00480690000c06e9000040eb0050
:102f900080707e00efb297007fb2970089037800bf
:102fa00081047800d8af9f00020478008bbf9f0097
:102fb0008a057800034578002a0037000c06e900ee
:102fc0006fab97006f006300e90f500002003c00f8
:102fd0000003b000010037007005b0000a03fb00d9
:102fe0001604b100f90f53000c003e0000037800f6
:102ff0000650a0001606b100f90f530007003e006e
:10300000b4b79f00a5b79f00c7b79f007709070017
:10301000cfb39700afb297003fb2970080747e00a5
:103020000804e9008d06e9006fa89700ffa8970043
:103030000fb197009fb19700460020008301d10097
:103040000281d3008180d3000080d3000603e90011
:10305000faff3a00e0af9f00f1af9f0082b79f00f8
:1030600093b79f00e10f56000f0034006fa8970040
:10307000ffa897000fb197009fb19700e00f500095
:10308000e08f5800e00f5900e08f5900cbff3a0065
:103090000800e000c9ff3c000d00e0000200340021
:1030a0000e18a300c5ff3a0089007800f4b79f000e
:1030b000870478005fac97008a4178000b057800a0
:1030c0008fbd97000500e000100032003b02be00fb
:1030d0002b03be00e4af9f00f5af9f0086b79f00b3
:1030e00097b79f00e00f5200e08f5a00e00f5b009f
:1030f000e08f5b00050032000c06e90083707e0063
:103100000c06e90000c3b30080707e00ffb2970098
:103110000500e000030032000c06e90000c2b30025
:1031200080707e00480190000201e9000c0151000e
:103130008c8040000e0278008a0178000900780037
:10314000bf000700990090000188a300040032002e
:1031500098009000810f500001003d0001007800b0
:103160004f0778004f06be004f05be004f04be005b
:10317000af01b10000000600820178000101780073
:10318000f1ff27002e093700960637003c00fa00b1
:103190008f017800c303b1001d0009008019eb0006
:1031a000c0a79f0080b79f00408c2100b0b79f0050
:1031b00040fc2f000f004000130907000080fa00b8
:1031c0000000060084082000848f50001d0032009b
:1031d0000d003c0014082000848f500027003200ae
:1031e00002003c00040820000400370024082000ee
:1031f000848f50003400320044082000848f500037
:1032000043003a0036003700040a2000848f500043
:103210002700320004003c0004092000848f500085
:103220003b003a0028003700020c2000828f50003b
:103230002f003200020f2000828f500034003a002d
:103240002b0037009380e9000200e0000500320007
:10325000810978001102fb00cfa2de00612bb900ca
:103260002800370081097800114278000482fb00b1
:103270008002eb006033b8002200370013027800b0
:10328000e40052000200e0000500320081097800ed
:103290001102be004fabde00860378001900370034
:1032a000810978001102be006033b80015003700b4
:1032b0009380e9008109780011027800cfa2de0036
:1032c000612bb9000f00370093027800e8805200ac
:1032d000810978003102be002103be0009003700d9
:1032e0009380e9000200e00002003200f1ff3700a5
:1032f0009380e90081097800110278008002eb00d8
:103300006033b8000498be000690be0010000500af
:103310000000050044082000848f50002500320082
:1033200008003c0014082000848f50001400320074
:1033300024082000848f500024003200040820005c
:103340000c00370004092000848f50001f00320059
:1033500004003c0084082000848f500024003a00c0
:103360000e003700040a2000848f50001100320044
:10337000040c2000848f50001d003a000d0037001f
:103380009380e900810978009100780001087800b5
:10339000cf91de008288be00140037009380e900e0
:1033a000810978009100780001087800824878004f
:1033b0000e0037009380e9008109780091007800c1
:1033c0000108780082087800080037009380e9003f
:1033d0008109780091007800010878006112b90035
:1033e000612bb9008498be008690be0010000500d5
:1033f00000000500889fbe0000047800480090008f
:1034000082047800808f5400010036008004780028
:103410000901780058009000dbfb0700580090007d
:103420000900400050049800c800900089845000b2
:10343000490498000048eb004f04be00000006005d
:10344000f2874700889fbe008a9fbe008c9fbe0007
:103450008e1f78008004780001057800020478004f
:10346000830578006107620002003a008b0f540068
:1034700008003900080178008a0078000900780007
:10348000f00b07008b0f540002003900880578000c
:103490001e003700088655000c017800f00f56001a
:1034a0000100360002012000010220007e8057004a
:1034b000690607008c06780005003700020120002d
:1034c000fe80570009007800de0b0700f0865600ea
:1034d000ef8f5600f9ff3e004461de0000ff2f0031
:1034e0000091b90002014600fe80570009007800f3
:1034f000d40b07000e00e00004003a000801780039
:103500008a00780009007800ce0b07000b007800d5
:103510004f0778004f06be004f05be004f04be00a7
:103520002f01b100000006000000050000000500aa
:1035300000000500000178000040eb008080fb00e7
:103540008180400023c6200063c278000404e000ac
:1035500003003a0030c6200060c07800000006007a
:1035600092017800934f520004003a0030c62000c8
:1035700060c078000309e800010037000040e8005f
:10358000ea4f5000edff360000000600f6874700c6
:10359000889fbe008a9fbe008c9fbe008e1f780051
:1035a000000578000104780083057800040678009f
:1035b0000000eb00c0b79f008080eb00d1b79f00f8
:1035c000e0b79f00f2b79f000008200080bf9f0077
:1035d00098007800010078008004eb0001003700bb
:1035e0008904e800304178000204e0000300320062
:1035f00053c2b300834f5100f9ff3a000900e000c5
:1036000004003200090178000a0078008d0b0700e1
:10361000188c44001807780050c2b3009e4f100069
:103620003f013a000e07e8000e0c7800100037004a
:10363000cfb097000100a0000b003700cfb097007b
:103640000110a00008003700cfb097000120a000b3
:1036500005003700cfb097000130a000020037000e
:10366000cfb097000140a000c1b79f00000ce80058
:103670001800780090407800b2c2b30082cf5000aa
:10368000f1ff320007003c0002c2b30082cf5000bd
:10369000f0ff320032c2b30082cf500007003a0080
:1036a000efff3700d2c2b30082cf5000e0ff3200fc
:1036b00002c3b30082cf5000e0ff3200a2c2b300c9
:1036c00082cf50000d003a00000ce8001c80e90099
:1036d000000e780010007800e0b79f000000e000c6
:1036e0000f003d00cfb097000100a200c1b79f00be
:1036f0000000ea00e0b79f000900370065050700f9
:10370000e0b79f0001003700000ce80018007800c7
:103710009000fb000103b100e98f5000faff360072
:103720004fb097000008a300020032000010a10073
:10373000c0b79f0018007800e1c2b30090cf10001e
:1037400016003a008000eb00d1b79f000000e800af
:10375000000c7800a1c2b30090cf100006003a0020
:10376000000ce8001c80e900000e780010007800d2
:10377000d0b79f000900370046050700d0b79f006b
:1037800001003700000ce800180078009000fb00f2
:103790000103b100e98f5000faff360008007800fd
:1037a00064ff070080467800180078001000fb00d6
:1037b0008707070091062000810f50003800320073
:1037c00012003c0041062000810f500034003200fe
:1037d0000a003c0011062000810f5000200032003a
:1037e00031062000810f5000a0003200510220005d
:1037f000810f5000bc003a00b40037007106200071
:10380000810f5000b8003c008800370001072000fd
:10381000810f50005c00320007003c00e1062000f0
:10382000810f50007a003200f1062000810f500015
:10383000ad003a003900370051072000810f5000d9
:103840002700320081072000810f50004200320023
:1038500031072000810f5000a3003a008f0037008d
:103860008d80fb000c01780000fe2f000f0040004f
:10387000980707000000e000a80032001800780058
:10388000000ce8009041780002fe2f000f0141007b
:10389000f88057000a00780024ff07000e00370068
:1038a0008d80fb008c0178001200200000fe2f00ac
:1038b0000f00400043fe07000000e00097003200c8
:1038c000180ce80002fe2f000f014100f88057009d
:1038d0000a0078004ffc0700808444009000370005
:1038e0008d80fb008c0178000001eb0000fe2f00b2
:1038f0000f00400033fe07000000e00087003200a8
:10390000180ce80002fe2f000f014100f88057005c
:103910000a0078004afd0700efff37008d80fb00aa
:103920008c0178000001eb0000fe2f000f0040002a
:1039300024fe07000000e00078003200180ce800c8
:1039400002fe2f000f014100f88057000a007800a6
:1039500089fc0700e0ff37008d80fb008c017800b8
:103960000001eb0000fe2f000f00400015fe0700d5
:103970000000e0006900320018007800000ce80048
:10398000904178001c0037008c0178000001eb00aa
:10399000010f200000fe2f000f00400009fe07006d
:1039a0000000e0005d003200180ce8000fb0970046
:1039b0009fb097002fb19700bfb19700e00f500064
:1039c000e08f5800e00f5900e08f590009003a00dd
:1039d000cfb597006fb49700a0c52000a9060700d7
:1039e0000b0278008801780000017800a1c5200052
:1039f0004700370083c7b30002fe2f000f014100cc
:103a0000f88057000a00780036fd0700b2ff370043
:103a10000b8144008d80fb008c01780000fe2f009c
:103a20000f0040003bfe07003c0037008d80fb008c
:103a30000c01780000fe2f000f0040002507070052
:103a40000000e0003500320018007800000ce800ab
:103a50009041780002fe2f000f014100f8805700ce
:103a60000a007800b1fe07009bff370000c8b300d2
:103a700080cf560029003a00180ce8001c80e900ad
:103a8000000e780010407800e0df9f001300200057
:103a9000e2fd2f000f0141000800370000c8b3000d
:103aa00080cf56001d003a00180ce8001c80e90089
:103ab000000e78008001eb0010017800f8805700bc
:103ac0000a00780061fc070083ff370000c8b300dc
:103ad00080cf560011003a00180ce8004fb2970052
:103ae000efb19700080037000e0c78000000eb00e3
:103af000c0b79f00e0b79f000080eb00d0b79f00e9
:103b00000002eb00840178001200200001c62000b2
:103b10000a0078004afe07006fff3700180ce80023
:103b2000090078004f0778004f06be004f05be0021
:103b30004f04be006f01b100000006008200fa00d1
:103b4000889fbe008a1f78000005780082047800f4
:103b5000c13f9f000004eb0010003700090278000d
:103b600088017800a2f72f000f01410081f72f0094
:103b70008f8040000a00780084fe070008004000a3
:103b8000880f500004003d00b0042000d06488007d
:103b90000084eb0004003700000478004f389700e1
:103ba0001004e000edff3a00080078004f057800af
:103bb0004f04be000080fa00000006000200fa0078
:103bc000889fbe008104780082007800030178009d
:103bd0003104900036070700e10f40000b0032006f
:103be000a2002000e6805700080078006a0607005f
:103bf000809cbe008294be0010002000dfb89700b9
:103c0000810f540001003a00e0ff2f004f04be0076
:103c10000080fa0000000600ea874700889fbe0087
:103c20008a9fbe008c9fbe008e1f78000004780023
:103c30000105780083bf9f00a2059000420090001c
:103c4000e0b79f00b204900083007800110678006e
:103c500008007800bb0107008fb897008c0840006f
:103c60000b00e00004003a006fb097000000e9008c
:103c7000f0b79f0001003700fbb79f00ad002000a8
:103c80000007eb001b00370078089000b810900088
:103c9000810f500003003100b085fb00700c9800cc
:103ca0000800370008007800f40407008005780059
:103cb000e18f450003003a000c00e0005c003c008e
:103cc0006f0037000c00e0000c003a00b00220004a
:103cd000808f550003003200d0022000808f5500f5
:103ce00006003a008b4c78008fb897009108e800e6
:103cf0001e0020000e067800460037008e0f56008a
:103d000029003a000c07e800ea8f560004003a0048
:103d100000032000808f550022003a001f0037006a
:103d2000e88f56001f003a008b0078000150a00079
:103d300080072000808f50001a003a00f808900099
:103d400038109000808f5000030031003180fb005c
:103d5000710c98000200370008007800c7040700c3
:103d6000b81090000100e00003003200f808900055
:103d70008100e900710c9800ec0307000000e000ee
:103d8000130032008b747e000fb897001008e80013
:103d90000e0678000d0120001e0037008d00200067
:103da000010037000007eb0000fd2f000b00400072
:103db000e90f50000d003600f08f560004003a0065
:103dc0000b007800d90307000000e0000d003a0066
:103dd000381090000000e0001500320078089000d4
:103de0000000e900700c980011003700e88f5600c1
:103df00004003a0070032000808f55000100340059
:103e0000ad0020008b747e000c06e8008fb8970090
:103e10009108e8007fb09700800f560004003d0035
:103e2000efb097000100e900800f560096ff3500c3
:103e30000040eb0080747e00ea8f560005003a00d7
:103e40000d017800f680570009007800d2050700c0
:103e5000040037000d017800f68057000900780053
:103e6000c9050700009dbe000295be001b00200092
:103e70005fb09700808f540001003a00ebff2f00e5
:103e80000b0078004f0778004f06be004f05be00bc
:103e90004f04be00af00b10000000600e6874700f7
:103ea000889fbe008a9fbe008c9fbe008e1f780038
:103eb00000047800010578000306780022079000ce
:103ec0004200900080bf9f00b20490009c057800e3
:103ed000080078001b0107000b0e40000e00e000f8
:103ee00002003a008fb897000107e90089067800c0
:103ef0008005eb001c003700f80890003810900097
:103f0000808f5000030031003180fb00710c98005d
:103f1000070037000800780058040700e10f400050
:103f200003003a000b00e00015003c0021003700c0
:103f300001fd2f0080804000e78f50000700360011
:103f4000381090000000e0000d003200780890006a
:103f50000000e900700c980009003700805e7800ce
:103f60008b05e8001c0ee8008e8f550004003d0014
:103f70008fb897000100e900808f5500deff350003
:103f80000040eb0080f47d0082002000f2805700aa
:103f9000090078007c050700009dbe000295be0068
:103fa00010002000ffb09700818f540001003a00fc
:103fb000e0ff2f004f0778004f06be004f05be0000
:103fc0004f04be006f00b1000000060080007800c2
:103fd0001000200002022000828f500004003200f6
:103fe000e9805000e48f5000010036000000eb0033
:103ff00000000600889fbe008a9fbe008c9fbe0006
:104000008e1f78000004be000205be008406780002
:104010000a00e000040032001b0678000800780067
:10402000c80007008c0d4000290790008004eb00b9
:104030002100370078089000b8109000810f5000e0
:10404000030031003086fb00700c98000800370038
:10405000080078000904070000067800e10f460018
:1040600003003a000900e00017003a002000370082
:104070000a00e0000b0032000c007800d3ff0700bc
:104080000000e00007003200381090000000e0005f
:104090000d003200780890000000e900700c9800d4
:1040a000090037000d00e000010032008cf67c00b2
:1040b0008904e8009b0de8000e00e000ddff3200ff
:1040c0008e8f5400dbff35000d00e000040032004d
:1040d0000a00e000020032000040eb0080f67c00a5
:1040e00009f0a7008904ea000906ea004f66de002d
:1040f0000c0078004f0778004f06be004f05be0049
:104100004f04be00000006000200fa00889fbe00b7
:104110008104780082007800030178003104900067
:10412000e3050700e10f40000b003200a200200071
:10413000e68057000800780013050700809cbe0049
:104140008294be0010002000dfb89700810f540059
:1041500001003a00e0ff2f004f04be000080fa008b
:1041600000000600e8874700889fbe008a9fbe00c7
:104170008c9fbe008e1f7800000478000105780037
:1041800083067800a205900042009000f0b79f00df
:10419000b20490001d06780008007800690007004e
:1041a0008c0e40000b00e00004003a00ffb09700c6
:1041b0008100e90081bf9f00010037008bbf9f0095
:1041c000090778000006eb003900370078089000f6
:1041d000b8109000810f500003003100b085fb0043
:1041e000700c98000800370008007800a30307004f
:1041f00080057800e18f450003003a000c00e000e4
:1042000032003c003e0037000b007800c702070078
:104210000000e00023003a00e10f56001a003a00c7
:104220000b007800ea04070081072000810f50008e
:1042300015003a0000c3b300994f100012003a0075
:10424000f808900038109000808f50000300310073
:104250003180fb00710c98000200370008007800e4
:1042600086030700b81090000100e0000300320050
:10427000f80890008100e900710c9800ab0207007b
:104280000000e00007003a00381090000000e00055
:104290000e003200780890000000e900700c9800d1
:1042a0000a0037000b5f78000c06e8009d0ee8005e
:1042b0000fb89700800f560004003d00ffb0970034
:1042c0000100e900800f5600c0ff35000040eb0000
:1042d00080747e0002012000f480570009007800fd
:1042e000a9040700009dbe000295be001b0020002f
:1042f0006fb09700808f540001003a00ebff2f0051
:104300000b0078004f0778004f06be004f05be0037
:104310004f04be008f00b10000000600800078004e
:104320001000200002022000828f500004003200a2
:10433000e9805000e48f5000010036000000eb00df
:1043400000000600889fbe00000478008004eb0097
:104350000b003700f1ff07000000e00007003a0003
:10436000381090000000e000100032007808900043
:104370000000e900700c98000c0037008904e80088
:10438000f808900038109000808f50000300310032
:104390003180fb00710c9800eeff370008007800b8
:1043a00036030700e10f4000eaff3a0009007800f9
:1043b0004f04be0000000600889fbe008a1f7800e0
:1043c0000004be00190078001000fb00d3ff0700b6
:1043d0000005eb000000e000090032000800780052
:1043e000d8ff0700000578001900e800800c78006d
:1043f0001000fb00c9ff07000000e000faff3a00d0
:104400000a0078004f0578004f04be000000060047
:104410001801fa00889fbe008a9fbe008c9fbe00d4
:104420000005780001047800830578000406780010
:1044300068004700040009000018eb0072079800ac
:1044400000082000000f9800880078000a0078001b
:10445000d9ff070080067800190037007a0890001d
:10446000ba109000810f500003003100b084fb00af
:10447000700d9800050037000a007800ff02070061
:1044800080047800e18f44000700320018007800b3
:104490001000fb00808f5400030032003a1090009f
:1044a000e9ff2f00110137009b0de800180ce80010
:1044b000880078000a007800bfff07008086460069
:1044c00018007800904078000104e00003003200fa
:1044d00052c2b30082cf5000e0ff3a009b8d4600ed
:1044e00051c2b30090cf10008f013a000000e800e5
:1044f000000c78008000eb006107980081067800ce
:10450000a1c2b30090cf100002003a00000ce800f6
:104510001d00200018007800de01070060079800e9
:104520006102b900612bb9000a007800ae020700f1
:1045300001003700000ce800180078009000fb0034
:104540000103b100e98f5000faff3600080078003f
:10455000f8fb070040579a00180078001000fb0095
:104560001b04070091062000810f50003a00320022
:1045700015003c0031062000810f5000a2003200df
:104580000a003c00b1052000810f5000dd00320020
:1045900011062000810f50008900320051022000d6
:1045a000810f50005f013a00bb0037004106200038
:1045b000810f50001900320071062000810f500059
:1045c00058013c007e00370001072000810f500099
:1045d0005b00320007003c00e1062000810f500024
:1045e00067003200f1062000810f50004d013a00b3
:1045f0003300370051072000810f50002a0032009d
:1046000081072000810f50003e003200310720005a
:10461000810f500043013a008e0037008b01780073
:10462000680147008e0078000a00780063fd0700eb
:10463000800478000900e0003e013500180ce80015
:104640008004eb000d00e0003a013a004e51920068
:104650008280fb000e0037008b0178006801470064
:104660008e0078000a0078006bfd07008004780057
:104670000900e0002f013500180ce8008004eb0071
:104680000d00e0002b013a004e5092008080fb00ac
:104690008c017800120020000e0078004b04070007
:1046a00080047800230137008b01780068014700ff
:1046b0008e0078000a00780093fe0700160037008d
:1046c0008b017800680147008e0078000a007800ae
:1046d000f2fd0700800478000900e00015013500b4
:1046e000180ce8008004eb000d00e00011013a0016
:1046f0004e5092008080fb008c0178000901780008
:10470000e5ff37008b017800680147008e007800d4
:104710000a00780093fe0700800478000900e0009a
:1047200004013500180ce8008004eb000d00e000e7
:1047300000013a004e5192008280fb00eeff3700ec
:104740008b017800680147008e0078000a0078002d
:1047500084fe0700800478000900e000f5003500c1
:10476000180ce8008004eb000d00e000f1003a00b6
:104770008c01780009017800010f2000c6ff370086
:10478000180ce8001b007800cf80de006109b9003a
:10479000009fbe000297be008004eb000d00e00009
:1047a000e4003a004e5092008080fb008c017800bb
:1047b000090178000e00780004040700dd003700ce
:1047c0008b017800680147008e0078000a007800ad
:1047d000de000700800478000900e000d500350005
:1047e000180ce8008004eb000d00e000d1003a0056
:1047f0004e5192008280fb000c0178000e00780080
:10480000d3030700a6ff370000c8b300ce509200c4
:1048100080cf5000c3003a006e0090000000e0001e
:1048200002003a001000200060079800180ce80011
:104830000002eb000d00e00003003a001c80e900dc
:10484000000e7800100278008b0178000001eb0068
:104850000d00370000c8b3004e519200804f510048
:10486000b0003a00180ce8000002eb000d00e00078
:1048700003003a001c80e900000e78001002780066
:104880008b01780012002000e80047000a00780041
:10489000d8fd070082ff370000c8b300ce50920059
:1048a00080cf50009f003a00180ce800fa089000f2
:1048b0003a109000808f5000030031003180fb00df
:1048c000710d9800020037000a007800eb01070024
:1048d00051022000810f500002003a009b0de800b9
:1048e000930037003a1090008004eb000000e000d5
:1048f000900032007a0890000000e900700d9800e6
:104900008c00370000c8b3004e519200804f510018
:1049100084003a000002eb000d00e00003003a00c2
:104920001c80e900000e7800100278001800e800f2
:10493000000c78008004eb00e1c5b30090cf1000bc
:1049400002003a00000ce8001900200012102000bc
:104950008900780072004700340f99003e0107007b
:104960000040eb0020579800180078009040780035
:10497000d2c2b3003e0a910082cf500005003a0037
:10498000000ce80010c0b3000940500000c79800b8
:1049900028003700d2c5b30082cf500025003a006e
:1049a000000ce80010c0b3000940500000f7980068
:1049b000200037000004e00023003200d3c2b3001f
:1049c000834f500014003a00180090001040780007
:1049d0000004e00010003200814f50000e00320051
:1049e0000201e800020c780078b897001000fb0084
:1049f000f2004700008040000200370011c0b30001
:104a000009e85000f2014700830150009200fb00ca
:104a1000818f5100f9ff3500180078009000fb00ed
:104a20008100470012c0b30009415100b250980004
:104a3000000ce8001801780012407800d1c5b300de
:104a4000814f5000dbff3a000400e0001800320004
:104a5000840678000006eb0003003700895e7800ca
:104a60000c06e8009b0de8007a089000ba10900050
:104a7000810f500003003100b084fb00700d9800de
:104a8000050037000a007800340f99007b01070009
:104a9000800478003e0a91000900470030509000e1
:104aa0000004e000edff3a00120037009b0de80023
:104ab0007a089000ba109000810f50000300310076
:104ac000b084fb00700d9800050037000a007800e4
:104ad000340f990069010700800478003e0a9100b4
:104ae00009004700305090000004e000efff3a005a
:104af0000006eb003a1090000000e00003003200d6
:104b00007a0890000000e900700d98000c00e000a9
:104b1000040032000400e000020032000040eb001c
:104b200000727e00180ce800e18f440001003200a2
:104b30008004eb00090078004f06be004f05be0060
:104b40004f04be000080fa000000060000000500cf
:104b5000000005008400fa00889fbe008a1f7800cc
:104b60000005780082047800b13f9f000000eb0050
:104b7000c03f9f00000478000d0037000902780054
:104b800083f72f008f814100a2f72f000f01410012
:104b900061f72f008f8040000a0078001cfe07009c
:104ba000800178000300e0000400350003044400a5
:104bb0003f3897001004e000f0ff3a00e18f410019
:104bc00003003a000800e00001003a000304780006
:104bd000080078004f0578004f04be000080fa00fe
:104be00000000600889fbe008a9fbe008c9fbe000a
:104bf000800578008106780002067800eb0c9000b2
:104c0000081020000c044400080178008000eb002c
:104c100009007800520007000000e00001003200a7
:104c200009045000080578008c0f5400010036007c
:104c30000c0578000a017800890078000d007800e2
:104c4000d1f507000a804400f00d98000884440064
:104c500088159800e80d98000a0078004f06be00fd
:104c60004f05be004f04be00000006008000780023
:104c70001000200002022000828f50000400320049
:104c8000e9805000e48f5000010036000000eb0086
:104c900000000600889fbe008a1f7800000578008b
:104ca0000a047800984478000805e8000900fb0031
:104cb000eeff07000000e000f9ff3a00b0c2b300c9
:104cc00080cf540005003200d0c2b3008000eb005a
:104cd00080cf540005003a00020037008000eb004e
:104ce00001003700110020000804e8000000eb007c
:104cf000030037006a02b900020052000003b0004e
:104d00003801fb0003fd2f0082814100e98f510033
:104d1000f8ff36000100e00001003a000000ea0060
:104d20004f0578004f04be000000060080007800a8
:104d300002fd2f000101410010002000e90f510089
:104d4000050036000150a0001106b100e58f5000ab
:104d5000010036000000eb0000000600f3ff370002
:104d60008180fb00010037000201e900800178002a
:104d70000008a300060032000200e0002300320019
:104d80003082fb00810f5200f7ff3a00030037002a
:104d90000000eb000200e0001e0032001380fb0068
:104da000810f50001c00320014102000048ab9004a
:104db00084027800010037000281e90003007800d6
:104dc000e10f51000a00360033826a00f6ef2f002f
:104dd000040343000482ea0004026300060828007a
:104de00006026200f4ff3200010037000201e90010
:104df000800178000200e000050032003082fb00f4
:104e0000810f5200f9ff3a0003003700000005004f
:104e10000000eb0000000600030078000000060020
:104e2000010037000201e9000200e0000500320045
:104e300030427800b1417800834f5200f9ff3200d0
:104e400001003700000005000480fb008381fb00a7
:104e50000300500000000600889fbe008a9fbe002d
:104e6000800478000200e0005b003200014078001e
:104e7000814c780082814400f1f99f00e20f5100db
:104e80005500360091449800a1449800e1f99f0034
:104e9000d1f99f00e60f51004f003600b144980051
:104ea000c1f99f00e80f51004b0036000905ea00e8
:104eb000630565000a8444000a055100c1ff2f0004
:104ec000010565000080fb008000eb00121020004f
:104ed000131020004c080700008cbe000a0144009b
:104ee00060b99f0071b99f00e80f55003a00360085
:104ef0002004980031049800400498005104980060
:104f000020b99f0031b99f0040b99f0051b99f005f
:104f1000f80f5500300036006004980071049800c6
:104f2000000c9800110c9800200c9800310c98008f
:104f3000400c9800510c980020b19f0031b19f00a7
:104f400040b19f0051b19f0060b19f0071b19f00bf
:104f500000b99f0011b99f0064016400780141000d
:104f600002044400020555006011b8000203be00af
:104f70000002be000403be006022b8000000720000
:104f8000818072000201730083817300100037007a
:104f9000009cbe000294be0040049800510498009a
:104fa0006204980073049800000c9800110c98009b
:104fb000220c9800330c9800400c9800510c98007b
:104fc000620c9800730c98000a02b1000802b0004d
:104fd000ff0f5500eeff3e00090078004f05be00b0
:104fe0004f04be0000000600889fbe008a9fbe00de
:104ff000441098005510980066109800771098009b
:10500000f00890002004900001045400cfc4de009a
:10501000614db90008189800191898002a189800ce
:105020003b189800e00f5200e08f5a00e00f5b0041
:10503000e08f5b000c00320000149000010454006b
:10504000cfc4de00614db9000440e10005c8e100b5
:1050500006d0e10007d8e1000300340004824000dc
:105060003410980002003700801090003110980032
:105070004f05be004f04be00000006002800fa00e5
:10508000889fbe008a1f780000047800f80890000e
:105090002800900000805000081a9000981a900094
:1050a000281b9000b81b9000cf80de000402400057
:1050b0008582480006834800878348004810900096
:1050c000d810900068119000f8119000e00f500087
:1050d000e08f5800e00f5900e08f590005003200c2
:1050e0000020e10001a8e10002b0e10003b8e10006
:1050f0000d003d0008007800d4b79f00e5b79f0081
:10510000f6b79f0087bf9f003c020700800478002d
:105110005fb29700efb297007fb397008fbb970005
:105120000900e00016003d0078089000a8009000fb
:10513000808050004f89de000482400085024900d3
:105140000603490087034900041c9800151c9800b9
:10515000261c9800371c980030149800f0ff2f0090
:10516000f1ff2f000001be00401498005114980078
:1051700062149800731498008084eb00520037008a
:1051800061004200e0804a0060014b00e0814b007a
:1051900090bf9f00a1bf9f00b2bf9f00c3bf9f00f1
:1051a00048129000d812900068139000f8139000f5
:1051b00094b79f00a5b79f00b6b79f00c7b79f00e1
:1051c000e00f5200e08f5a00e00f5b00e08f5b00c1
:1051d00028003200780d9000081190000a0151005b
:1051e0006112b900612bb900d4af9f00e5af9f00f9
:1051f000f6af9f0087b79f001fb09700afb0970032
:105200003fb19700cfb197001fba9700afba970090
:105210003fbb9700cfbb970004005000858058002b
:10522000060159008781590090af9f00a1af9f00f0
:10523000b2af9f00c3af9f005faa9700efaa97008d
:105240007fab97008fb397000020e10001a8e10039
:1052500002b0e10003b8e100060034009fb29700fd
:105260001fbb970006815200820045003114980050
:10527000020037008813900037149800280190002e
:10528000f8089000810151001fba9700afba97004b
:105290003fbb9700cfbb97004f98de0004824100d0
:1052a000850248000603480087034800041c980054
:1052b000151c9800261c9800371c9800828f5000ff
:1052c00001003e00f9f89f00090078004f057800c2
:1052d0004f04be000080fa0000000600881f78001e
:1052e0008101780000027800808268000508a30030
:1052f00002003200210037000201e90003007800bb
:10530000040478000308a300070032000200e00054
:1053100021003200b3407800015a78000104e00017
:10532000f5ff3a00020037000200e0001a003200e8
:105330001004e00003003a0017003700031c780057
:105340000281e90080007800e10f5100080036007a
:10535000b0017800f5ef2f00838242000382ea005b
:10536000048262000508280005026200f3ff320093
:1053700008007800010037000201e900000478000d
:105380000200e00004003200b141780003587800c8
:105390000304e000f8ff3a008000eb00080078000a
:1053a000adfe0700080078004f04780000000600fa
:1053b000881f780001047800880078000500070045
:1053c000904f1400010032000000eb004f04780001
:1053d00000000600881f7800000478008180fb0030
:1053e0000a003a0008007800260007000000440088
:1053f000220037001804e000200032000804e80012
:105400001081fb00810f51001c0032000800780061
:105410000808a300f7ff3a0014102000048ab9001e
:105420000801780038007800f5ef2f0080824200f4
:105430008081ea0083826200030828008382620080
:1054400007003a0000006a00f5ef2f00808242005a
:105450000080ea000080620083016000f0ff3200fb
:10546000020078001204e000040032000201e800ab
:105470009081fb00818f5100f9ff3a004f047800c2
:105480000000060080007800040037003104e000ce
:1054900002003a00000051000000060001017800ff
:1054a0000108a300f9ff3a0081017800310178007a
:1054b000f4ef2f00020242000281ea0002016200c2
:1054c0000408280004016100f7ff3200830078001f
:1054d000010178003104e000fdff3a0000005100b6
:1054e000000006004400fa00889fbe008a1f780072
:1054f0000004be000205780094bf9f00a5bf9f0076
:10550000b6bf9f00c7bf9f000000eb00c09f9f0079
:10551000a8af9f00d89f9f000080eb00b0af9f0016
:105520006022b8006033b80060fb2f000f0040001d
:10553000adfe07001fba9700afba97003fbb9700b8
:10554000cfbb9700120020008a00780060fb2f007c
:105550000f004000480107000900e000060032008b
:105560003fb29700afaa970004824200df9a9700eb
:1055700005025200840c44004f0578004f04be0021
:105580000080fa0000000600f4ff2f00f5ff2f0056
:105590000403be00d3ff37006022b80006002000dd
:1055a00007002800cfff3700f4ff2f00f5ff2f0082
:1055b0006033b800cbff370004002000050028004e
:1055c0006033b800c7ff3700f3ff3700eeff370046
:1055d000f1fb2f0080804000f98f500001003e0059
:1055e0000050a00000000600f9ff3700f1f92f007d
:1055f00080804000f98f500001003e00f005b200ad
:1056000000000600f9ff37000200fa00881f78004a
:1056100000047800e2bf9f00648157000800780012
:105620004cfd0700980090000148a30001003200e3
:105630000080eb004f0478000080fa0000000600b4
:10564000f28747008e1f780002027800030178007d
:105650000000e0000200320000077800010037007f
:10566000728757008002eb000100e0000100320069
:105670008102e90070805700060009000018eb0065
:105680000080eb0080bf9f002310200093bf9f008d
:10569000aebf9f00b1bf9f00c5bf9f000100e000eb
:1056a00003003d00b1042000d164880006003700eb
:1056b000004feb00eebf9f00debf9f00840078002c
:1056c000708057003c0307004f0778002f01b1009e
:1056d00000000600881f7800000478000008200001
:1056e000808f50001700350010082000808f500078
:1056f0000b00340030082000808f500011003a0069
:105700009200780068805000000978003002be00e6
:105710002003be00049cbe000694be0007003700b4
:105720009202780064805200000978001000be00e8
:10573000a1050700009cbe000294be0010002000de
:10574000010037000000eb004f0478000000060065
:10575000881f780013082000838f50000f0032004c
:1057600033082000838f500004003200030820001b
:10577000838f500012003a00080037009280e90041
:1057800001097800910078003002be002003be00bd
:105790008498be008690be00070037009280e90022
:1057a00001097800110478005001be004000be00dd
:1057b000ea050700008cbe00100020000100370041
:1057c0000000eb004f047800000006008408200071
:1057d000848f50001d0032000d003c001408200092
:1057e000848f50001e00320002003c00040820009c
:1057f0000400370024082000848f50001e0032006f
:1058000044082000848f500028003a00220037000e
:10581000040a2000848f50001f00320004003c0066
:1058200004092000848f500020003a001200370045
:10583000020c2000828f500017003200020f20005f
:10584000828f500019003a00130037009380e9005e
:1058500081097800910078009048780012003700a4
:105860009380e9008109780091007800b0187800f1
:10587000a01078000c0037009380e90081097800bf
:10588000910078003002be002003be008498be0064
:105890008690be00040037009380e90081097800fb
:1058a00091007800900878001000050000000500c5
:1058b000889fbe008a9fbe008c9fbe0000047800b7
:1058c0000205780021069000c1069000b105900005
:1058d0009a047800080078009afa0700090d400041
:1058e0000c00e00001003a000d06e9008004eb0026
:1058f00028003700f808900038109000808f500082
:10590000030031003180fb00710c98000700370064
:1059100008007800d9fd0700e10f400003003a00bd
:105920000900e00020003c00220037000900e000f0
:105930000a003a00b1022000810f5000030032003b
:10594000d1022000810f500004003a00804d780001
:105950001a0de800190020000e00370001fd2f008d
:1059600080804000e98f500007003600381090001a
:105970000000e0000c003200780890000000e90010
:10598000700c98000800370080f57c008904e8005e
:105990001a0de8008c8f540003003d000d00e90053
:1059a000808f5400d3ff35000040eb0080f57c0071
:1059b0000000eb004f06be004f05be004f04be00c6
:1059c00000000600c06090000141e90081407100c4
:1059d0004160980010019000e40061000400320072
:1059e0000240a000120098000080eb0000000600ba
:1059f0000110980071089800000005000200fa00ec
:105a0000889fbe000004780008007800be030700ed
:105a10008084eb000000e00009003a00981190003b
:105a200012002000e6805700080078000300010003
:105a3000e10f500002003a002ff897008084fb002d
:105a4000090078004f04be000080fa000000060044
:105a5000800078001000200002022000828f500099
:105a600004003200e9805000e48f5000010036004d
:105a70000000eb00000006006f02b000889fbe002f
:105a80008a9fbe008c9fbe008e1f780000067800a3
:105a90000107780082047800d4af9f00e5af9f0033
:105aa000f6af9f0087b79f0040022000800f57008d
:105ab0007d003e00e10f57007b0032007c08900023
:105ac000bc109000810f500003003100b086fb0035
:105ad000700e9800030037000c00780067fd070087
:105ae000800678000d007800d9ff07000000e00074
:105af000f2ff3a00b0022000808f5600050032000d
:105b00008002eb0085af9f00d0022000808f5600fe
:105b100010003a00dd82b2000df0a7008d06ea0009
:105b20008d06e900cfeede008daf9f007c0890006f
:105b3000bc109000810f500003003100b086fb00c4
:105b4000700e9800030037000c0078004bfd070032
:105b5000800678000e00e00002003200f00f5700cf
:105b600042003a0000032000808f56003c003a00bb
:105b70007c089000bc109000810f500003003100a1
:105b8000b086fb00700e9800030037000c00780010
:105b90003afd0700800678008d0078000150a000d3
:105ba00080072000808f50002a003a007c08900077
:105bb000bc109000810f500003003100b086fb0044
:105bc000700e9800030037000c0078002bfd0700d2
:105bd00080067800409c20006d4078000e01200077
:105be000ef4f50008d0036003c1090000000e000a8
:105bf00003003200fc0890008100e900710e98005b
:105c00000900e0000c0032006022b8006033b800e8
:105c1000d4af9f00e5af9f00f6af9f0087b79f000e
:105c20000000e000a10132007c0890000000e900c3
:105c3000700e98009d0137006022b8006033b800f4
:105c40000c007800e8fc07006000b8006011b800a4
:105c5000920137000e00e0009e013200170037006d
:105c60000e00e00001003a00ae002000409c200041
:105c70006d4078000080fb008e0f50000f0039004f
:105c80003c1090000000e000030032007c0890000f
:105c90000000e900700e98006022b8006033b80080
:105ca0000c007800d0fc070060012000d064880060
:105cb0006022b8006033b80071013700ea0f570066
:105cc00056003a000004eb000d0078000d0037008c
:105cd0006a44b9000800400008fd2f000004440099
:105ce000fc0890003c109000808f500003003100b1
:105cf0003180fb00710e9800020037000c00780024
:105d0000defc070001fd2f0080804000e98f50007d
:105d100003003e0081992100810f5400ecff360002
:105d2000800678008004eb006055b8001200370050
:105d30001faa9700afaa97003fab9700cfab970081
:105d40000004420081844a0002054b0083854b0019
:105d50007c089000bc109000810f500003003100bf
:105d6000b086fb00700e9800030037000c0078002e
:105d7000c2fc07008006780005fd2f0085824600e2
:105d800095af9f00e98f520009013e0090992900cc
:105d90009199290092992900939921000040e100ee
:105da00001c8e10002d0e10003d8e100db003e00c1
:105db000a4002000050020006033b8000800be00e9
:105dc0000a01be00980507001faa97008002eb0099
:105dd0006033b80094af9f00a5af9f00b6af9f009f
:105de000c7af9f000482ea008582ea000683ea00ca
:105df0008783ea00d4b79f00e5b79f00f6b79f00fe
:105e000087bf9f000400e1000588e1000690e100e3
:105e10000798e100c6ff3600c00037000e00e90019
:105e20000e006000030032000004eb000d0078005b
:105e3000650037007770b9004500de00670060003c
:105e4000a19b2000e14078008100fb000004eb00f2
:105e50000d007800810478000b0037000944dd0054
:105e600001047400fc0890003c109000808f5000ea
:105e7000030031003180fb00710e980002003700f2
:105e80000c0078007dfc0700419c2000e0c07800f9
:105e90008180fb008e8f500003003100f27f2000d4
:105ea000820f5400edff36008006780089007800ec
:105eb0008004eb006055b800f4ff2f00f5ff2f00c1
:105ec0000403be00010078000000e9000500330073
:105ed0008703d1000683d3008582d3000482d300d8
:105ee000f9ff37000d0078008106780020003700a8
:105ef0000d0178000201e900050033000804d0001c
:105f00008984d2000a85d2008b85d200f9ff370040
:105f10000180fb008000eb006011b80008047000f5
:105f2000898470000a0571008b857100fc0890005f
:105f30003c109000808f5000030031003180fb0046
:105f4000710e98000a0037000c00780094b79f008b
:105f5000a5b79f00b6b79f00c7b79f0047fc0700d3
:105f6000cfb397003fb39700afb297001fb297002f
:105f7000419c2000e0c078000181fb008e0f5100a1
:105f8000600031000440e10005c8e10006d0e100f6
:105f900007d8e100d6ff36005a0037000ec4b9001a
:105fa00008844000fc0890003c109000808f500056
:105fb000030031003180fb00710e980002003700b1
:105fc0000c0078002dfc0700419c2000e0c0780008
:105fd0008180fb008e8f500003003100b2712000e1
:105fe000820f5400edff3600800678008004eb003d
:105ff0006055b80098af9f00a9af9f00baaf9f004f
:10600000cbaf9f00120037000002440081824c0099
:1060100002034d0083834d0094af9f00a5af9f0006
:10602000b6af9f00c7af9f007c089000bc109000e7
:10603000810f500003003100b086fb00700e980005
:10604000030037000c0078000cfc07008006780085
:10605000409c20006d407800e0cf9f008042780097
:106060000580fb008e0f5000280031006174b800dd
:106070006055b8000802be000a03be00f0ff2f0002
:10608000f1ff2f000001be007e0407001faa970049
:10609000afaa97003fab9700cfab97000020e1007d
:1060a00001a8e10002b0e10003b8e10017003e00e2
:1060b0000802be000a03be001fa89700afa8970001
:1060c0003fa99700cfa99700d7040700efca970010
:1060d0000584fb008004eb006055b8000882ea00ec
:1060e0008982ea000a83ea008b83ea000400e10067
:1060f0000588e1000690e1000798e100c2ff360044
:106100000200370080067800040037001fac9700bb
:10611000afac97003fad9700cfad9700409c2000fb
:106120006d4078000080fb008e0f50002000310091
:106130000d00780009003700fc0890003c1090002a
:10614000808f5000030031003180fb00710e9800f9
:10615000020037000c007800c8fb0700419c2000bb
:1061600060c078000080fb008e0f5000f2ff390005
:1061700020022000d06488005fab97000608a300cf
:10618000070032005fac9700efac97007fad97003f
:106190008fb597008003eb0087af9f0004003700a6
:1061a0005fac9700efac97007fad97008fb597007d
:1061b0003c1090000000e000030032007c089000da
:1061c0000000e900700e98005fa89700efa8970004
:1061d0007fa997008fb197000040e10001c8e1005e
:1061e00002d0e10003d8e1001c0039000008a30040
:1061f0000e003a008fa897000100e0000b003a0063
:1062000020022000d06488005faa9700efaa9700c0
:106210007fab97008fb3970061025200e0825a0073
:1062200060035b00e0835b00150037005fa8970008
:10623000efa897007fa997008fb197000040e10079
:1062400001c8e10002d0e10003d8e10003003600fc
:1062500020022000d0648800140037008fa8970027
:10626000e18f40000b003a006000b8006011b800f8
:1062700008025000898258000a0359008b83590094
:10628000d4af9f00e5af9f00f6af9f0087b79f0098
:10629000060037000800be000a01be00d0af9f0014
:1062a000e1af9f00f2af9f0083b79f005fa8970008
:1062b000efa897007fa997008fb197004f0778004c
:1062c0004f06be004f05be004f04be006f02b10076
:1062d000000006008e002000d0fe3700881f7800e6
:1062e00040442000ad010700000478000800e000f1
:1062f00013003200c20320008000eb000800780089
:10630000d5fa0700e0212300300c9800c03f23009d
:10631000400c9800802a23007004980080312300ec
:106320001014980000c0eb00205c9800400420008e
:10633000080040002004980000402000300498002d
:10634000080078004f04780000000600889fbe0017
:106350008a9fbe00100290008002eb000418a30088
:1063600003003a008012900070099000828252006f
:10637000d001900060019000028451000884420026
:10638000cfc4de00614db9008898be008a90be007f
:106390000000eb000468a30004003200100020009d
:1063a000828f510001003e000000eb004f05be004f
:1063b0004f04be00000006000200fa00881f7800ab
:1063c00000047800e2bf9f00648157000800780055
:1063d000daf50700980090000148a30001003200a0
:1063e0000080eb004f0478000080fa0000000600f7
:1063f000889fbe0000047800480090008204780066
:10640000808f540001003600800478000901780074
:1064100058009000dcef0700580090000900400091
:1064200050049800c80090008984500049049800e6
:106430000048eb004f04be0000000600100078008a
:10644000d6e93700900190000388a30001003200d4
:10645000e7ff37000348a30001003a0005020700e8
:106460000000060001017800920090000158a3008e
:1064700003003a0082007800910107000f00370006
:106480008080fb00a25990008301fb00838f5000a5
:1064900007003200d2019000220a9000848f510040
:1064a0000300310080597800530198000400370040
:1064b0008000780002007800f40107008000780076
:1064c00001007800000006000000060020bc20004b
:1064d00000000600889fbe000004be000000eb0024
:1064e0000800e00018003200180090000058a300d7
:1064f0000d003200d800900068009000808f50009e
:1065000009003600b80990000001eb008200780015
:106510000800780003000100d80090000080eb0024
:106520000100e000080032000000eb00200c9800a1
:1065300060049800500498000900e0000200320056
:10654000180078008ce907004f04be000000060028
:10655000889fbe000004be000000eb000800e000c1
:1065600025003200180090000058a30011003200ee
:10657000d800900068009000808f5000090036001d
:10658000b80990000001eb00820078000800780054
:1065900003000100d80090000080eb000100e00043
:1065a000150032000000eb00200c980060049800f9
:1065b00050049800780a900008109000800f520054
:1065c000060031000002520011002000cfa2de00c0
:1065d000612bb90018007800330107000000eb00c0
:1065e00000149800700c98000900e00002003200ce
:1065f0001800780060e907004f04be0000000600a4
:106600000000060000000500fdff0700e0648000b8
:106610008000eb0063010700e06480008000eb0075
:1066200060010700e06480008000eb005d0137003e
:106630000800fa00889fbe008a1f780000047800d6
:10664000010578008204780038009000a8009000ce
:106650009abf9f000001780002f0a7000201ea0043
:106660000201ea004f11de0002815400a2bf9f0028
:10667000b1bf9f00c0bf9f0022002000ee805700e6
:1066800018007800260107000000e00006003c002a
:10669000f80060000130a2001801900082807000b4
:1066a00011049800110037002fb99700820f500095
:1066b0000e003600a8009000710c980002005000f7
:1066c0000080400000149800380090000000e000b6
:1066d000070032000905450001007800b04078004d
:1066e00071fd9f00700c9800010037008004780055
:1066f000090078004f0578004f04be000080fa00c2
:1067000000000600881f7800000478001800780058
:10671000e50007000203be000002be00f0ff2f00ec
:10672000f1ff2f000001be00e00f5200e08f5a0081
:10673000e00f5b00e08f5b00050035001800900063
:106740000030a100100498006000b8006011b8008b
:106750004f047800000006000800fa00889fbe0081
:106760008a1f78000004be00180090000058a300a3
:106770001b003200d800900068009000808f50000d
:1067800013003600b80990000001eb008200780089
:106790000800780094bf9f00a5bf9f00b6bf9f0070
:1067a000c7bf9f000300010058059000f0ff2f00b5
:1067b000f1ff2f000001be001fba9700afba97008b
:1067c0003fbb9700cfbb97000a00e00006003200f5
:1067d0000000eb00200c9800600498005004980022
:1067e0000800be00c7ff07004f0578004f04be0039
:1067f0000080fa00000006000800fa00889fbe0032
:106800008a1f78000004be00e18f540008003a009f
:10681000881090007808900000805000cf80de0043
:106820000002520081825a0001035b0081835b00f9
:10683000180090000058a3001b003200d800900000
:1068400068009000808f500013003600b809900057
:106850000001eb00820078000800780094bf9f00e0
:10686000a5bf9f00b6bf9f00c7bf9f0003000100e8
:1068700058059000f0ff2f00f1ff2f000001be002f
:106880001fba9700afba97003fbb9700cfbb9700e6
:106890000a00e000150032000000eb00200c980018
:1068a00060049800500498000800be0095ff07009f
:1068b0000203be000002be00f0ff2f00f1ff2f0018
:1068c0000001be00e00f5200e08f5a00e00f5b00b5
:1068d000e08f5b00050035000000eb00001498001d
:1068e000700c98006000b8006011b8004f05780087
:1068f0004f04be000080fa00000006000000060001
:10690000e0bf200000000600881f78000004780027
:10691000486090008040e90000c07000406498002a
:10692000d800900068009000808f5000050036006d
:10693000b80990000001eb008200780008007800a0
:10694000030001000000eb00200c98006004980098
:1069500050049800980090000118a3000300320032
:106960000140a000110498000800370028019000a1
:10697000380090000000410000149800700c98004e
:106980000000eb000138a300010032000080eb00a2
:106990004f047800000006001bff37000200fa00d9
:1069a000889fbe000000e00001003a0010002000b7
:1069b0000004e8000800a100806480000000e800f6
:1069c0000000a10080648800000020000000e000ba
:1069d0000f003200e10f540006003600e20f4400c1
:1069e00005003a00c0002000d06488000000eb00e1
:1069f0002a003700280020000800780080e5070002
:106a0000290020000000e00024003a0001003700c7
:106a10008004eb008064800071648000008050007e
:106a2000800f54001300360008804400d0bf9f0040
:106a300066805700cc000700800078000000eb0063
:106a40000100e000150032000100e8000000a10094
:106a500071648000810f5000010032008064880062
:106a6000dfb89700010040000000e8000000a1002e
:106a700070648800816480000900e0000300320037
:106a80000100780008187800010037000100780044
:106a90000884440088804000816488004f04be0060
:106aa0000080fa0000000600a0fd2f00f1ff2f007b
:106ab000320007004f89de008201780000000600e6
:106ac0000200fa0081017800e0ff9f00930090002f
:106ad0000188a30005003200d300900080587800a0
:106ae0000080fb00d10198000a003700120020004e
:106af0008f80e900030078005e00070080007800c6
:106b00000080eb000100e00002003200eff8970087
:106b10000180fb000080fa000000060051fe3700f3
:106b2000889fbe008a9fbe008c1f780000067800f8
:106b300082057800010478008004eb0009057800e4
:106b40000700370018019000980078000c007800ca
:106b5000c5e70700808444000a05e8006404440097
:106b60008b0f5500f7ff3500090078004f067800bd
:106b70004f05be004f04be000000060002002f00bb
:106b8000f3ff2f00820f5000838f5800040036005f
:106b90000000ea00d06488000080eb008080eb00f9
:106ba000000006008001eb000000e000050032005c
:106bb000700190000200e0000200320002000100bb
:106bc0008001780003007800000006006000b80033
:106bd0006011b80000000600881f7800c001200086
:106be0006eff0700000478000800e0000a00320091
:106bf000c20120008000eb000800780096f8070032
:106c0000e0212300300c9800c03a2300400c98008b
:106c100000c0eb00205c9800080078004f0478006a
:106c200000000600adfd3700400990000240010061
:106c3000d00190006001900002825100cfa2de00de
:106c4000612bb9008498be008690be009000900031
:106c50000000eb000168a3000400320010002000d7
:106c6000828f510001003e000000eb000000060092
:106c7000b6fd3700b00990000300e00001003200cb
:106c80000340010010007800c4e737000200fa005a
:106c9000881f780000047800c1ff9f00280890003a
:106ca0000000e00006003a0008007800200007001d
:106cb000800078000080eb000100e00018003a003e
:106cc000d800900028089000808f50000900310003
:106cd0004ff997000280fb00a85990008301fb0048
:106ce000830f50000300320082587800510498004e
:106cf0000b003700b809900012002000e480570014
:106d00000800780003000100800078000080eb009c
:106d1000e18f500002003a00cff897000180fb009d
:106d20004f0478000080fa00000006000000050013
:106d3000881f7800000478000800780021fb070015
:106d40000000e00006003a00a800900061049800ee
:106d5000510498003801900082804000210c980076
:106d60004f04780000000600900078000000eb005f
:106d70000100e0000500350001007800c9e70700c8
:106d8000e10f400001003a000000eb0000000600a7
:106d900000000600feff0700fdff0700fcff3700b4
:106da00000c0da000000060000c0da0000000600a3
:106db00000c0da000000060081037800fee707004b
:106dc0000001be006000b8000478a30013003a0080
:106dd0006220e10015003e000d0039008301d10062
:106de0000281d3008180d3008301d1000281d300ce
:106df0008180d3008301d1000281d3008180d30040
:106e00000538b000c42add00f300b20083817200af
:106e100007f0a70003f0a0000000060083ff270092
:106e2000020020006110b900f9ff370003ff2700be
:106e3000f7ff37000003be00dfe707006011b8006e
:106e40000470a70007f0a1006509b1001b00320023
:106e500012003500860220000628e10008003500f7
:106e6000f3ff2700f2ff2f006110b9000700e000d8
:106e700018003b00030028006000b8000200050075
:106e800000004000818048000201490083814900e0
:106e90008502e900faff3a0008003700f88f420047
:106ea00002003c008000eb00000005008100d100e2
:106eb0000080d3008502e800fcff3a000700e000f4
:106ec00004003b0060001000e08018006001190021
:106ed000e0811900000006000001be00b6e70700cf
:106ee0000470a70003f0a1006509b100160032008c
:106ef0000d0035006828e10006003500f0ff2f0086
:106f0000f1ff27000300e00013003b000100280010
:106f10000000050000004000818048008502e90073
:106f2000fcff3a0008003700f88f420002003c00e6
:106f30008000eb00000005008100d1000080d3003c
:106f40008502e800fcff3a000300e00002003b007d
:106f500060001000e0801800000006001400fa0035
:106f6000889fbe008a9fbe008c9fbe000005be00a9
:106f70000206be00680047000c90be000a90be00ea
:106f8000520107006400e1001a00320016003e00c2
:106f90006100e1001a0032006e049000fe049000cf
:106fa0000e0b90009e0b90006011b8009e059000a3
:106fb0000b38b100d50120008281710061016400ad
:106fc0008703d1000683d3008984d3000884d300cb
:106fd0008502e900f8ff3a004beb07000df0a7002f
:106fe00001f0a0007401370001fc27000000200020
:106ff000faff370001f8270000002000f7ff3700f4
:107000006000b800f5ff3700020ab900001bb900a4
:107010000200b80081004200810043000000060029
:10702000889fbe008a9fbe0030044200b0844a00a0
:1070300030054b0090854b006000b1000898be0001
:107040000a90be000440e10005c8e10006d0e1005e
:1070500007d8e10002003100680040001008e80095
:107060004f05be004f04be0000000600889fbe0012
:107070008a9fbe003004be002005be0004185400e4
:1070800005985c0006185d0007985d00110020005f
:107090000440e10005c8e10006d0e10007d8e100a6
:1070a000010039008000eb00108810004f05be0081
:1070b0004f04be00000006001200fa00889fbe00c8
:1070c0008a9fbe008c9fbe00e0b79f00f1b79f0073
:1070d00082bf9f0093bf9f000605be000404be0050
:1070e0000000eb00d0b79f00c0b79f00b0b79f0073
:1070f000a0b79f0090b79f00000678005fb197008f
:10710000cfb09700820141003fb097000200e0003d
:1071100004003d00370007007e805700c0ff0700d5
:1071200003003700330007007e805700cfff0700c1
:10713000dfb697000d00e0000c0035006fb297003d
:10714000ffb297000fbb97009fbb97001000200075
:10715000010020006011b8000002720081827200fc
:1071600002037300838373001b0007000c06e80012
:1071700001042000810f5600e0ff3a000d00e000fe
:1071800004003d000802be000a03be007e805700d6
:10719000a3ff07005fa897000000e00005003a0089
:1071a0001fb29700afb297003fb39700cfb39700dd
:1071b000090007006fb09700ffb097000fb9970064
:1071c0009fb997004f06be004f05be004f04be009a
:1071d0000080fa0000000600010007000000060021
:1071e000a4b79f00b5b79f00c6b79f00d7b79f0051
:1071f000000006004f09de0082817100b3b79f00d6
:107200004f01de008180400082807000a1b79f00a6
:107210008fb097004f09de000000400002007000b0
:1072200090b79f007fa897004f01de00818040004b
:107230008280700081b79f000d0007004f3ade008a
:107240000000400004007000f0af9f00080007003d
:107250000402420085824a0006034b0087834b00ec
:10726000dfff07000802be000a03be0000000600a0
:107270002fb29700bfb297004fb39700dfb39700cc
:1072800000000600881f780018002000881f780082
:1072900089ff07008f87e9004f047800000006008f
:1072a000801feb0084ff07008f87e90000000600c5
:1072b000889fbe008a9fbe00e00f5000e08f5800fc
:1072c000e00f5900e08f59000c003d006044b80009
:1072d0006055b8000000540081805c0002015d0030
:1072e00083815d00180020001500070008003d00a4
:1072f000180007000004eb00050037000004eb0055
:107300000f00070002003d001200070018002000d7
:10731000dcff07000800e000060032006022b80031
:107320006033b8000000520081805a0002015b0007
:1073300083815b004f05be004f04be0000000600c5
:10734000e00f5200e08f5a00e00f5b00e08f5b001f
:10735000000006006044b8006055b8000402540004
:1073600085825c0006035d0087835d0000000600e7
:10737000889fbe008a9fbe008c1f7800e00f5000df
:10738000e08f5800e00f5900e08f59000d003d00dc
:107390006044b8006055b8000000540081805c0073
:1073a00002015d0083815d001c0020000820e100d7
:1073b00009a8e1000ab0e1000bb8e1000d003d00b2
:1073c000080037000006eb00e00f5200e08f5a0083
:1073d000e00f5b00e08f5b0006003d006044b800fa
:1073e0006055b8000402540085825c0006035d000d
:1073f00087835d00aaff07000c00e0000600320052
:107400006022b8006033b8000000520081805a004a
:1074100002015b0083815b004f0678004f05be00d0
:107420004f04be0000000600889fbe008a9fbe0079
:107430008c1f78000006eb00e00f5000e08f580032
:10744000e00f5900e08f590007003d006044b8008c
:107450006055b8000000540081805c0002015d00ae
:1074600083815d001c002000e00f5200e08f5a0075
:10747000e00f5b00e08f5b0007003d006044b80058
:107480006055b8000402540085825c0006035d006c
:1074900087835d000c00a2004c0007000c00e00098
:1074a000060032006022b8006033b80000005200cd
:1074b00081805a0002015b0083815b004f067800e7
:1074c0004f05be004f04be0000000600800078009b
:1074d0005002be005003be004439de00f700b20087
:1074e000f37f200003016100090032000218e1006f
:1074f00016003a00850172008301730083817300d6
:107500000008200015003a0040002000130037005a
:1075100085017200830173008381730005003a00c6
:1075200004a8be0006a8be00100020000b00370013
:107530000201e9000402420085824a0006034b0072
:1075400087834b000748a300f9ff32000740a000e3
:1075500004a8be0006a8be002000200080009800fd
:107560009200980000000600680447000294be00e4
:107570000094be00fc0447008694be008494be00c4
:1075800009007800d1ff070008007800cfff07004e
:1075900099007800814f70000b003b000800be008e
:1075a0002c0007004f00b10003003700f3ff270055
:1075b000f2ff2f006110b9004f06be004f05be005c
:1075c0004f04be000080fa0000000600889fbe0045
:1075d0008a9fbe008c9fbe000404b8000506b80058
:1075e0008904460060854e000606b8000a0546007c
:1075f000e0854e000706b8008b054600040eb80073
:10760000890446000a854e00e0854d00050eb8004d
:107610000a0546008b854e00060eb8008b05460015
:107620000416b8000a0546008b854e000516b80002
:107630008b054600041eb8008b0546000800be00fe
:107640000a01be004f06be004f05be004f04be003b
:1076500000000600e48240001078a300070032001a
:10766000640240001178a3003400be001401be0083
:10767000040032000330a700000006003500be0001
:0c7680001501be000330a0000000060051
:020000040000fa
:10768c0025750000000d00000a0000004c69000088
:10769c00676800007473000020720000616d0000c8
:1076ac00706900006e670000206400006f770000b6
:1076bc006e0d00000a00000025300000325800005a
:1076cc00004c000065760000656c00006c690000e1
:1076dc006e6700002073000074610000727400007b
:1076ec00656400000d0a00000053000054200000e7
:1076fc0032330000004c000065760000656c000021
:10770c006c6900006e670000206300006f6d000064
:10771c00706c000065740000650d00000a0000002c
:10772c00416e0000746900002d630000726500005a
:10773c00657000002073000074610000727400001a
:10774c00656400000d0a0000005300005420000086
:10775c0032340000004100006e740000692d0000fe
:10776c00637200006565000070200000696e000007
:10777c007465000072720000757000007465000082
:10778c00640d00000a000000416e000074690000e6
:10779c002d6300007265000065700000206300001e
:1077ac006f6d0000706c000065740000650d0000ca
:1077bc000a0000004141000020550000500000006c
:1077cc005550000020630000616c00006c2000002c
:1077dc00726500007175000065730000746500002f
:1077ec00640d00000a00000041410000204400002c
:1077fc004e000000444e000020630000616c00004d
:10780c006c2000007265000071750000657300004b
:10781c0074650000640d00000a0000004141000086
:10782c002058000058000000416c00006c20000043
:10783c00636100006c6c0000732000006361000049
:10784c006e630000656c00006c650000640d000048
:10785c000a000000445200000053000046000000e3
:10786c005361000066650000206d00006f6400002d
:10787c0065200000616300007469000076610000ff
:10788c0074650000640d00000a0000005343000002
:10789c000053000061660000652000006d6f000061
:1078ac006465000020630000616e000063650000e9
:1078bc006c6c0000656400000d0a000000520000b2
:1078cc004553000045540000004f000054000000d8
:1078dc00444d000000460000570000007365000096
:1078ec0072690000616c0000005200004230000020
:1078fc003000000072610000696e0000626f0000d1
:10790c00772000006c690000676800007473000049
:10791c00206f00006666000020000000524200004c
:10792c003031000000720000616900006e620000de
:10793c006f770000206c000069670000687400001d
:10794c00732000006f6e0000004c000052200000fd
:10795c000052000061770000207200006564000096
:10796c00206900006e700000757400003a20000061
:10797c00004c00005220000025320000780000006e
:10798c007265000064500000574d00002075000027
:10799c007064000061740000656400000d0a000052
:1079ac00004900006e760000616c00006964000004
:1079bc0020720000656400002068000065780000fb
:1079cc0020760000616c0000756500000d0a000057
:1079dc00004c000047200000004c00004720000035
:1079ec002532000078000000477200006565000039
:1079fc006e200000505700004d20000075700000f4
:107a0c006461000074650000640d00000a00000051
:107a1c00496e0000766100006c6900006420000073
:107a2c0067720000656500006e200000686500004c
:107a3c0078200000766100006c750000650d000078
:107a4c000a0000004c420000200000004c420000e4
:107a5c002025000032780000006200006c750000e8
:107a6c0065200000505700004d200000757000008c
:107a7c006461000074650000640d00000a000000e1
:107a8c00496e0000766100006c6900006420000003
:107a9c00626c0000756500002068000065780000cd
:107aac0020760000616c0000756500000d0a000076
:107abc00004c000057200000004c00005720000034
:107acc00253200007800000077680000697400001f
:107adc0065200000505700004d200000757000001c
:107aec006461000074650000640d00000a00000071
:107afc00496e0000766100006c6900006420000093
:107b0c00776800006974000065200000686500005b
:107b1c0078200000766100006c750000650d000097
:107b2c000a0000004c540000200000004c540000df
:107b3c0020250000640000004c690000676800000c
:107b4c00746900006e67000020740000696d00000d
:107b5c006572000020750000706400006174000004
:107b6c00656400003a20000000440000532000002f
:107b7c000044000053200000253200007800000073
:107b8c00646f00006f7200002073000070650000cd
:107b9c0065640000207500007064000061740000d2
:107bac00656400000d0a0000004900006e760000bc
:107bbc00616c000069640000206400006f6f0000bd
:107bcc0072200000737000006565000064200000e6
:107bdc006865000078200000766100006c7500007c
:107bec00650d00000a0000004c4f0000434b0000e4
:107bfc00535400004154000055530000004c000049
:107c0c004f4300004b3a0000205500004e4c000042
:107c1c004f4300004b4500004420000028000000aa
:107c2c0020740000696300006b7300002072000078
:107c3c00656d0000616900006e6900006e670000f0
:107c4c00290d00000a0000004c4f0000434b0000bf
:107c5c003a2000004c4f0000434b0000454400000c
:107c6c000d0a0000005300004156000045000000c2
:107c7c004445000046410000554c000054530000a0
:107c8c000046000061630000746f00007279000010
:107c9c002064000065660000617500006c740000d3
:107cac007320000072650000737400006f72000096
:107cbc00656400000d0a0000004300004f4e0000f8
:107ccc0046490000470000002d2d00002d2000002b
:107cdc00434f00004e46000049470000202d000095
:107cec002d2d00000d0a0000004400006f6f0000f5
:107cfc0072530000706400003a0000004143000021
:107d0c00546900006d650000723a000000410000eb
:107d1c00434500006e3a00002020000020000000c7
:107d2c0041480000546900006d650000723a000083
:107d3c0000410000484500006e3a00002020000081
:107d4c00200000004148000044690000723a000025
:107d5c0020200000004f0000543a000020200000ba
:107d6c002020000020000000546f0000704f000025
:107d7c00523a000020200000004200006f74000006
:107d8c004f5200003a200000200000004c69000017
:107d9c0067680000745400003a20000000440000a2
:107dac0069720000747900003a2000002000000085
:107dbc002d2d00002d200000454e00004420000019
:107dcc002d2d00002d0d00000a000000436800005e
:107ddc00300d00000a00000043680000310d000067
:107dec000a00000043680000320d00000a00000089
:107dfc0043680000330d00000a000000426f0000d1
:107e0c006f740000206c000069670000687400004b
:107e1c00207400006573000074200000646f000083
:107e2c006e6500000d0a0000005500004152000074
:107e3c00542000005265000061640000790d0000c0
:107e4c000a0000005379000073740000656d000097
:107e5c002072000065610000647900000d0a0000ca
:107e6c000053000054200000323100000053000089
:107e7c005420000031460000005300005420000044
:107e8c00323700000053000054200000313600004f
:107e9c000053000054200000303800000053000054
:107eac005420000030390000005300005420000022
:107ebc00304100000053000054200000304200000c
:107ecc00004c000054720000696700003a0000008a
:107edc00545200004156000020000000444f0000a6
:107eec004f520000200000004c4f0000434b00009c
:107efc00200000005550000020000000444e0000ff
:107f0c002000000053540000203200003800000014
:107f1c00535400002032000039000000535400007c
:107f2c0020320000410000005354000020320000b9
:107f3c004200000055700000206f000076650000c4
:107f4c0072720000756e00002073000074610000f6
:107f5c0072740000656400000d0a000000550000fa
:107f6c00702000006f7600006572000072750000d2
:107f7c006e200000636f00006d7000006c650000e7
:107f8c00746500000d0a0000004400006f770000cb
:107f9c006e2000006f7600006572000072750000a4
:107fac006e200000737400006172000074650000a4
:107fbc00640d00000a000000446f0000776e0000a2
:107fcc00206f00007665000072720000756e000074
:107fdc00206300006f6d0000706c00006574000081
:107fec00650d00000a000000535400002031000011
:107ffc00370d00000a0000004f760000657200008b
:10800c007472000061760000656c00002072000044
:10801c0065730000657400000d0a0000000000008c
:10802c00436f00006e66000069670000207300005b
:10803c006176000065640000207400006f20000071
:10804c00666c000061730000680d00000a000000ff
:10805c004e6f000020730000617600006564000024
:10806c00206300006f6e000066690000672000004e
:10807c003f20000075730000696e0000672000004f
:10808c006465000066610000756c0000747300008c
:10809c000d0a0000004300006f6e000066690000ce
:1080ac00672000006c6f00006164000065640000d4
:1080bc0020660000726f00006d200000666c0000ee
:0c80cc0061730000680d00000a00000055
:020000040000fa
:1080d8000000fa004023a9000080fa000000060012
:1080e8000400fa00100798001e0090008000eb00c2
:1080f800e200200003002000820f5000838f580008
:108108003d003e00006001000e00370010003700ff
:108118001200370014003700160037001800370027
:108128001a0037001c0037001e00370020003700f7
:1081380022003700240037002600370028003700c7
:108148002a00370001188000010f78002b00370043
:1081580011188000010f78002800370021188000ce
:10816800010f78002500370031188000010f7800d2
:108178002200370041188000010f78001f003700e7
:1081880051188000010f78001c003700611880002a
:10819800010f78001900370071188000010f78006e
:1081a8001600370081188000010f7800130037008f
:1081b80091188000010f780010003700a118800086
:1081c800010f78000d003700b1188000010f78000a
:1081d8000a003700c1188000010f78000700370037
:1081e800d1188000010f780004003700e1188000e2
:1081f800010f780001003700000000001e00780021
:108208000080fa00000006001600fa00200f98000f
:10821800ae089000811f780060b42b00801f7800a2
:108228000e0078003ee80700e48757000e0078004b
:10823800020007000080fa00000006000200fa00b1
:10824800000f78000b0037000000000011118000bb
:1082580000202000008060000000e000fbff3a00e2
:108268001e007800104078000000fb0020118800f4
:108278001e0fe8001e007800104078000004e0009f
:10828800f1ff3a000080fa00000006000200fa0040
:10829800004f78000000000011118000002020002d
:1082a800008060000000e000fbff3a001e00fb00b9
:1082b800201188000080fa00000006000400fa007f
:1082c800004f780011479800224798000602a8003e
:1082d8000000000030108000610060000000e00035
:1082e800fcff3a001e80fb000000400010108800d0
:1082f80000000000411080000000240000806000a1
:108308000000e000fbff3a001e4090000080fb00e8
:1083180010108800000000004110800000002400b8
:10832800008060000000e000fbff3a002e40900053
:108338000080fb0010108800000000004110800041
:1083480000002400008060000000e000fbff3a000d
:108358000642a800000000003010800064006000a1
:108368000000e000fcff3a000080fa000000060070
:108378000400fa002047980031479800eb130700e3
:108388002e40900000404000031407003e4090003b
:10839800011407002e4090000080fb000000400000
:1083a800004078000004a000fb1307000040eb0029
:1083b8000d140700004f7800e51307001e407800f1
:1083c8000080fa00000006000000fa0002c1b300b5
:1083d8008040eb0000c4b300b8ff070032c0b30010
:1083e800e1cfb30000c4b300b4ff07000041eb00c5
:1083f8008040eb0000c4b300b0ff070042c0b300e8
:1084080011c0b30000c4b300acff07000080fa003d
:10841800000006000800fa0020479800210798008d
:10842800320798002e4090004200dd00664f400061
:108438003e0090000000e0001a003a002e40900034
:108448000080fb0070ff070090b42b007bff070043
:108458000041eb009e40780000c4b30097ff07007e
:108468001e40e8000041eb008040780000c4b300e3
:1084780092ff07001ec0e8000041eb008040780032
:1084880000c4b3008dff07009e40780063c0400021
:1084980002c1b3008040780000c4b30087ff070022
:1084a8001e0037002e009000004078000041780040
:1084b8009e40780000c4b30080ff07002e009000a3
:1084c8004800de00804078001e40e8000141780046
:1084d8008040780000c4b30078ff07003e00900099
:1084e800804078001ec0e800014178008040780094
:1084f80000c4b30071ff07003e0090004800de0092
:10850800804078001e4178006340410001417800b6
:108518008040780000c4b30068ff07000080fa00bc
:10852800000006000200fa000000eb00000f7800cf
:10853800240037001e0178008000eb000040eb00ab
:10854800b4ff070000c4290001002000c31607007b
:108558001e0178008000eb0010c0b300adff0700db
:1085680000c4290001002000bc1607001e01780085
:108578008000eb0020c0b300a6ff070000c429005c
:1085880001002000b51607001e0178008000eb00ee
:1085980030c0b3009fff070000c42900010020007d
:1085a800ae160700f0ff20009e007800808f500074
:1085b800020036000000eb00000f78009e007800f3
:1085c800708f4000000021009e007800808f5000ce
:1085d800d8ff36000080fa00000006000600fa0006
:1085e800000f780011079800220798001e017800f4
:1085f8008000eb000040eb0086ff07001e019000a2
:108608008000eb0010c0b30082ff07002e0190002d
:108618008000eb0020c0b3007eff07000080fa0056
:10862800000006000a00fa00881f78006000b80001
:10863800008fbe0001003700000000001e00be00d1
:10864800dde507000200200003f8230006e207002a
:1086580002002e00f34f2400c7e30700b6e107002d
:108668002007980062aa2000630024001e00be00b4
:10867800fde10700d0e507000200200003f8230011
:10868800f9e1070002002e00f34f2400bae30700c7
:10869800a9e107003007980062aa200063082400b7
:1086a8001e00be00f0e10700c3e50700020020003d
:1086b80003f82300ece1070002002e00f34f24002a
:1086c800ade307009ce10700400798004e019000c9
:1086d800be0090002e009000c0ff070000c42900d3
:1086e800010020005d160700a2702d0033c2230090
:1086f8001e00be00dce10700008fbe0018c0b300fa
:1087080092ff2000930c24001e00be0088e10700a1
:108718000000e00001003c000044eb000804e00019
:10872800c5ff320092ff2000930c24001e00be00fb
:10873800c4e10700008fbe00c0ff37000200fa0046
:10874800004f7800b509070080c7b300ce090700bd
:108758000040eb00cc0907001e407800ca0907005a
:10876800b709070080002000010020003b16070021
:108778000080fa00000006000200fa00004f7800ae
:10878800a609070080c7b300bf09070000c4b300eb
:10879800bd0907001e407800bb090700a8090700ab
:1087a80000322000010020002c1607000080fa008b
:1087b800000006000000fa0000a821006100200067
:1087c8002616070080c3b300dcff070090c3b30080
:1087d800daff070000a82100610020001f1607002b
:1087e80040c1b300d5ff0700f0c7b300d3ff0700af
:1087f800f0c5b300d1ff070000482800e1012000c0
:1088080016160700c0c6b300ccff07000088230077
:10881800110020001116070080c3b300c7ff07002e
:1088280000882300110020000c160700d0c0b300f8
:10883800c2ff070000882300110020000716070068
:1088480010c0b300bdff07000088230011002000fe
:108858000216070060c0b300b8ff070000c4290073
:1088680001002000fd15070000c4b300b3ff070096
:1088780000482800e1012000f81507000080fa00f0
:10888800000006000200fa00000f7800040037001c
:108898001e007800104078001e0fe800b6ff0700a1
:1088a8001e007800104078000004e000f8ff3a004d
:1088b8000080fa00000006000000fa0004fe07002d
:1088c8000080fa00000006000000fa000040800066
:1088d8000000e00002003a00ece2a9000e003700b8
:1088e800104080000000e800104088001040800020
:1088f800e20f500002003c00ece2a8000100370043
:10890800ece2a9001140800030062000808f500062
:10891800010034000228ef000080fa000000060081
:108928000000fa001116800000202000008060007e
:108938000000e0000b003a0011168000000420003f
:10894800008060000000e000060032001016800081
:10895800610060000000e00002003200100020000a
:10896800110037001116800000042000008060000c
:108978000000e0000b003a001116800000202000e3
:10898800008060000000e000060032001016800041
:10899800620060000000e0000200320010002000c9
:1089a800010037000000eb000080fa00000006001c
:1089b8000000fa00204680000000e00005003a00b0
:1089c8001000200020468800c628ef001000200074
:1089d800004688000080fa00000006000000fa0047
:1089e800b213070010002000104688001000200075
:1089f800e043880010002000704888001000200024
:108a0800c048880010002000f043880010002000b3
:108a1800d048880010002000a048880010002000de
:108a2800804588001000200080438800f0478000bf
:108a38000000e800f0478800904680000000e80049
:108a48009046880010178000610060000000e00078
:108a580004003200f04680000000e800f04688007c
:108a680001003700de28ef00304480000000e800f5
:108a780030448800a04980000000e800a049880030
:108a8800a149800030062000808f5000010034008a
:108a98003429ef008cff0700404280000000e0000e
:108aa8000b003200504280000000e0000800340053
:108ab800504280000000e900504288005042800087
:108ac8000000e00002003a001f0d07004828ef00f0
:108ad8000080fa00000006000000fa0017130700e3
:108ae80010002000f048880010002000504788003f
:108af8000080fa00000006000000fa0023140700b6
:108b08000080fa00000006000800fa00804080009b
:108b1800e10f50000f003200e10f5000050039004e
:108b2800e20f500022003200e30f50003c003200f8
:108b3800530037001228ef00c04080000000e0001a
:108b4800480032001828ef001000200080408800fc
:108b58004b003700d04980000000400080007800ba
:108b68009040800000804000904088009140800044
:108b7800e00f2000808f500006003400f00f200026
:108b88009040880020002000804088001428ef00d2
:108b98001628ef00c04080000000e00033003200db
:108ba8001828ef001428ef001628ef0034003700cb
:108bb800f00f200090408800a0408000b140800065
:108bc80061004000e0804800a0408800b140880073
:108bd800c04080000000e000030032001828ef00c9
:108be8001428ef001628ef00a2408000b340800050
:108bf800b04a8000c14a8000800f5100818f59001f
:108c08001c00390030002000804088001428ef0044
:108c18001628ef00c0b42b0088fd070018003700a5
:108c2800c04080000000e000040032001828ef0077
:108c3800100020008040880011003700914080001b
:108c4800d04980000080500090408800904080000b
:108c58000000e00009003c001228ef001028ef0097
:108c68000700370000000000050037000000000082
:108c7800030037000000000001003700000000007a
:108c8800904080006101b900c0418000d14180005e
:108c9800009ab90004027800028bb90086027800b5
:108ca800050242000010b80001024200840078006a
:108cb800f20f20000300200052e00700000f7800a8
:108cc800904080006101b900e0418000f1418000de
:108cd800009ab90004027800028bb9008602780075
:108ce800050242000010b80001024200840078002a
:108cf800f20f20000300200042e007001007980050
:108d0800904080006101b90000428000114280005b
:108d1800009ab90004027800028bb9008602780034
:108d2800050242000010b8000102420084007800e9
:108d3800f20f20000300200032e00700200798000f
:108d4800904080006101b9002042800031428000db
:108d5800009ab90004027800028bb90086027800f4
:108d6800050242000010b8000102420084007800a9
:108d7800f20f20000300200022e0070030079800cf
:108d88001e0078004400dd00000178008000eb0040
:108d980020c0b3009ffd07001e0090004400dd00c6
:108da800000178008000eb0010c0b30099fd0700b7
:108db8002e0090004400dd00000178008000eb00e8
:108dc8000040eb0093fd07003e0090004400dd00ea
:108dd800000178008000eb0030c0b3008dfd070073
:108de8000080fa00000006000000fa00f14680004a
:108df800b0498000808f500003003500100020002b
:108e0800e0468800de28ef00e0468000e10f5000d1
:108e180003003a00ed02a900ec02a80002003700a6
:108e2800ed02a800ec02a900d11680000000220083
:108e3800008060000000e00002003200dc28ef0043
:108e4800de28ef000080fa00000006000000fa00ab
:108e5800f1478000604c8000808f5000030035008f
:108e6800fe28ef00c482a800d442a8000080fa00bf
:108e7800000006000000fa001000200040428800b0
:108e880020032000504288000080fa0000000600fd
:108e98000a00fa0040079800ce009000811f780071
:108ea80020b62b00801f78000e0078001ce5070014
:108eb800e48757000e007800e0fc07000080fa0005
:108ec800000006000000fa0020408000e10f50007a
:108ed8001e003200e10f500003003900e20f50007d
:108ee8002c003200390037001116800000002800dd
:108ef800008060000000e0002d003200100020001b
:108f0800904388001000200020408800c402a80078
:108f1800c422a90070b62b00c8fc0700b1b72b000b
:108f2800b0b420001de507000000e0002200320078
:108f380062002000b1b72b00b0b4200010e5070094
:108f4800100020005048880020003700c402a80004
:108f58001116800000042000008060000000e0007e
:108f680005003a001116800000002800008060000b
:108f78000000e00012003a00c402a9007228ef00c5
:108f8800200020002040880010b82b00abfc070010
:108f98000e003700111680000000280000806000d5
:108fa8000000e00008003a000428ef00070037003e
:108fb8000000000005003700000000000300370033
:108fc8000000000001003700000000000080fa00e7
:108fd800000006000200fa0050418000e10f500036
:108fe8000e00320060418000e10f50000b0032009b
:108ff80010168000610060000000e00007003a00e1
:1090080010168000620060000000e00003003a00d3
:1090180090438000e10f500002003a001000200049
:10902800010037000000eb00000f7800304080009e
:10903800e10f500021003200e10f50000300390019
:10904800e20f500038003200470037001116800048
:1090580000002400008060000000e00039003200b9
:109068001e0078000000e00038003a0010002000e0
:10907800404088001000200030408800c422a8002a
:10908800c402a90060b92b006cfc0700b1ba2b0020
:10909800b0b42000c1e407000000e0002d00320059
:1090a80062002000b1ba2b00b0b42000b4e407007d
:1090b80010002000504888002b003700c422a80068
:1090c8001e0078000000e00006003200c422a9005b
:1090d8000828ef000628ef0010bb2b0057fc0700fc
:1090e8002100370011168000000420000080600075
:1090f8000000e00005003a0011168000000024007e
:10910800008060000000e00014003a00c422a900ba
:109118000828ef002000200030408800a0bc2b0069
:1091280046fc0700100037001116800000002400dc
:10913800008060000000e0000a003a000628ef0006
:109148000900370000000000070037000000000099
:109158000500370000000000030037000000000091
:1091680001003700000000000080fa00000006003f
:109178002200fa000017980000c42900010020000e
:10918800b613070001be2b000e109000f2e5070091
:109198000000e00008003200100020005041880064
:1091a8002c28ef00c422a800c402a90060be2b002e
:1091b80022fc070001023700a1bf2b000e1090000f
:1091c800e5e507000000e00008003200100020007c
:1091d800604188002a28ef00c402a800c422a90020
:1091e80000c02b0015fc0700f401370041c12b001b
:1091f8000e109000d8e507000000e00007003200dc
:109208002a28ef002c28ef00c422a900c402a900d4
:10921800a0c12b0009fc0700e801370001c32b009f
:109228000e1090005de407000000e00009003a001d
:109238002a28ef002c28ef00c422a900c402a900a4
:109248001000200020458800a0c12b00fbfb070070
:10925800da01370031c32b000e1090004fe40700ed
:109268000000e00006003a001000200000408800de
:109278000228ef0060c32b00f0fb0700cf01370086
:10928800c1c42b000e10900044e407000000e00069
:1092980006003a000028ef000228ef00ece2a900df
:1092a800f0c42b00e5fb0700c401370051c62b00b2
:1092b8000e10900039e407000000e000bf01320002
:1092c800b1c62b000e10900034e407000000e00047
:1092d80005003a00b0498000cbfb070090b42b0092
:1092e800d6fb0700b5013700e1c62b000e10900031
:1092f8002ae407000000e00005003a00c0498000a9
:10930800c1fb070090b42b00ccfb0700ab01370072
:1093180011c72b000e10900020e407000000e000a9
:1093280005003a00a0ae2000c4fb070090b42b0053
:10933800c2fb0700a101370041c72b000e109000a7
:1093480016e407000000e00005003a00a0ae200087
:10935800bafb070090b42b00b8fb07009701370051
:10936800b1c72b000e1090000ce407000000e000cd
:1093780008003a00504080000000e00005003a0074
:10938800100020005040880000c82b00abfb0700ed
:109398008a01370041c92b000e109000ffe3070037
:1093a8000000e00007003a0050408000e10f500044
:1093b80004003a000a28ef0090c92b009ffb070021
:1093c8007e01370032002000b1ca2b000e10900039
:1093d800fde307000000e00026003a000e109000b0
:1093e8006300400022002000800078000e00780012
:1093f8000ae407000040eb0020479800f0ca2b0061
:109408008efb07000e1090008cfb070090b42b0019
:109418008afb070064004700801f7800f0cb2b0010
:10942800801f78000e109000cae30700e4875700f9
:10943800e10f50000c003a002e009000cf80de00b3
:10944800c0418800d141880060cc2b007bfb07001d
:10945800c0418000d1418000000078006afb07000d
:1094680084fe07005501370070cd2b0073fb070001
:109478005201370032002000f1ce2b000e10900070
:10948800d1e307000000e0001f003a000e10900032
:10949800e30040006600470022002000dfe30700e9
:1094a8000040eb00004f98006a004700801f7800da
:1094b80030cf2b00801f78000e109000a5e3070026
:1094c800e4875700e10f50000c003a005e0090005e
:1094d800cf80de00e0418800f1418800a0cf2b005a
:1094e80056fb0700e0418000f14180000000780051
:1094f80045fb07005ffe070030013700e0d02b0076
:109508004efb07002d0137003200200081d22b00ce
:109518000e109000ace307000000e0001f003a00c6
:109528000e109000e30040006c004700220020006d
:10953800bae307000040eb00604f98007000470056
:10954800801f7800c0d22b00801f78000e1090007a
:1095580080e30700e4875700e10f50000c003a0051
:109568000e089000cf80de0000428800114288007b
:1095780030d32b0031fb07000042800011428000ed
:109588000000780020fb07003afe07000b013700b7
:1095980060d42b0029fb07000801370032002000a7
:1095a800f1d52b000e10900087e307000000e000c3
:1095b8001f003a000e109000e300400072004700c0
:1095c8002200200095e307000040eb004057980078
:1095d80076004700801f780030d62b00801f780067
:1095e8000e1090005be30700e4875700e10f50007e
:1095f8000c003a003e089000cf80de002042880030
:1096080031428800a0d62b000cfb070020428000c6
:109618003142800000007800fbfa070015fe0700c1
:10962800e6003700e0d72b0004fb0700e300370013
:109638003200200081d92b000e10900062e3070051
:109648000000e00017003a0078004700801f78000b
:10965800c0d92b00801f78000e1090003de3070052
:10966800e4875700e10f5000d4003a004e089000fc
:10967800cf80de00b04a8800c14a880020da2b007b
:10968800eefa0700b04a8000c14a80000000780066
:10969800ddfa070090b42b00e8fa0700f5fd070093
:1096a800c600370032002000b1db2b000e109000fe
:1096b80045e307000000e0001f003a000e1090008c
:1096c800e30040007a0047002200200053e307002f
:1096d8000040eb00405f98007e004700801f780044
:1096e800f0db2b00801f78000e10900019e30700b4
:1096f800e4875700e10f50000c003a007e08900004
:10970800cf80de00e0498800f149880060dc2b004a
:10971800cafa0700e0498000f1498000000078009b
:10972800b9fa0700d3fd0700a4003700b0dd2b000d
:10973800c2fa0700a1003700a1df2b000e1090002d
:1097480016e307000000e0000e003a002046800003
:109758000000e0000800320050e02b00b7fa0700d4
:10976800304680007e001000a7fa070060e12b0059
:10977800b2fa070091003700a0e22b00affa070009
:109788008e00370091e32b000e10900003e30700d2
:109798000000e00004003a00eb0907004828ef0049
:1097a8004a28ef0085003700e1e32b000e109000f7
:1097b800fae207000000e00007003a00cb0a0700c1
:1097c800e10907004828ef004a28ef0070e42b0061
:1097d8009afa07007900370031e62b000e10900046
:1097e800eee207000000e00074003a00a0e62b005b
:1097f80092fa0700b0ca2b0090fa0700c041800017
:10980800d141800000007800a1fd070090b42b0032
:109818008afa0700f0ce2b0088fa0700e0418000a2
:10982800f14180000000780099fd070090b42b00fa
:1098380082fa070080d22b0080fa070000428000dd
:10984800114280000000780091fd070090b42b00c1
:109858007afa0700f0d52b0078fa0700204280003a
:10986800314280000000780089fd070090b42b0089
:1098780072fa0700b0e72b0070fa0700e049800091
:10988800f1498000000078005ffa070090b42b00cf
:109898006afa070040e82b0068fa0700004a8000cf
:1098a800114a80000000780057fa070090b42b0096
:1098b80062fa0700d0e82b0060fa0700204a80000f
:1098c80051fa070090b42b005cfa070060e92b00fe
:1098d8005afa0700304a8000414a800000007800a8
:1098e80049fa070090b42b0054fa0700f0e92b005e
:1098f80052fa0700a041800043fa070090b42b00f9
:109908004efa070080ea2b004cfa0700b0418000ad
:109918003dfa070090b42b0048fa070010eb2b0023
:1099280046fa0700504a8000614a8000000078002b
:1099380035fa070090b42b0040fa0700a0eb2b0083
:109948003efa0700704a8000814a800000007800d3
:109958002dfa070090b42b0038fa070030ec2b00e2
:1099680036fa0700904a8000a14a8000000078007b
:1099780025fa070090b42b0030fa0700c0ec2b0042
:109988002efa0700b04a8000c14a80000000780023
:109998001dfa070090b42b0028fa070050ed2b00a1
:1099a80026fa07004042800017fa070090b42b00ff
:1099b80022fa0700e0ed2b0020fa07000080fa00e9
:1099c800000006000000fa001116800000022000c6
:1099d800008060000000e00003003a00704580004d
:1099e800e10f500002003a0010002000010037008b
:1099f8000000eb000080fa00000006002200fa00d8
:109a0800881f78007611070000a821006100200057
:109a180092110700bd1007007707070000a8210072
:109a2800610020008d110700a60f0700490f0700ed
:109a3800ec0e0700ff0f0700d90f07007c0f070087
:109a48001f0f070032100700a1f907000046240085
:109a5800130f0700cde2a800ecc2a900f00c070024
:109a68000b0d07000000eb00230d0700001020007d
:109a78001b0d070000482800e101200077110700ae
:109a880051fa070000502300c1002000731107009d
:109a9800c0ee2b00e9f90700f2ff20008000eb0080
:109aa8000040eb005bfa070000202100a10720001e
:109ab8006a1107000001eb008000eb000040eb009a
:109ac80054fa070020ef2b00dcf90700f2ff200012
:109ad8008000eb0010c0b3004efa07000020210000
:109ae800a10720005d1107000001eb008000eb00da
:109af80010c0b30047fa070080ef2b00cff907002a
:109b0800f2ff20008000eb0020c0b30041fa0700fc
:109b180000202100a1072000501107000001eb00e0
:109b28008000eb0020c0b3003afa0700e0ef2b00fa
:109b3800c2f90700f2ff20008000eb0030c0b3003c
:109b480034fa070000202100a10720004311070074
:109b58000001eb008000eb0030c0b3002dfa0700d5
:109b680040f02b00b5f90700c402a900c422a900df
:109b7800c482a800d442a800d482a900dd22a8008b
:109b8800dcc2a900cde2a800e4e2a800e4c2a80073
:109b9800ec02a800ec22a800ec42a800ec62a800a5
:109ba800ec82a900eca2a900ecc2a900ece2a90091
:109bb800ed02a800ed82a800f4e2a800f5c2a90011
:109bc800f5e2a90000482800e10120002311070060
:109bd800103a8000000178000260a10060042000b3
:109be800710520002374200080497800814978009d
:109bf800824978001136800000fc2f000080600048
:109c08003000b300103688002135800000fc2f009a
:109c1800008060003000b30020358800103a8000d2
:109c2800000178000260a000600420007105200097
:109c3800237420008049780081497800824978009f
:109c4800b0f12b007df907002c09070080f22b00ea
:109c58007af907000000eb00a70c07000080eb0072
:109c6800000f7800e0498000f1498000000078008a
:109c7800904b880001003700000000000060fe00e3
:109c8800770707000004e0002300320049070700b7
:109c9800004f98000e489000ea4f50000300320031
:109ca8000e489000ed4f50000d003a000fc8bf005d
:109cb8000080fb0021b820000041eb008270780092
:109cc80020b820005df9070090b42b005bf907006d
:109cd80020b8200026fd07000f68ef000e003700af
:109ce800f180200091407800e0c3b30080cf50009d
:109cf80008003e000fc8bf008080fb0022b820008b
:109d08008e49900003f178000040e8000fe8b700a2
:109d1800010037000f68ef001116800000042000d2
:109d2800008060000000e00019003a001116800071
:109d380000202000008060000000e00014003200d5
:109d48000000eb00100798001e0078000000e000fb
:109d58000300320016fb0700100020007045880041
:109d680071f32b00b0b420008ce107000000e00084
:109d7800550032006200200071f32b00b0b42000bf
:109d88007fe1070010002000504888004e0037008f
:109d98001116800000202000008060000000e00014
:109da80019003a00111680000004200000806000ad
:109db8000000e00014003200100020001007980096
:109dc8001e007800e10f500003003200f8fa070087
:109dd8001000200070458800d1f32b00b0b420009b
:109de8006ee107000000e00037003200620020004a
:109df800d1f32b00b0b4200061e10700100020006f
:109e080050488800300037001116800000202000dc
:109e1800008060000000e00014003200111680008d
:109e280000042000008060000000e0000f00320005
:109e38002000200010079800ae28ef0031f42b0016
:109e4800b0b4200055e107000000e0001e00320019
:109e58006200200031f42b00b0b4200048e1070074
:109e680010002000504888001700370011168000a5
:109e780000202000008060000000e00012003a008e
:109e88001116800000042000008060000000e0003f
:109e98000d003a00300020001007980091f42b00c4
:109ea800b0b420003de107000000e00006003200e9
:109eb8006200200091f42b00b0b4200030e10700cc
:109ec8001000200050488800fefb070041fc0700f6
:109ed8001116800000042000008060000000e000ef
:109ee800050032001116800000202000008060006c
:109ef8000000e000fc003a0070428000e20f5000d1
:109f080082003200e20f500005003e000000e00031
:109f180008003200e10f500034003200fc00370026
:109f2800e30f5000a7003200e40f5000ea003200af
:109f3800f7003700704580000000e00012003a008a
:109f48005116800000002200008060000000e00040
:109f580003003a00204580000000e0000a003a00b3
:109f68005116800000002200008060000000e00020
:109f78001d003a00111680000002200000806000d9
:109f88000000e0001800320089fa0700cde2a900bd
:109f9800ecc2a9001000200070428800a628ef003b
:109fa800a828ef00aa28ef000000eb00d20b07005a
:109fb800ae28ef00f5c2a800f5e2a900f1f42b00e5
:109fc800f0b32000f5e007000000e00006003200d2
:109fd80062002000f1f42b00f0b32000e8e0070055
:109fe8001000200030488800be003700f043800091
:109ff8000000e000190032007e28ef005045800084
:10a008000000e8005045880051458000a04b8000c2
:10a01800808f50001100350031458000904b800042
:10a02800808f50000a003d0031458000b04b800011
:10a03800008040003045880031458000904b80000a
:10a04800808f500002003400904b8000304588001b
:10a0580030458000a80b0700aa28ef0051168000a1
:10a0680000002100008060000000e00026003a00a7
:10a0780031458000210798000d0037002e00900020
:10a088000000e00002003d000000eb0020079800ff
:10a098002e009000980b070000c429000100200042
:10a0a800ee0f07002e0090004006b1002007980030
:10a0b8002e0090000000e000f0ff3d00ecc2a80078
:10a0c8000000eb008c0b0700200020007042880085
:10a0d800ae28ef00a428ef0051f52b00f0b32000c4
:10a0e800aee007000000e000060032006200200039
:10a0f80051f52b00f0b32000a1e00700100020006c
:10a1080030488800f5c2a90076003700204a800050
:10a118000000e00003003200b04580000000e000cd
:10a1280010003a00104580000000e0000d003a00e1
:10a13800204580000000e0000a003a005116800027
:10a1480000002100008060000000e0001c003a00d0
:10a158001116800000022000008060000000e0006e
:10a1680017003200cde2a900ecc2a80030002000a0
:10a1780070428800a628ef00a828ef00aa28ef0060
:10a188000000eb005c0b0700f5c2a900f5e2a8008f
:10a19800b628ef00b1f52b00f0b320007fe00700f0
:10a1a8000000e0000600320062002000b1f52b003c
:10a1b800f0b3200072e0070010002000304888004b
:10a1c80048003700f04380000000e000190032002a
:10a1d8007e28ef00504580000000e80050458800c8
:10a1e80051458000a04b8000808f50001100350041
:10a1f80031458000904b8000808f50000a003d0060
:10a2080031458000b04b8000008040003045880018
:10a2180031458000904b8000808f50000200340050
:10a22800904b80003045880030458000320b070095
:10a23800aa28ef005116800000002200008060006c
:10a248000000e00023003a00324580003207980001
:10a258000d0037003e0090000000e00002003d00c5
:10a268000000eb00300798003e009000220b07002a
:10a2780000c4290001002000780f07003e0090006c
:10a288004006b100300798003e0090000000e00052
:10a29800f0ff3d000000eb00170b0700a428ef00bb
:10a2a800400020007042880011f62b00f0b3200017
:10a2b8003ae007000000e0000600320062002000db
:10a2c80011f62b00f0b320002de00700100020004d
:10a2d80030488800030037004e28ef00ae28ef0012
:10a2e800000000000a003700cde2a8000000eb00e3
:10a2f800010b07009e28ef009628ef007428ef0056
:10a308004e28ef00ae28ef00b228ef00b428ef0087
:10a318009e019000030f78001116800000042000b1
:10a32800008060000000e00006003a0090168000ff
:10a33800700060000000e00002003a0010002000f9
:10a34800010037000000eb00e10f50000e00320062
:10a358001116800000202000008060000000e0004e
:10a3680006003a0090168000700060000000e000cf
:10a3780002003a0010002000010037000000eb0046
:10a38800e10f500012003a0070428000e40f5000c4
:10a3980003003200704280000000e00010003a0024
:10a3a8005ff907000000e000070032006046800007
:10a3b8000000e0000c003a00100020006046880011
:10a3c8007bf9070009003700cc28ef0007003700a9
:10a3d800ca28ef00c828ef00cc28ef000300370098
:10a3e8000000000001003700000000002046800047
:10a3f8000000e0000d003200104680000000e00080
:10a408000a003200c228ef00304680000000e80051
:10a418003046880030468000fd0f500003003400ad
:10a42800c428ef00c028ef00c628ef0020468000af
:10a438000000e00003003200ec82a800ec62a800f3
:10a4480002003700ec82a900ec62a9001116800016
:10a4580000042000008060000000e00007003200d7
:10a468001116800000202000008060000000e0003d
:10a478000200320010002000010037000000eb004d
:10a4880050079800de009000610798007042800035
:10a49800e10f50000600320070428000e20f5000c9
:10a4a8000300320070428000e30f500002003a00bf
:10a4b80010002000010037000000eb007007980032
:10a4c800204680000000a20000f0a7000000ea007b
:10a4d8000000e9004f00de00000f980050418000a6
:10a4e8000000a20000f0a7000000ea000000e90058
:10a4f8004f00de00100f9800604180000000a200ad
:10a5080000f0a7000000ea000000e9004f00de00ac
:10a51800200f98006e0090000000e0000300320059
:10a52800504980000000e000180032007e009000d2
:10a538000000e00003003200604980000000e000f5
:10a54800120032000e0890000000e0000300320004
:10a55800704980000000e0000c0032001e089000e6
:10a568000000e00003003200804980000000e000a5
:10a57800060032002e0890000000e00022003200a1
:10a58800904980000000e0001f003a001000200001
:10a59800c040880070f62b0028f707006e00900076
:10a5a8000000e00002003200e0f62b0023f707006d
:10a5b8007e0090000000e0000200320040f72b000f
:10a5c8001ef707000e0890000000e00002003200ad
:10a5d800a0f72b0019f707001e0890000000e00004
:10a5e8000200320000f82b0014f707002e08900034
:10a5f8000000e0000200320040f82b000ff70700cf
:10a6080090b42b000df707006e01900052498800a6
:10a61800fe019000634988008e0890007149880007
:10a628001e09900082498800ae099000934988006d
:10a63800d04880000000e000020032001a29ef0034
:10a6480031f9070070428000e20f500015003a000f
:10a65800204a80000000e00012003200e043800041
:10a668000000e000130032007c28ef00c0458000a5
:10a678000000e800c0458800c04580006101b900bd
:10a68800004a8000114a8000800f5100818f5900d4
:10a698000700390010002000b0458800b828ef00f6
:10a6a80004003700b828ef00b628ef000100370093
:10a6b800000000006000200089f60700c042880002
:10a6c800c0428000cf80de00b6d90700020020001b
:10a6d800e3332400a8db070002002f00f35724000f
:10a6e800c6da0700300f9800410f9800d04a800062
:10a6f800e14a8000d2cc2c00c3e42300d1d9070062
:10a7080018c0b3003e099000ce09900088d9070010
:10a718000000e00001003c000044eb000804e000f9
:10a728000e003a00d04a8000e14a8000d2cc2c00ca
:10a73800c3e42300ccd9070018c0b3003e09900039
:10a74800ce09900078d907000000e000010035002c
:10a758000044eb000804e000040032003e099000c9
:10a76800ce099000d24a8800e34a880060002000a1
:10a778005bf6070080428800d116800000002400a4
:10a78800008060000000e00001003a000029ef00ae
:10a79800d116800000002400008060000000e00066
:10a7a80002003200100020000048880010168000c7
:10a7b800610060000000e00004003a00101680000c
:10a7c800620060000000e00002003200100020007b
:10a7d800010037000000eb00500f98002043800074
:10a7e800e10f50000d003200e10f50000300390066
:10a7f800e20f5000150032002c0037006828ef00e7
:10a80800f4e2a8005e0890000000e0002200320098
:10a818001000200020438800240037006828ef003b
:10a82800f4e2a8005e0890000000e0001c003a0076
:10a8380020002000204388006628ef001000200038
:10a8480040438800f4e2a9001800370010002000f7
:10a8580040438800f4e2a90070488000e10f5000ee
:10a8680004003a000e29ef00304380000000e800a1
:10a878003043880031438000104b8000808f5000a7
:10a88800090035006428ef006628ef006828ef000b
:10a89800f4e2a800050037000000000003003700bc
:10a8a8000000000001003700000000004043800065
:10a8b8000000e00002003200ec42a800010037006e
:10a8c800ec42a900dd22a800d442a800c482a80056
:10a8d800004080000000e00007003a0010178000e8
:10a8e800620060000000e00002003200ece2a80014
:10a8f80001003700ece2a900d0168000d0168000d5
:10a908005117800000002200008060000000e00075
:10a91800150032001116800000042000008060003d
:10a928000000e00010003200111680000020200016
:10a93800008060000000e0000b00320081f82b006e
:10a9480010b5200095de07000000e0000600320088
:10a958006200200081f82b0010b5200088de070077
:10a968001000200060488800511780000000220075
:10a97800008060000000e000120032001116800024
:10a9880000042000008060000000e0000d003a0094
:10a99800ec22a900e4e2a800e1f82b0010b52000a1
:10a9a8007ede07000000e0000600320062002000a2
:10a9b800e1f82b0010b5200071de07001000200020
:10a9c8006048880051178000000022000080600065
:10a9d8000000e0001700320011168000002020005f
:10a9e800008060000000e00012003a00901680002d
:10a9f800680060000000e0000e003a00100020002f
:10aa0800c0478800e4c2a80041f92b0010b5200017
:10aa180062de07000000e00006003200620020004d
:10aa280041f92b0010b5200055de0700100020006a
:10aa380060488800511780000000220000806000f4
:10aa48000000e0000f003a00f828ef00fa28ef00b5
:10aa5800e4c2a900e4e2a900a1f92b0010b5200086
:10aa68004ede07000000e000060032006200200011
:10aa7800a1f92b0010b5200041de070010002000ce
:10aa880060488800101680004600de0061406000c3
:10aa98000080fb00600f9800804c8000e10f5000a0
:10aaa8000c003a006e0890000000e00009003a002f
:10aab800204780000000e00006003a001000200057
:10aac80020478800e628ef00ec28ef0000fa2b006a
:10aad800daf5070020478000e10f500017003a0020
:10aae800c422a800c402a90050478000e10f50000a
:10aaf80016003a00ea28ef00304780000000e8001e
:10ab080030478800704a8000814a800080007800c1
:10ab180030478000808f50000c003c00c422a90000
:10ab28001000200060478800e628ef00e428ef00c6
:10ab380050fb2b00c1f5070004003700404080009f
:10ab48000000e00001003a00c422a9006e0890004d
:10ab5800e10f500001003a00ec28ef00ee099000e8
:10ab6800834c8800101680004900de0061406000b8
:10ab78000080fb00700f9800904c8000e10f50009f
:10ab88000c003a007e0890000000e00009003a003e
:10ab9800804780000000e00006003a001000200016
:10aba80080478800f228ef00f628ef00b0fc2b0061
:10abb800a2f5070080478000e10f500017003a0017
:10abc800c402a800c422a900f0488000e10f500088
:10abd80016003a001e29ef00904780000000e800a8
:10abe80090478800904a8000a14a80008000780041
:10abf80090478000808f50000c003c00c402a900e0
:10ac080010002000b0478800f228ef00f028ef007d
:10ac180020fe2b0089f507000400370090438000d0
:10ac28000000e00001003a00c402a9007e0890007c
:10ac3800e10f500001003a00f628ef00fe089000ee
:10ac4800914c8800130b07000000e000010034005d
:10ac580062f70700b30a07000000e00001003400b3
:10ac68009df70700101780006100600000f0a70042
:10ac78000000ea000000ea004f00de00001798001c
:10ac88000e1090000000e0000e003200e046800048
:10ac98000000e0000b003a00f1468000b049800057
:10aca800808f50000b00350010002000e04688001f
:10acb800de28ef00a0ff2b0060f507006df8070005
:10acc800040037000e1090000000e00001003a0078
:10acd800de28ef00d116800000002200008060000e
:10ace8000000e00008003200e04680000000e000bc
:10acf8000300320020002c0050f507005df8070023
:10ad0800dc28ef00de28ef00e0468000e10f50006d
:10ad180003003a00ed02a800ec02a9000200370087
:10ad2800ed02a900ec02a8009016800068006000ff
:10ad38000000e00003003200d482a800e4e2a90089
:10ad480002003700d482a900e4e2a800304880005d
:10ad5800e10f500005003a00f0b3200037f5070076
:10ad680090b42b0035f507000629ef004048800015
:10ad7800e10f500005003a0050b420002ff50700fd
:10ad880090b42b002df507000829ef0050488000eb
:10ad9800e10f500005003a00b0b4200027f5070085
:10ada80090b42b0025f507000a29ef0060488000c1
:10adb800e10f5000b0fb3a0010b520001ff5070066
:10adc80090b42b001df507000c29ef00abfb3700f2
:020000040000fa
:10add8000400fa00008fbe0017e2a9001e00be00a2
:10ade80000004000818048000001be000090200063
:10adf800d103200003d80700000078000000e90014
:10ae0800a010880017e2a80000a821006100200017
:10ae1800920c07000080fa00000006000000fa000b
:10ae28001602a80000000000b01080006100600059
:10ae38000000e000fcff3a000080fa000000060075
:10ae48000000fa001642a80000000000b0108000c0
:10ae5800640060000000e000fcff3a000080fa0097
:10ae6800000006000000fa001622a80000000000fa
:10ae7800b0108000620060000000e000fcff3a00b3
:10ae88000080fa00000006000200fa00004f780077
:10ae98001e80fb009010880000000000c110800098
:10aea80000002400008060000000e000fbff3a0082
:10aeb800c1108000000028000080600000f0a7009a
:10aec8000000ea000000e9004f00de0000407800c2
:10aed8000080fa00000006000400fa0020479800ed
:10aee8001662a80000000000c01080006200600028
:10aef8000000e000fcff320000108000004f7800e6
:10af08002e4090000004e000020032000040eb00f8
:10af18000100370010c0b3000080fb006100600032
:10af28004500dd00b11080000150a1000100700053
:10af3800b01088001682a80000000000b010800041
:10af4800700060000000e000fcff3a001e4078003e
:08af58000080fa000000060071
:020000040000fa
:10af60000000fa0000002300203a88004827ef0084
:10af70004e27ef007027ef007227ef007427ef00d5
:10af80007627ef007a27ef007c27ef007200200081
:10af900080072000a1092000337420008049780038
:10afa00081497800824978000001eb0060042000ac
:10afb00071052000237420008049780081497800c1
:0cafc000824978000080fa0000000600c2
:020000040000fa
:10afcc00809fbe00ec80570031007800104d880047
:10afdc0011007800a4e9b7004f00be000000060085
:020000040000fa
:10b000000000000000000000000000000000000040
:10b010000000000000000000000000000000000030
:10b020000000000000000000000000000000000020
:10b030000000000000000000000000000000000010
:10b040000000000000000000000000000000000000
:10b0500000000000000000000000000000000000f0
:10b0600000000000000000000000000000000000e0
:10b0700000000000000000000000000000000000d0
:10b0800000000000000000000000000000000000c0
:10b0900000000000000000000000000000000000b0
:10b0a00000000000000000000000000000000000a0
:10b0b0000000000000000000000000000000000090
:10b0c0000000000000000000000000000000000080
:10b0d0000000000000000000000000000000000070
:10b0e0000000000000000000000000000000000060
:10b0f0000000000000000000000000000000000050
:10b10000000000000000000000000000000000003f
:10b11000000000000000000000000000000000002f
:10b12000000000000000000000000000000000001f
:10b13000000000000000000000000000000000000f
:10b1400000000000000000000000000000000000ff
:10b1500000000000000000000000000000000000ef
:10b1600000000000000000000000000000000000df
:10b1700000000000000000000000000000000000cf
:10b1800000000000000000000000000000000000bf
:10b1900000000000000000000000000000000000af
:10b1a000000000000000000000000000000000009f
:10b1b000000000000000000000000000000000008f
:10b1c000000000000000000000000000000000007f
:10b1d000000000000000000000000000000000006f
:10b1e000000000000000000000000000000000005f
:10b1f000000000000000000000000000000000004f
:10b20000000000000000000000000000000000003e
:10b21000000000000000000000000000000000002e
:10b22000000000000000000000000000000000001e
:10b23000000000000000000000000000000000000e
:10b2400000000000000000000000000000000000fe
:10b2500000000000000000000000000000000000ee
:10b2600000000000000000000000000000000000de
:10b2700000000000000000000000000000000000ce
:10b2800000000000000000000000000000000000be
:10b2900000000000000000000000000000000000ae
:10b2a000000000000000000000000000000000009e
:10b2b000000000000000000000000000000000008e
:10b2c000000000000000000000000000000000007e
:10b2d000000000000000000000000000000000006e
:10b2e000000000000000000000000000000000005e
:10b2f000000000000000000000000000000000004e
:10b30000000000000000000000000000000000003d
:10b31000000000000000000000000000000000002d
:10b32000000000000000000000000000000000001d
:10b33000000000000000000000000000000000000d
:10b3400000000000000000000000000000000000fd
:10b3500000000000000000000000000000000000ed
:10b3600000000000000000000000000000000000dd
:10b3700000000000000000000000000000000000cd
:10b3800000000000000000000000000000000000bd
:10b3900000000000000000000000000000000000ad
:10b3a000000000000000000000000000000000009d
:10b3b000000000000000000000000000000000008d
:10b3c000000000000000000000000000000000007d
:10b3d000000000000000000000000000000000006d
:10b3e000000000000000000000000000000000005d
:10b3f000000000000000000000000000000000004d
:10b40000000000000000000000000000000000003c
:10b41000000000000000000000000000000000002c
:10b42000000000000000000000000000000000001c
:10b43000000000000000000000000000000000000c
:10b4400000000000000000000000000000000000fc
:10b4500000000000000000000000000000000000ec
:10b4600000000000000000000000000000000000dc
:10b4700000000000000000000000000000000000cc
:10b4800000000000000000000000000000000000bc
:10b4900000000000000000000000000000000000ac
:10b4a000000000000000000000000000000000009c
:10b4b000000000000000000000000000000000008c
:10b4c000000000000000000000000000000000007c
:10b4d000000000000000000000000000000000006c
:10b4e000000000000000000000000000000000005c
:10b4f000000000000000000000000000000000004c
:10b50000000000000000000000000000000000003b
:10b51000000000000000000000000000000000002b
:10b52000000000000000000000000000000000001b
:10b53000000000000000000000000000000000000b
:10b5400000000000000000000000000000000000fb
:10b5500000000000000000000000000000000000eb
:10b5600000000000000000000000000000000000db
:10b5700000000000000000000000000000000000cb
:10b5800000000000000000000000000000000000bb
:10b5900000000000000000000000000000000000ab
:10b5a000000000000000000000000000000000009b
:10b5b000000000000000000000000000000000008b
:10b5c000000000000000000000000000000000007b
:10b5d000000000000000000000000000000000006b
:10b5e000000000000000000000000000000000005b
:10b5f000000000000000000000000000000000004b
:10b60000000000000000000000000000000000003a
:10b61000000000000000000000000000000000002a
:10b62000000000000000000000000000000000001a
:10b63000000000000000000000000000000000000a
:10b6400000000000000000000000000000000000fa
:10b6500000000000000000000000000000000000ea
:10b6600000000000000000000000000000000000da
:10b6700000000000000000000000000000000000ca
:10b6800000000000000000000000000000000000ba
:10b6900000000000000000000000000000000000aa
:10b6a000000000000000000000000000000000009a
:10b6b000000000000000000000000000000000008a
:10b6c000000000000000000000000000000000007a
:10b6d000000000000000000000000000000000006a
:10b6e000000000000000000000000000000000005a
:10b6f000000000000000000000000000000000004a
:10b700000000000000000000000000000000000039
:10b710000000000000000000000000000000000029
:10b720000000000000000000000000000000000019
:10b730000000000000000000000000000000000009
:10b7400000000000000000000000000000000000f9
:10b7500000000000000000000000000000000000e9
:10b7600000000000000000000000000000000000d9
:10b7700000000000000000000000000000000000c9
:10b7800000000000000000000000000000000000b9
:10b7900000000000000000000000000000000000a9
:10b7a0000000000000000000000000000000000099
:10b7b0000000000000000000000000000000000089
:10b7c0000000000000000000000000000000000079
:10b7d0000000000000000000000000000000000069
:10b7e0000000000000000000000000000000000059
:10b7f0000000000000000000000000000000000049
:020000040000fa
:10b800000000fa009580a9009560a9008000200042
:10b81000001188002222ef009001200040118800d2
:10b8200080c72000d04c880080c72000c04c880012
:10b8300010c82000b04c880010c82000a04c880020
:10b840009c69ef0000c425000700070000c925001f
:10b850002d0007009560a80021e2a8002342a8005f
:10b860000080fa00000006000200fa00000f7800d5
:10b870001e007800f04c88000080fa0000000600ee
:10b880000000fa00d14c8000c04c8000808f500036
:10b8900002003a009580a900190037008580a900b0
:10b8a00010003700d04c8000904078008180fb0071
:10b8b000211188000000e800d04c8800d14c8000a5
:10b8c00010c82000808f500002003a0080c720007e
:10b8d000d04c8800d14c8000c04c8000808f50003c
:10b8e000060032001111800000202000008060005e
:10b8f0000000e000ebff3200010037000000000014
:10b900000080fa00000006000200fa00000f780034
:10b910001e007800004d88000080fa00000006003c
:10b920000000fa001e003700a04c8000311180009a
:10b930008140780001487800a14c800090c8200028
:10b94000808f500009003200a04c80008000e80089
:10b95000b04c8000808f500004003200a04c80006a
:10b960000000e800a04c88000d003700a14c8000ca
:10b9700090c82000808f500007003a00b14c800032
:10b9800010c82000808f50000300320010c8200033
:10b99000a04c88000200370010c0b3009ce9b7003b
:10b9a00010118000610060000000e000deff3a003e
:10b9b0008560a9000080fa00000006000200fa007d
:10b9c0000040eb00004f780000000000b14c800008
:10b9d000a04c8000808f5000fcff3200b04c8000f3
:10b9e000104f7800b04c80000000e800b04c880098
:10b9f000b14c8000a0c82000808f500002003a00a7
:10ba000010c82000b04c88001e4078000080fa006a
:10ba1000000006000200fa00004f7800000000005d
:10ba20001c0007000004a2000004e000fcff3a0034
:10ba3000c04c80001e487800c04c80000000e80028
:10ba4000c04c8800c14c800010c82000808f50007e
:10ba500002003a0080c72000c04c88009580a800f2
:10ba60000080fa00000006000000fa00b14c8000df
:10ba7000a04c80000080680000f0a7000000ea00f1
:10ba80000000ea004f00de00004078000080fa006d
:10ba9000000006000400fa00d14c80001107980055
:10baa000c14c80001e009000808f500006003100c5
:10bab0009e009000c04c8000008050000000e90013
:10bac000000f7800050037009e009000c04c8000f9
:10bad0000080500068004000000f78001e007800d1
:10bae00000f0a7000000ea000000ea004f00de00be
:10baf000004078000080fa00000006000000fa0014
:10bb0000c14c8000d04c8000808f500009003a006a
:10bb100011118000001020000080600000f0a700dc
:10bb20000000ea000000ea004f00de00004078005c
:10bb3000010037000040eb000080fa000000060022
:10bb40000400fa00a14c800011079800b04c80005e
:10bb50009e009000808f5000060031009e009000f3
:10bb6000b04c80000080500069004000000f780059
:10bb7000030037009e009000b04c8000008f500002
:10bb8000f00f20009e007800808f500002003600e9
:10bb900000c0eb00020037001e0078000040780073
:10bba0000080fa00000006000000fa00e4ff070031
:10bbb0000080fa00000006000400fa00d14c80006a
:10bbc00011079800c14c80001e009000808f50002b
:10bbd000060031009e009000c04c800000805000a4
:10bbe0000000e900000f7800050037009e0090007b
:10bbf000c04c80000080500068004000000f7800ba
:10bc0000f00f20009e007800808f50000200360068
:10bc100000c0eb00020037001e00780000407800f2
:10bc20000080fa00000006000000fa00e2ff0700b2
:10bc30000080fa00000006000000fa00afff0700d5
:10bc40000080fa00000006000800fa0020079800b3
:10bc500031079800baff07000080fb00000f780052
:10bc60003e0090009e0f500002003100be00900088
:10bc7000010f78000000eb00100798000900370062
:10bc80004eff0700ae009000804878002e00900024
:10bc90000000e800200798001e0090000000e80067
:10bca000100798001e0090009e0f5000f4ff39000e
:10bcb0001e0078000080fa00000006000800fa006c
:10bcc0002007980031079800bbff07000080fb00a9
:10bcd000000f78003e0090009e0f500002003100df
:10bce000be009000010f78000000eb0010079800e4
:10bcf000090037002e00900010407800ae00900040
:10bd00008100e8002107980042ff07001e00900014
:10bd10000000e800100798001e0090009e0f5000e1
:10bd2000f4ff39001e0078000080fa0000000600d1
:10bd30000400fa000000eb00000f780080ff07000d
:10bd4000204798009cff0700304798002e40900045
:10bd50000080fb000000e00003003200e90f50000b
:10bd600003003200040037001e20a000040037004a
:10bd70001e00a000020037001e10a00000000000fe
:10bd80003e4090000080fb000000e0000300320015
:10bd9000e90f500003003200040037001e30a000fd
:10bda000020037001e40a000000000001e007800c6
:10bdb0000080fa00000006000400fa001007980056
:10bdc000b14c80001e009000008f40000200370040
:10bdd0009e007800698f5000a0c820009e00780067
:10bde000808f5000faff3e001e007800104078005f
:10bdf0000080fa00000006000000fa0050ff070073
:10be00000080fb000000e9004f00de0000407800e9
:10be10000080fa00000006000000fa0066ff07003c
:10be20000080fb000000e9004f00de0000407800c9
:10be30000080fa00000006000000fa0010118000e7
:10be40000080fa00000006000400fa00008fbe0027
:10be500020042400003b88001e00be004008de00d5
:10be600000007800a00288001e0078008000eb002f
:10be70000108bb000500fc0050052000303b880095
:10be8000a00a2000303b880061e7a8000000fc0009
:10be900000000000013b80000000280000806000de
:10bea0000000e000fbff3a000080fa0000000600fe
:10beb0000600fa00008fbe00220798003000240020
:10bec000003b88001e00be004008de000000780035
:10bed000a00288001e007800ae0090000108bb00a0
:10bee0001e0078008000eb000188bb000500fc000c
:10bef00050052000303b8800a00a2000303b88001d
:10bf000061e7a8000000fc0000000000013b800089
:10bf100000002800008060000000e000fbff3a0005
:10bf20000080fa00000006000400fa00008fbe0046
:10bf30001e00be004008de0000007800a00288005d
:10bf40001e0078001000ba000080fa000000060011
:10bf50000000fa000040250011002000baff070091
:10bf6000f2ee2b000040250011002000d0ff07005a
:10bf7000c0418000d14180000000780000017800bd
:10bf80002040250011002000c9ff0700e04180008b
:10bf9000f141800000007800000178004040250059
:10bfa00011002000c2ff0700004280001142800003
:10bfb000000078000001780060402500110020009a
:10bfc000bbff070020428000314280000000780063
:10bfd000000178008040250011002000b4ff070018
:10bfe000e0498000f14980000000780000017800fd
:10bff000a040250011002000adff0700004a80008e
:10c00000114a80000000780000017800c04025003f
:10c0100011002000a6ff0700204a800000017800e0
:10c02000e040250011002000a1ff0700304a8000f9
:10c03000414a80000000780000017800004125009e
:10c04000110020009aff0700a04180000001780045
:10c05000204125001100200095ff0700b04180001d
:10c0600000017800404125001100200090ff0700ea
:10c07000504a8000614a800000007800000178008a
:10c08000604125001100200089ff0700704a8000f0
:10c09000814a80000000780000017800804125007e
:10c0a0001100200082ff0700904a8000a14a800012
:10c0b0000000780000017800a04125001100200058
:10c0c0007bff0700b04a8000c14a80000000780072
:10c0d00000017800c04125001100200074ff070016
:10c0e000e046800000017800e041250011002000ba
:10c0f0006fff070060012c0052f007000080fa007b
:10c10000000006000400fa00004025001100200095
:10c1100085ff0700000f7800f0ee2b009e007800ee
:10c12000808f50000500320072000700e0022c00f2
:10c1300044f007000040eb006c0037002040250071
:10c140001100200078ff07008000eb00c04188004c
:10c15000d1418800404025001100200072ff0700f7
:10c160008000eb00e0418800f1418800604025003c
:10c17000110020006cff07008000eb0000428800e7
:10c1800011428800804025001100200066ff070052
:10c190008000eb002042880031428800a04025004a
:10c1a0001100200060ff07008000eb00e0498800dc
:10c1b000f1498800c0402500110020005aff070007
:10c1c0008000eb00004a8800114a8800e04025000a
:10c1d0001100200054ff0700204a8800004125007c
:10c1e0001100200050ff07008000eb00304a88005b
:10c1f000414a880020412500110020004aff070025
:10c20000a0418800404125001100200046ff0700a2
:10c21000b0418800604125001100200042ff070066
:10c220008000eb00504a8800614a88008041250068
:10c23000110020003cff07008000eb00704a8800de
:10c24000814a8800a04125001100200036ff070028
:10c250008000eb00904a8800a14a8800c041250078
:10c260001100200030ff07008000eb00b04a88007a
:10c27000c14a8800e0412500110020002aff070084
:10c28000100798001e0090000000a20000f0a70018
:10c290000000ea000000e9004f00de00e0468800f0
:10c2a000504a8000614a800000007800b049880050
:10c2b000304a8000414a800000007800c049880070
:10c2c000504a8000614a800000007800b049880030
:10c2d000304a8000414a800000007800c049880050
:10c2e00010052c00d7ef070010c0b3000080fa0043
:10c2f000000006000000fa00f00720000100200006
:10c30000c0418800d1418800f007200001002000d2
:10c31000e0418800f1418800f00720000100200082
:10c320000042880011428800f00720000100200030
:10c330002042880031428800f007200001002000e0
:10c34000e0498800f1498800c01220000100200067
:10c35000004a8800114a88004429ef00c0122000da
:10c3600001002000304a8800414a88003428ef004c
:10c370003628ef00a005200001002000504a880068
:10c38000614a8800f000200001002000704a880007
:10c39000814a8800c003200001002000904a8800e4
:10c3a000a14a880080bb200001002000b04a88001c
:0cc3b000c14a88000080fa00000006006e
:020000040000fa
:10c3bc008a0c00000400000082000000ffffff0058
:10c3cc00ff0000003a0c000020000000800000007c
:10c3dc00a60900000200000082000000ffff000020
:10c3ec00a20900000400000080000000920c000074
:10c3fc000200000080000000a809000002000000fc
:10c40c0080000000aa09000002000000800000006b
:10c41c00ac0900000200000080000000ae09000022
:10c42c000200000080000000b009000002000000c3
:10c43c0080000000940c000002000000800000004e
:10c44c00b20900000200000080000000960c000001
:10c45c000200000080000000b4090000020000008f
:10c46c0080000000780c000012000000800000002a
:10c47c00940900000e00000080000000980c0000e1
:10c48c000200000080000000b6090000020000005d
:10c49c0080000000c40a0000b6000000820000000a
:10c4ac003030300030303000303030003049430014
:10c4bc006c6173007300000031322f00322f320098
:10c4cc00360000000000000000000000000000002a
:10c4dc0000004500433137005f30300031345f00dd
:10c4ec003033390000000000000000000030300044
:10c4fc0030303000303030003030300030303000f0
:10c50c0030303000303030003030300030305700b8
:10c51c0065737300657820004c69660074206300b5
:10c52c006f204c007464000000626c00616e6b0044
:10c53c0000000000000000000000000000000000ef
:10c54c0000000000535420003030000053542000f1
:10c55c003030000053542000303000005354200081
:10c56c003030000052454300454956004544000018
:10c57c0000000000000000000000000000000000af
:10c58c00000000000000000000000000000000009f
:10c59c00000000007a0b0000480000008000000042
:10c5ac000008000036010000800000003609000081
:10c5bc005e000000820000005a002c000103000005
:10c5cc007f0000000064000000000100002c01004e
:10c5dc0000005a00000000000500000000050000eb
:10c5ec000000b8000b0000000000dc00410000005f
:10c5fc00dc411e000014000001000100006400007a
:10c60c002800960000ff00007f00020000050000db
:10c61c002c01640000010000b80b010000d00700e1
:10c62c00010019000001000004000a00001e0000b7
:10c63c000100010000000000b80900000200000029
:10c64c00800000005a0c00001e0000008200000058
:10c65c00286e69006c29000025006800076c090031
:10c66c004c836a009074a0007ac000008068880037
:10c67c0000846c00820081009a0c00000200000013
:10c68c0080000000ba0900000a01000082000000ce
:10c69c00000102000407030006050000ffffff0075
:10c6ac00ffffff00ffffff00ffffff00ffffff008a
:10c6bc00ffffff00ffffff00ffffff00ffffff007a
:10c6cc00ffffff00ffffff00ffffff00ffffff006a
:10c6dc00ffffff00ffffff00ffffff00ff00010057
:10c6ec0002030400050607000809ff00ffffff0016
:10c6fc00ffffff000a0b0c000d0e0f0010111200b3
:10c70c001314150016171800191a1b001c1d1e00f7
:10c71c001f2021002223ff00ffffff00ffff0a0064
:10c72c000b0c0d000e0f1000111213001415160037
:10c73c00171819001a1b1c001d1e1f002021220097
:10c74c0023ffff00ffffff00ffffff00ffffff00c5
:10c75c00ffffff00ffffff00ffffff00ffffff00d9
:10c76c00ffffff00ffffff00ffffff00ffffff00c9
:10c77c00ffffff00ffffff00ffffff00ffffff00b9
:10c78c00ffffff00ffffff00ffffff00ffffff00a9
:10c79c00ffffff00ffffff00ffffff00ffffff0099
:10c7ac00ffffff00ffffff00ffffff00ffffff0089
:10c7bc00ffffff00ffffff00ffffff00ffffff0079
:10c7cc00ffffff00ffffff00ffffff00ffffff0069
:10c7dc00ffffff00ffffff00ffffff00ffffff0059
:10c7ec00ffffff00ffffff00ffffff00ffffff0049
:10c7fc00ffff0000c20b00003c00000082000000a4
:10c80c000100030000000000000000000000000018
:10c81c000000a8003200000000000000001e3200e2
:10c82c00ac3300000000000000000000000000001d
:10c83c0000000000000000000000000000000000ec
:10c84c0000000000000000000000000000000000dc
:10c85c009c0c00000200000080000000fe0b000099
:10c86c003c000000820000000100030000000000fa
:10c87c0000000000000000000000a80032000000d2
:10c88c0000000000001e3200ac330000000000006d
:10c89c00000000000000000000000000000000008c
:10c8ac00000000000000000000000000000000007c
:10c8bc0000000000000000008e0c000004000000ce
:10c8cc00800000009e0c00000200000082000000ae
:10c8dc0001000000a00c000002000000800000001d
:04c8ec000000000048
:020000040000fa
:10c8f0000000fa00ffff37000000fa00ffff3700da
:10c900001600fa00881f78006000b8006011b800b7
:10c910003007980041079800520798006307980075
:10c920006000b8006011b80070079800010f98000f
:10c93000120f9800230f9800048025000510200096
:10c940000400be0063020700008fbe0050052000f7
:10c95000a10a2000ce0107001e00be00f101070061
:10c96000404798004e4090000004a2000004e00000
:10c9700001003200deff07003023220011012000f9
:10c9800030079800410798006056250041042000b8
:10c9900050079800610798003e009000ce0090007c
:10c9a0000001be001e00be00f101070040479800d4
:10c9b0004e4090000084fb005e009000ee0090006e
:10c9c00022002000030020003e024100ae82490008
:10c9d0000001be000400be00e50107000080fb006e
:10c9e0000000640000f0a7000000ea000000ea0078
:10c9f0004f00de00404798004e4090000004a20027
:10ca00000004e00001003200b9ff0700a5010700a3
:10ca10001e00be00b701070070079800010f9800c4
:10ca200022002000030020003e004100ae804900ab
:10ca3000b0010700100f9800210f98003e019000f0
:10ca4000ce0190007e0090008e089000800f510073
:10ca5000818f590007003a005e019000ee019000be
:10ca60001e089000ae089000800f5100818f590081
:10ca700001003200a0ff07004f0478000080fa0098
:10ca8000000006000e00fa000080250001102000c2
:10ca90001002070020079800310798005005200079
:10caa000a10a20007a0107002e009000be0090002d
:10cab0009c010700004f98000e4890000004a2005f
:10cac0000004e0000100320089ff07006000b800a8
:10cad000008fbe00110037002e009000be009000b5
:10cae0003e014000ae8148000200be001e01be00b3
:10caf0009f010700004f98000e4890000004a2001c
:10cb00000004e0000100320079ff0700220020004d
:10cb1000030020001e0f41005e974900f03f2000f7
:10cb2000010020001e01be00800f5100818f5900be
:10cb3000e9ff36005b0107006000b800008fbe000f
:10cb4000120037002e009000be0090003e01400011
:10cb5000ae8148000200be00660107005007980041
:10cb6000610798005e009000ee009000be0f50003c
:10cb7000ae8f5800010032005fff07002200200046
:10cb8000030020001e0f41005e974900f03f200087
:10cb9000010020001e01be00800f5100818f59004e
:10cba000e8ff36000080fa00000006000000fa00ee
:10cbb00053ff0700b3ff07000080fa0000000600e3
:10cbc0000000fa0060c02100d00c8800f0012000b5
:10cbd000e00c880000002800f00c88000005200010
:10cbe000000d8800d00c8000004078006740600095
:10cbf0000080fb00704d88000080fa0000000600f5
:10cc00000000fa000080fa00000006000000fa00b0
:10cc10002104800000042000008060000000e0008b
:10cc200002003200f6ff070084c0a9000080fa006d
:10cc3000000006000000fa00704d800000407800ff
:10cc4000674060000080fb0067006000d20c80003d
:10cc500081ff2f008100610001007000d00c88006e
:10cc60000080fa00000006000000fa00d10c8000ed
:10cc700080ff2f0000806000d00c88000080fa0048
:10cc8000000006000200fa00000f78009e00780005
:10cc9000f10c88000080fa00000006000200fa0093
:10cca000000f78009e007800010d88000080fa00d7
:10ccb000000006000000fa00200480004600de00ac
:10ccc000614060000080fb0000f0a7000000ea0067
:10ccd0000000ea004f00de00004078000080fa000b
:10cce000000006000400fa00100798001e009000e3
:10ccf000e10f50000f003200e10f50000300390037
:10cd0000e20f5000150032001e003700d00c8000ea
:10cd10004400de00614060000080fb0000f0a700de
:10cd20000000ea000000ea004f00de00004f78003b
:10cd300014003700d00c80004500de006140600028
:10cd40000080fb0000f0a7000000ea000000ea00fd
:10cd50004f00de00004f78000a003700d00c800042
:10cd60004600de00614060000080fb0000f0a7008c
:10cd70000000ea000000ea004f00de00004f7800eb
:10cd8000000000001e4078000080fa00000006004d
:10cd90000200fa00000f78001e007800e10f50003a
:10cda00007003200e10f500003003900e20f50008d
:10cdb00005003200060037009a81a9000400370000
:10cdc0009aa1a900020037009ac1a9000000000042
:10cdd0000080fa00000006000000fa009cc1a800d4
:10cde0000080fa00000006000000fa00e00c80005d
:10cdf0004600de00614060000080fb0000f0a700fc
:10ce00000000ea000000ea004f00de000040780069
:10ce10000080fa00000006000000fa009cc1a90092
:10ce20000080fa00000006000000fa00e0c02100c7
:10ce3000800c8800f0012000900c88000008200081
:10ce4000a00c8800f00f2000b00c8800800c80003f
:10ce500000407800674060000080fb00504d880073
:10ce60000080fa00000006000000fa000080fa00ce
:10ce7000000006000000fa0020048000640060004a
:10ce80000000e00002003200f7ff07008440a90024
:10ce90000080fa00000006000000fa00504d8000fb
:10cea00000407800674060000080fb006700600081
:10ceb000820c800081ff2f00810061000100700062
:10cec000800c88000080fa00000006000000fa00d4
:10ced000810c800080ff2f0000806000800c8800a3
:10cee0000080fa00000006000200fa00000f78003f
:10cef0009e007800a10c88000080fa000000060067
:10cf00000200fa00000f78009e007800b10c880043
:10cf10000080fa00000006000000fa0020048000f3
:10cf20004200de00614060000080fb0000f0a700ce
:10cf30000000ea000000ea004f00de000040780038
:10cf40000080fa00000006000400fa0010079800b4
:10cf50001e009000e10f50000f003200e10f500062
:10cf600003003900e20f5000150032001e003700a8
:10cf7000800c80004400de00614060000080fb0007
:10cf800000f0a7000000ea000000ea004f00de0009
:10cf9000004f780014003700800c80004500de0050
:10cfa000614060000080fb0000f0a7000000ea0084
:10cfb0000000ea004f00de00004f78000a00370052
:10cfc000800c80004600de00614060000080fb00b5
:10cfd00000f0a7000000ea000000ea004f00de00b9
:10cfe000004f7800000000001e4078000080fa002a
:10cff000000006000200fa00000f78001e00780012
:10d00000e10f500007003200e10f5000030039002b
:10d01000e20f500005003200060037009081a900a1
:10d020000400370090a1a9000200370090c1a900b8
:10d03000000000000080fa00000006000000fa0076
:10d0400092c1a8000080fa00000006000000fa006b
:10d05000900c80004600de00614060000080fb0014
:10d0600000f0a7000000ea000000ea004f00de0028
:10d07000004078000080fa00000006000000fa007e
:0cd0800092c1a9000080fa000000060028
:020000040000fa
:10d08c000000fe00a2c820000019780001097800f9
:10d09c00000006000000fe000000eb008000eb002a
:10d0ac00f8ff07006627ef00000006000000fe00f6
:10d0bc00801f7800811f7800a1c820000600fc00aa
:10d0cc0031007800303b880011007800303b88003c
:10d0dc0061e7a8000000000000000000cf0078000d
:10d0ec004f00780000000600a2028000a102880018
:10d0fc009080ba001000ba00a2028800000006005e
:10d10c00a2028000a10288001000ba00a2028800ce
:10d11c00000006000000fe0061e7af00feff3700d4
:10d12c00f23f2000000161000c003a0022042400b0
:10d13c00023b8800a2028000a10288000008bb000c
:10d14c005e6802000000000061e7af00feff3700e0
:10d15c00a20288001000200061a7af000000200090
:10d16c000000060061e7af00feff37000000a700db
:10d17c000d003700a4028000a102880031002400b9
:10d18c00013b88000208bb000388bb005e680200fc
:10d19c000000000061e7af00feff3700a40288002a
:10d1ac001000200061a7af00000020000000060066
:10d1bc0061e7af00feff37000000a7000e0037004c
:10d1cc0033002400033b8800a3028000a1028800e6
:10d1dc000208bb00f20f20000288bb005e68020050
:10d1ec000000000061e7af00feff3700a3028800db
:10d1fc001000200061a7af00000020000000060016
:10d20c0061e7af00feff3700f3072000808161006b
:10d21c0010003a0013002400033b8800a302800096
:10d22c00a1028800040420003208bb003298bb0025
:10d23c001400b100fcff3a005e6802000000000020
:10d24c0061e7af00feff3700a3028800100020004a
:10d25c0061a7af00000020000000060061e7af00ee
:10d26c00feff3700f30720008081610011003a00b7
:10d27c0013002400033b8800a3028000a102880055
:10d28c0004042000f10f20003208bb000198bb0001
:10d29c001400b100fcff3a005e68020000000000c0
:10d2ac0061e7af00feff3700a302880010002000ea
:10d2bc0061a7af000000200000000600f23f200034
:10d2cc00000061000000060002c02f000000610099
:0cd2dc00f2ff2f0081006100000006003e
:020000040000fa
:10d2e8000400fa00008fbe0007e2a9001e00be007d
:10d2f80000004000818048000001be00009020002e
:10d30800d1032000bfce0700000078000000e9002c
:10d318002010880007e2a80000fa20000100200081
:10d328004e0307000080fa00000006000000fa0023
:10d338000602a800000000003010800061006000b4
:10d348000000e000fcff3a000080fa000000060040
:10d358000000fa000642a80000000000301080001b
:10d36800640060000000e000fcff3a000080fa0062
:10d37800000006000000fa000622a80000000000d5
:10d3880030108000620060000000e000fcff3a00fe
:10d398000080fa00000006000200fa00004f780042
:10d3a8001e80fb0010108800000000004110800063
:10d3b80000002400008060000000e000fbff3a004d
:10d3c80041108000000028000080600000f0a700e5
:10d3d8000000ea000000e9004f00de00004078008d
:10d3e8000080fa00000006000400fa0020479800b8
:10d3f8000662a80000000000401080006200600083
:10d408000000e000fcff320000108000004f7800b0
:10d418002e4090000004e000020032000040eb00c3
:10d428000100370010c0b3000080fb0061006000fd
:10d438004500dd00311080000150a100010070009e
:10d44800301088000682a80000000000301080001c
:10d45800700060000000e000fcff3a001e40780009
:10d468000080fa00000006000000fa008003200097
:10d4780020168800cc22ef0000002200a0168800a9
:10d48800a0d62000e0168800e422ef00ec22ef008e
:10d49800c0202000a0178800f06e2c00001688001d
:10d4a800f0ff270040168800a000210080168800a1
:10d4b80070cb2f00c0168800f033200000178800ba
:10d4c800e822ef0030102300801788005620ef0074
:10d4d8005820ef005a20ef005c20ef005e20ef009c
:10d4e8006020ef006e20ef007020ef007220ef0048
:10d4f8007420ef007620ef007820ef00c622ef00be
:10d50800ce22ef00d622ef00de22ef00e622ef0067
:10d51800ee22ef00f622ef00e024ef00c03f2000eb
:10d5280010278800e424ef0000c02000302788007e
:10d538000020200040278800ec24ef00113a8000ea
:10d54800f00b2000008160006004200071052000bd
:10d558002374200080497800814978008249780046
:10d568002135800000fc2f00008060003001b300ee
:10d5780020358800a1368000f00f2c0080806000e4
:10d588000030210001007000a036880011368000ac
:10d5980000fc2f00008060002001b30010368800d6
:10d5a800d1368000f00f2c00808060000030200011
:10d5b80001007000d0368800103a80000001780021
:10d5c8000260a00060042000710520002374200080
:10d5d8008049780081497800824978000080fa0003
:10d5e800000006000000fa000a21ef00b009200040
:10d5f800700888000003280090088800404d8000cb
:10d608000000e00002003a00e0b426002400070011
:10d618008500a9009500a80020c920008040eb00e3
:10d62800014878000080fa00000006000200fa00b5
:10d63800000f78009e0078007108880020c920003b
:10d648008040eb00014878000080fa0000000600e6
:10d658000000fa00700880000080fa000000060050
:10d668000200fa00000f78009e0078005108880038
:10d6780020c920008040eb00014878000080fa00b3
:10d68800000006000000fa00500880000080fa0040
:10d69800000006000000fa000080fa000000060002
:10d6a8000200fa00000f78009500a9009e0078009b
:10d6b800414d88009500a8000080fa00000006008f
:10d6c8000000fa0020c920008040eb0001487800e3
:10d6d8009500a80013e1a8000080fa0000000600e9
:10d6e8000000fa0013e1a9009500a9000080fa00e3
:10d6f800000006000200fa0020c92000104f780040
:10d708001e4078000004e0000300320020c9200019
:10d718008040eb00014878001e4078000080fa0045
:10d72800000006000000fa0030c920001040780010
:10d738000080fb000080fa00000006000000fa00ec
:10d7480030c920008040eb00014878000080fa00d2
:10d75800000006000000fa000621ef009086210074
:10d76800600888000002280080088800904d80002a
:10d778000000e00002003a0060c026002400070014
:10d7880084e0a90094e0a80040c920008040eb0094
:10d79800014878000080fa00000006000200fa0044
:10d7a800000f78009e0078006108880040c92000ba
:10d7b8008040eb00014878000080fa000000060075
:10d7c8000000fa00600880000080fa0000000600ef
:10d7d8000200fa00000f78009e00780031088800e7
:10d7e80040c920008040eb00014878000080fa0022
:10d7f800000006000000fa00300880000080fa00ef
:10d80800000006000000fa000080fa000000060090
:10d818000200fa00000f780094e0a9009e0078004a
:10d82800914d880094e0a8000080fa0000000600ee
:10d838000000fa0040c920008040eb000148780051
:10d8480094e0a80011e1a8000080fa00000006009a
:10d858000000fa0011e1a90094e0a9000080fa0094
:10d86800000006000200fa0040c92000104f7800ae
:10d878001e4078000004e0000300320040c9200088
:10d888008040eb00014878001e4078000080fa00d4
:10d89800000006000000fa0050c92000104078007f
:10d8a8000080fb000080fa00000006000000fa007b
:10d8b80050c920008040eb00014878000080fa0041
:10d8c800000006000000fa000021ef00f07c2000b4
:10d8d800100888000000280020088800a04d80005b
:10d8e8000000e00002003a00e0cb26002400070018
:10d8f8008460a9009460a80060c920008040eb0003
:10d90800014878000080fa00000006000200fa00d2
:10d91800000f78009e0078001108880060c9200078
:10d928008040eb00014878000080fa000000060003
:10d938000000fa00100880000080fa0000000600cd
:10d948000200fa00000f78009e00780001088800a5
:10d9580060c920008040eb00014878000080fa0090
:10d96800000006000000fa00000880000080fa00ad
:10d97800000006000000fa000080fa00000006001f
:10d988000200fa00000f78009460a9009e00780059
:10d99800a14d88009460a8000080fa0000000600ed
:10d9a8000000fa0060c920008040eb0001487800c0
:10d9b8009460a80005e1a8000080fa0000000600b5
:10d9c8000000fa0005e1a9009460a9000080fa00af
:10d9d800000006000200fa0060c92000104f78001d
:10d9e8001e4078000004e0000300320060c92000f7
:10d9f8008040eb00014878001e4078000080fa0063
:10da0800000006000000fa0070c9200010407800ed
:10da18000080fb000080fa00000006000000fa0009
:10da280070c920008040eb00014878000080fa00af
:10da3800000006000000fa001421ef0080d0230047
:10da4800d008880000032800f0088800b04d800046
:10da58000000e00002003a0060d72600240007001a
:10da68008760a9009760a80080c920008040eb006b
:10da7800014878000080fa00000006000200fa0061
:10da8800000f78009e007800d108880080c9200027
:10da98008040eb00014878000080fa000000060092
:10daa8000000fa00d00880000080fa00000006009c
:10dab8000200fa00000f78009e007800a108880094
:10dac80080c920008040eb00014878000080fa00ff
:10dad800000006000000fa00a00880000080fa009c
:10dae800000006000000fa000080fa0000000600ae
:10daf8000200fa00000f78009760a9009e007800e5
:10db0800b14d88009760a8000080fa000000060068
:10db18000000fa0080c920008040eb00014878002e
:10db28009760a8001fe1a8000080fa000000060026
:10db38000000fa001fe1a9009760a9000080fa0020
:10db4800000006000200fa0080c92000104f78008b
:10db58001e4078000004e0000300320080c9200065
:10db68008040eb00014878001e4078000080fa00f1
:10db7800000006000000fa0090c92000104078005c
:10db88000080fb000080fa00000006000000fa0098
:10db980090c920008040eb00014878000080fa001e
:10dba800000006000000fa0030402000000a88004b
:10dbb800c0002000100a8800000a80000040780099
:10dbc800674060000080fb00804d88000080fa00fc
:10dbd800000006000000fa000080fa0000000600bd
:10dbe8000000fa0020048000620060000000e000ed
:10dbf80002003200f7ff07008420a9000080fa0025
:10dc0800000006000000fa00804d80000040780007
:10dc1800674060000080fb0067006000020a800027
:10dc280081ff2f008100610001007000000a880058
:10dc38000080fa00000006000000fa00010a8000d7
:10dc480080ff2f0000806000000a88000080fa0032
:10dc5800000006000000fa00200a80000080fa0098
:10dc6800000006000000fa0042c1a8000080fa0087
:10dc7800000006000000fa00100a80004600de00de
:10dc8800614060000080fb0000f0a7000000ea008f
:10dc98000000ea004f00de00004078000080fa0033
:10dca800000006000000fa0042c1a9000080fa0046
:10dcb800000006000000fa00000a80004400de00b0
:10dcc800614060000080fb0000f0a7000000ea004f
:10dcd8000000ea004f00de00004078000080fa00f3
:10dce800000006000000fa00000a800068006000da
:10dcf80000f0a7000000ea000000e9004f00de0085
:10dd0800004078000080fa00000006000000fa00d9
:10dd180040002800001a880080432000101a88005c
:10dd280010002000201a88004823ef0000f2270086
:10dd3800701a8800403f2000801a88005223ef00a4
:10dd48005423ef005623ef005823ef006023ef0021
:10dd58006223ef006423ef00de24ef00c0eb26000f
:10dd68000600070095a0a8000080fa000000060041
:10dd78000000fa000080fa00000006000200fa0025
:10dd8800000f78001e007800604d88000080fa00bf
:10dd9800000006000000fa004023a8000080fa00f6
:10dda800000006000000fa004023a9000080fa00e5
:10ddb800000006000800fa0030079800101a8000da
:10ddc8004200de007f4060000080fb0020079800d2
:10ddd80000302000100798000000eb00000f7800ca
:10dde8000b0037001e00780000004000be009000c5
:10ddf800008040009e0090009100780001087800a3
:10de08001e0090000080e800100798001e0fe80030
:10de18009e0078002e009000808f5000f1ff3600a1
:10de28001e0078000080fa00000006000000fa00da
:10de380051058000f0f82f00008060000050a0001d
:10de48005005880021068000f0f82f00008060004f
:10de58000040a000200688005105800080ff2f00a8
:10de6800008060000000a000500588004105800087
:10de7800f0ff28000080600000c0a0004005880076
:10de880061058000f0f82f00808060000005200008
:10de980001007000600588006105800080ff2f0088
:10dea800008060005000b30060058800e105800034
:10deb800f08f2f000080600000a0a000e00588001f
:10dec800e1058000f0f82f00008060000060a000ed
:10ded800e005880081058000f0ff28008080600050
:10dee80000002300010070008005880041058000c3
:10def80080ff2f00008060003000b30040058800dc
:10df080031058000f0ff28008080600000002300b9
:10df1800010070003005880021058000f0ff28000e
:10df28000080600000d0a000200588000080fa0072
:10df3800000006000200fa00000f78000300370016
:10df480000fa200001002000440007001e007800ad
:10df580000f0a7000000ea000000ea004f00de0021
:10df6800004078001e0fe9000004e000f4ff3a00ca
:10df78000080fa00000006000200fa00000f780096
:10df880005003700000820000100200033000700ca
:10df980001fe2f001e8f40001e007800ff0f50006a
:10dfa800f8ff3e0003003700400020000100200079
:10dfb8002a0007001e00780000f0a7000000ea0011
:10dfc8000000ea004f00de00004078001e0fe90064
:10dfd8000004e000f4ff3a000080fa0000000600a8
:020000040000fa
:10dfe8000000fa0020fd0700dbf307008fff0700a1
:10dff80001f607008ffe070089fb0700d5fd070023
:10e0080073f30700b6fc070040ff070075fd070023
:10e01800e9fa0700e3fe07002afe07000080fa007d
:10e02800000006000200fa00000f78009e00780049
:10e03800314d88000000fe000080fa000000060054
:10e048000000fa00a0c320008007780020c5200047
:0ce05800000188000080fa0000000600b3
:020000040000fa
:10e06400f03fb1000180b10006003500ee03090065
:10e0740000000000403fb1000180b100fbff3d0003
:10e084001000b000203fb0000200350000800900fd
:08e0940000000000000006007e
:020000040000fa
:020000040002f8
:04aff000ffff00005f
:020000040000fa
:020000040002f8
:04aff400fffe00005c
:020000040000fa
:020000040002f8
:04aff8009f7f000037
:020000040000fa
:020000040002f8
:04affc00803f000092
:00000001FF
