:020000040000fa
:0400080026230000ab
:020000040000fa
:04000c004821000087
:020000040000fa
:04001000902100003b
:020000040000fa
:040014006a2100005d
:020000040000fa
:04001800b221000011
:020000040000fa
:04001c002623000097
:020000040000fa
:040020002623000093
:020000040000fa
:04002400262300008f
:020000040000fa
:04002800262300008b
:020000040000fa
:04002c002623000087
:020000040000fa
:040030002623000083
:020000040000fa
:040034007422000032
:020000040000fa
:04003800262300007b
:020000040000fa
:04003c002623000077
:020000040000fa
:040040002623000073
:020000040000fa
:040044004422000052
:020000040000fa
:04004800d4210000bf
:020000040000fa
:04004c002623000067
:020000040000fa
:040050002623000063
:020000040000fa
:04005400c2220000c4
:020000040000fa
:04005800a4220000de
:020000040000fa
:04005c00042200007a
:020000040000fa
:040060002623000053
:020000040000fa
:04006400262300004f
:020000040000fa
:04006800262300004b
:020000040000fa
:04006c002623000047
:020000040000fa
:040070002623000043
:020000040000fa
:04007400262300003f
:020000040000fa
:04007800262300003b
:020000040000fa
:04007c002623000037
:020000040000fa
:040080002623000033
:020000040000fa
:04008400262300002f
:020000040000fa
:04008800262300002b
:020000040000fa
:04008c002623000027
:020000040000fa
:040090002623000023
:020000040000fa
:04009400f622000050
:020000040000fa
:04009800262300001b
:020000040000fa
:04009c002623000017
:020000040000fa
:0400a0002623000013
:020000040000fa
:0400a400262300000f
:020000040000fa
:0400a800262300000b
:020000040000fa
:0400ac002623000007
:020000040000fa
:0400b0002623000003
:020000040000fa
:0400b40026230000ff
:020000040000fa
:0400b80026230000fb
:020000040000fa
:0400bc0026230000f7
:020000040000fa
:0400c00026230000f3
:020000040000fa
:0400c40026230000ef
:020000040000fa
:0400c80026230000eb
:020000040000fa
:0400cc0026230000e7
:020000040000fa
:0400d00026230000e3
:020000040000fa
:0400d40026230000df
:020000040000fa
:0400d80026230000db
:020000040000fa
:0400dc0026230000d7
:020000040000fa
:0400e00026230000d3
:020000040000fa
:0400e40026230000cf
:020000040000fa
:0400e80026230000cb
:020000040000fa
:0400ec0026230000c7
:020000040000fa
:0400f00026230000c3
:020000040000fa
:0400f40026230000bf
:020000040000fa
:0400f80026230000bb
:020000040000fa
:0400fc0026230000b7
:020000040000fa
:0401000026230000b2
:020000040000fa
:0401040026230000ae
:020000040000fa
:0401080026230000aa
:020000040000fa
:04010c0026230000a6
:020000040000fa
:0401100026230000a2
:020000040000fa
:04011400262300009e
:020000040000fa
:04011800262300009a
:020000040000fa
:04011c002623000096
:020000040000fa
:040120002623000092
:020000040000fa
:04012400262300008e
:020000040000fa
:04012800262300008a
:020000040000fa
:04012c00e0220000cd
:020000040000fa
:040130002623000082
:020000040000fa
:04013400262300007e
:020000040000fa
:04013800262300007a
:020000040000fa
:04013c002623000076
:020000040000fa
:040140002623000072
:020000040000fa
:04014400262300006e
:020000040000fa
:04014800262300006a
:020000040000fa
:04014c002623000066
:020000040000fa
:040150002623000062
:020000040000fa
:04015400262300005e
:020000040000fa
:04015800262300005a
:020000040000fa
:04015c002623000056
:020000040000fa
:040160002623000052
:020000040000fa
:04016400262300004e
:020000040000fa
:04016800262300004a
:020000040000fa
:04016c002623000046
:020000040000fa
:040170002623000042
:020000040000fa
:04017400262300003e
:020000040000fa
:04017800262300003a
:020000040000fa
:04017c002623000036
:020000040000fa
:040180002623000032
:020000040000fa
:04018400262300002e
:020000040000fa
:04018800262300002a
:020000040000fa
:04018c002623000026
:020000040000fa
:040190002623000022
:020000040000fa
:04019400262300001e
:020000040000fa
:04019800262300001a
:020000040000fa
:04019c002623000016
:020000040000fa
:0401a0002623000012
:020000040000fa
:0401a400262300000e
:020000040000fa
:0401a800262300000a
:020000040000fa
:0401ac002623000006
:020000040000fa
:0401b0002623000002
:020000040000fa
:0401b40026230000fe
:020000040000fa
:0401b80026230000fa
:020000040000fa
:0401bc0026230000f6
:020000040000fa
:0401c00026230000f2
:020000040000fa
:0401c40026230000ee
:020000040000fa
:0401c80026230000ea
:020000040000fa
:0401cc0026230000e6
:020000040000fa
:0401d00026230000e2
:020000040000fa
:0401d40026230000de
:020000040000fa
:0401d80026230000da
:020000040000fa
:0401dc0026230000d6
:020000040000fa
:0401e00026230000d2
:020000040000fa
:0401e40026230000ce
:020000040000fa
:0401e80026230000ca
:020000040000fa
:0401ec0026230000c6
:020000040000fa
:0401f00026230000c2
:020000040000fa
:0401f40026230000be
:020000040000fa
:0401f80026230000ba
:020000040000fa
:0401fc0026230000b6
:020000040000fa
:0402080026230000a9
:020000040000fa
:04020c004821000085
:020000040000fa
:040210009021000039
:020000040000fa
:040214006a2100005b
:020000040000fa
:04021800b22100000f
:020000040000fa
:04021c002623000095
:020000040000fa
:040220002623000091
:020000040000fa
:04022400262300008d
:020000040000fa
:040228002623000089
:020000040000fa
:04022c002623000085
:020000040000fa
:040230002623000081
:020000040000fa
:040234007422000030
:020000040000fa
:040238002623000079
:020000040000fa
:04023c002623000075
:020000040000fa
:040240002623000071
:020000040000fa
:040244004422000050
:020000040000fa
:04024800d4210000bd
:020000040000fa
:04024c002623000065
:020000040000fa
:040250002623000061
:020000040000fa
:04025400c2220000c2
:020000040000fa
:04025800a4220000dc
:020000040000fa
:04025c000422000078
:020000040000fa
:040260002623000051
:020000040000fa
:04026400262300004d
:020000040000fa
:040268002623000049
:020000040000fa
:04026c002623000045
:020000040000fa
:040270002623000041
:020000040000fa
:04027400262300003d
:020000040000fa
:040278002623000039
:020000040000fa
:04027c002623000035
:020000040000fa
:040280002623000031
:020000040000fa
:04028400262300002d
:020000040000fa
:040288002623000029
:020000040000fa
:04028c002623000025
:020000040000fa
:040290002623000021
:020000040000fa
:04029400f62200004e
:020000040000fa
:040298002623000019
:020000040000fa
:04029c002623000015
:020000040000fa
:0402a0002623000011
:020000040000fa
:0402a400262300000d
:020000040000fa
:0402a8002623000009
:020000040000fa
:0402ac002623000005
:020000040000fa
:0402b0002623000001
:020000040000fa
:0402b40026230000fd
:020000040000fa
:0402b80026230000f9
:020000040000fa
:0402bc0026230000f5
:020000040000fa
:0402c00026230000f1
:020000040000fa
:0402c40026230000ed
:020000040000fa
:0402c80026230000e9
:020000040000fa
:0402cc0026230000e5
:020000040000fa
:0402d00026230000e1
:020000040000fa
:0402d40026230000dd
:020000040000fa
:0402d80026230000d9
:020000040000fa
:0402dc0026230000d5
:020000040000fa
:0402e00026230000d1
:020000040000fa
:0402e40026230000cd
:020000040000fa
:0402e80026230000c9
:020000040000fa
:0402ec0026230000c5
:020000040000fa
:0402f00026230000c1
:020000040000fa
:0402f40026230000bd
:020000040000fa
:0402f80026230000b9
:020000040000fa
:0402fc0026230000b5
:020000040000fa
:0403000026230000b0
:020000040000fa
:0403040026230000ac
:020000040000fa
:0403080026230000a8
:020000040000fa
:04030c0026230000a4
:020000040000fa
:0403100026230000a0
:020000040000fa
:04031400262300009c
:020000040000fa
:040318002623000098
:020000040000fa
:04031c002623000094
:020000040000fa
:040320002623000090
:020000040000fa
:04032400262300008c
:020000040000fa
:040328002623000088
:020000040000fa
:04032c00e0220000cb
:020000040000fa
:040330002623000080
:020000040000fa
:04033400262300007c
:020000040000fa
:040338002623000078
:020000040000fa
:04033c002623000074
:020000040000fa
:040340002623000070
:020000040000fa
:04034400262300006c
:020000040000fa
:040348002623000068
:020000040000fa
:04034c002623000064
:020000040000fa
:040350002623000060
:020000040000fa
:04035400262300005c
:020000040000fa
:040358002623000058
:020000040000fa
:04035c002623000054
:020000040000fa
:040360002623000050
:020000040000fa
:04036400262300004c
:020000040000fa
:040368002623000048
:020000040000fa
:04036c002623000044
:020000040000fa
:040370002623000040
:020000040000fa
:04037400262300003c
:020000040000fa
:040378002623000038
:020000040000fa
:04037c002623000034
:020000040000fa
:040380002623000030
:020000040000fa
:04038400262300002c
:020000040000fa
:040388002623000028
:020000040000fa
:04038c002623000024
:020000040000fa
:040390002623000020
:020000040000fa
:04039400262300001c
:020000040000fa
:040398002623000018
:020000040000fa
:04039c002623000014
:020000040000fa
:0403a0002623000010
:020000040000fa
:0403a400262300000c
:020000040000fa
:0403a8002623000008
:020000040000fa
:0403ac002623000004
:020000040000fa
:0403b0002623000000
:020000040000fa
:0403b40026230000fc
:020000040000fa
:0403b80026230000f8
:020000040000fa
:0403bc0026230000f4
:020000040000fa
:0403c00026230000f0
:020000040000fa
:0403c40026230000ec
:020000040000fa
:0403c80026230000e8
:020000040000fa
:0403cc0026230000e4
:020000040000fa
:0403d00026230000e0
:020000040000fa
:0403d40026230000dc
:020000040000fa
:0403d80026230000d8
:020000040000fa
:0403dc0026230000d4
:020000040000fa
:0403e00026230000d0
:020000040000fa
:0403e40026230000cc
:020000040000fa
:0403e80026230000c8
:020000040000fa
:0403ec0026230000c4
:020000040000fa
:0403f00026230000c0
:020000040000fa
:0403f40026230000bc
:020000040000fa
:0403f80026230000b8
:020000040000fa
:0403fc0026230000b4
:020000040000fa
:08400000042004000000000090
:020000040000fa
:104008002fff20000e7f24000e0188000000000012
:10401800000020000000e000020032000001200043
:104028002002880014000700390207000000e000a1
:1040380003003a0060ba25000100200002003700a2
:104048000000200001002000810f700001003200f4
:1040580014000700000020000000e0000200320009
:104068000000020000000000d875020000000000f7
:104078000040da000000fe004440a900006620006d
:104088000000e000030032000020200090018800ba
:104098004440a800000006008a1f78008b1f7800a3
:1040a80000000600a1028800800478000000eb00f0
:1040b8001f003700e284440054a0b4009905ba00f8
:1040c800e284440054a0b4009906ba00e284440093
:1040d80054a0b4000006eb00476fde00fd07b200f5
:1040e800ae018800636ce10003003a00eaff0700b4
:1040f8000000eb000e003700606ce10008003a0099
:10410800004deb000a05e800020039003420ec00fd
:104118000af0a0008b05e900f9ff3e000400370013
:104128006168e100010032000086eb000b00070027
:1041380019c7ba001905ba000e04e00003003a00d6
:104148000a00e000dbff3a0000000600fe07b200ac
:10415800ae0288008a047800f5ff37000cd0a3006f
:10416800e20f4d001c00390089027800354dba0075
:104178000a05e800020039003420ec000af0a0002b
:104188008b05e9000f003200254dba000a05e8004a
:10419800020039003420ec000af0a0008b05e90089
:1041a800080032000c00e0000600320015cdba000d
:1041b8000a05e800020039003420ec000af0a000eb
:1041c8008b05e9008984e80054a0b4000b00e000e6
:1041d800e2ff3a00000006009902ba00055d780087
:1041e8008b05e900f7ff3200c82ade00055d78007c
:1041f8008b05e900f3ff32000c00e000f1ff32000c
:1042080019ddba00eeff3700f68e0400000000004a
:104218007091040000000000aa8f04000000000054
:104228004a90040000000000e88304000000000039
:104238003884040000000000ea9004000000000038
:10424800f4640400000000000035040000000000d1
:10425800b24c040000000000904e04000000000072
:104268003c4d040000000000ac4d040000000000bc
:10427800404e0400000000000000040000000000a0
:10428800b24c0400000000003600f800809fbe0019
:10429800829fbe00849fbe00869fbe000000fa0079
:1042a8008020a9000000eb00249302000000000019
:1042b8000080fa004f03be004f02be004f01be004f
:1042c8004f00be003600f900004006003600f80036
:1042d800809fbe00829fbe00849fbe00869fbe0056
:1042e8000000fa0032930200000000008040a9009c
:1042f8001000200024930200000000000080fa0053
:104308004f03be004f02be004f01be004f00be006b
:104318003600f900004006003600f800809fbe0015
:10432800829fbe00849fbe00869fbe000000fa00e8
:104338008060a900200020002493020000000000f3
:104348000080fa004f03be004f02be004f01be00be
:104358004f00be003600f900004006003600f800a5
:10436800809fbe00829fbe00849fbe00869fbe00c5
:104378000000fa008080a900300020002493020089
:10438800000000000080fa004f03be004f02be008c
:104398004f01be004f00be003600f9000040060085
:1043a8003600f800809fbe00829fbe00849fbe003a
:1043b800869fbe000000fa00905680000000e000d2
:1043c800020032009056800000000100d5cabf00ec
:1043d8000040e800d5eab70010c0b300d4eab7003f
:1043e8008500a9000080fa004f03be004f02be00fe
:1043f8004f01be004f00be003600f9000040060025
:104408003600f800809fbe00829fbe00849fbe00d9
:10441800869fbe003200f8003400f800100020002b
:10442800a001880000202000900188000000fa0008
:104438002104800000002200008060000000e000ed
:1044480006003200c05680000000e0000200320082
:10445800c05680000000010085a0a9000080fa0075
:104468003400f9003200f9004f03be004f02be00cd
:104478004f01be004f00be003600f90000400600a4
:104488003600f800809fbe00829fbe00849fbe0059
:10449800869fbe000000fa00f05680000000e00091
:1044a80002003200f056800000000100e1cabf009f
:1044b8000040e800e1eab70010c0b300e0eab70046
:1044c80084e0a9000080fa004f03be004f02be003e
:1044d8004f01be004f00be003600f9000040060044
:1044e8003600f800809fbe00829fbe00849fbe00f9
:1044f800869fbe000000fa00105780000000e00010
:10450800020032001057800000000100e5cabf0019
:104518000040e800e5eab70010c0b300e4eab700dd
:104528008460a9000080fa004f03be004f02be005d
:104538004f01be004f00be003600f90000400600e3
:104548003600f800809fbe00829fbe00849fbe0098
:10455800869fbe000000fa0010588000000001008d
:104568000080fa004f03be004f02be004f01be009c
:104578004f00be003600f900004006003600f80083
:10458800809fbe00829fbe00849fbe00869fbe00a3
:104598000000fa0020588000000001000080fa00a6
:1045a8004f03be004f02be004f01be004f00be00c9
:1045b8003600f90000400600801f78000000fa006d
:1045c80010118000620060000000e000010032006d
:1045d8002222a9008c20a9000080fa004f00780050
:1045e800004006003600f800809fbe00829fbe0093
:1045f800849fbe00869fbe000000fa0030588000ed
:104608000000e00002003200305880000000010085
:1046180009cbbf000040e80009ebb70010c0b300a9
:1046280008ebb7008760a9000080fa004f03be00be
:104638004f02be004f01be004f00be003600f90019
:10464800004006000040da000000fe000a00fa0000
:104658000000e00037003a0033558000e18f510038
:1046680003003200e28f51000e003a0009003700c3
:10467800002220000000e00001003a000040da00bb
:104688002002e2000b0035002822ef0021e2a800fa
:1046980008003700002320000000e00001003a0075
:1046a8000040da003002e200020035003822ef0054
:1046b80031e2a800020078001a003700040a20003e
:1046c800e18f51000b003a00030037000402e900b3
:1046d80002003a0003003700040a20002202ab005f
:1046e800faff320014118000050037000402e900c7
:1046f800020032003202ab00fcff3200941180004d
:104708006102620009003200e18f510002003a00a4
:104718003411800001003700b411800084587800fb
:104728000000e9000000e000e4ff3a00000051004a
:104738000800370023002000b3bf9f00c0bf9f00c0
:10474800d1bf9f00e2bf9f006a805700dc160700b8
:104758006fb897000080fa00000006000a00fa000f
:1047680011002000b1bf9f00c0bf9f006a805700a2
:10477800d51607004fb897000080fa000000060021
:104788000a00fa00e20f500034003e003055800065
:10479800e10f500003003200e20f500011003a0010
:1047a8000c003700032220000300e00001003a005b
:1047b8000040da002002e200020035002822ef0063
:1047c80021e2a8002342ab000d003a002342a800d2
:1047d8000b003700032320000300e00001003a002b
:1047e8000040da003002e200020035003822ef0013
:1047f80031e2a8003342ab0001003a003342a8007e
:10480800820178000b0037003102fb00e10f5000f5
:1048180004003a002322ab00feff3a00241188006e
:10482800030037003322ab00feff3a00a4118800d2
:104838008301e9000300e000f3ff3a00e10f5000b4
:1048480003003a002302ab00feff32000b003700e2
:104858003302ab00feff32000800370033002000af
:10486800b3bf9f00c0bf9f00d1bf9f00e2bf9f00a2
:104878006a805700961607006fb997000200780003
:104888000080fa0000000600889fbe0080047800bf
:10489800805580000000e00005003a000000eb00b1
:1048a8000e0007000084eb000000e000080035005f
:1048b800885580000900e000050032000900440026
:1048c800060007000000e00001003d000084eb0046
:1048d800080078004f04be00000006008000780041
:1048e8000100e00003003a0020df20008055880026
:1048f800000005000080eb0022ff2000828f50009e
:1049080002003e00815588000000eb000000060010
:1049180000000500140020006a033700f4ff2f0090
:10492800680337004f89de00820178008003370072
:104938006022b800060220000000d0008180d2006a
:104948000482d2008582d2000000a0000202520038
:1049580083825a00030031000202420083824a0027
:104968000000a1000603e900f3ff3a00000006007a
:1049780007f82700078361000638e10004003a00c1
:10498800f7072000878361008703710001003a0060
:1049980003f0a200889fbe008a9fbe008c9fbe00c5
:1049a800470ade000480a100c71ade000580a100c6
:1049b800070028000785600087856100f70f200041
:1049c8000720e1009e0032000728e1009c00320029
:1049d800010678000400e000b4003200f707200068
:1049e800878060000170a0000500e000c000320070
:1049f800f7072000878161000370a00005065200b8
:104a08000f003a000b50e1000b0032000308e100f0
:104a180002003a000200e1007e0032000204500069
:104a280083845800040031000001fd008101fd006d
:104a38008402fd008a05fd006044b80021003700ab
:104a48000520e10005003d000001fd008101fd0099
:104a58008402fd008a05fd00050652007a60e10027
:104a6800050035000170a1004722dd008480700038
:104a78008a807000630037006044b800ef02660067
:104a880007ff2f00070666000500e0000600340057
:104a9800f08312008714dd000511de00071bdd001e
:104aa800060171008519de007060e100050035001f
:104ab8000904780082047800030178008001eb0083
:104ac800700656000b50e10003003a000200400057
:104ad800838048000400370060041400e0841c0050
:104ae80002005800838058000188a30006003200a5
:104af8008100d1000080d3008984d3000884d300ca
:104b08000402e800270037000178a30025003a00d6
:104b18000100e000030032008186cf00698656005c
:104b28000a0037008c0020000000e00004003a0072
:104b380009007800880478000004eb007002520035
:104b48008086cf000d0646000c06e9007060e10083
:104b58000600350080007800090078008804780095
:104b68000004eb0070065600700252000c00e000d2
:104b78000c0034008c08dd00f00316000703de008b
:104b8800868070000c00dd00074bde000600700018
:104b98008c4cdd000743de00868474000c44dd0085
:104ba8000c0252006120e100200035006101600024
:104bb8000700280087816400f7ff270087836400c7
:104bc800070374000300e00006003200820373004c
:104bd800040032000000e800e08048000188a300db
:104be8000e003a00f70f20000720e1004a003d00c0
:104bf8000170a1004722dd00810072008a807000e8
:104c08000000be004f06be004f05be004f04be00a8
:104c1800000006006000b800faff37008100d100ec
:104c28000080d3000402e800eeff3700040178009a
:104c380089017400a10107008a807000f1ff370024
:104c4800f7010700070278000001fd008101fd005f
:104c5800f301070087027800850372000778a30034
:104c6800040032000001fd008101fd00060207007a
:104c7800e4ff3700850362000768a30008003200dc
:104c88000b50e10003003200f0ff2f00f1ff270076
:104c9800dcff37000001fd008101fd00d9ff37006e
:104ca8000468a300d7ff3200faff3700f8ff270097
:104cb800888360000b003a000000e00009003a0019
:104cc8008303640082837300020032000200be0086
:104cd800ccff37000b50e100ceff3a000200be00c7
:104ce800c8ff370014002000810064003eff370031
:104cf800f8ff27008883610004003a000200e00002
:104d080002003a008c007800beff37001500200032
:104d18008301640039ff370001f8270000002000f4
:104d280081007500b7ff3700889fbe008a9fbe00cc
:104d38008c9fbe001b0020000202be000586680092
:104d480006002800060666004709de00f20fb200da
:104d5800820032000243e80080003200c729de00ea
:104d6800f30fb2007d0032000343e8007b003200fd
:104d7800f107b2000170a000f507b2000570a000ad
:104d8800c708dd004903de00868070004700dd00ab
:104d9800c72add004923de00868272004722dd0033
:104da80003055100040350008583580003003100b7
:104db80000004000818048000a05e9008c1f780047
:104dc8008a9fbe00040050008580580004024200fb
:104dd80085824a0000004000818048000005eb0001
:104de8000004be006033b8000406be000d48e100b0
:104df80056003100110009004dccd8000c01b80054
:104e08000d02b8008481410060824a008283530009
:104e180003045c0084845c0060055d000a00e00017
:104e280025003a00800578000d40e1004900310076
:104e38008800780007007800110009004d88d80024
:104e48000c01b8000d02b8008481410060824a005c
:104e58006003110083835b0004045c00e0845c0051
:104e68000900e00021003a004f01be000300e00005
:104e78002b003200e3016000070673008c8171008b
:104e880001003200640070004200de004e5edd006a
:104e98000c007000c258de0001e0a000830107008a
:104ea800cf017800818071004f06be004f05be001b
:104eb8004f04be00000006008c8343000d044c0024
:104ec800e0844c0060054d000000e9000a00e000a5
:104ed800d4ff32008c8343000d044c00e0844c0066
:104ee80060054d000000e900ceff37000c034300c9
:104ef8008d834b0060044c00e0844c000000e90006
:104f08000900e000d8ff32000c0343008d834b00fa
:104f180060044c00e0844c000000e900d2ff370038
:104f28004200de004e5edd000c007000c258de005c
:104f380001e0a000cf0178000300e000daff3200b2
:104f480060001000e0801800d7ff3700f0ff2f0046
:104f5800aaff3700f0ff2f00b9ff37000404be0096
:104f68002f010700870678000004fd008104fd007a
:104f78002b010700078366000678a30003003200b0
:104f88000960a7000800be002c0037000d78a300b8
:104f9800020032000800be00280037000778a3008e
:104fa80026003a0001f0a10009f0a1000668a3005c
:104fb80003003200f1ff2700f0ff2f00baff37008f
:104fc8000d68a300030032000800be008c8070004a
:104fd800b5ff37000768a30007003a000648a3009a
:104fe80003003200f1ff2700f0ff2f00aeff37006b
:104ff8000d48a300030032006000b8008c807000e8
:10500800a9ff37000748a3000400320001f8270071
:10501800000020008c807000a3ff37007601070095
:105028000004fd008104fd000205780072010700fc
:105038000802be008a01780059ff37000160a0000d
:10504800120220007266880097ff37000100e00016
:10505800120032000500e00010003200889fbe00f8
:105068008a9fbe008c9fbe000006eb0001f8a300db
:105078000300320060001000e08018000cf0a0006f
:1050880005f8a3000300320060021200e0821a0053
:105098000cf0a2008005eb0041ff37006000b8006b
:1050a8000200050003836800070028000703630067
:1050b800470ade000480a100c71ade000580a100af
:1050c800f70f20000720e100420032000728e10026
:1050d80040003200889fbe008a9fbe008c1f780067
:1050e800f107b200f307b2000400e00064003200e8
:1050f8000170a0000500e000680032000370a00005
:1051080085054200eb07b1000204b8000302b800ad
:105118008484440060854a00020ab80084844400fc
:105128000a854a00030ab800040545000400330054
:105138000804d0008984d2000a85d2008b05e900d2
:105148006158e1003d0035000210200009016100ae
:105158000308200089816100f70720008783640025
:1051680008867300c84cde00c853dd0087847400cd
:105178004855de000300e000060032008203760096
:10518800040032008904e80060054d000a88a30085
:105198000c003a00f70f20000758e10044003d00da
:1051a8000a70a100c75ddd000a8575008a007300da
:1051b800090078004f0678004f05be004f04be0076
:1051c800000006000a05d1008984d3008b05e80099
:1051d800f0ff3700881f7800060478009000070069
:1051e800070278000001fd008101fd008c00070026
:1051f80087027800850372000778a3000500320053
:105208000001fd008101fd009f0007004f047800a8
:1052180000000600850372000748a300030032005f
:10522800f0ff2f00f1ff2700f8ff370000002000f3
:1052380001f8270088807000f4ff370088017800a3
:105248004848dd00808171004848de00c850dd0014
:1052580001007000c850de00060478000b017800d9
:105268001600070088807000d2ff37000500e000b4
:1052780005003200170020003a0007009dff3700a4
:1052880081037000f9ff3a00860078004f06780025
:105298004f05be004f04be000000050083037100e7
:1052a800f9ff3200270020002e00070094ff370086
:1052b80001f8270086807000f4ff37000100e00045
:1052c80026003200610111007810e10023003c0043
:1052d8006022b8007010e1000400350080027800f8
:1052e800010078008000eb00700151000200e0002e
:1052f8000900340070031100062add00822ade004e
:105308008603dd00878272000200de00860bdd0066
:10531800070070008208de0084817100f4ff270016
:105328000482620084817100040028008482620083
:105338006102600005f0a60000000600048271000a
:10534800070032000000e800e08048000000060086
:105358000002be006000b800efff37006000b80030
:1053680000000600889fbe000004eb006138e100e1
:1053780016003a000100e00008003a00c800de000c
:105388004800dd00880020000100e00003003a002a
:10539800c800de004800dd00680444008184cf00b6
:1053a800e9845400060034008908dd00f083140005
:1053b8008703de00878070000900dd0009044400cf
:1053c800610214004f04be00000006000300e00064
:1053d80008003a00c811de004811dd0088002000ee
:1053e8000300e00003003a00c811de004811dd00a8
:1053f800680444008384cf00e98454000600340024
:105408008919dd00f08314008713de00878171009d
:105418000911dd0009044400e1021400e9ff370026
:105428002700200001f0a70017002000470bde002e
:10543800f60fb200040032000643e8000a0032000a
:105448004702b3000000060001037800f607b20027
:105458000603700002003a000703b30000000600cc
:105468008702b3000000060001037800f607b200c7
:1054780006037000020032000770a000000006005a
:105488000760a000000006000478a30004003200b2
:105498000578a300030032000168a30001003a0068
:1054a8000200be000160a00000000600810170003b
:1054b800270032008002eb0001f8a300030032004d
:1054c80060001000e080180015002000f40720009c
:1054d8000202420020003400f70320008703600026
:1054e8000604200000036300020820000001610098
:1054f8004700de00c909dd0000807100c708de0032
:105508000600e00008003200870371000600320040
:105518001000b0000180b0000188a3000200320032
:10552800c108de000402e800f107b200f30f200012
:105538000320e10003003d004722dd0081007200e6
:105548002900370001f827000000eb00260037008b
:105558006000b80000000600680212007f20e10029
:10556800020034006000b8001f0037006011b80066
:105578007020e10004003500800178000100780007
:105588008000eb00700252000400e00009003400c3
:10559800f00312000719dd008419de000703dd009f
:1055a800868171000400de00070bdd000600700034
:1055b8008408de00f7ff27008383630087037100f8
:1055c8000600280003036300070032000700e0001c
:1055d80003003a006101600002817300020032009a
:1055e8001000b0000180b0000500a6000000060011
:1055f80001f0a000000006004f0ade004709de00a7
:10560800f107b200f20fb2000b003200f207b1004e
:105618000170a000c708dd00c901de0083807000aa
:105628004700dd000400a60000000600600010002e
:10563800e080180000000600810f700001003a00a9
:10564800000006008182cf000500e00010003e0047
:105658008082cf00ee8242007028e1000400390009
:1056680007003e00800078000000eb000e003700c5
:10567800708312008600de000500dd000a00370096
:10568800708352008600dd000000eb000600370042
:10569800e28252008508dd00708312000603de00f6
:1056a800868070000500dd007507b0000501ea007e
:1056b8000400a6000000060060001000e08018004a
:1056c80000000600889fbe008a9fbe00841f7800e5
:1056d8007c0007004f00780011003300f0ff2f0016
:1056e800838f6c0006003b00040565000a00a700d4
:1056f8000800370009f0a600100020000800370055
:10570800820f5400838f5c000300390010002000d2
:1057180001003e000000200009f0a7000000ea0098
:105728004f05be004f04be000000e0000000060068
:10573800881f7800030478000300e00007003d009c
:1057480060001000e080180060011900e081190075
:1057580002003b0001f02d000300370004000700a1
:1057680008f0a70001f0a0004f0478000000060030
:10577800889fbe008a9fbe000082700004027100ec
:1057880004827100260032000004be000200be0040
:105798006011b8006b092000950220000182cf003b
:1057a8000a0039000541b1000082cf000700390026
:1057b8000541b1000982cf00040039000541b1005c
:1057c8000882cf00010039000541b10005425200ae
:1057d800120032000a003b008281710061016400fe
:1057e8008100d1000080d3008984d3000884d300cd
:1057f8008b05e8000442e800f7ff3a00070037008d
:105808000804440089844c00000048008180480056
:105818008b05e9000442e900f9ff3a00030007009c
:105828004f05be004f04be000000060081002000a6
:10583800618055000b003d000b00200061fe2f0029
:105848000100e1001d0034008281710061016400e3
:105858008904d1000884d3000000e800faff3a0068
:105868007100200061006400030070000200600005
:105878000900320061044400e0844c000988a50056
:10588800050032008b05e8006808e10002003a00d4
:105898008904d1000884d300f20f20000258e100e7
:1058a80005003d00c75ddd00f907b200898075007d
:1058b80008007800000006000bf827008b0078002d
:1058c800000005000004be00060007000003be003b
:1058d8000405be000200be0002000700844f7500e8
:1058e80000000600c70ade00f107b200f50fb2009b
:1058f80008003200e1cf4200020032000170a0002f
:1059080024000500810f7000010032000408050022
:1059180044000500810f700002003a0014000500e1
:105928008502e9000000400081c04800fcff3b0000
:105938000170a000240005000000fa0068815700eb
:10594800cfb89700280407000080fa00000006007e
:105958004c020700a4020700550307007d03070057
:10596800d602070087040700320437000000fa0057
:1059780068815700cfb89700200407000080fa001c
:1059880000000600a906070060070700fa070700dd
:1059980010080700b30737008001780002003700bd
:1059a800b15978000201e9000200e000fcff3a006a
:1059b80000000600889fbe008a9fbe008004780011
:1059c8000200e0005b00320001407800814c780062
:1059d80082814400f1f99f00e20f51005500360022
:1059e80091449800a1449800e1f99f00d1f99f00e3
:1059f800e60f51004f003600b1449800c1f99f00ee
:105a0800e80f51004b0036000905ea006305650000
:105a18000a8444000a055100c1ff2f0001056500f2
:105a28000080fb008000eb00121020001310200003
:105a380073120700008cbe000a01440060b99f0081
:105a480071b99f00e80f55003a003600200498000d
:105a580031049800400498005104980020b99f0030
:105a680031b99f0040b99f0051b99f00f80f550008
:105a7800300036006004980071049800000c98000b
:105a8800110c9800200c9800310c9800400c9800dc
:105a9800510c980020b19f0031b19f0040b19f0088
:105aa80051b19f0060b19f0071b19f0000b99f0084
:105ab80011b99f00640164007801410002044400a8
:105ac800020555006011b8000203be000002be00c6
:105ad8000403be006022b8000000720081807200da
:105ae800020173008381730010003700009cbe0020
:105af8000294be0040049800510498006204980083
:105b080073049800000c9800110c9800220c98005f
:105b1800330c9800400c9800510c9800620c9800c7
:105b2800730c98000a02b1000802b000ff0f55007c
:105b3800eeff3e00090078004f05be004f04be008e
:105b480000000600810178000002780030417800ea
:105b5800b14f510002003a000204e000f9ff3a0098
:105b68009480fb001380fb000080500000000600ba
:105b78008001eb000200e000100032000002780013
:105b880001037800b44178000304e0000800320003
:105b9800b14278000504e0000500320082034000ad
:105ba800848f53000200320085cf5100f4ff320089
:105bb8008381fb001680fb00808151000300780080
:105bc80000000600114290000482fb009180fb0057
:105bd800c808dd000482700080007800d181fb00d5
:105be8001081fb004811dd0003017100030037003c
:105bf8004811dd001180fb000201700001007800ef
:105c08003104e00004003200840f5100f8ff3a002c
:105c18000000e900000006000000050011439000a4
:105c28008683fb00060020001181fb008001eb0049
:105c3800c811dd0002002000020373008383730093
:105c4800214190004811dd008001eb000203730040
:105c5800838373008080e800104190008281fb00fc
:105c6800020020001082fb008002eb00c822dd0049
:105c78000400200004017100858171001182fb007d
:105c88004822dd008002eb0004017100858171006b
:105c9800080037001182fb008002eb00040271004b
:105ca800858271004829dd00c821de00830171006a
:105cb8004821dd00010078003104e00005003200d1
:105cc800860f5100878f5900f2ff3a000080e900e3
:105cd8000000060000000500314190000281fb0031
:105ce8008001eb001183fb008003eb00c833dd006b
:105cf800060020000603710087837100114190009f
:105d08008281fb000200200002037300838373007a
:105d1800214190004811dd008001eb00020373006f
:105d280083837300e30040001182fb008002eb00d4
:105d38001081fb008001eb00c811dd00020020008b
:105d48000201720083817200104290008482fb007d
:105d58000400200004017100858171002042900038
:105d68004822dd008002eb0006003700481add00fb
:105d7800c812de00850272004812dd001181fb00a6
:105d88008001eb000201720083817200010078003b
:105d98003104e00005003200860f5100878f59005a
:105da800f2ff3a0063005000000006000000050002
:105db8002802fa00889fbe008a9fbe008c9fbe0002
:105dc80000047800810578000f000900001feb002f
:105dd8000e02b1000b017800880078008004eb0007
:105de8000d0037000080fb00c401de008381410004
:105df80003024700ef026000160020008532dd0034
:105e0800ee817900038a7200868444000000400015
:105e18000000470009109800324078000004e000b4
:105e280005003a001a0020000a0078000001eb0083
:105e38008081eb00190037003104e000e9ff3a00e7
:105e4800a200370003824500e44278006bc2780064
:105e580084cf520005003a008a0f50000c0032002f
:105e68000000e800820078000b00370084cf520061
:105e78000200360003855000060037008200e80063
:105e8800820178001a0020000a007800020037001a
:105e98000005780010002000010178008200400011
:105ea800898f5000e7ff39001100200001007800b9
:105eb8000002eb008086eb00160037008d8245005b
:105ec80065437800eb427900854f530005003a009e
:105ed800810f50000c0032000000e8000401780037
:105ee8000b003700854f5300020031008d00510030
:105ef800060037000401e80084067800110020003d
:105f080001007800020037008000780010002000af
:105f18000202780004014000890f5100e7ff3900b0
:105f28000d01e8000300e800800f51000200360070
:105f38000105780001003700830678000d02e800ab
:105f48008a804500040178000b00780034179a0015
:105f5800f20b07003e1292000000e0000800320039
:105f68000905e9000d0555008d0f550001003100a8
:105f78000d0578000a05e8008002eb0001003700f3
:105f88008a825400880178000006eb0008805100de
:105f9800890f50001600310009037800f603b3009a
:105fa800060178008000eb000300780003179a00d0
:105fb80034179a0015179a0026179a00a70b07009e
:105fc8008e1192003e1292009e1292002e139200a1
:105fd8000000e0000500320088005000898f500062
:105fe8003a003900800178000100370086814100bd
:105ff8008900440071f897000080fb006f01600081
:1060080017002000823bdd004401de000201410050
:106018006e037900068163000d0032000000400025
:106028000000470000109000008054000a00320071
:106038000500e000150032000c00e00013003200fb
:106048008a0f5000110031000a8054000f003700f9
:1060580001047800ccff37000c007800840f56004c
:106068000300310004007800010037000000e80058
:10607800eb4078000104e000060032006841780037
:1060880082cf5000f9ff32000d0050000004440098
:10609800bdff37000d0078008000e8008c8f5000ad
:1060a800080036006b417800e84078000000e900fd
:1060b800814f5100f8ff32000a04440005067800b9
:1060c800b2ff370008007800010037000000eb003d
:1060d8004f06be004f05be004f04be000080fa0008
:1060e80000000600881f78000104780098407800b6
:1060f8000104e000260032008100fb00520c07007a
:106108000000e00022003200984090000104e00006
:106118001f003200904090000104e0001b00320094
:10612800a84090000104e00003003a0088007800cd
:10613800a4fe070016003700a04090000104e0000c
:1061480012003200b84090000104e00003003a0059
:1061580088007800b1fe07000d003700b0409000bd
:106168000104e00009003200c84090000104e0008a
:1061780003003a0088007800d7fe070004003700c3
:10618800880078000aff0700010037000000eb00d4
:106198004f047800000006004400fa00889fbe0003
:1061a8008a1f78000004be000205780094bf9f0093
:1061b800a5bf9f00b6bf9f00c7bf9f000000eb00b0
:1061c800c09f9f00a8af9f00d89f9f000080eb0052
:1061d800b0af9f006022b8006033b80060fb2f00aa
:1061e8000f0040005b0b07001fba9700afba97007b
:1061f8003fbb9700cfbb9700120020008a007800b1
:1062080060fb2f000f004000ee0807000900e000c7
:10621800060032003fb29700afaa970004824200fe
:10622800df9a970005025200840c44004f0578005d
:106238004f04be000080fa0000000600f4ff2f00a3
:10624800f5ff2f000403be00d3ff37006022b8001b
:106258000600200007002800cfff3700f4ff2f00ba
:10626800f5ff2f006033b800cbff37000400200093
:10627800050028006033b800c7ff3700f3ff370078
:10628800eeff3700ec874700889fbe008a9fbe005c
:106298008c9fbe008e1f78000006780001047800ed
:1062a800180790002805900098067800cdb79f0041
:1062b800b80590003202be002203be000400be00f2
:1062c8000601be004f18de006011b8008000eb0028
:1062d800d0b79f00e1b79f00f2b79f0083bf9f0030
:1062e800800478000900e000060032006000b80071
:1062f8006011b80004025000858258000603590056
:10630800878359000e00e000020035000d10a1003f
:10631800cdb79f000900e00005003a004fb0970094
:106328000028a30002003a000038a300020032004f
:106338008a00e900010037008a007800f8815700d8
:10634800a200200008007800860007000900e0008d
:1063580003003a00cfb097000128a30008003200dc
:106368000000e90000814500b1c2b3000900e00067
:1063780001003200d1c2b30001497800050037009e
:106388000138a300030032000000e90001c2b30095
:1063980081757800480190000201e9000001510070
:1063a800808045004fb297008a0178000c00780081
:1063b8003f0207009c0090000188a30004003200ff
:1063c80098009000810f500001003d000100780006
:1063d8004f0778004f06be004f05be004f04be00b1
:1063e800cf00b100000006000200fa00889fbe003e
:1063f8008a9fbe00800578000104780002007800ba
:10640800180190002805900098007800b1bf9f00ff
:10641800b80490000200e000020035000110a1005d
:10642800b1bf9f00ea815700820020008a007800ef
:106438003002be002003be000800780049000700b3
:106448003fb99700f0006100030032000000e90046
:1064580001c3b300817478003fb99700e800610078
:10646800030032000000e90001c2b3008174780023
:10647800480190000201e9000001510080804400b9
:106488003fba97008a0178000b00780008020700dd
:106498009b0090000188a30004003200980090003f
:1064a800810f500001003d00010078004f05be003b
:1064b8004f04be000080fa0000000600ea8747008b
:1064c800889fbe008a9fbe008e1f78000004780057
:1064d800030078007287570084e2260055c726001b
:1064e800049fbe00c3962200030f78006c875700f4
:1064f800004feb0011059000a10490009105780071
:106508000200e000020032000207780001003700b4
:10651800728757000000e00002003a000e00780081
:106528007e0b07000a00e000030035008a0f5000c8
:10653800010036000a0078000b0278008901780013
:10654800000178008e00780008007800d801070064
:106558004f0778004f05be004f04be00af00b100e2
:1065680000000600f4874700889fbe008a9fbe008f
:106578008c9fbe008e1f78000605be000404be0076
:1065880081bf9f0082b79f00f3b79f00b0009000c3
:10659800e1b79f001301780092b79f009006900022
:1065a800400090000000e900000678000d00e000bf
:1065b80001003d001d0020008040eb00efb1970076
:1065c800817178001e0020001f0037000c06e900ca
:1065d8000fb09700cf80de006109b900a0b79f0017
:1065e800b1b79f00c2b79f00d3b79f000203be0098
:1065f8000002be000800be000a01be002610070007
:10660800000778000e4078000043b000efb0970014
:1066180080707e008d06e9000fb997000201e9003d
:1066280082bf9f002fb29700bfb297004fb3970069
:10663800dfb397000800be000a01be000f10070074
:106648000205be000004be000c00e0000d0034008e
:10665800e00f5400e08f5c00e00f5d00e08f5d000c
:10666800daff3a000d00e000d8ff3c008fb9970030
:106678000300e000030034001fb097000018a300d7
:10668800d2ff3a000e00e00002003a00ffb0970087
:106698001140a1000c0078004f0778004f06be009b
:1066a8004f05be004f04be004f01b10000000600b8
:1066b8000200fa00889fbe008a9fbe00000578008d
:1066c800010478000200780018019000a8049000e6
:1066d80098007800b1bf9f00b80590000200e00064
:1066e800020035000110a100b1bf9f00ea815700e8
:1066f800a2002000890078003002be002003be00fe
:106708000800780097ff0700480190000201e9009f
:1067180000015100808045003fba97008901780048
:106728000a007800620107009a0090000188a3001f
:106738000400320098009000810f500001003d00d5
:10674800010078004f05be004f04be000080fa002b
:1067580000000600fa874700889fbe008a9fbe0097
:106768008c9fbe008e1f780080047800010478009a
:106778008205780018019000280590001807780015
:10678800b80090000200e000020035000e10a100e1
:10679800010037001200200070006700e0b79f007a
:1067a800090032003b02be002b03be00e00f52007e
:1067b800e08f5a00e00f5b00e08f5b0002003200c0
:1067c8008a86e900010037008a067800e802670037
:1067d800f5b79f00010032008d06e9003b02be00bc
:1067e8002b03be00e4af9f00f5af9f0086b79f0064
:1067f80097b79f00480690000c06e9000040eb00a0
:1068080080707e00efb297007fb29700890378000e
:1068180081047800d8af9f00020478008bbf9f00e6
:106828008a057800034578002a0037000c06e9003d
:106838006fab97006f006300e90f500002003c0047
:106848000003b000010037007005b0000a03fb0028
:106858001604b100f90f53000c003e000003780045
:106868000650a0001606b100f90f530007003e00bd
:10687800b4b79f00a5b79f00c7b79f00c60a070017
:10688800cfb39700afb297003fb2970080747e00f5
:106898000804e9008d06e9006fa89700ffa8970093
:1068a8000fb197009fb19700460020008301d100e7
:1068b8000281d3008180d3000080d3000603e90061
:1068c800faff3a00e0af9f00f1af9f0082b79f0048
:1068d80093b79f00e10f56000f0034006fa8970090
:1068e800ffa897000fb197009fb19700e00f5000e5
:1068f800e08f5800e00f5900e08f5900cbff3a00b5
:106908000800e000c9ff3c000d00e0000200340070
:106918000e18a300c5ff3a0089007800f4b79f005d
:10692800870478005fac97008a4178000b057800ef
:106938008fbd97000500e000100032003b02be004a
:106948002b03be00e4af9f00f5af9f0086b79f0002
:1069580097b79f00e00f5200e08f5a00e00f5b00ee
:10696800e08f5b00050032000c06e90083707e00b2
:106978000c06e90000c3b30080707e00ffb29700e8
:106988000500e000030032000c06e90000c2b30075
:1069980080707e00480190000201e9000c0151005e
:1069a8008c8040000e0278008a0178000900780087
:1069b800bf000700990090000188a300040032007e
:1069c80098009000810f500001003d000100780000
:1069d8004f0778004f06be004f05be004f04be00ab
:1069e800af01b100000006008201780001017800c3
:1069f800f1ff27007d0a3700960637003c00fa00b1
:106a08008f017800c303b1001d0009008019eb0055
:106a1800c0a79f0080b79f0000502300b0b79f0019
:106a280040fc2f000f004000620a07000080fa00b7
:106a38000000060084082000848f50001d003200ea
:106a48000d003c0014082000848f500027003200fd
:106a580002003c000408200004003700240820003d
:106a6800848f50003400320044082000848f500086
:106a780043003a0036003700040a2000848f500093
:106a88002700320004003c0004092000848f5000d5
:106a98003b003a0028003700020c2000828f50008b
:106aa8002f003200020f2000828f500034003a007d
:106ab8002b0037009380e9000200e0000500320057
:106ac800810978001102fb00cfa2de00612bb9001a
:106ad8002800370081097800114278000482fb0001
:106ae8008002eb006033b800220037001302780000
:106af800e40052000200e00005003200810978003d
:106b08001102be004fabde00860378001900370083
:106b1800810978001102be006033b8001500370003
:106b28009380e9008109780011027800cfa2de0085
:106b3800612bb9000f00370093027800e8805200fb
:106b4800810978003102be002103be000900370028
:106b58009380e9000200e00002003200f1ff3700f4
:106b68009380e90081097800110278008002eb0027
:106b78006033b8000498be000690be0010000500ff
:106b88000000050044082000848f500025003200d2
:106b980008003c0014082000848f500014003200c4
:106ba80024082000848f50002400320004082000ac
:106bb8000c00370004092000848f50001f003200a9
:106bc80004003c0084082000848f500024003a0010
:106bd8000e003700040a2000848f50001100320094
:106be800040c2000848f50001d003a000d0037006f
:106bf8009380e90081097800910078000108780005
:106c0800cf91de008288be00140037009380e9002f
:106c1800810978009100780001087800824878009e
:106c28000e0037009380e900810978009100780010
:106c38000108780082087800080037009380e9008e
:106c48008109780091007800010878006112b90084
:106c5800612bb9008498be008690be001000050024
:106c680000000500889fbe000004780048009000de
:106c780082047800808f5400010036008004780078
:106c8800090178005800900043fb07005800900065
:106c98000900400050049800c80090008984500002
:106ca800490498000048eb004f04be0000000600ad
:106cb800f2874700889fbe008a9fbe008c9fbe0057
:106cc8008e1f78008004780001057800020478009f
:106cd800830578006107620002003a008b0f5400b8
:106ce80008003900080178008a0078000900780057
:106cf8001c0b07008b0f5400020039008805780030
:106d08001e003700088655000c017800f00f560069
:106d18000100360002012000010220007e80570099
:106d280024fb07008c0678000500370002012000cc
:106d3800fe805700090078000a0b0700f08656000d
:106d4800ef8f5600f9ff3e004461de0000ff2f0080
:106d58000091b90002014600fe8057000900780042
:106d6800000b07000e00e00004003a00080178005c
:106d78008a00780009007800fa0a07000b007800fa
:106d88004f0778004f06be004f05be004f04be00f7
:106d98002f01b100000006000000050000000500fa
:106da80000000500000178000040eb008080fb0037
:106db80081804000e390200063c278000404e00072
:106dc80003003a00f090200060c078000000060040
:106dd80092017800934f520004003a00f09020008e
:106de80060c078000309e800010037000040e800af
:106df800ea4f5000edff360000000600f687470016
:106e0800889fbe008a9fbe008c9fbe008e1f7800a0
:106e180000057800010478008305780004067800ee
:106e28000000eb00c0b79f008080eb00d1b79f0047
:106e3800e0b79f00f2b79f000008200080bf9f00c6
:106e480098007800010078008004eb00010037000a
:106e58008904e800304178000204e00003003200b1
:106e680053c2b300834f5100f9ff3a000900e00014
:106e780004003200090178000a007800b90a070006
:106e8800188c44001807780050c2b3009e4f1000b9
:106e98003f013a000e07e8000e0c7800100037009a
:106ea800cfb097000100a0000b003700cfb09700cb
:106eb8000110a00008003700cfb097000120a00003
:106ec80005003700cfb097000130a000020037005e
:106ed800cfb097000140a000c1b79f00000ce800a8
:106ee8001800780090407800b2c2b30082cf5000fa
:106ef800f1ff320007003c0002c2b30082cf50000d
:106f0800f0ff320032c2b30082cf500007003a00cf
:106f1800efff3700d2c2b30082cf5000e0ff32004b
:106f280002c3b30082cf5000e0ff3200a2c2b30018
:106f380082cf50000d003a00000ce8001c80e900e8
:106f4800000e780010007800e0b79f000000e00015
:106f58000f003d00cfb097000100a200c1b79f000d
:106f68000000ea00e0b79f00090037006505070048
:106f7800e0b79f0001003700000ce8001800780017
:106f88009000fb000103b100e98f5000faff3600c2
:106f98004fb097000008a300020032000010a100c3
:106fa800c0b79f0018007800e1c2b30090cf10006e
:106fb80016003a008000eb00d1b79f000000e800ff
:106fc800000c7800a1c2b30090cf100006003a0070
:106fd800000ce8001c80e900000e78001000780022
:106fe800d0b79f000900370046050700d0b79f00bb
:106ff80001003700000ce800180078009000fb0042
:107008000103b100e98f5000faff3600080078004c
:1070180064ff070080467800180078001000fb0025
:10702800d608070091062000810f50003800320072
:1070380012003c0041062000810f5000340032004d
:107048000a003c0011062000810f50002000320089
:1070580031062000810f5000a000320051022000ac
:10706800810f5000bc003a00b400370071062000c0
:10707800810f5000b8003c0088003700010720004d
:10708800810f50005c00320007003c00e106200040
:10709800810f50007a003200f1062000810f500065
:1070a800ad003a003900370051072000810f500029
:1070b8002700320081072000810f50004200320073
:1070c80031072000810f5000a3003a008f003700dd
:1070d8008d80fb000c01780000fe2f000f0040009f
:1070e800e70807000000e000a80032001800780058
:1070f800000ce8009041780002fe2f000f014100cb
:10710800f88057000a00780024ff07000e003700b7
:107118008d80fb008c0178001200200000fe2f00fb
:107128000f00400043fe07000000e0009700320017
:10713800180ce80002fe2f000f014100f8805700ec
:107148000a0078004ffc0700808444009000370054
:107158008d80fb008c0178000001eb0000fe2f0001
:107168000f00400033fe07000000e00087003200f7
:10717800180ce80002fe2f000f014100f8805700ac
:107188000a0078004afd0700efff37008d80fb00fa
:107198008c0178000001eb0000fe2f000f0040007a
:1071a80024fe07000000e00078003200180ce80018
:1071b80002fe2f000f014100f88057000a007800f6
:1071c80089fc0700e0ff37008d80fb008c01780008
:1071d8000001eb0000fe2f000f00400015fe070025
:1071e8000000e0006900320018007800000ce80098
:1071f800904178001c0037008c0178000001eb00fa
:10720800010f200000fe2f000f00400009fe0700bc
:107218000000e0005d003200180ce8000fb0970095
:107228009fb097002fb19700bfb19700e00f5000b3
:10723800e08f5800e00f5900e08f590009003a002c
:10724800cfb597006fb4970060902000330807000f
:107258000b02780088017800000178006190200016
:107268004700370083c7b30002fe2f000f0141001b
:10727800f88057000a00780036fd0700b2ff370093
:107288000b8144008d80fb008c01780000fe2f00ec
:107298000f0040003bfe07003c0037008d80fb00dc
:1072a8000c01780000fe2f000f0040007408070052
:1072b8000000e0003500320018007800000ce800fb
:1072c8009041780002fe2f000f014100f88057001e
:1072d8000a007800b1fe07009bff370000c8b30022
:1072e80080cf560029003a00180ce8001c80e900fd
:1072f800000e780010407800e0df9f0013002000a7
:10730800e2fd2f000f0141000800370000c8b3005c
:1073180080cf56001d003a00180ce8001c80e900d8
:10732800000e78008001eb0010017800f88057000b
:107338000a00780061fc070083ff370000c8b3002b
:1073480080cf560011003a00180ce8004fb29700a1
:10735800efb19700080037000e0c78000000eb0032
:10736800c0b79f00e0b79f000080eb00d0b79f0038
:107378000002eb008401780012002000c190200078
:107388000a0078004afe07006fff3700180ce80073
:10739800090078004f0778004f06be004f05be0071
:1073a8004f04be006f01b100000006008200fa0021
:1073b800889fbe008a1f7800000578008204780044
:1073c800c13f9f000004eb0010003700090278005d
:1073d80088017800a2f72f000f01410081f72f00e4
:1073e8008f8040000a00780084fe070008004000f3
:1073f800880f500004003d00b0042000405588006c
:107408000084eb0004003700000478004f38970030
:107418001004e000edff3a00080078004f057800fe
:107428004f04be000080fa00000006000200fa00c7
:10743800889fbe00810478008200780003017800ec
:107448003104900085080700e10f40000b0032006e
:10745800a2002000e6805700080078007bfb0700a8
:10746800809cbe008294be0010002000dfb8970008
:10747800810f540001003a00e0ff2f004f04be00c6
:107488000080fa0000000600ea874700889fbe00d7
:107498008a9fbe008c9fbe008e1f78000004780073
:1074a8000105780083bf9f00a2059000420090006c
:1074b800e0b79f00b20490008300780011067800be
:1074c80008007800bb0107008fb897008c084000bf
:1074d8000b00e00004003a006fb097000000e900dc
:1074e800f0b79f0001003700fbb79f00ad002000f8
:1074f8000007eb001b00370078089000b8109000d8
:10750800810f500003003100b085fb00700c98001b
:107518000800370008007800b306070080057800e7
:10752800e18f450003003a000c00e0005c003c00dd
:107538006f0037000c00e0000c003a00b002200099
:10754800808f550003003200d0022000808f550044
:1075580006003a008b4c78008fb897009108e80035
:107568001e0020000e067800460037008e0f5600d9
:1075780029003a000c07e800ea8f560004003a0098
:1075880000032000808f550022003a001f003700ba
:10759800e88f56001f003a008b0078000150a000c9
:1075a80080072000808f50001a003a00f8089000e9
:1075b80038109000808f5000030031003180fb00ac
:1075c800710c980002003700080078008606070052
:1075d800b81090000100e00003003200f8089000a5
:1075e8008100e900710c98000f0607000000e00018
:1075f800130032008b747e000fb897001008e80063
:107608000e0678000d0120001e0037008d002000b6
:10761800010037000007eb0000fd2f000b004000c1
:10762800e90f50000d003600f08f560004003a00b4
:107638000b007800fc0507000000e0000d003a0090
:10764800381090000000e000150032007808900023
:107658000000e900700c980011003700e88f560010
:1076680004003a0070032000808f550001003400a8
:10767800ad0020008b747e000c06e8008fb89700e0
:107688009108e8007fb09700800f560004003d0085
:10769800efb097000100e900800f560096ff350013
:1076a8000040eb0080747e00ea8f560005003a0027
:1076b8000d017800f680570009007800e3fa07000a
:1076c800040037000d017800f680570009007800a3
:1076d800dafa0700009dbe000295be001b002000dc
:1076e8005fb09700808f540001003a00ebff2f0035
:1076f8000b0078004f0778004f06be004f05be000c
:107708004f04be00af00b10000000600e687470046
:10771800889fbe008a9fbe008c9fbe008e1f780087
:10772800000478000105780003067800220790001d
:107738004200900080bf9f00b20490009c05780032
:10774800080078001b0107000b0e40000e00e00047
:1077580002003a008fb897000107e900890678000f
:107768008005eb001c003700f808900038109000e6
:10777800808f5000030031003180fb00710c9800ad
:10778800070037000800780017060700e10f4000df
:1077980003003a000b00e00015003c002100370010
:1077a80001fd2f0080804000e78f50000700360061
:1077b800381090000000e0000d00320078089000ba
:1077c8000000e900700c980009003700805e78001e
:1077d8008b05e8001c0ee8008e8f550004003d0064
:1077e8008fb897000100e900808f5500deff350053
:1077f8000040eb0080f47d0082002000f2805700fa
:10780800090078008dfa0700009dbe000295be00b1
:1078180010002000ffb09700818f540001003a004b
:10782800e0ff2f004f0778004f06be004f05be004f
:107838004f04be006f00b100000006008000780011
:107848001000200002022000828f50000400320045
:10785800e9805000e48f5000010036000000eb0082
:1078680000000600889fbe008a9fbe008c9fbe0055
:107878008e1f78000004be000205be008406780052
:107888000a00e000040032001b06780008007800b7
:10789800c80007008c0d4000290790008004eb0009
:1078a8002100370078089000b8109000810f500030
:1078b800030031003086fb00700c98000800370088
:1078c80008007800c805070000067800e10f4600a8
:1078d80003003a000900e00017003a0020003700d2
:1078e8000a00e0000b0032000c007800d3ff07000c
:1078f8000000e00007003200381090000000e000af
:107908000d003200780890000000e900700c980023
:10791800090037000d00e000010032008cf67c0001
:107928008904e8009b0de8000e00e000ddff32004e
:107938008e8f5400dbff35000d00e000040032009c
:107948000a00e000020032000040eb0080f67c00f4
:1079580009f0a7008904ea000906ea004f66de007c
:107968000c0078004f0778004f06be004f05be0098
:107978004f04be00000006000200fa00889fbe0007
:1079880081047800820078000301780031049000b7
:1079980032070700e10f40000b003200a200200070
:1079a800e68057000800780024fa0700809cbe0093
:1079b8008294be0010002000dfb89700810f5400a9
:1079c80001003a00e0ff2f004f04be000080fa00db
:1079d80000000600e8874700889fbe008a9fbe0017
:1079e8008c9fbe008e1f7800000478000105780087
:1079f80083067800a205900042009000f0b79f002f
:107a0800b20490001d06780008007800690007009d
:107a18008c0e40000b00e00004003a00ffb0970015
:107a28008100e90081bf9f00010037008bbf9f00e4
:107a3800090778000006eb00390037007808900045
:107a4800b8109000810f500003003100b085fb0092
:107a5800700c9800080037000800780062050700dd
:107a680080057800e18f450003003a000c00e00033
:107a780032003c003e0037000b007800ea040700a3
:107a88000000e00023003a00e10f56001a003a0017
:107a98000b0078003906070081072000810f50008d
:107aa80015003a0000c3b300994f100012003a00c5
:107ab800f808900038109000808f500003003100c3
:107ac8003180fb00710c9800020037000800780034
:107ad80045050700b81090000100e00003003200df
:107ae800f80890008100e900710c9800ce040700a6
:107af8000000e00007003a00381090000000e000a5
:107b08000e003200780890000000e900700c980020
:107b18000a0037000b5f78000c06e8009d0ee800ad
:107b28000fb89700800f560004003d00ffb0970083
:107b38000100e900800f5600c0ff35000040eb004f
:107b480080747e0002012000f4805700090078004c
:107b5800baf90700009dbe000295be001b00200078
:107b68006fb09700808f540001003a00ebff2f00a0
:107b78000b0078004f0778004f06be004f05be0087
:107b88004f04be008f00b10000000600800078009e
:107b98001000200002022000828f500004003200f2
:107ba800e9805000e48f5000010036000000eb002f
:107bb80000000600889fbe00000478008004eb00e7
:107bc8000b003700f1ff07000000e00007003a0053
:107bd800381090000000e000100032007808900093
:107be8000000e900700c98000c0037008904e800d8
:107bf800f808900038109000808f50000300310082
:107c08003180fb00710c9800eeff37000800780007
:107c1800f5040700e10f4000eaff3a000900780088
:107c28004f04be0000000600889fbe008a1f78002f
:107c38000004be00190078001000fb00d3ff070005
:107c48000005eb000000e0000900320008007800a1
:107c5800d8ff0700000578001900e800800c7800bc
:107c68001000fb00c9ff07000000e000faff3a001f
:107c78000a0078004f0578004f04be000000060097
:107c88001801fa00889fbe008a9fbe008c9fbe0024
:107c98000005780001047800830578000406780060
:107ca80068004700040009000018eb0072079800fc
:107cb80000082000000f9800880078000a0078006b
:107cc800d9ff070080067800190037007a0890006d
:107cd800ba109000810f500003003100b084fb00ff
:107ce800700d9800050037000a007800be040700f0
:107cf80080047800e18f4400070032001800780003
:107d08001000fb00808f5400030032003a109000ee
:107d1800e9ff2f00110137009b0de800180ce8005f
:107d2800880078000a007800bfff070080864600b8
:107d380018007800904078000104e0000300320049
:107d480052c2b30082cf5000e0ff3a009b8d46003c
:107d580051c2b30090cf10008f013a000000e80034
:107d6800000c78008000eb0061079800810678001d
:107d7800a1c2b30090cf100002003a00000ce80046
:107d88001d00200018007800de0107006007980039
:107d98006102b900612bb9000a0078006d04070080
:107da80001003700000ce800180078009000fb0084
:107db8000103b100e98f5000faff3600080078008f
:107dc800f8fb070040579a00180078001000fb00e5
:107dd8006a05070091062000810f50003a00320022
:107de80015003c0031062000810f5000a20032002f
:107df8000a003c00b1052000810f5000dd00320070
:107e080011062000810f5000890032005102200025
:107e1800810f50005f013a00bb0037004106200087
:107e2800810f50001900320071062000810f5000a8
:107e380058013c007e00370001072000810f5000e8
:107e48005b00320007003c00e1062000810f500073
:107e580067003200f1062000810f50004d013a0002
:107e68003300370051072000810f50002a003200ec
:107e780081072000810f50003e00320031072000aa
:107e8800810f500043013a008e0037008b017800c3
:107e9800680147008e0078000a00780063fd07003b
:107ea800800478000900e0003e013500180ce80065
:107eb8008004eb000d00e0003a013a004e519200b8
:107ec8008280fb000e0037008b01780068014700b4
:107ed8008e0078000a0078006bfd070080047800a7
:107ee8000900e0002f013500180ce8008004eb00c1
:107ef8000d00e0002b013a004e5092008080fb00fc
:107f08008c017800120020000e0078009a05070006
:107f180080047800230137008b017800680147004e
:107f28008e0078000a00780093fe070016003700dc
:107f38008b017800680147008e0078000a007800fd
:107f4800f2fd0700800478000900e0001501350003
:107f5800180ce8008004eb000d00e00011013a0065
:107f68004e5092008080fb008c0178000901780057
:107f7800e5ff37008b017800680147008e00780024
:107f88000a00780093fe0700800478000900e000ea
:107f980004013500180ce8008004eb000d00e00037
:107fa80000013a004e5192008280fb00eeff37003c
:107fb8008b017800680147008e0078000a0078007d
:107fc80084fe0700800478000900e000f500350011
:107fd800180ce8008004eb000d00e000f1003a0006
:107fe8008c01780009017800010f2000c6ff3700d6
:107ff800180ce8001b007800cf80de006109b9008a
:10800800009fbe000297be008004eb000d00e00058
:10801800e4003a004e5092008080fb008c0178000a
:10802800090178000e00780053050700dd003700cd
:108038008b017800680147008e0078000a007800fc
:10804800de000700800478000900e000d500350054
:10805800180ce8008004eb000d00e000d1003a00a5
:108068004e5192008280fb000c0178000e007800cf
:1080780022050700a6ff370000c8b300ce509200c3
:1080880080cf5000c3003a006e0090000000e0006e
:1080980002003a001000200060079800180ce80061
:1080a8000002eb000d00e00003003a001c80e9002c
:1080b800000e7800100278008b0178000001eb00b8
:1080c8000d00370000c8b3004e519200804f510098
:1080d800b0003a00180ce8000002eb000d00e000c8
:1080e80003003a001c80e900000e780010027800b6
:1080f8008b01780012002000e80047000a00780091
:10810800d8fd070082ff370000c8b300ce509200a8
:1081180080cf50009f003a00180ce800fa08900041
:108128003a109000808f5000030031003180fb002e
:10813800710d9800020037000a007800aa030700b2
:1081480051022000810f500002003a009b0de80008
:10815800930037003a1090008004eb000000e00024
:10816800900032007a0890000000e900700d980035
:108178008c00370000c8b3004e519200804f510068
:1081880084003a000002eb000d00e00003003a0012
:108198001c80e900000e7800100278001800e80042
:1081a800000c78008004eb00e1c5b30090cf10000c
:1081b80002003a00000ce80019002000121020000c
:1081c8008900780072004700340f9900f9f507001c
:1081d8000040eb0020579800180078009040780085
:1081e800d2c2b3003e0a910082cf500005003a0087
:1081f800000ce80010c0b3000940500000c7980008
:1082080028003700d2c5b30082cf500025003a00bd
:10821800000ce80010c0b3000940500000f79800b7
:10822800200037000004e00023003200d3c2b3006e
:10823800834f500014003a00180090001040780056
:108248000004e00010003200814f50000e003200a0
:108258000201e800020c780078b897001000fb00d3
:10826800f2004700008040000200370011c0b30050
:1082780009e85000f2014700830150009200fb001a
:10828800818f5100f9ff3500180078009000fb003d
:108298008100470012c0b30009415100b250980054
:1082a800000ce8001801780012407800d1c5b3002e
:1082b800814f5000dbff3a000400e0001800320054
:1082c800840678000006eb0003003700895e78001a
:1082d8000c06e8009b0de8007a089000ba109000a0
:1082e800810f500003003100b084fb00700d98002e
:1082f800050037000a007800340f99003a03070098
:10830800800478003e0a9100090047003050900030
:108318000004e000edff3a00120037009b0de80072
:108328007a089000ba109000810f500003003100c5
:10833800b084fb00700d9800050037000a00780033
:10834800340f990028030700800478003e0a910042
:1083580009004700305090000004e000efff3a00a9
:108368000006eb003a1090000000e0000300320025
:108378007a0890000000e900700d98000c00e000f9
:10838800040032000400e000020032000040eb006c
:1083980000727e00180ce800e18f440001003200f2
:1083a8008004eb00090078004f06be004f05be00b0
:1083b8004f04be000080fa0000000600000005001f
:1083c800000005008400fa00889fbe008a1f78001c
:1083d8000005780082047800b13f9f000000eb00a0
:1083e800c03f9f00000478000d00370009027800a4
:1083f80083f72f008f814100a2f72f000f01410062
:1084080061f72f008f8040000a0078001cfe0700eb
:10841800800178000300e0000400350003044400f4
:108428003f3897001004e000f0ff3a00e18f410068
:1084380003003a000800e00001003a000304780055
:10844800080078004f0578004f04be000080fa004d
:1084580000000600889fbe008a9fbe008c9fbe0059
:10846800800578008106780002067800eb0c900001
:10847800081020000c044400080178008000eb007c
:1084880009007800750207000000e00001003200d2
:1084980009045000080578008c0f540001003600cc
:1084a8000c0578000a017800890078000d00780032
:1084b80039f507000a804400f00d9800088444004c
:1084c80088159800e80d98000a0078004f06be004d
:1084d8004f05be004f04be00000006008000780073
:1084e8001000200002022000828f50000400320099
:1084f800e9805000e48f5000010036000000eb00d6
:1085080000000600889fbe008a1f780000057800da
:108518000a047800984478000805e8000900fb0080
:10852800eeff07000000e000f9ff3a00b0c2b30018
:1085380080cf540005003200d0c2b3008000eb00a9
:1085480080cf540005003a00020037008000eb009d
:1085580001003700110020000804e8000000eb00cb
:10856800030037006a02b900020052000003b0009d
:108578003801fb0003fd2f0082814100e98f510083
:10858800f8ff36000100e00001003a000000ea00b0
:108598004f0578004f04be000000060080007800f8
:1085a8001000200002022000828f500004003200d8
:1085b800e9805000e48f5000010036000000eb0015
:1085c800000006006f02b000889fbe008a9fbe00b0
:1085d8008c9fbe008e1f7800000678000107780087
:1085e80082047800d4af9f00e5af9f00f6af9f00ec
:1085f80087b79f0040022000800f57007d003e0093
:10860800e10f57007b0032007c089000bc109000fe
:10861800810f500003003100b086fb00700e9800f7
:10862800030037000c0078006f020700800678000e
:108638000d007800d9ff07000000e000f2ff3a00c3
:10864800b0022000808f5600050032008002eb0047
:1086580085af9f00d0022000808f560010003a009e
:10866800dd82b2000df0a7008d06ea008d06e90054
:10867800cfeede008daf9f007c089000bc1090000c
:10868800810f500003003100b086fb00700e980087
:10869800030037000c0078005302070080067800ba
:1086a8000e00e00002003200f00f570042003a00ce
:1086b80000032000808f56003c003a007c089000a0
:1086c800bc109000810f500003003100b086fb0001
:1086d800700e9800030037000c0078004202070073
:1086e800800678008d0078000150a00080072000e7
:1086f800808f50002a003a007c089000bc1090003f
:10870800810f500003003100b086fb00700e980006
:10871800030037000c007800330207008006780059
:10872800e09220006d4078000e012000ef4f5000cd
:108738008d0036003c1090000000e000030032007d
:10874800fc0890008100e900710e98000900e00023
:108758000c0032006022b8006033b800d4af9f002c
:10876800e5af9f00f6af9f0087b79f000000e000cd
:10877800a10132007c0890000000e900700e98000a
:108788009d0137006022b8006033b8000c00780003
:10879800f00107006000b8006011b80092013700ce
:1087a8000e00e0009e013200170037000e00e000c6
:1087b80001003a00ae002000e09220006d407800f1
:1087c8000080fb008e0f50000f0039003c10900015
:1087d8000000e000030032007c0890000000e9007f
:1087e800700e98006022b8006033b8000c00780062
:1087f800d801070060012000405588006022b800b9
:108808006033b80071013700ea0f570056003a008c
:108818000004eb000d0078000d0037006a44b90031
:108828000800400008fd2f0000044400fc089000e8
:108838003c109000808f5000030031003180fb0015
:10884800710e9800020037000c007800e60107005e
:1088580001fd2f0080804000e98f500003003e009a
:1088680081992100810f5400ecff360080067800c2
:108878008004eb006055b800120037001faa97006b
:10888800afaa97003fab9700cfab97000004420018
:1088980081844a0002054b0083854b007c089000c8
:1088a800bc109000810f500003003100b086fb001f
:1088b800700e9800030037000c007800ca0107000a
:1088c8008006780005fd2f008582460095af9f0041
:1088d800e98f520009013e009099290091992900d9
:1088e80092992900939921000040e10001c8e10014
:1088f80002d0e10003d8e100db003e00a400200024
:10890800050020006033b8000800be000a01be0060
:10891800c30707001faa97008002eb006033b80066
:1089280094af9f00a5af9f00b6af9f00c7af9f0051
:108938000482ea008582ea000683ea008783ea0067
:10894800d4b79f00e5b79f00f6b79f0087bf9f0089
:108958000400e1000588e1000690e1000798e100c5
:10896800c6ff3600c00037000e00e9000e006000a8
:10897800030032000004eb000d00780065003700aa
:108988007770b9004500de00670060004192200062
:10899800e14078008100fb000004eb000d00780046
:1089a800810478000b0037000944dd0001047400dd
:1089b800fc0890003c109000808f500003003100ac
:1089c8003180fb00710e9800020037000c0078001f
:1089d80085010700e1922000e0c078008180fb005b
:1089e8008e8f500003003100f27f2000820f540068
:1089f800edff360080067800890078008004eb00df
:108a08006055b800f4ff2f00f5ff2f000403be00e7
:108a1800010078000000e900050033008703d10059
:108a28000683d3008582d3000482d300f9ff370080
:108a38000d00780081067800200037000d017800cd
:108a48000201e900050033000804d0008984d2003f
:108a58000a85d2008b85d200f9ff37000180fb0020
:108a68008000eb006011b800080470008984700071
:108a78000a0571008b857100fc0890003c1090007d
:108a8800808f5000030031003180fb00710e980088
:108a98000a0037000c00780094b79f00a5b79f0024
:108aa800b6b79f00c7b79f004f010700cfb3970025
:108ab8003fb39700afb297001fb29700e192200032
:108ac800e0c078000181fb008e0f5100600031008a
:108ad8000440e10005c8e10006d0e10007d8e10044
:108ae800d6ff36005a0037000ec4b900088440008b
:108af800fc0890003c109000808f5000030031006b
:108b08003180fb00710e9800020037000c007800dd
:108b180035010700e1922000e0c078008180fb0069
:108b28008e8f500003003100b2712000820f540074
:108b3800edff3600800678008004eb006055b80031
:108b480098af9f00a9af9f00baaf9f00cbaf9f001f
:108b5800120037000002440081824c0002034d00dd
:108b680083834d0094af9f00a5af9f00b6af9f00d1
:108b7800c7af9f007c089000bc109000810f500088
:108b880003003100b086fb00700e98000300370028
:108b98000c0078001401070080067800e09220009d
:108ba8006d407800e0cf9f00804278000580fb0090
:108bb8008e0f5000280031006174b8006055b8006d
:108bc8000802be000a03be00f0ff2f00f1ff2f00cd
:108bd8000001be00a90607001faa9700afaa9700c8
:108be8003fab9700cfab97000020e10001a8e10060
:108bf80002b0e10003b8e10017003e000802be0021
:108c08000a03be001fa89700afa897003fa99700c6
:108c1800cfa9970002070700efca97000584fb0059
:108c28008004eb006055b8000882ea008982ea00f7
:108c38000a83ea008b83ea000400e1000588e1006a
:108c48000690e1000798e100c2ff360002003700f5
:108c580080067800040037001fac9700afac97007f
:108c68003fad9700cfad9700e09220006d407800af
:108c78000080fb008e0f5000200031000d007800ae
:108c880009003700fc0890003c109000808f5000cd
:108c9800030031003180fb00710e9800020037009c
:108ca8000c007800d0000700e192200060c0780036
:108cb8000080fb008e0f5000f2ff390020022000d8
:108cc800405588005fab97000608a30007003200f4
:108cd8005fac9700efac97007fad97008fb597001a
:108ce8008003eb0087af9f00040037005fac97005c
:108cf800efac97007fad97008fb597003c109000c0
:108d08000000e000030032007c0890000000e90049
:108d1800700e98005fa89700efa897007fa99700aa
:108d28008fb197000040e10001c8e10002d0e100e6
:108d380003d8e1001c0039000008a3000e003a0027
:108d48008fa897000100e0000b003a0020022000e5
:108d5800405588005faa9700efaa97007fab97005d
:108d68008fb3970061025200e0825a0060035b00f3
:108d7800e0835b00150037005fa89700efa8970015
:108d88007fa997008fb197000040e10001c8e1007a
:108d980002d0e10003d8e1000300360020022000e1
:108da80040558800140037008fa89700e18f4000d5
:108db8000b003a006000b8006011b80008025000cb
:108dc800898258000a0359008b835900d4af9f0049
:108dd800e5af9f00f6af9f0087b79f0006003700fa
:108de8000800be000a01be00d0af9f00e1af9f009f
:108df800f2af9f0083b79f005fa89700efa8970086
:108e08007fa997008fb197004f0778004f06be00e3
:108e18004f05be004f04be006f02b10000000600ff
:108e28008e002000d0fe37008000780002fd2f0061
:108e38000101410010002000e90f51000500360033
:108e48000150a0001106b100e58f50000100360066
:108e58000000eb0000000600f3ff37008180fb00f4
:108e6800010037000201e900800178000008a30032
:108e7800060032000200e000230032003082fb00ce
:108e8800810f5200f7ff3a00030037000000eb00a3
:108e98000200e0001e0032001380fb00810f50002a
:108ea8001c00320014102000048ab90084027800e3
:108eb800010037000281e90003007800e10f51004a
:108ec8000a00360033826a00f6ef2f0004034300dd
:108ed8000482ea0004026300060828000602620011
:108ee800f4ff3200010037000201e9008001780038
:108ef8000200e000050032003082fb00810f5200c2
:108f0800f9ff3a0003003700000005000000eb00fd
:108f1800000006000300780000000600010037008a
:108f28000201e9000200e00005003200304278004a
:108f3800b1417800834f5200f9ff32000100370039
:108f4800000005000480fb008381fb000300500043
:108f580000000600889fbe008a9fbe00441098004b
:108f6800551098006610980077109800f008900047
:108f78002004900001045400cfc4de00614db90004
:108f880008189800191898002a1898003b18980093
:108f9800e00f5200e08f5a00e00f5b00e08f5b00ab
:108fa8000c0032000014900001045400cfc4de000d
:108fb800614db9000440e10005c8e10006d0e100b8
:108fc80007d8e10003003400048240003410980000
:108fd8000200370080109000311098004f05be0045
:108fe8004f04be00000006002800fa00889fbe005b
:108ff8008a1f780000047800f80890002800900084
:1090080000805000081a9000981a9000281b9000c1
:10901800b81b9000cf80de00040240008582480023
:10902800068348008783480048109000d8109000b5
:1090380068119000f8119000e00f5000e08f580080
:10904800e00f5900e08f5900050032000020e100d0
:1090580001a8e10002b0e10003b8e1000d003d0005
:1090680008007800d4b79f00e5b79f00f6b79f00c7
:1090780087bf9f00cc010700800478005fb297008b
:10908800efb297007fb397008fbb97000900e0000d
:1090980016003d0078089000a800900080805000dd
:1090a8004f89de000482400085024900060349001a
:1090b80087034900041c9800151c9800261c98007a
:1090c800371c980030149800f0ff2f00f1ff2f0094
:1090d8000001be00401498005114980062149800d2
:1090e800731498008084eb0052003700610042003e
:1090f800e0804a0060014b00e0814b0090bf9f0078
:10910800a1bf9f00b2bf9f00c3bf9f00481290003d
:10911800d812900068139000f813900094b79f003d
:10912800a5b79f00b6b79f00c7b79f00e00f5200d2
:10913800e08f5a00e00f5b00e08f5b0028003200f0
:10914800780d9000081190000a0151006112b900d1
:10915800612bb900d4af9f00e5af9f00f6af9f0029
:1091680087b79f001fb09700afb097003fb1970037
:10917800cfb197001fba9700afba97003fbb9700cf
:10918800cfbb9700040050008580580006015900a5
:109198008781590090af9f00a1af9f00b2af9f0099
:1091a800c3af9f005faa9700efaa97007fab970015
:1091b8008fb397000020e10001a8e10002b0e100b0
:1091c80003b8e100060034009fb297001fbb970068
:1091d80006815200820045003114980002003700d1
:1091e800881390003714980028019000f808900020
:1091f800810151001fba9700afba97003fbb970093
:10920800cfbb97004f98de000482410085024800da
:109218000603480087034800041c9800151c9800a2
:10922800261c9800371c9800828f500001003e00d1
:10923800f9f89f00090078004f0578004f04be0038
:109248000080fa0000000600881f780001047800fa
:109258008800780005000700904f140001003200d4
:109268000000eb004f04780000000600881f78001b
:10927800000478008180fb000a003a0008007800aa
:109288002600070000004400220037001804e00010
:10929800200032000804e8001081fb00810f510013
:1092a8001c003200080078000808a300f7ff3a0005
:1092b80014102000048ab9000801780038007800ea
:1092c800f5ef2f00808242008081ea0083826200ed
:1092d800030828008382620007003a0000006a0041
:1092e800f5ef2f00808242000080ea0000806200d3
:1092f80083016000f0ff3200020078001204e000f1
:10930800040032000201e8009081fb00818f5100c7
:10931800f9ff3a004f04780000000600800078004a
:10932800040037003104e00002003a000000510058
:1093380000000600010178000108a300f9ff3a00c7
:109348008101780031017800f4ef2f000202420019
:109358000281ea0002016200040828000401610099
:10936800f7ff320083007800010178003104e00043
:10937800fdff3a000000510000000600f1fb2f003d
:1093880080804000f98f500001003e000050a0008e
:1093980000000600f9ff3700f1f92f008080400037
:1093a800f98f500001003e00f005b20000000600f1
:1093b800f9ff37000200fa00881f780000047800df
:1093c800e2bf9f006481570008007800fdfb07009a
:1093d800980090000148a300010032000080eb00d3
:1093e8004f0478000080fa0000000600f28747006a
:1093f8008e1f780002027800030178000000e00068
:109408000200320000077800010037007287570019
:109418008002eb000100e000010032008102e90057
:1094280070805700060009000018eb000080eb0070
:1094380080bf9f002310200093bf9f00aebf9f00f6
:10944800b1bf9f00c5bf9f000100e00003003d00c1
:10945800b10420004155880006003700004feb009a
:10946800eebf9f00debf9f00840078007080570029
:10947800190107004f0778002f01b100000006000e
:10948800881f78000004780000082000808f5000b2
:109498001700350010082000808f50000b003400a2
:1094a80030082000808f500011003a0092007800a8
:1094b80068805000000978003002be002003be001a
:1094c800049cbe000694be00070037009202780094
:1094d80064805200000978001000be007e03070077
:1094e800009cbe000294be0010002000010037005e
:1094f8000000eb004f04780000000600881f780089
:1095080013082000838f50000f003200330820001a
:10951800838f50000400320003082000838f50001e
:1095280012003a00080037009280e900010978002b
:10953800910078003002be002003be008498be006f
:109548008690be00070037009280e9000109780084
:10955800110478005001be004000be007d030700e2
:10956800008cbe0010002000010037000000eb0056
:109578004f0478000000060084082000848f500003
:109588001d0032000d003c0014082000848f50009c
:109598001e00320002003c000408200004003700ce
:1095a80024082000848f50001e0032004408200048
:1095b800848f500028003a0022003700040a200057
:1095c800848f50001f00320004003c000409200072
:1095d800848f500020003a0012003700020c20004f
:1095e800828f500017003200020f2000828f500037
:1095f80019003a00130037009380e90081097800c8
:109608009100780090487800120037009380e900b4
:109618008109780091007800b0187800a0107800cf
:109628000c0037009380e9008109780091007800e8
:109638003002be002003be008498be008690be00a3
:10964800040037009380e9008109780091007800d0
:10965800900878001000050000000500889fbe00f3
:109668008a9fbe008c9fbe00000478000205780027
:1096780021069000c1069000b10590009a04780078
:10968800080078004bf90700090d40000c00e000c5
:1096980001003a000d06e9008004eb0028003700bd
:1096a800f808900038109000808f500003003100b7
:1096b8003180fb00710c9800070037000800780023
:1096c80049fe0700e10f400003003a000900e000ee
:1096d80020003c00220037000900e0000a003a00a0
:1096e800b1022000810f500003003200d102200097
:1096f800810f500004003a00804d78001a0de800f0
:10970800190020000e00370001fd2f008080400066
:10971800e98f500007003600381090000000e00084
:109728000c003200780890000000e900700c9800e6
:109738000800370080f57c008904e8001a0de8006d
:109748008c8f540003003d000d00e900808f540009
:10975800d3ff35000040eb0080f57c000000eb00f3
:109768004f06be004f05be004f04be0000000600b5
:10977800c06090000141e90081407100416098009b
:1097880010019000e4006100040032000240a000d3
:10979800120098000080eb000000060001109800fd
:1097a80071089800000005000200fa00889fbe00ba
:1097b80000047800080078009b0107008084eb0013
:1097c8000000e00009003a00981190001200200003
:1097d800e68057000800780003000100e10f500000
:1097e80002003a002ff897008084fb0009007800f7
:1097f8004f04be000080fa0000000600881f7800b1
:1098080040442000ad010700000478000800e00093
:1098180013003200c20320008000eb00080078002b
:1098280064f0070020cb2400300c980000e92400e5
:10983800400c9800c0d3240070049800c0da2400bb
:109848001014980000c0eb00205c98004004200031
:1098580008004000200498000040200030049800d0
:10986800080078004f04780000000600889fbe00ba
:109878008a9fbe00100290008002eb000418a3002b
:1098880003003a0080129000700990008282520012
:10989800d0019000600190000284510008844200c9
:1098a800cfc4de00614db9008898be008a90be0022
:1098b8000000eb000468a300040032001000200040
:1098c800828f510001003e000000eb004f05be00f2
:1098d8004f04be00000006000200fa00881f78004e
:1098e80000047800e2bf9f006481570008007800f8
:1098f800aef60700980090000148a300010032006e
:109908000080eb004f0478000080fa000000060099
:10991800889fbe0000047800480090008204780008
:10992800808f540001003600800478000901780017
:109938005800900018f007005800900009004000f7
:1099480050049800c8009000898450004904980089
:109958000048eb004f04be0000000600100078002d
:1099680087eb3700900190000388a30001003200c4
:10997800e7ff37000348a30001003a00050207008b
:109988000000060001017800920090000158a30031
:1099980003003a0082007800910107000f003700a9
:1099a8008080fb00a25990008301fb00838f500048
:1099b80007003200d2019000220a9000848f5100e3
:1099c80003003100805978005301980004003700e3
:1099d8008000780002007800f40107008000780019
:1099e800010078000000060000000600e0a2200048
:1099f80000000600889fbe000004be000000eb00c7
:109a08000800e00018003200180090000058a30079
:109a18000d003200d800900068009000808f500040
:109a280009003600b80990000001eb0082007800b8
:109a38000800780003000100d80090000080eb00c7
:109a48000100e000080032000000eb00200c980044
:109a580060049800500498000900e00002003200f9
:109a6800180078003deb07004f04be000000060018
:109a7800889fbe000004be000000eb000800e00064
:109a880025003200180090000058a3001100320091
:109a9800d800900068009000808f500009003600c0
:109aa800b80990000001eb008200780008007800f7
:109ab80003000100d80090000080eb000100e000e6
:109ac800150032000000eb00200c9800600498009c
:109ad80050049800780a900008109000800f5200f7
:109ae800060031000002520011002000cfa2de0063
:109af800612bb90018007800330107000000eb0063
:109b080000149800700c98000900e0000200320070
:109b18001800780011eb07004f04be000000060093
:109b28000000060000000500fdff070050558000fa
:109b38008000eb0063010700505580008000eb00b7
:109b480060010700505580008000eb005d01370080
:109b58000800fa00889fbe008a1f78000004780079
:109b6800010578008204780038009000a800900071
:109b78009abf9f000001780002f0a7000201ea00e6
:109b88000201ea004f11de0002815400a2bf9f00cb
:109b9800b1bf9f00c0bf9f0022002000ee80570089
:109ba80018007800260107000000e00006003c00cd
:109bb800f80060000130a200180190008280700057
:109bc80011049800110037002fb99700820f500038
:109bd8000e003600a8009000710c9800020050009a
:109be8000080400000149800380090000000e00059
:109bf800070032000905450001007800b0407800f0
:109c080071fd9f00700c98000100370080047800f7
:109c1800090078004f0578004f04be000080fa0064
:109c280000000600881f78000004780018007800fb
:109c3800e50007000203be000002be00f0ff2f008f
:109c4800f1ff2f000001be00e00f5200e08f5a0024
:109c5800e00f5b00e08f5b00050035001800900006
:109c68000030a100100498006000b8006011b8002e
:109c78004f047800000006000800fa00889fbe0024
:109c88008a1f78000004be00180090000058a30046
:109c98001b003200d800900068009000808f5000b0
:109ca80013003600b80990000001eb00820078002c
:109cb8000800780094bf9f00a5bf9f00b6bf9f0013
:109cc800c7bf9f000300010058059000f0ff2f0058
:109cd800f1ff2f000001be001fba9700afba97002e
:109ce8003fbb9700cfbb97000a00e0000600320098
:109cf8000000eb00200c98006004980050049800c5
:109d08000800be00c7ff07004f0578004f04be00db
:109d18000080fa00000006000800fa00889fbe00d4
:109d28008a1f78000004be00e18f540008003a0042
:109d3800881090007808900000805000cf80de00e6
:109d48000002520081825a0001035b0081835b009c
:109d5800180090000058a3001b003200d8009000a3
:109d680068009000808f500013003600b8099000fa
:109d78000001eb00820078000800780094bf9f0083
:109d8800a5bf9f00b6bf9f00c7bf9f00030001008b
:109d980058059000f0ff2f00f1ff2f000001be00d2
:109da8001fba9700afba97003fbb9700cfbb970089
:109db8000a00e000150032000000eb00200c9800bb
:109dc80060049800500498000800be0095ff070042
:109dd8000203be000002be00f0ff2f00f1ff2f00bb
:109de8000001be00e00f5200e08f5a00e00f5b0058
:109df800e08f5b00050035000000eb0000149800c0
:109e0800700c98006000b8006011b8004f05780029
:109e18004f04be000080fa000000060000000600a3
:109e2800a0a6200000000600881f78000004780023
:109e3800486090008040e90000c0700040649800cd
:109e4800d800900068009000808f50000500360010
:109e5800b80990000001eb00820078000800780043
:109e6800030001000000eb00200c9800600498003b
:109e780050049800980090000118a30003003200d5
:109e88000140a00011049800080037002801900044
:109e9800380090000000410000149800700c9800f1
:109ea8000000eb000138a300010032000080eb0045
:109eb8004f047800000006001bff37000200fa007c
:109ec800889fbe000000e00001003a00100020005a
:109ed8000004e8000800a100705580000000e800b8
:109ee8000000a10070558800000020000000e0007c
:109ef8000f003200e10f540006003600e20f440064
:109f080005003a00c0002000405588000000eb0022
:109f18002a003700280020000800780036d80700fb
:109f2800290020000000e00024003a00010037006a
:109f38008004eb007055800061558000008050005f
:109f4800800f54001300360008804400d0bf9f00e3
:109f580066805700cc000700800078000000eb0006
:109f68000100e000150032000100e8000000a10037
:109f780061558000810f5000010032007055880043
:109f8800dfb89700010040000000e8000000a100d1
:109f980060558800715580000900e0000300320018
:109fa80001007800081878000100370001007800e7
:109fb8000884440088804000715588004f04be0022
:109fc8000080fa0000000600a0fd2f00f1ff2f001e
:109fd800320007004f89de00820178000000060089
:109fe8000200fa0081017800e0ff9f0093009000d2
:109ff8000188a30005003200d30090008058780043
:10a008000080fb00d10198000a00370012002000f0
:10a018008f80e900030078005e0007008000780068
:10a028000080eb000100e00002003200eff897002a
:10a038000180fb000080fa000000060051fe370096
:10a04800889fbe008a9fbe008c1f7800000678009b
:10a0580082057800010478008004eb000905780087
:10a068000700370018019000980078000c0078006d
:10a0780076e90700808444000a05e8006404440087
:10a088008b0f5500f7ff3500090078004f06780060
:10a098004f05be004f04be000000060002002f005e
:10a0a800f3ff2f00820f5000838f58000400360002
:10a0b8000000ea00405588000080eb008080eb003b
:10a0c800000006008001eb000000e00005003200ff
:10a0d800700190000200e00002003200020001005e
:10a0e8008001780003007800000006006000b800d6
:10a0f8006011b80000000600881f7800c001200029
:10a108006eff0700000478000800e0000a00320033
:10a11800c20120008000eb000800780025ee07004f
:10a1280020cb2400300c980000e42400400c980058
:10a1380000c0eb00205c9800080078004f0478000d
:10a1480000000600adfd3700400990000240010004
:10a15800d00190006001900002825100cfa2de0081
:10a16800612bb9008498be008690be0090009000d4
:10a178000000eb000168a30004003200100020007a
:10a18800828f510001003e000000eb000000060035
:10a19800b6fd3700b00990000300e000010032006e
:10a1a800034001001000780075e937000200fa004a
:10a1b800881f780000047800c1ff9f0028089000dd
:10a1c8000000e00006003a000800780020000700c0
:10a1d800800078000080eb000100e00018003a00e1
:10a1e800d800900028089000808f500009003100a6
:10a1f8004ff997000280fb00a85990008301fb00eb
:10a20800830f5000030032008258780051049800f0
:10a218000b003700b809900012002000e4805700b6
:10a228000800780003000100800078000080eb003f
:10a23800e18f500002003a00cff897000180fb0040
:10a248004f0478000080fa000000060000000500b6
:10a25800881f7800000478000800780044fd070093
:10a268000000e00006003a00a80090006104980091
:10a27800510498003801900082804000210c980019
:10a288004f04780000000600900078000000eb0002
:10a298000100e00005003500010078007ae90700b8
:10a2a800e10f400001003a000000eb00000006004a
:10a2b80000000600feff0700fdff0700fcff370057
:10a2c80000c0da000000060000c0da000000060046
:10a2d80000c0da00000006008103780081ed070065
:10a2e8000001be006000b8000478a30013003a0023
:10a2f8006220e10015003e000d0039008301d10005
:10a308000281d3008180d3008301d1000281d30070
:10a318008180d3008301d1000281d3008180d300e2
:10a328000538b000c42add00f300b2008381720052
:10a3380007f0a70003f0a0000000060083ff270035
:10a34800020020006110b900f9ff370003ff270061
:10a35800f7ff37001400fa00889fbe008a9fbe00ee
:10a368008c9fbe000005be000206be0068004700c4
:10a378000c90be000a90be00520107006400e10084
:10a388001a00320016003e006100e1001a00320097
:10a398006e049000fe0490000e0b90009e0b90003f
:10a3a8006011b8009e0590000b38b100d50120005f
:10a3b80082817100610164008703d1000683d300a4
:10a3c8008984d3000884d3008502e900f8ff3a00a5
:10a3d80016ed07000df0a70001f0a000740137008a
:10a3e80001fc270000002000faff370001f82700d1
:10a3f80000002000f7ff37006000b800f5ff3700c5
:10a40800020ab900001bb9000200b800810042002e
:10a418008100430000000600889fbe008a9fbe009e
:10a4280030044200b0844a0030054b0090854b0050
:10a438006000b1000898be000a90be000440e10028
:10a4480005c8e10006d0e10007d8e10002003100ac
:10a45800680040001008e8004f05be004f04be0029
:10a4680000000600889fbe008a9fbe003004be0020
:10a478002005be000418540005985c0006185d000d
:10a4880007985d00110020000440e10005c8e100c4
:10a4980006d0e10007d8e100010039008000eb0098
:10a4a800108810004f05be004f04be0000000600d3
:10a4b8001200fa00889fbe008a9fbe008c9fbe00d3
:10a4c800e0b79f00f1b79f0082bf9f0093bf9f0036
:10a4d8000605be000404be000000eb00d0b79f00d4
:10a4e800c0b79f00b0b79f00a0b79f0090b79f006c
:10a4f800000678005fb19700cfb097008201410055
:10a508003fb097000200e00004003d00370007005c
:10a518007e805700c0ff07000300370033000700a4
:10a528007e805700cfff0700dfb697000d00e000e0
:10a538000c0035006fb29700ffb297000fbb970071
:10a548009fbb970010002000010020006011b80098
:10a558000002720081827200020373008383730019
:10a568001b0007000c06e80001042000810f5600bc
:10a57800e0ff3a000d00e00004003d000802be00c4
:10a588000a03be007e805700a3ff07005fa897005c
:10a598000000e00005003a001fb29700afb2970034
:10a5a8003fb39700cfb39700090007006fb097003b
:10a5b800ffb097000fb997009fb997004f06be00ec
:10a5c8004f05be004f04be000080fa0000000600e0
:10a5d8000100070000000600a4b79f00b5b79f0060
:10a5e800c6b79f00d7b79f00000006004f09de00de
:10a5f80082817100b3b79f004f01de008180400067
:10a6080082807000a1b79f008fb097004f09de00cd
:10a61800000040000200700090b79f007fa89700dc
:10a628004f01de00818040008280700081b79f006a
:10a638000d0007004f3ade000000400004007000e3
:10a64800f0af9f00080007000402420085824a001c
:10a6580006034b0087834b00dfff07000802be009c
:10a668000a03be00000006002fb29700bfb2970091
:10a678004fb39700dfb3970000000600881f7800eb
:10a6880018002000881f780089ff07008f87e900dd
:10a698004f04780000000600801feb0084ff0700cd
:10a6a8008f87e90000000600889fbe008a9fbe00d1
:10a6b800e00f5000e08f5800e00f5900e08f59007c
:10a6c8000c003d006044b8006055b800000054001c
:10a6d80081805c0002015d0083815d00180020001c
:10a6e8001500070008003d00180007000004eb00f3
:10a6f800050037000004eb000f00070002003d00d2
:10a708001200070018002000dcff07000800e00026
:10a71800060032006022b8006033b8000000520022
:10a7280081805a0002015b0083815b004f05be00f7
:10a738004f04be0000000600e00f5200e08f5a00f0
:10a74800e00f5b00e08f5b00000006006044b8008b
:10a758006055b8000402540085825c0006035d0061
:10a7680087835d0000000600889fbe008a9fbe00a8
:10a778008c1f7800e00f5000e08f5800e00f590060
:10a78800e08f59000d003d006044b8006055b800e6
:10a798000000540081805c0002015d0083815d003f
:10a7a8001c0020000820e10009a8e1000ab0e1002f
:10a7b8000bb8e1000d003d00080037000006eb0073
:10a7c800e00f5200e08f5a00e00f5b00e08f5b0063
:10a7d80006003d006044b8006055b800040254000b
:10a7e80085825c0006035d0087835d00aaff070081
:10a7f8000c00e000060032006022b8006033b800a8
:10a808000000520081805a0002015b0083815b00d6
:10a818004f0678004f05be004f04be00000006003a
:10a82800889fbe008a9fbe008c1f78000006eb0040
:10a83800e00f5000e08f5800e00f5900e08f5900fa
:10a8480007003d006044b8006055b800000054009f
:10a8580081805c0002015d0083815d001c00200096
:10a86800e00f5200e08f5a00e00f5b00e08f5b00c2
:10a8780007003d006044b8006055b8000402540069
:10a8880085825c0006035d0087835d000c00a200e2
:10a898004c0007000c00e000060032006022b800ff
:10a8a8006033b8000000520081805a0002015b004a
:10a8b80083815b004f0678004f05be004f04be0041
:10a8c80000000600800078005002be005003be0061
:10a8d8004439de00f700b200f37f20000301610075
:10a8e800090032000218e10016003a0085017200e2
:10a8f80083017300838173000008200015003a006b
:10a9080040002000130037008501720083017300a6
:10a918008381730005003a0004a8be0006a8be00a3
:10a92800100020000b0037000201e9000402420079
:10a9380085824a0006034b0087834b000748a30023
:10a94800f9ff32000740a00004a8be0006a8be0018
:10a958002000200080009800920098000000060067
:10a96800680447000294be000094be00fc0447003f
:10a978008694be008494be0009007800d1ff0700c9
:10a9880008007800cfff070099007800814f700019
:10a998000b003b000800be002c0007004f00b10070
:10a9a80003003700f3ff2700f2ff2f006110b90002
:10a9b8004f06be004f05be004f04be000080fa00df
:10a9c80000000600889fbe008a9fbe008c9fbe00c4
:10a9d8000404b8000506b8008904460060854e00e6
:10a9e8000606b8000a054600e0854e000706b800ce
:10a9f8008b054600040eb800890446000a854e00ff
:10aa0800e0854d00050eb8000a0546008b854e000e
:10aa1800060eb8008b0546000416b8000a05460065
:10aa28008b854e000516b8008b054600041eb8003d
:10aa38008b0546000800be000a01be004f06be0096
:10aa48004f05be004f04be0000000600e48240002f
:10aa58001078a30007003200640240001178a300b8
:10aa68003400be001401be00040032000330a70009
:10aa7800000006003500be001501be000330a0002e
:04aa880000000600c4
:020000040000fa
:10aa8c0025750000004f0000544100005f4100009c
:10aa9c00434b00000d0a0000004600004545000035
:10aaac0044000000424c0000440d00000a0000006d
:10aabc004f540000415f0000544900004d45000018
:10aacc004f550000540d00000a0000004f540000c8
:10aadc00415f00004f4b00000d0a0000004f0000ca
:10aaec00544100005f460000414900004c0d00003d
:10aafc000a00000048540000523a000020550000a3
:10ab0c0050200000737400006f700000706500002e
:10ab1c00640d00000a00000048540000523a000086
:10ab2c00204400004e200000737400006f70000081
:10ab3c0070650000640d00000a0000005550000014
:10ab4c00206f00006e6500002d7400006f75000012
:10ab5c0063680000206c00006174000063680000f2
:10ab6c00656400000d0a0000004f0000543a00001c
:10ab7c002055000050200000726500006c6500003c
:10ab8c0061730000656400002062000065660000cf
:10ab9c006f720000652000006c610000746300009f
:10abac00680d00000a00000055500000206f0000e6
:10abbc006e6500002d7400006f7500006368000066
:10abcc0020630000616e0000636500006c6c000087
:10abdc00656400000d0a0000004400004e200000d7
:10abec006f6e0000652d0000746f0000756300002f
:10abfc00682000006c610000746300006865000050
:10ac0c00640d00000a0000004f5400003a200000c0
:10ac1c00444e000020720000656c0000656100006d
:10ac2c00736500006420000062650000666f000020
:10ac3c0072650000206c0000617400006368000005
:10ac4c000d0a0000004400004e2000006f6e000052
:10ac5c00652d0000746f0000756300006820000013
:10ac6c00636100006e630000656c00006c650000a1
:10ac7c00640d00000a0000004c69000067680000c9
:10ac8c007473000020720000616d00007069000098
:10ac9c006e670000206400006f7700006e0d0000ee
:10acac000a0000002530000032580000004c000063
:10acbc0065760000656c00006c6900006e67000032
:10accc002073000074610000727400006564000061
:10acdc000d0a000000530000542000003233000025
:10acec00004c000065760000656c00006c6900008b
:10acfc006e670000206300006f6d0000706c000038
:10ad0c0065740000650d00000a000000416e000033
:10ad1c00746900002d63000072650000657000000e
:10ad2c002073000074610000727400006564000000
:10ad3c000d0a0000005300005420000032340000c3
:10ad4c00004100006e740000692d00006372000069
:10ad5c006565000070200000696e000074650000dd
:10ad6c00727200007570000074650000640d0000c4
:10ad7c000a000000416e0000746900002d630000a1
:10ad8c007265000065700000206300006f6d0000ac
:10ad9c00706c000065740000650d00000a00000076
:10adac00536800006f6f0000746200006f6c00004d
:10adbc0074200000726100006d700000696e00006c
:10adcc0067200000757000000d0a000000530000a1
:10addc00686f00006f740000626f00006c740000fc
:10adec003a20000046500000207a00006f6e0000f0
:10adfc00652000006f660000660d00000a00000070
:10ae0c00536800006f6f0000746200006f6c0000ec
:10ae1c00742000006f6e00000d0a0000005300004b
:10ae2c00686f00006f740000626f00006c740000ab
:10ae3c0020720000616d0000706900006e670000f8
:10ae4c00206400006f7700006e0d00000a00000007
:10ae5c00536800006f6f0000746200006f6c00009c
:10ae6c00742000006f660000660d00000a000000f0
:10ae7c0041410000205500005000000055500000da
:10ae8c0020630000616c00006c2000007265000003
:10ae9c00717500006573000074650000640d00009e
:10aeac000a00000041410000204400004e00000058
:10aebc00444e000020630000616c00006c20000018
:10aecc007265000071750000657300007465000008
:10aedc00640d00000a0000004141000020580000f1
:10aeec0058000000416c00006c2000006361000001
:10aefc006c6c000073200000636100006e63000046
:10af0c00656c00006c650000640d00000a00000018
:10af1c0044520000004400006f6f000072200000db
:10af2c0072650000717500006573000074650000a7
:10af3c00640d00000a0000004f54000041000000a6
:10af4c0053460000005300006166000065200000bd
:10af5c006d6f0000646500002061000063740000e8
:10af6c006976000061740000656400000d0a000041
:10af7c0000530000430000005361000066650000b0
:10af8c00206d00006f64000065200000636100000c
:10af9c006e630000656c00006c650000640d0000c1
:10afac000a00000052450000534500005400000008
:10afbc0054540000200000005454000020250000d0
:10afcc00640000004d6f0000646500003a20000032
:10afdc006f6e0000652d0000746f0000756300003b
:10afec00680d00000a0000004d6f00006465000051
:10affc003a200000686f00006c6400002d740000a3
:10b00c006f2d0000727500006e0d00000a0000002c
:10b01c004f540000200000004f5400002025000079
:10b02c00640000000d0a0000005400004f200000d6
:10b03c00005400004f200000256400000042000076
:10b04c005420000000420000542000002564000041
:10b05c00004400004d000000465700000073000043
:10b06c0065720000696100006c0000005242000033
:10b07c003030000000720000616900006e62000058
:10b08c006f770000206c0000696700006874000096
:10b09c00732000006f660000662000000052000064
:10b0ac00423000003100000072610000696e000047
:10b0bc00626f0000772000006c6900006768000078
:10b0cc0074730000206f00006e0000004c520000f2
:10b0dc002000000052610000772000007265000023
:10b0ec0064200000696e000070750000743a000066
:10b0fc00200000004c520000202500003278000097
:10b10c000072000065640000505700004d200000e4
:10b11c00757000006461000074650000640d00002f
:10b12c000a000000496e0000766100006c690000a6
:10b13c006420000072650000642000006865000057
:10b14c0078200000766100006c750000650d000031
:10b15c000a0000004c470000200000004c47000093
:10b16c0020250000327800000047000072650000c6
:10b17c00656e000020500000574d00002075000047
:10b18c007064000061740000656400000d0a00002a
:10b19c00004900006e760000616c000069640000dc
:10b1ac002067000072650000656e000020680000da
:10b1bc006578000020760000616c00007565000069
:10b1cc000d0a0000004c000042200000004c000062
:10b1dc00422000002532000078000000626c000064
:10b1ec007565000020500000574d000020750000d0
:10b1fc007064000061740000656400000d0a0000ba
:10b20c00004900006e760000616c0000696400006b
:10b21c00206200006c75000065200000686500006d
:10b22c0078200000766100006c750000650d000050
:10b23c000a0000004c570000200000004c57000092
:10b24c0020250000327800000077000068690000bb
:10b25c007465000020500000574d00002075000060
:10b26c007064000061740000656400000d0a000049
:10b27c00004900006e760000616c000069640000fb
:10b28c0020770000686900007465000020680000e9
:10b29c006578000020760000616c00007565000088
:10b2ac000d0a0000004c000054200000004c00006f
:10b2bc005420000025640000004400004d200000d4
:10b2cc00004400004d2000002564000000440000f4
:10b2dc0054200000004400005420000025640000ad
:10b2ec000044000043200000004400004320000004
:10b2fc0025640000004c00004f4300004b5300003d
:10b30c005441000054550000530000004c4f000005
:10b31c00434b00003a200000554e00004c4f0000fb
:10b32c00434b000045440000202800000020000092
:10b33c0074690000636b00007320000072650000ec
:10b34c006d610000696e0000696e000067290000e5
:10b35c000d0a0000004c00004f4300004b3a000067
:10b36c00204c00004f4300004b450000440d0000f2
:10b37c000a0000004b520000200000004b5200005d
:10b38c0020250000640000004b4400002000000059
:10b39c004b44000020250000640000004b500000ce
:10b3ac00200000004b50000020250000640000002d
:10b3bc005341000056450000004400004546000083
:10b3cc00415500004c540000530000004661000041
:10b3dc00637400006f720000792000006465000047
:10b3ec0066610000756c0000747300002072000030
:10b3fc0065730000746f000072650000640d00003e
:10b40c000a000000434f00004e4600004947000070
:10b41c00002d00002d2d0000204300004f4e000099
:10b42c0046490000472000002d2d00002d0d000086
:10b43c000a0000004854000020000000484f0000a3
:10b44c00200000004844000020000000534e000083
:10b45c002000000049440000200000005459000066
:10b46c002000000050440000200000004444000074
:10b47c00200000004c440000200000005346000057
:10b48c0020000000534f000020000000434c00003f
:10b49c002000000043480000200000004469000028
:10b4ac0072740000793a0000200000002d2d00007d
:10b4bc002d200000454e0000442000002d2d0000e2
:10b4cc002d0d00000a00000043680000300d000044
:10b4dc000a00000043680000310d00000a00000063
:10b4ec0043680000320d00000a00000043680000b1
:10b4fc00330d00000a000000426f00006f74000062
:10b50c00206c000069670000687400002074000063
:10b51c006573000074200000646f00006e6500000d
:10b52c000d0a00000055000041520000542000009c
:10b53c005265000061640000790d00000a000000f3
:10b54c005379000073740000656d000020720000d8
:10b55c0065610000647900000d0a000000540000d1
:10b56c0072610000766500006c3a0000206f0000ec
:10b57c006e6500002d7400006f750000636800009c
:10b58c000d0a000000540000726100007665000096
:10b59c006c3a0000206800006f6c0000642d000005
:10b5ac00746f00002d720000756e00000d0a000013
:10b5bc000053000054200000323100000053000002
:10b5cc0054200000314600000053000054200000bd
:10b5dc0032370000005300005420000031360000c8
:10b5ec000053000054200000303700000d0a00000a
:10b5fc0000530000542000003038000000440000cc
:10b60c006f6f00007220000072650000766500000c
:10b61c0072730000656400003a2000006e6f000039
:10b62c0077200000636c00006f730000696e0000ef
:10b63c00670d00000a000000535400002030000089
:10b64c00410000005354000020300000390000007d
:10b65c00446f00006f7200002072000065760000dd
:10b66c006572000073650000643a0000206e0000f3
:10b67c006f770000206f0000706500006e6900009d
:10b68c006e6700000d0a00000053000054200000fb
:10b69c0030420000004c000054720000696700004a
:10b6ac003a000000545200004156000020000000f7
:10b6bc00444f00004f520000200000004c4f00008f
:10b6cc00434b0000200000005550000020000000fb
:10b6dc00444e0000200000005354000020320000b3
:10b6ec0038000000535400002032000039000000e4
:10b6fc00535400002032000041000000535400005d
:10b70c0020320000420000005354000020310000a1
:10b71c00370d00000a0000004f7600006572000033
:10b72c007472000061760000656c000020720000ed
:10b73c0065730000657400000d0a00000000000035
:020000040000fa
:10b74c00020900000400000082000000ffffff005f
:10b75c00ff000000d00c000002000000820000007e
:10b76c00ffff0000b20a0000200000008000000073
:10b77c00000800000400000080000000d20a000055
:10b78c000400000080000000d60a00000200000047
:10b79c0080000000d80a00000200000080000000b9
:10b7ac00da0a00000200000080000000dc0a000041
:10b7bc000200000080000000de0a0000040000000f
:10b7cc0080000000e20a000004000000800000007d
:10b7dc00e60a00002000000080000000060b0000bc
:10b7ec0004000000800000000a0b000002000000b2
:10b7fc00800000000c0b0000c20100008000000063
:10b80c00d20c000020010000820000005a002c0025
:10b81c0001303000303030003030300030304900f2
:10b82c00436c610073730000003132002f322f0023
:10b83c003236000000000000000000000000000094
:10b84c000000000045433100375f300030313400d8
:10b85c005f303600340000000000000000000500de
:10b86c0000ff000005000200000300003030300033
:10b87c00303030003030300030303000303030007c
:10b88c0030303000303030003030300030007f004d
:10b89c000000000064000000000100002c0100000a
:10b8ac00005a000000000500000000000500000028
:10b8bc0000b80b000000000000dc41000000dc00c0
:10b8cc00411e00001400010000010000640028006b
:10b8dc0000960000ff000200000400002c01f400a0
:10b8ec00013232005000010000b80b000100d00002
:10b8fc000701000019000100000400000a005700b5
:10b90c0065737300657820004c69660074206300d1
:10b91c006f204c007464000000626c00616e6b0060
:10b92c00000000000000000000000000000000000b
:10b93c00000000005354200030300000535420000d
:10b94c00303000005354200030300000535420009d
:10b95c00303000001e0001000052450043454900f4
:10b96c0056454400000000000000000000000000ec
:10b97c0000000000000000000000000000000000bb
:10b98c00000000000000010000010000ce0c0000cf
:10b99c000200000080000000060900001e000000ec
:10b9ac0082000000286e69006c29000025006800e8
:10b9bc00076c09004c836a009074a0007ac00000e8
:10b9cc008068880000846c008200810024090000db
:10b9dc000a010000820000000001020004070300bd
:10b9ec0006050000ffffff00ffffff00ffffff0049
:10b9fc00ffffff00ffffff00ffffff00ffffff0047
:10ba0c00ffffff00ffffff00ffffff00ffffff0036
:10ba1c00ffffff00ffffff00ffffff00ffffff0026
:10ba2c00ffffff00ff0001000203040005060700f2
:10ba3c000809ff00ffffff00ffffff000a0b0c00cf
:10ba4c000d0e0f001011120013141500161718000c
:10ba5c00191a1b001c1d1e001f2021002223ff0091
:10ba6c00ffffff00ffff0a000b0c0d000e0f100074
:10ba7c001112130014151600171819001a1b1c00ac
:10ba8c001d1e1f002021220023ffff00ffffff00cf
:10ba9c00ffffff00ffffff00ffffff00ffffff00a6
:10baac00ffffff00ffffff00ffffff00ffffff0096
:10babc00ffffff00ffffff00ffffff00ffffff0086
:10bacc00ffffff00ffffff00ffffff00ffffff0076
:10badc00ffffff00ffffff00ffffff00ffffff0066
:10baec00ffffff00ffffff00ffffff00ffffff0056
:10bafc00ffffff00ffffff00ffffff00ffffff0046
:10bb0c00ffffff00ffffff00ffffff00ffffff0035
:10bb1c00ffffff00ffffff00ffffff00ffffff0025
:10bb2c00ffffff00ffffff00ffffff00ffffff0015
:10bb3c00ffffff00ffffff00ffff0000a80a00004f
:10bb4c0002000000800000002e0a00003c000000f3
:10bb5c008200000001000300000000000000000053
:10bb6c000000000000003c004d0000000000000040
:10bb7c0000b24c00404e000000000000000000002d
:10bb8c0000000000000000000000000000000000a9
:10bb9c000000000000000000000000000000000099
:10bbac0000000000aa0a0000020000008000000053
:10bbbc006a0a00003c000000820000000100030043
:10bbcc0000000000000000000000000000003c002d
:10bbdc004d0000000000000000b24c00404e000080
:10bbec000000000000000000000000000000000049
:10bbfc000000000000000000000000000000000039
:10bc0c00000000000000000000000000ac0a000072
:10bc1c000400000080000000a60a000002000000e2
:10bc2c008200000001000000b00a000002000000c9
:08bc3c00800000000000000080
:020000040000fa
:10bc44000000fa004023a9000080fa00000006006a
:10bc54000400fa00100798001e0090008000eb001a
:10bc6400e200200003002000820f5000838f580060
:10bc74003d003e00006001000e0037001000370058
:10bc84001200370014003700160037001800370080
:10bc94001a0037001c0037001e0037002000370050
:10bca4002200370024003700260037002800370020
:10bcb4002a00370001188000010f78002b0037009c
:10bcc40011188000010f7800280037002118800027
:10bcd400010f78002500370031188000010f78002b
:10bce4002200370041188000010f78001f00370040
:10bcf40051188000010f78001c0037006118800083
:10bd0400010f78001900370071188000010f7800c6
:10bd14001600370081188000010f780013003700e7
:10bd240091188000010f780010003700a1188000de
:10bd3400010f78000d003700b1188000010f780062
:10bd44000a003700c1188000010f7800070037008f
:10bd5400d1188000010f780004003700e11880003a
:10bd6400010f780001003700000000001e00780079
:10bd74000080fa00000006000400fa00008fbe00f4
:10bd840020042400003b88001e00be004008de00a2
:10bd940080007800f00f200000806000a00288007e
:10bda4001e0078008080eb000108bb000500fc0049
:10bdb40050052000303b8800a00a2000303b88005a
:10bdc40061e7a8000000000000000000000000007f
:10bdd400013b800000002800008060000000e000bb
:10bde400fbff3a000080fa00000006000c00fa0095
:10bdf400300798004107980052079800100024006b
:10be0400003b88003e009000ce0090004008de0019
:10be140080007800f00f200000806000a0028800fd
:10be24003e019000ce019000f0ff2f0001002000a1
:10be34000203780003017800800178008100780013
:10be44000300630081006100810278000002780031
:10be5400048fbe000000eb00200798001600370096
:10be64002e0090004200dd00de00900000804000c3
:10be7400900078001e0078000108bb002e0090009e
:10be84004200dd000080e800de00900000804000f9
:10be9400900078001e0078000188bb00220020007a
:10bea400030020001e0f41005e9749002e00900001
:10beb4000000e80020079800ae009000f003200086
:10bec400808f5000e6ff340030002400003b8800df
:10bed4000500fc0050052000303b8800a00a20002b
:10bee400303b880061e7a80000000000000000006b
:10bef40000000000013b800000002800008060007a
:10bf04000000e000fbff3a000080fa000000060099
:10bf14001600fa00200f9800ae089000811f7800e8
:10bf240060542d00801f78000e007800a02c0200c1
:10bf340000000000e48757000e00780002000700ac
:10bf44000080fa00000006000200fa00000f7800ea
:10bf54000b003700000000001111800000202000b9
:10bf6400008060000000e000fbff3a001e00780043
:10bf7400104078000000fb00201188001e0fe8002c
:10bf84001e007800104078000004e000f1ff3a0041
:10bf94000080fa00000006000200fa00004f78005a
:10bfa40000000000111180000020200000806000cb
:10bfb4000000e000fbff3a001e00fb002011880097
:10bfc4000080fa00000006000400fa00004f780028
:10bfd40011479800224798000602a80000000000bc
:10bfe40030108000610060000000e000fcff3a00b7
:10bff4001e80fb00000040001010880000000000bc
:10c004004110800000002400008060000000e00077
:10c01400fbff3a001e4090000080fb0010108800d7
:10c024000000000041108000000024000080600037
:10c034000000e000fbff3a002e4090000080fb006f
:10c04400101088000000000041108000000024004f
:10c05400008060000000e000fbff3a000642a800f8
:10c064000000000030108000640060000000e00068
:10c07400fcff3a000080fa00000006000400fa0009
:10c084002047980031479800568d020000000000b8
:10c094002e409000004040008c8d02000000000003
:10c0a4003e4090008c8d0200000000002e40900065
:10c0b4000080fb0000004000004078000004a00065
:10c0c4008c8d0200000000000040eb00b48d0200e3
:10c0d40000000000004f7800688d0200000000009e
:10c0e4001e4078000080fa00000006003c01fa00bf
:10c0f400889fbe00501f99005e1891009040780000
:10c10400a0c3b30080cf5000020032000040eb0017
:10c11400c20037000000eb00000f78005e189100a9
:10c124000000e80010079800170037001e00900078
:10c13400904078001e0090000000e8001040780055
:10c1440061779800707798000040eb00007f9800ba
:10c15400600320000e004000020120008000eb007c
:10c164003a31020000000000804078007600470069
:10c174001e004000014878001e0fe8001e009000d9
:10c184000080e800100798001e009000104078001e
:10c194000004e000030032001e007800ff0f50008e
:10c1a400e2ff34000040eb00404798000000eb0041
:10c1b400300798000a003700f60047003e00900060
:10c1c4000080400010407800ce40900000c0400045
:10c1d400404798003e0090000000e80030079800b7
:10c1e4009e00e9003e009000808f5000f2ff3c006a
:10c1f4004e4090000040ea00404798001e00e900cd
:10c2040000004700e05090004e40900080cf500066
:10c21400020032000040eb0080003700ee50900036
:10c22400214f98007e5090000080fb00c800dd0084
:10c234000e5890000080fb00010070006007980019
:10c244009e589000614f98006e4890000080fb005b
:10c25400e10f500005003200e40f500005003200e9
:10c264000000e000130032006b00370020c0b30070
:10c274006a0037002e5890000080fb008000eb001d
:10c28400c801dd00020020003e5890000080fb0041
:10c294008000eb00c000dd00000020000000710001
:10c2a40081807100506688006166880010c0b30008
:10c2b4005a0037006e0090006101b800506680009b
:10c2c4006166800000007100818071008100d100ee
:10c2d4000080d300000f9800110f98000e09900001
:10c2e4009e099000f01f2000010020000202780047
:10c2f4000301780080017800810078000300620067
:10c304008100610081047800000478000800be0008
:10c31400e00f5000e08f580003003a000e08900030
:10c324009e08900094fe0700a00320000e00400029
:10c3340002102000f10f2000de2c0200000000009b
:10c344000000eb0040079800260037004e009000e4
:10c354000000e00001003d00630040004280de0078
:10c3640000004000200f98004e009000650040003f
:10c3740000004700605090000080fb00c800dd0012
:10c384004e009000640040000000470060509000a0
:10c394000080fb00810070002e0890000000400027
:10c3a40000004700a003b000010878002e089000a8
:10c3b4000000e800ce009000e680400081004700c5
:10c3c400e15090008180fb00000040000000470025
:10c3d400a003b000010878004e0090006400400003
:10c3e400400798002e4890008080fb004e0090008b
:10c3f400808f5000d5ff3c00a00320000e004000b9
:10c40400000178000e0890009e08900077fe070057
:10c4140010c0b300010037000040eb004f04be0021
:10c424000080fa00000006006800fa000000eb003b
:10c43400000f78000000eb00100798000000eb00ec
:10c444002007980090542d00bffe070000f029003b
:10c45400410220004093020000000000f0c3b3003a
:10c46400cdfe07000000eb00300798006000b80024
:10c4740040079800510798000100370000000000b1
:10c48400dc840200000000000004e000230032000d
:10c494008684020000000000404f98003e00900097
:10c4a400e60f500009003c00f10520008e8040009a
:10c4b4003e00900000804000ce4890000148780083
:10c4c4003e0090000000e80030079800f1052000cd
:10c4d4008e8040003e009000008040008040eb00d1
:10c4e40001487800f00520000e00400031552d0071
:10c4f40076300200000000000000e0000700320077
:10c5040080552d0090fe070000a821006100200046
:10c5140040930200000000001500370000192000bd
:10c524000100200040930200000000004e00900033
:10c53400de00900061004000e08048004007980061
:10c54400510798004e019000de019000005327002f
:10c5540001002000800f5100818f5900c7ff360071
:10c56400e0552d0078fe070052003700000000005f
:10c574000060fe00dc840200000000000004a20051
:10c584000004e00001003200490037008684020004
:10c5940000000000504f98005e489000ea4f5000a1
:10c5a400030032005e489000ed4f500036003a0020
:10c5b4001e0078000000e00001003a003c00370053
:10c5c4006f0047001e0040008040eb0001487800e7
:10c5d4000000eb00000f78006f004700c3fe070067
:10c5e400604f98001e0090000000e80010079800bb
:10c5f4006e489000e24f50000e003a0060c0b30055
:10c6040065fe070000a8210061002000409302009d
:10c6140000000000c0562d004bfe07000050230010
:10c62400c100200040930200000000000000fe0052
:10c63400200037006e489000e14f500005003a009a
:10c6440060c0b30054fe07000000eb002007980010
:10c654000c0037002e0090000000e800200798002e
:10c6640050c1b3004cfe07002e009000e50f5000af
:10c674000400340050572d0033fe07000000000072
:10c684000c0037000a003700d00420009e00780018
:10c69400808f5000b5ff3c006f0047001e00400033
:10c6a400de489000014878001e0fe800b0ff370014
:10c6b400afff37000080fa00000006000000fa0017
:10c6c40002c1b3008040eb0000c4b3003efe07008b
:10c6d40032c0b300e1cfb30000c4b3003afe070098
:10c6e4000041eb008040eb0000c4b30036fe0700bd
:10c6f40042c0b30011c0b30000c4b30032fe07004f
:10c704000080fa00000006000800fa0020479800a4
:10c7140021079800320798002e4090004200dd0067
:10c72400664f40003e0090000000e00011003a0017
:10c734001e40e8000041eb008040780000c4b300d4
:10c7440021fe07001ec0e8000041eb008040780095
:10c7540000c4b3001cfe07009e40780063c0400084
:10c7640002c1b3008040780000c4b30016fe070085
:10c77400180037002e0090004800de00804078004a
:10c784001e40e800014178008040780000c4b300f6
:10c794000dfe07003e009000804078001ec0e800b7
:10c7a400014178008040780000c4b30006fe070011
:10c7b4003e0090004800de00804078001e41780072
:10c7c40063404100014178008040780000c4b30018
:10c7d400fdfd07000080fa00000006000600fa00d4
:10c7e400000f780011079800220798001e0190009e
:10c7f4008000eb0010c0b300c3ff07002e019000bf
:10c804008000eb0020c0b300bfff07000080fa00e7
:10c81400000006000200fa00004f78008e8c02002f
:10c824000000000080c7b300c48c020000000000b8
:10c834000040eb00c48c0200000000001e407800a1
:10c84400c48c020000000000a08c02000000000064
:10c85400800020000100200040930200000000003e
:10c864000080fa00000006000200fa00004f780081
:10c874008e8c02000000000080c7b300c48c02004c
:10c884000000000000c4b300c48c020000000000db
:10c894001e407800c48c020000000000a08c02003e
:10c8a400000000000032200001002000409302003c
:10c8b400000000000080fa00000006000000fa00fa
:10c8c40000a8210061002000409302000000000045
:10c8d40080c3b300cfff070090c3b300cdff0700b0
:10c8e40000a8210061002000409302000000000025
:10c8f40040c1b300c7ff0700f0c7b300c5ff07007e
:10c90400f0c5b300c3ff070000482800e101200080
:10c914004093020000000000c0c6b300bdff070042
:10c924000088230011002000409302000000000052
:10c9340080c3b300b7ff0700008823001100200064
:10c944004093020000000000d0c0b300b1ff070014
:10c954000088230011002000409302000000000022
:10c9640010c0b300abff07000088230011002000b3
:10c97400409302000000000060c0b300a5ff070060
:10c9840000c42900010020004093020000000000c0
:10c9940000c4b3009fff070000482800e101200005
:10c9a40040930200000000000080fa00000006002e
:10c9b4000200fa00000f7800040037001e0078001f
:10c9c400104078001e0fe800a7ff07001e00780043
:10c9d400104078000004e000f8ff3a000080fa00fc
:10c9e400000006000000fa0095fc07000080fa0031
:10c9f400000006000000fa00605880000000e0001b
:10ca040002003a00ece2a9000e00370070588000e2
:10ca14000000e8007058880070588000e20f500051
:10ca240002003c00ece2a80001003700ece2a9009f
:10ca34007158800030062000808f500001003400bf
:10ca44000e2bef000080fa00000006000000fa0040
:10ca54001116800000202000008060000000e0002b
:10ca64000b003a00111680000004200000806000d2
:10ca74000000e00006003200101680006100600033
:10ca84000000e00002003200100020001100370016
:10ca94001116800000042000008060000000e00007
:10caa4000b003a0011168000002020000080600076
:10cab4000000e000060032001016800062006000f2
:10cac4000000e000020032001000200001003700e6
:10cad4000000eb000080fa00000006000000fa00ed
:10cae400206280000000e00005003a0010002000f1
:10caf40020628800462cef001000200000628800ad
:10cb04000080fa00000006000600fa0011168000fa
:10cb1400000420000080600000f0a7000000ea008c
:10cb2400000fe9001e0078004f00de00000f7800bf
:10cb340011168000002020000080600000f0a70093
:10cb44000000ea000000e9004f00de001007980032
:10cb5400d1168000000024000080600000f0a700cf
:10cb64000000ea000000e9004f00de002007980002
:10cb7400b05d80000000e0002f003a00805c80007f
:10cb84000000e00012003200a05c80000000e00021
:10cb940003003200942bef00b82bef000e00370097
:10cba400c05d80000000e800c05d8800c05d8000ba
:10cbb400e10f500008003400b82bef00902bef0079
:10cbc400c422a90000582d00dffc07000200370032
:10cbd400942bef00b82bef00905c80000000e00085
:10cbe40012003200b05c80000000e000030032005c
:10cbf400962bef00ba2bef007b003700d05d80004e
:10cc04000000e800d05d8800d05d8000e10f500096
:10cc140075003400ba2bef00922bef00c402a90078
:10cc240020592d00c8fc07006f003700962bef0039
:10cc3400ba2bef006c003700005e80000000e000bb
:10cc440024003a00805c80000000e0001100320003
:10cc5400a05c80000000e0000e003200942bef0086
:10cc6400e05d80000000e800e05d8800e05d800099
:10cc7400e40f50000500340010002000005e88001e
:10cc8400bc2bef00405a2d00affc0700c422a800c3
:10cc94001f003700805c80000000e0000a003200c2
:10cca400a05c80000000e00007003a00942bef0035
:10ccb400bc2bef00902bef00c422a900b05b2d0029
:10ccc400a1fc070012003700942bef00bc2bef00ef
:10ccd4000f003700942bef001e0078000000e000e6
:10cce40003003a002e0090000000e000070032002c
:10ccf400c02bef00bc2bef00902bef00c422a90047
:10cd0400a05d2d0090fc070001003700c422a8009c
:10cd1400105e80000000e00024003a00905c800077
:10cd24000000e00011003200b05c80000000e00070
:10cd34000e003200962bef00f05d80000000e8004a
:10cd4400f05d8800f05d8000e40f500005003400c1
:10cd540010002000105e8800be2bef00305f2d0015
:10cd640079fc0700c402a8001f003700905c800013
:10cd74000000e0000a003200b05c80000000e00027
:10cd840007003a00962bef00be2bef00922bef002a
:10cd9400c402a900a0602d006bfc0700120037003c
:10cda400962bef00be2bef000f003700962bef0001
:10cdb4001e0090000000e00003003a002e009000e6
:10cdc4000000e00007003200c22bef00be2bef0092
:10cdd400922bef00c402a90090622d005afc0700b8
:10cde40001003700c402a8002e0090000000e000fb
:10cdf40008003200c02bef00c22bef00bc2bef0069
:10ce0400be2bef00b82bef00ba2bef00942bef00f2
:10ce1400962bef000080fa00000006000000fa00e4
:10ce2400f68f02000000000010002000106288004d
:10ce340010002000a05f880010002000c06488005b
:10ce440010002000b05f88001000200010658800ea
:10ce540010002000f0648800100020006061880049
:10ce640010002000405f880010002000206588002a
:10ce7400406480000000e80040648800d0628000c4
:10ce84000000e800d0628800101780006100600094
:10ce94000000e00004003200406380000000e8006d
:10cea4004063880001003700682cef00f05f8000c9
:10ceb4000000e800f05f8800406680000000e800a1
:10cec400406688004166800030062000808f500054
:10ced40001003400c82cef00c6fe07000aff07005b
:10cee400905d80000000e0000c003200a05d800036
:10cef4000000e00009003400a05d80000000e900ab
:10cf0400a05d8800a05d80000000e00003003a00fe
:10cf1400aa82020000000000b22bef000080fa0099
:10cf2400000006000000fa00568f02000000000016
:10cf340010002000605b880010002000a05b8800c7
:10cf4400fe010700bb0207008c010700c0010700b7
:10cf54000080fa00000006000000fa00369102008a
:10cf6400000000000080fa00000006000800fa003b
:10cf7400b05b8000e10f50000f003200e10f500061
:10cf840005003900e20f500022003200e30f500088
:10cf94003c00320053003700782bef00f05b800038
:10cfa4000000e000480032007e2bef00100020005b
:10cfb400b05b88004b003700c06880000000400070
:10cfc40080007800c05b800000804000c05b880067
:10cfd400c15b8000e00f2000808f50000600340009
:10cfe400f00f2000c05b880020002000b05b8800a8
:10cff4007a2bef007c2bef00f05b80000000e00058
:10d00400330032007e2bef007a2bef007c2bef00f5
:10d0140034003700f00f2000c05b8800d05b800034
:10d02400e15b800061004000e0804800d05b880044
:10d03400e15b8800f05b80000000e0000300320048
:10d044007e2bef007a2bef007c2bef00d25b80006d
:10d05400e35b8000706a8000816a8000800f510069
:10d06400818f59001c00390030002000b05b88001b
:10d074007a2bef007c2bef0020642d00b2fb07001d
:10d0840018003700f05b80000000e000040032006c
:10d094007e2bef0010002000b05b880011003700e9
:10d0a400c15b8000c068800000805000c05b8800c5
:10d0b400c05b80000000e00009003c00782bef001a
:10d0c400762bef0007003700000000000500370052
:10d0d40000000000030037000000000001003700da
:10d0e40000000000c05b80006101b900105d800099
:10d0f400215d8000009ab90004027800028bb90017
:10d1040086027800050242000010b80001024200c5
:10d1140084007800f20f2000030020009c24020009
:10d1240000000000000f7800c05b80006101b900be
:10d13400305d8000415d8000009ab90004027800ef
:10d14400028bb90086027800050242000010b80084
:10d154000102420084007800f20f20000300200046
:10d164009c2402000000000010079800c05b8000af
:10d174006101b900505d8000615d8000009ab900d2
:10d1840004027800028bb90086027800050242008e
:10d194000010b8000102420084007800f20f200061
:10d1a400030020009c2402000000000020079800d7
:10d1b400c05b80006101b900705d8000815d80000a
:10d1c400009ab90004027800028bb9008602780044
:10d1d400050242000010b8000102420084007800f9
:10d1e400f20f2000030020009c2402000000000035
:10d1f400300798001e0078004400dd00000178002c
:10d204008000eb0020c0b3003ffd07001e0090002b
:10d214004400dd00000178008000eb0010c0b30082
:10d2240039fd07003e0090004400dd000001780055
:10d234008000eb0030c0b30033fd07000080fa002b
:10d24400000006000000fa0041648000306c800099
:10d25400808f500003003500882cef00c482a800a2
:10d26400d442a8000080fa00000006000000fa0082
:10d2740010002000905d880020032000a05d88003d
:10d284000080fa00000006000a00fa004007980037
:10d29400ce009000811f780080652d00801f7800eb
:10d2a4000e007800a02c020000000000e487570064
:10d2b4000e00780024fb07000080fa00000006003e
:10d2c4000000fa0080588000e10f50002000320076
:10d2d400e10f500003003900e20f50002e0032002d
:10d2e4003b00370011168000000028000080600019
:10d2f4000000e0002f00320010002000505f880082
:10d304001000200080588800c402a800c422a9008c
:10d31400d0652d000cfb070011672d00c0db200039
:10d32400a62d0200000000000000e00023003200ef
:10d334006200200011672d00c0db2000d02c020009
:10d344000000000010002000a064880020003700c6
:10d35400c402a800111680000004200000806000b0
:10d364000000e00005003a001116800000002800cb
:10d37400008060000000e00012003a00c402a9002e
:10d38400ea2bef00200020008058880070672d00f1
:10d39400edfa07000e003700111680000000280087
:10d3a400008060000000e00008003a00102bef004d
:10d3b40007003700000000000500370000000000ef
:10d3c40003003700000000000100370000000000e7
:10d3d4000080fa00000006000200fa00805c800071
:10d3e400e10f50000e003200905c8000e10f50000d
:10d3f4000b00320010168000610060000000e000a5
:10d4040007003a0010168000620060000000e0008f
:10d4140003003a00505f8000e10f500002003a0020
:10d4240010002000010037000000eb00000f78001e
:10d4340090588000e10f500023003200e10f5000ab
:10d4440003003900e20f50003a003200490037006f
:10d454001116800000002400008060000000e0003d
:10d464003b0032001e0078000000e0003a003a0061
:10d4740010002000a0588800100020009058880058
:10d48400c422a800c402a900c0682d00aefa070097
:10d49400116a2d00c0db2000a62d02000000000050
:10d4a4000000e0002e00320062002000116a2d000e
:10d4b400c0db2000d02c020000000000100020007f
:10d4c400a06488002b003700c422a8001e00780046
:10d4d4000000e00006003200c422a900142bef0073
:10d4e400122bef00706a2d0097fa07002100370015
:10d4f4001116800000042000008060000000e0009d
:10d5040005003a001116800000002400008060002d
:10d514000000e00014003a00c422a900142bef001c
:10d524002000200090588800006c2d0086fa070027
:10d5340010003700111680000000240000806000f5
:10d544000000e0000a003a00122bef000900370047
:10d55400000000000700370000000000050037004d
:10d564000000000003003700000000000100370045
:10d57400000000000080fa00000006000200fa002b
:10d58400101680004600de00614060000080fb0051
:10d59400000f7800806f8000e10f50000a003a000d
:10d5a4001e0078000000e00007003a00706380006d
:10d5b4000000e00004003a001000200070638800be
:10d5c400702cef00762cef0070638000e10f5000a8
:10d5d40013003a00c422a800c402a900ec62a80007
:10d5e400806380000000e80080638800306a800067
:10d5f400416a80008000780080638000808f500042
:10d604000b003c00c422a90010002000b063880075
:10d61400702cef006e2cef00ec62a90004003700c0
:10d62400a05880000000e00001003a00c422a900d4
:10d634001e007800e10f500001003a00762cef0044
:10d644009e007800816f88000080fa0000000600c8
:10d654000200fa00101680004900de0061406000fc
:10d664000080fb00000f7800706f8000e10f500015
:10d674000b003a001e0078000000e00008003a00a9
:10d68400d06380000000e00005003a001000200094
:10d69400d06388007c2cef00802cef00ec42a800c3
:10d6a400d0638000e10f500018003a00020021000e
:10d6b4008000eb000040eb0013fc0700c422a9002b
:10d6c400e06380000000e800e0638800506a8000a6
:10d6d400616a800080007800e0638000808f5000e1
:10d6e4000e003c00020021008000eb000040eb0033
:10d6f40005fc070010002000006488007c2cef006b
:10d704007a2cef00ec42a90004003700505f80003f
:10d714000000e00001003a00c402a8001e007800e6
:10d72400e10f500001003a00802cef009e007800c9
:10d73400716f88000080fa00000006000800fa00fb
:10d74400605b80000000e000b70032006c2bef004b
:10d7540074cdbf000080fb008000eb00f20f2000be
:10d764000289b900020178006002b90084017800de
:10d7740003014100f30f20000300b8000101410040
:10d784008200780042062000030020009c2402004e
:10d794000000000020079800305e8000e40f500075
:10d7a40003003200305e80000000e00002003a0016
:10d7b40010002000010037000000eb0060479800d3
:10d7c400206280000000e0000a00320070628000e5
:10d7d4000000e00007003a0010002000706288009a
:10d7e400502cef00642bef000000eb003c8702009c
:10d7f40000000000206280000000e0000a003a00ff
:10d80400706280000000e000070032004e2cef0040
:10d81400502cef00522cef00642bef000000eb00c3
:10d824003c8702000000000070628000e10f50009d
:10d8340011003200e10f500005003900e20f5000e2
:10d844004e003200e30f50005e00320077003700d4
:10d854000000eb003c87020000000000642bef0096
:10d86400502cef00522cef006e41900041c5200077
:10d87400824878006d00370072cdbf000004e000dc
:10d8840009003a00f00f2000205b8800f00f200010
:10d894003c87020000000000200020007062880025
:10d8a400502cef0031003700806280000000e80057
:10d8b40080628800806280008000eb00f20f20000c
:10d8c4000289b900020178006002b900840178007d
:10d8d40003014100f30f20000300b80001014100df
:10d8e4008200780022d72000124178000281fb00d8
:10d8f4008001eb009c24020000000000008fbe00a9
:10d90400f00f2000010020001e01be00800f510016
:10d91400818f590003003600f00f20000100200021
:10d92400008fbe001e007800205b88001e00780077
:10d934003c8702000000000072cdbf008080fb0025
:10d9440080628000808f500008003e00f00f2000ad
:10d95400205b8800f00f20003c87020000000000dc
:10d964002000200070628800502cef006e4190006f
:10d9740041c52000824878002c0037002e0090001a
:10d984003c870200000000002e009000205b88000d
:10d9940054ccbf000004e000060032006e4090004a
:10d9a4000004e00003003a00522cef003000200095
:10d9b400706288006e41900041c520008248780062
:10d9c4001a0037002e0090003c870200000000007f
:10d9d400906280000000e8009062880073cdbf0070
:10d9e4008080fb0090628000808f500009003e0020
:10d9f4000000eb003c87020000000000642bef00f5
:10da04004e2cef00522cef00442cef00402cef0082
:10da1400462cef006e41900041c5200082487800fa
:10da24000000000001003700000000000080fa0040
:10da3400000006000400fa00a05b80000000e00083
:10da440074003200742bef009016800068006000b0
:10da540000f0a7000000ea00000fea001e007800b2
:10da64004f00de00000f7800905c8000e10f500052
:10da74000400320010168000610060000000e00025
:10da84000200320010002000010037000000eb000b
:10da940010079800705b8000e10f500017003200ff
:10daa400e10f500005003900e20f5000350032004c
:10dab400e30f50003f0032005d003700702bef0091
:10dac4000000eb0072880200000000001e007800d5
:10dad4000000e000510032001e0090000000e00051
:10dae4005000320010002000705b8800722bef00a1
:10daf400606d2d0014f907004d0037001e007800fa
:10db04000000e00005003a0030002000705b88004f
:10db1400d06e2d000cf9070045003700905b8000a3
:10db24000000e800905b8800915b8000b068800092
:10db3400808f50000f003500815b8000a06880005a
:10db440000804000805b8800815b800090688000da
:10db5400808f50000600350090688000805b88004c
:10db640020002000705b880060702d00f6f807002c
:10db7400722bef00805b80007288020000000000be
:10db84002b003700906880007288020000000000bb
:10db94001e0078000000e00024003a00300020005d
:10dba400705b8800722bef0050712d00e6f80700bf
:10dbb4001f003700905b80000000e800905b880045
:10dbc400915b8000b0688000808f50000c003500ad
:10dbd400815b8000a068800000805000805b88002a
:10dbe400805b80000000e00004003c00702bef002c
:10dbf4006e2bef00e0722d00d3f80700722bef00bc
:10dc0400805b8000728802000000000000000000b9
:10dc14000700370000000000050037000000000086
:10dc2400030037000000000001003700000000007e
:10dc34000080fa00000006002000fa00700f98002f
:10dc4400e1732d007e089000763002000000000091
:10dc54000000e0000b00320010002000805c88000f
:10dc6400922bef0010002000a05c8800962bef00a0
:10dc7400c422a800c402a90040742d00b2f8070011
:10dc8400ba03370081752d007e08900076300200bb
:10dc9400000000000000e0000b0032001000200033
:10dca400905c8800902bef0010002000b05c88008e
:10dcb400942bef00c402a800c422a900e0752d0033
:10dcc400a1f80700a903370021772d007e089000f2
:10dcd40076300200000000000000e0000f00320077
:10dce400902bef00922bef00c422a900c402a900dc
:10dcf400942bef00962bef00c02bef00c22bef000c
:10dd0400bc2bef00be2bef00b82bef00ba2bef00bb
:10dd140080772d008cf8070094033700e1782d00fc
:10dd24007e089000a62d0200000000000000e00024
:10dd34000b003a00902bef00922bef00c422a900b5
:10dd4400c402a90010002000e06088001000200038
:10dd5400f060880010792d007bf8070083033700fa
:10dd6400217a2d007e089000a62d020000000000fc
:10dd74000000e0000a003a00f0ee2b0000488800a2
:10dd840090542d0070f8070000502300c1002000bb
:10dd940040930200000000000000fe0073033700ff
:10dda400617a2d007e089000a62d0200000000007c
:10ddb4000000e00006003a001000200060588800cf
:10ddc4000e2bef00907a2d005ff8070067033700f1
:10ddd400f17b2d007e089000a62d020000000000bb
:10dde4000000e00006003a000c2bef000e2bef00c1
:10ddf400ece2a900207c2d0053f807005b033700f8
:10de0400817d2d007e089000a62d020000000000f8
:10de14000000e0005503320032002000e17d2d00b7
:10de24007e089000bc2d0200000000000000e0000d
:10de340023003a008e1f7800207e2d00801f78007a
:10de44007e089000ba2c020000000000e48757000e
:10de5400e10f500045033a001e0078000000a200c4
:10de640000f0a7000000ea000000e9004f00de0017
:10de7400b05d8800c02bef00c22bef00bc2bef007d
:10de8400be2bef00b82bef00ba2bef00902bef0066
:10de9400922bef00c422a900c402a900b05d800047
:10dea400e10f500002003a00807e2d00010037008f
:10deb400a07f2d0024f80700ecfc07002b0337009b
:10dec40032002000e1802d007e089000bc2d02006d
:10ded400000000000000e00023003a000e80e8008b
:10dee400801f780020812d00801f78007e0890001c
:10def400ba2c020000000000e4875700e10f500034
:10df04001a033a001e009000cf80de006a09b900af
:10df1400020178006002b900840178000301410025
:10df2400a30020000300b800010141008200780032
:10df3400106a8800216a88001e0090006a00b900f7
:10df44000000780090668800e0802d00fef707004e
:10df54001e009000eef7070080812d00faf70700fd
:10df6400c2fc07000103370032002000b1812d00fc
:10df74007e089000bc2d0200000000000000e000bc
:10df840018003a0064004700801f7800f0812d00db
:10df9400801f78007e089000ba2c02000000000068
:10dfa400e4875700e10f5000f0023a002e00900081
:10dfb400cf80de00306a8800416a8800b0812d007d
:10dfc400e1f70700306a8000416a800000007800b1
:10dfd400cff7070080812d00dbf70700a3fc0700c3
:10dfe400e20237003200200051822d007e089000aa
:10dff400bc2d0200000000000000e00018003a0000
:10e0040066004700801f780090822d00801f7800f2
:10e014007e089000ba2c020000000000e48757003c
:10e02400e10f5000d1023a003e009000cf80de00a4
:10e03400506a8800616a880050822d00c2f7070088
:10e04400506a8000616a800000007800b0f7070021
:10e0540080812d00bcf7070084fc0700c302370051
:10e06400f1822d007e089000a62d02000000000021
:10e074000000e00005003a00a0668000a4f7070055
:10e0840080812d00b0f70700b802370021832d00ee
:10e094007e089000a62d0200000000000000e000b1
:10e0a40005003a00c0cf2000a7f7070080812d00ab
:10e0b400a5f70700ad02370051832d007e089000bc
:10e0c400a62d0200000000000000e00005003a0058
:10e0d400c0cf20009cf7070080812d009af707002d
:10e0e400a2023700c1832d007e089000a62d0200f5
:10e0f400000000000000e00008003a00b058800072
:10e104000000e00005003a0010002000b05888002c
:10e1140010842d008cf707009402370051852d00e0
:10e124007e089000a62d0200000000000000e00020
:10e1340007003a00b0588000e10f500004003a0094
:10e14400162bef00a0852d007ff70700870237000c
:10e1540032002000c1862d007e089000bc2d0200f4
:10e16400000000000000e0001f003a0000872d00be
:10e1740075f707007e08900073f7070080812d0073
:10e1840071f7070068004700801f780000882d00a1
:10e19400801f78007e089000ba2c02000000000066
:10e1a400e4875700e10f50000c003a004e00900045
:10e1b400cf80de00105d8800215d880070882d000e
:10e1c40061f70700105d8000215d80000000780089
:10e1d4004ff7070025fc07006402370080892d00f3
:10e1e40059f707006102370032002000018b2d002f
:10e1f4007e089000bc2d0200000000000000e0003a
:10e2040019003a006a004700801f7800408b2d00f7
:10e21400801f78007e089000ba2c020000000000e5
:10e22400e4875700e10f50000c003a005e009000b4
:10e23400cf80de00305d8800415d8800b08b2d000a
:10e2440041f70700305d8000415d800000007800e8
:10e254002ff7070005fc070044023700f08c2d005f
:10e2640039f707004102370032002000918e2d005b
:10e274007e089000bc2d0200000000000000e000b9
:10e2840019003a006c004700801f7800d08e2d00e2
:10e29400801f78007e089000ba2c02000000000065
:10e2a400e4875700e10f50000c003a006e00900024
:10e2b400cf80de00505d8800615d8800408f2d00b6
:10e2c40021f70700505d8000615d80000000780048
:10e2d4000ff70700e5fb07002402370070902d00bc
:10e2e40019f70700210237003200200001922d00a7
:10e2f4007e089000bc2d0200000000000000e00039
:10e3040019003a006e004700801f780040922d00eb
:10e31400801f78007e089000ba2c020000000000e4
:10e32400e4875700e10f50000c003a007e00900093
:10e33400cf80de00705d8800815d8800b0922d0082
:10e3440001f70700705d8000815d800000007800a7
:10e35400eff60700c5fb070004023700f0932d0019
:10e36400f9f60700010237003200200091952d00d4
:10e374007e089000bc2d0200000000000000e000b8
:10e384001f003a0070004700801f7800d0952d00d0
:10e39400801f78007e089000ba2c02000000000064
:10e3a400e4875700e10f5000f0013a000e08900096
:10e3b400cf80de006a09b900020178006002b9006a
:10e3c4008401780003014100a30020000300b80089
:10e3d4000101410082007800706a8800816a880027
:10e3e40090952d00d8f607000e089000c8f6070097
:10e3f40080812d00d4f607009cfb0700db01370069
:10e404003200200031962d007e089000bc2d0200c1
:10e41400000000000000e0001c003a007200470009
:10e42400801f780070962d00801f78007e08900071
:10e43400ba2c020000000000e4875700e10f5000ee
:10e44400ca013a001e089000cf80de00a06988004f
:10e45400b1698800a0698000b1698000000078007b
:10e464000061880030962d00b7f60700a06980008f
:10e47400b169800000007800a5f6070080812d00b6
:10e48400b1f6070079fb0700b8013700320020001d
:10e49400d1962d007e089000bc2d020000000000e3
:10e4a4000000e0001f003a0074004700801f78005d
:10e4b40010972d00801f78007e089000ba2c02006f
:10e4c40000000000e4875700e10f5000a7013a0064
:10e4d4002e089000cf80de006a09b900020178009e
:10e4e4006002b9008401780003014100a300200008
:10e4f4000300b8000101410082007800c06988006f
:10e50400d1698800d0962d008ff607002e08900060
:10e514007ff6070080812d008bf6070053fb070070
:10e52400920137003200200071972d007e08900080
:10e53400bc2d0200000000000000e00014003a00be
:10e5440076004700801f7800b0972d00801f780068
:10e554007e089000ba2c020000000000e4875700f7
:10e56400e10f500081013a003e089000e069880004
:10e5740070972d0074f60700e069800064f60700c8
:10e5840080812d0070f6070038fb07007701370003
:10e5940011982d007e089000a62d020000000000b6
:10e5a4000000e0000e003a00206280000000e0005d
:10e5b40008003200c0982d0063f607003062800026
:10e5c4007e00100052f60700d0992d005ef6070079
:10e5d40066013700109b2d005bf6070063013700ce
:10e5e40032002000019c2d007e089000bc2d02000a
:10e5f400000000000000e00021003a00780047001d
:10e60400801f7800409c2d00801f78007e089000b9
:10e61400ba2c020000000000e4875700e10f50000c
:10e6240052013a004e0890000000e00002003d0054
:10e634000000eb00400f9800ce0890004006200038
:10e64400808f50000200340040062000400f9800e4
:10e654004e0890000040780072edb700009c2d0039
:10e6640039f6070072cdbf000080fb0028f60700d2
:10e6740080812d0034f60700fcfa07003b013700c7
:10e6840032002000a19c2d007e089000bc2d0200c9
:10e69400000000000000e00021003a007a0047007a
:10e6a400801f7800e09c2d00801f78007e08900079
:10e6b400ba2c020000000000e4875700e10f50006c
:10e6c4002a013a005e0890000000e00002003d00cc
:10e6d4000000eb00500f9800de0890004006200078
:10e6e400808f50000200340040062000500f980034
:10e6f4005e0890000040780073edb700a09c2d00e8
:10e7040011f6070073cdbf000080fb0000f6070080
:10e7140080812d000cf60700d4fa0700130137009e
:10e7240032002000419d2d007e089000bc2d020087
:10e73400000000000000e00021003a007c004700d7
:10e74400801f7800809d2d00801f78007e08900037
:10e75400ba2c020000000000e4875700e10f5000cb
:10e7640002013a006e0890000000e00002003d0043
:10e774000000eb00600f9800ee08900040062000b7
:10e78400808f50000200340040062000600f980083
:10e794006e0890000040780074edb700409d2d0095
:10e7a400e9f5070074cdbf000080fb00d8f5070031
:10e7b40080812d00e4f50700acfa0700eb00370078
:10e7c400e19d2d007e089000a62d020000000000af
:10e7d4000000e00005003a00aa82020000000000e8
:10e7e400b22bef00b42bef00e0003700319e2d0078
:10e7f4007e089000a62d0200000000000000e0004a
:10e8040009003a00e680020000000000aa8202002b
:10e8140000000000b22bef00b42bef00c09e2d00cf
:10e82400c9f50700d100370081a02d007e089000b3
:10e83400a62d0200000000000000e000cb003a001a
:10e84400f0a02d00c0f50700c0862d00bef507001e
:10e85400105d8000215d8000000078008afa0700c6
:10e8640080812d00b8f50700008b2d00b6f5070058
:10e87400305d8000415d80000000780082fa07006e
:10e8840080812d00b0f50700908e2d00aef50700b5
:10e89400505d8000615d8000000078007afa070016
:10e8a40080812d00a8f5070000922d00a6f5070031
:10e8b400705d8000815d80000000780072fa0700be
:10e8c40080812d00a0f5070030962d009ef50700ed
:10e8d400a0698000b1698000000078008cf5070011
:10e8e40080812d0098f50700d0962d0096f507003d
:10e8f400c0698000d16980000000780084f50700b9
:10e9040080812d0090f5070070972d008ef507008b
:10e91400e06980007ef5070080812d008af50700fc
:10e9240000a22d0088f50700f0698000016a8000cc
:10e934000000780076f5070080812d0082f507003d
:10e9440040a22d0080f50700f05c800070f5070000
:10e9540080812d007cf5070080a22d007af5070048
:10e96400005d80006af5070080812d0076f50700c0
:10e97400e0802d0074f50700106a8000216a800091
:10e984000000780062f5070080812d006ef5070015
:10e99400b0812d006cf50700306a8000416a800068
:10e9a400000078005af5070080812d0066f5070005
:10e9b40050822d0064f50700506a8000616a80006f
:10e9c4000000780052f5070080812d005ef50700f5
:10e9d40090952d005cf50700706a8000816a8000c4
:10e9e400000078004af5070080812d0056f50700e5
:10e9f400e07d2d0054f50700b05d800044f507006c
:10ea040080812d0050f50700c0a22d004ef50700af
:10ea140060cd20004cf5070080812d004af50700e9
:10ea240000a32d0048f5070080ce200046f507001e
:10ea340080812d0044f5070040a32d0042f5070016
:10ea440000ce200040f5070080812d003ef5070030
:10ea540080a32d003cf50700906180002cf5070091
:10ea640080812d0038f50700c0a32d0036f507007e
:10ea7400a061800026f5070080812d0032f5070093
:10ea840000a42d0030f507002063800020f5070066
:10ea940080812d002cf5070040a42d002af50700e5
:10eaa400506580001af5070080812d0026f50700c7
:10eab40080a42d0024f50700506e800014f5070093
:10eac40080812d0020f50700c0a42d001ef507004d
:10ead400606580000ef5070080812d001af507009f
:10eae40000a52d0018f507007065800008f50700e3
:10eaf40080812d0014f50700009c2d0012f50700fd
:10eb040072cdbf000080fb0001f5070080812d005d
:10eb14000df50700a09c2d000bf5070073cdbf0079
:10eb24000080fb00faf4070080812d0006f5070041
:10eb3400409d2d0004f5070074cdbf000080fb004c
:10eb4400f3f4070080812d00fff4070040a52d0099
:10eb5400fdf40700905d8000edf4070080812d0036
:10eb6400f9f40700c0a52d00f7f407000080fa00af
:10eb7400000006000000fa001116800000022000c8
:10eb8400008060000000e00003003a005061800053
:10eb9400e10f500002003a0010002000010037008d
:10eba4000000eb000080fa00000006002400fa00d8
:10ebb400881f7800ac9202000000000000a8210029
:10ebc4006100200040930200000000003e9102001a
:10ebd40000000000a88302000000000000a821003b
:10ebe400610020004093020000000000fe8f02003c
:10ebf400000000005e8f020000000000aa8e0200e8
:10ec0400000000009e9002000000000060900200de
:10ec140000000000c08f020000000000208f0200ee
:10ec240000000000009102000000000004f407004e
:10ec3400404f2600108f020000000000cde2a80023
:10ec4400ecc2a900388902000000000072890200a9
:10ec5400000000000000eb00a68902000000000094
:10ec6400001020009a89020000000000cde2a800f4
:10ec7400cc860200000000000887020000000000ab
:10ec84000000eb003c8702000000000000102000a0
:10ec94003087020000000000f00f2000305b880085
:10eca40002880200000000003e880200000000000c
:10ecb4000000eb0072880200000000000010200039
:10ecc400668802000000000000482800e1012000de
:10ecd400409302000000000078f607000050230073
:10ece400c10020004093020000000000a0a62d00f7
:10ecf40095f4070000202100a107200040930200a2
:10ed04000000000000a72d008ff40700f2ff200090
:10ed14008000eb0010c0b3007bf607000020210048
:10ed2400a107200040930200000000000001eb0056
:10ed34008000eb0010c0b30073f6070060a72d003d
:10ed440081f40700f2ff20008000eb0020c0b30034
:10ed54006df6070000202100a10720004093020067
:10ed6400000000000001eb008000eb0020c0b300b5
:10ed740065f60700c0a72d0073f40700f2ff20001a
:10ed84008000eb0030c0b3005ff6070000202100d4
:10ed9400a107200040930200000000000001eb00e6
:10eda4008000eb0030c0b30057f6070020a82d0008
:10edb40065f40700c402a900c422a900c482a80003
:10edc400d442a800d482a900dd22a800dcc2a90094
:10edd400cde2a800e4e2a900e4c2a900ec02a80084
:10ede400ec22a800ec42a900ec62a900ec82a90084
:10edf400eca2a900ecc2a900ece2a900ed02a90072
:10ee0400ed82a900f4e2a800f5c2a900f5e2a90088
:10ee140000482800e10120004093020000000000a7
:10ee2400103a8000000178000260a1006004200014
:10ee340071052000237420008049780081497800fe
:10ee4400824978001136800000fc2f0000806000a9
:10ee54003000b300103688002135800000fc2f00fc
:10ee6400008060003000b30020358800103a800034
:10ee7400000178000260a0006004200071052000f9
:10ee84002374200080497800814978008249780001
:10ee940090a92d002cf4070040810200000000001e
:10eea40060aa2d0028f40700b05d8000e10f500037
:10eeb40002003a0050ab2d000100370090ac2d0049
:10eec40021f407000000eb00a68902000000000006
:10eed4000080eb00000f7800a0698000b169800019
:10eee4000000780000618800010037000000000085
:10eef4000060fe00dc840200000000000004e0006a
:10ef0400260032008684020000000000404f980072
:10ef14004e489000ea4f5000030032004e489000e3
:10ef2400ed4f50000e003a0063cbbf008080fb0021
:10ef340030b22000008040008040eb00014878009f
:10ef440030b2200000f4070080812d00fef307009a
:10ef540030b2200038fb0700636bef000f0037006e
:10ef640031b6200091407800e0c3b30080cf500058
:10ef740009003e0063cbbf000081fb0031b22000da
:10ef8400810041004e499000824878000040e8002a
:10ef940063ebb70001003700636bef0011168000cc
:10efa40000042000008060000000e0001b003a0024
:10efb4001116800000202000008060000000e000a6
:10efc400160032000000eb00100798001e007800c5
:10efd4000000e00003003200c0f60700100020002b
:10efe40050618800f1ad2d00c0db2000a62d020089
:10eff400000000000000e000520032006200200027
:10f00400f1ad2d00c0db2000d02c02000000000078
:10f0140010002000a06488004a0037001116800008
:10f0240000202000008060000000e0001b003a0087
:10f034001116800000042000008060000000e00041
:10f044001600320010002000100798001e007800ff
:10f05400e10f500003003200a0f60700100020006a
:10f064005061880051ae2d00c0db2000a62d0200a7
:10f07400000000000000e0003200320062002000c6
:10f0840051ae2d00c0db2000d02c02000000000097
:10f0940010002000a06488002a00370011168000a8
:10f0a40000202000008060000000e0001600320014
:10f0b4001116800000042000008060000000e000c1
:10f0c4001100320020002000100798002a2cef00c5
:10f0d400b1ae2d00c0db2000a62d02000000000010
:10f0e4000000e0001700320062002000b1ae2d00e5
:10f0f400c0db2000d02c0200000000001000200023
:10f10400a06488000f00370030002000100798002a
:10f1140011af2d00c0db2000a62d0200000000006e
:10f124000000e000070032006200200011af2d0053
:10f13400c0db2000d02c02000000000010002000e2
:10f14400a06488005ef80700a3f80700101680008a
:10f154004500de00614060000080fb0070079800fd
:10f164007e009000e10f500009003a00d065800055
:10f174000000e00006003a0010002000e060880073
:10f1840010002000f060880070af2d006ef30700bf
:10f19400fe019000d3658800111680000004200051
:10f1a400008060000000e0000500320011168000bd
:10f1b40000202000008060000000e00058013a00b8
:10f1c400305e8000e20f5000ae003200e20f5000cb
:10f1d40005003e000000e00008003200e10f50008e
:10f1e4002e0032005a013700e30f5000cd003200e8
:10f1f400e40f500046013200550137005061800091
:10f204000000e00008003a005116800000002200cf
:10f21400008060000000e0001f003a00e060800011
:10f224000000e0001c0032001e2cef002bf607004b
:10f23400cde2a900ecc2a90010002000305e8800d5
:10f24400222cef00242cef00262cef000000eb0012
:10f25400a6890200000000002a2cef00f5c2a800d5
:10f26400f5e2a900f1af2d0000db2000a62d02007d
:10f27400000000000000e0000700320062002000ef
:10f28400f1af2d0000db2000d02c020000000000b4
:10f29400100020008064880020013700f0608000a6
:10f2a4000000e0002d0032001e2cef001c2cef00ab
:10f2b40011618000210798000b0037002e00900098
:10f2c4000000e00002003d000000eb002007980071
:10f2d4002e009000a6890200000000002e0090007d
:10f2e4004006b100200798002e0090000000e000c6
:10f2f400f2ff3d000000eb00a689020000000000c0
:10f30400ecc2a800222cef00262cef0030002000d5
:10f31400305e8800f5c2a900f5e2a80050b02d00c7
:10f3240009f3070021b22d0000db2000a62d020006
:10f33400000000000000e00007003200620020002e
:10f3440021b22d0000db2000d02c020000000000c0
:10f354001000200080648800f0003700b05f800057
:10f364000000e0001a003200f62bef00306180004c
:10f374000000e8003061880031618000506b80003b
:10f38400808f500012003500116180000061800000
:10f39400808f50000a003d0011618000606b800086
:10f3a40000804000106188001161800000618000cd
:10f3b400808f5000020034000061800010618800da
:10f3c40010618000a689020000000000262cef00d6
:10f3d4005116800000002100008060000000e00061
:10f3e40027003a0012618000320798000b003700b2
:10f3f4003e0090000000e00002003d000000eb0031
:10f40400300798003e009000a6890200000000002a
:10f414003e0090004006b100300798003e00900086
:10f424000000e000f2ff3d00ecc2a8000000eb0089
:10f43400a68902000000000020002000305e880041
:10f444002a2cef001c2cef00f5c2a90081b22d007c
:10f4540000db2000a62d0200000000000000e000f8
:10f46400070032006200200081b22d0000db200082
:10f47400d02c0200000000001000200080648800ee
:10f48400a6003700e06980000000e00003003200bd
:10f49400b06180000000e00006003a00d060800007
:10f4a4000000e00003003a00e06080000000e0009b
:10f4b4001b0032001e2cef00cde2a900ecc2a80014
:10f4c40030002000305e8800222cef00242cef0056
:10f4d400262cef000000eb00a689020000000000cb
:10f4e400f5c2a900f5e2a800362cef0021b22d00e8
:10f4f40000db2000a62d0200000000000000e00058
:10f50400070032006200200021b22d0000db200041
:10f51400d02c02000000000010002000806488004d
:10f524007e003700f06080000000e0002d00320013
:10f534001e2cef001c2cef00136180004307980081
:10f544000b0037004e0090000000e00002003d0078
:10f554000000eb00400798004e009000a6890200ce
:10f56400000000004e0090004006b10040079800e3
:10f574004e0090000000e000f2ff3d000000eb00b0
:10f58400a689020000000000ecc2a900222cef00b2
:10f59400262cef0010002000305e8800f5c2a80081
:10f5a400f5e2a900e0b22d0067f20700f1af2d00eb
:10f5b40000db2000a62d0200000000000000e00097
:10f5c4000700320062002000f1af2d0000db2000b4
:10f5d400d02c02000000000010002000806488008d
:10f5e4004e003700b05f80000000e0001a003200d7
:10f5f400f62bef00306180000000e80030618800e5
:10f6040031618000506b8000808f50001200350003
:10f614001161800000618000808f50000a003d006d
:10f6240011618000606b80000080400010618800e0
:10f634001161800000618000808f5000020034005e
:10f64400006180001061880010618000a6890200ba
:10f6540000000000262cef0051168000000022005c
:10f66400008060000000e00028003a001161800082
:10f67400510798000f0037005e0090000000e00082
:10f6840002003d000000eb00500798005e0090006f
:10f69400a68902000000000000c429000100200027
:10f6a40040930200000000005e0090004006b1009c
:10f6b400500798005e0090000000e000eeff3d005f
:10f6c4000000eb00a6890200000000001c2cef00e3
:10f6d40040002000305e8800b1b42d0000db200023
:10f6e400a62d0200000000000000e0000700320028
:10f6f40062002000b1b42d0000db2000d02c0200f9
:10f70400000000001000200080648800030037001f
:10f71400c62bef002a2cef00000000000c0037007d
:10f72400cde2a8000000eb00a68902000000000062
:10f73400162cef000e2cef00ec2bef00c62bef0085
:10f744002a2cef001e2cef002e2cef00302cef00a3
:10f754001e019000020f78001116800000042000a2
:10f76400008060000000e00006003a00901680006f
:10f77400700060000000e00002003a001000200069
:10f78400010037000000eb00e10f50000e003200d2
:10f794001116800000202000008060000000e000be
:10f7a40006003a0090168000700060000000e0003f
:10f7b40002003a0010002000010037000000eb00b6
:10f7c400e10f500012003a00305e8000e40f500058
:10f7d40003003200305e80000000e00010003a00b8
:10f7e4009af407000000e000070032006062800025
:10f7f4000000e0000c003a00100020006062880065
:10f80400b6f40700090037004c2cef00070037005e
:10f814004a2cef00482cef004c2cef00030037007b
:10f8240000000000010037000000000011168000f5
:10f8340000042000008060000000e00007003200a7
:10f844001116800000202000008060000000e0000d
:10f854000200320010002000010037000000eb001d
:10f86400000f9800305e8000e10f50000600320067
:10f87400305e8000e20f500003003200305e8000f2
:10f88400e30f500002003a0010002000010037008e
:10f894000000eb00100f9800206280000000a2001e
:10f8a40000f0a7000000ea000000e9004f00de00bd
:10f8b400200f9800805c80000000a20000f0a700e8
:10f8c4000000ea000000e9004f00de00300f98005d
:10f8d400905c80000000a20000f0a7000000ea0095
:10f8e4000000e9004f00de00400f9800e060800057
:10f8f4000000a20000f0a7000000ea000000e900f8
:10f904004f00de00500f98000e0890000000e00049
:10f9140003003200e06580000000e0001e003200b9
:10f924001e0890000000e00003003200f065800033
:10f934000000e000180032002e0890000000e000f3
:10f9440003003200006680000000e0001200320074
:10f954005e0890000000e0000300320010668000a2
:10f964000000e0000c0032003e0890000000e000bf
:10f9740003003200206680000000e0000600320030
:10f984004e0890000000e000250032003066800040
:10f994000000e00022003a0010002000f05b880024
:10f9a40010b52d0068f107000e0890000000e0007b
:10f9b4000200320080b52d0063f107001e0890009c
:10f9c4000000e00003003a005e0890000000e00040
:10f9d40002003200e0b52d005bf107002e08900014
:10f9e4000000e0000200320040b62d0056f107008e
:10f9f4003e0890000000e00002003200a0b62d0096
:10fa040051f107004e0890000000e00002003200af
:10fa1400e0b62d004cf1070080812d004af107006b
:10fa24008e099000e36588009e089000f1658800c7
:10fa34002e09900002668800be09900023668800a3
:10fa4400ce089000316688005e0990001266880036
:10fa5400206580000000e00002003200a42cef00ca
:10fa640042f50700305e8000e20f500015003a00b6
:10fa7400e06980000000e00012003200a05f800016
:10fa84000000e00013003200f42bef00c06180009e
:10fa94000000e800c0618800c06180006101b90015
:10faa400c0698000d1698000800f5100818f5900a6
:10fab4000700390010002000b0618800382cef00e6
:10fac40004003700382cef00362cef00010037001b
:10fad40000000000600020005df00700805e8800e8
:10fae400805e8000cf80de009624020000000000cb
:10faf40002002000e3332400562802000000000026
:10fb040002002f00f3572400982602000000000092
:10fb1400600f9800710f9800906a8000a16a8000bd
:10fb2400d2cc2c00c3e42300bc240200000000005b
:10fb340018c0b3006e099000fe09900092240200e0
:10fb4400000000000000e00001003c000044eb0065
:10fb54000804e00010003a00906a8000a16a800066
:10fb6400d2cc2c00c3e42300ce2402000000000009
:10fb740018c0b3006e099000fe0990008e240200a4
:10fb8400000000000000e000010035000044eb002c
:10fb94000804e000040032006e099000fe099000a1
:10fba400926a8800a36a88006000200028f0070099
:10fbb400405e8800d11680000000240000806000b0
:10fbc40000f0a7000000ea000000ea004f00de0099
:10fbd4005064880010178000610060000000e0009d
:10fbe4000b003a00911780000000210000806000a3
:10fbf4000000e00006003a00d0638000e10f5000ee
:10fc04000300320070638000e10f500002003a00ec
:10fc140010002000010037000000eb0000179800de
:10fc2400e05e8000e10f50000d003200e10f500053
:10fc340003003900e20f5000150032002c00370099
:10fc4400e02bef00f4e2a8000e1090000000e000aa
:10fc54002200320010002000e05e880024003700fb
:10fc6400e02bef00f4e2a8000e1090000000e0008a
:10fc74001c003a0020002000e05e8800de2bef002c
:10fc840010002000005f8800f4e2a900180037008b
:10fc940010002000005f8800f4e2a900c064800026
:10fca400e10f500004003a00982cef00f05e800051
:10fcb4000000e800f05e8800f15e8000d06a8000f9
:10fcc400808f500009003500dc2bef00de2bef00a5
:10fcd400e02bef00f4e2a80005003700000000006c
:10fce400030037000000000001003700000000009e
:10fcf400005f80000000e00002003200ec42a80037
:10fd040001003700ec42a900dd22a800d442a8007b
:10fd1400c482a800605880000000e00007003a0098
:10fd240010178000620060000000e0000200320052
:10fd3400ece2a80001003700ece2a900d016800034
:10fd4400d01680005117800000002200008060005f
:10fd54000000e000170032001116800000042000ab
:10fd6400008060000000e0001200320011168000e4
:10fd740000202000008060000000e0000d00320040
:10fd840021b72d0020dc2000a62d02000000000079
:10fd94000000e000070032006200200021b72d00bf
:10fda40020dc2000d02c0200000000001000200005
:10fdb400b0648800511780000000220000806000b9
:10fdc4000000e0001400320011168000000420003e
:10fdd400008060000000e0000f003a00ec22a9005f
:10fde400e4e2a80081b72d0020dc2000a62d02004b
:10fdf400000000000000e000070032006200200064
:10fe040081b72d0020dc2000d02c0200000000006f
:10fe140010002000b0648800511780000000220008
:10fe2400008060000000e00019003200111680001c
:10fe340000202000008060000000e00014003a0070
:10fe440090168000680060000000e00010003a0096
:10fe54001000200010648800e4c2a800e1b72d005f
:10fe640020dc2000a62d0200000000000000e000bd
:10fe74000700320062002000e1b72d0020dc2000e2
:10fe8400d02c02000000000010002000b0648800a4
:10fe94005117800000002200008060000000e00094
:10fea40011003a00822cef00842cef00e4c2a90078
:10feb400e4e2a90041b82d0020dc2000a62d0200b8
:10fec400000000000000e000070032006200200093
:10fed40041b82d0020dc2000d02c020000000000de
:10fee40010002000b0648800ec8f020000000000c5
:10fef4000000e00001003400c8f307004c8f02004a
:10ff0400000000000000e0000100340005f40700d8
:10ff1400101780006100600000f0a7000000ea00f4
:10ff24000000ea004f00de00101798001e10900039
:10ff34000000e0000e003200306380000000e000aa
:10ff44000b003a004163800090668000808f50006f
:10ff54000b0035001000200030638800682cef008f
:10ff6400a0b82d00f8ef0700c0f407000400370024
:10ff74001e1090000000e00001003a00682cef0021
:10ff8400d116800000002200008060000000e00024
:10ff940008003200306380000000e00003003200fb
:10ffa40020b92d00e8ef0700b0f40700662cef003d
:10ffb400682cef0030638000e10f500003003a002a
:10ffc400ed02a800ec02a90002003700ed02a9002e
:10ffd400ec02a80090168000680060000000e000b9
:10ffe40002003200d482a80001003700d482a900a4
:10fff40080648000e10f500005003a0000db20001f
:020000040001f9
:10000400d1ef070080812d00cfef0700902cef0087
:1000140090648000e10f500005003a0060db20008e
:10002400c9ef070080812d00c7ef0700922cef0075
:10003400a0648000e10f500005003a00c0db2000fe
:10004400c1ef070080812d00bfef0700942cef0063
:10005400b0648000e10f5000a4fb3a0020dc2000d3
:10006400b9ef070080812d00b7ef0700962cef0051
:100074009ffb37000400fa00008fbe001e00be0084
:100084004008de00004078000080fb00a0028800e9
:100094001e0078001000ba000080fa00000006007c
:1000a4000000fa0020042400003b88001000200017
:1000b400a0028800000025008080eb000108bb003e
:1000c4000500fc0050052000303b8800a00a2000f9
:1000d400303b880061e7a800000000000000000039
:1000e40000000000013b8000000028000080600048
:1000f4000000e000fbff3a000080fa000000060068
:100104000600fa0020079800000025001007980058
:1001140010002400003b880010002000a00288008a
:100124000000eb00000f7800130037001e00780079
:1001340000004000ae009000008040009000780075
:100144001e00780000004000000178001e009000ae
:10015400000041000108bb001e00780000004000c0
:10016400800078001e00900000804000f10f200005
:100174000188bb001e0fe800f00320009e007800f9
:10018400808f5000e9ff36000500fc005005200078
:10019400303b8800a00a2000303b880061e7a800bb
:1001a400000000000000000000000000013b80008f
:1001b40000002800008060000000e000fbff3a001f
:1001c4000080fa00000006000000fa00a22bef00f5
:1001d400a42bef00a62bef00a82bef00aa2bef0017
:1001e400ac2bef00f00f200001002000705d8800b0
:1001f400815d8800f007200001002000a0698800cc
:10020400b16988004006200001002000c069880010
:10021400d169880010002000e0698800c012200025
:1002240001002000f0698800016a88009e2bef001d
:10023400a02bef00a005200001002000106a880018
:10024400216a88009001200001002000306a8800a3
:10025400416a88009001200001002000506a880053
:10026400616a880080bb200001002000706a880059
:10027400816a88000080fa00000006000200fa008b
:10028400889fbe00000025001100200079ff0700b0
:10029400000f7800a0552a009e007800808f50003f
:1002a40002003200c8ff0700a60037002000250026
:1002b400110020006fff07006104b8004000250012
:1002c400110020006bff07008000eb00c000dd0080
:1002d400000020000000740081807400105d88001c
:1002e400215d8800600025001100200061ff0700e7
:1002f4006104b80080002500110020005dff0700a4
:100304008000eb00c000dd0000002000000074004d
:1003140081807400305d8800415d8800a000250064
:100324001100200053ff07006104b800c00025003d
:10033400110020004fff07008000eb00c000dd002b
:10034400000020000000740081807400505d88006b
:10035400615d8800e00025001100200045ff0700d2
:100364006104b800000125001100200041ff0700ce
:100374008000eb00c000dd000000200000007400dd
:1003840081807400705d8800815d880020012500f3
:100394001100200037ff07006104b8004001250068
:1003a4001100200033ff07008000eb00c000dd00d7
:1003b400000020000000740081807400a06988009f
:1003c400b1698800600125001100200029ff0700a1
:1003d4006104b800800125001100200025ff0700fa
:1003e4008000eb00c000dd0000002000000074006d
:1003f40081807400c0698800d1698800a00125004b
:10040400110020001bff0700e0698800c0012500df
:100414001100200017ff07006104b800e001250067
:100424001100200013ff07008000eb00c000dd0076
:10043400000020000000740081807400f0698800ce
:10044400016a8800000225001100200009ff07004e
:10045400f05c8800200225001100200005ff070041
:10046400005d8800400225001100200001ff070004
:100474006104b8006002250011002000fdfe0700a1
:100484008000eb00c000dd000000200000007400cc
:1004940081807400106a8800216a88008002250027
:1004a40011002000f3fe07006104b800a00225003b
:1004b40011002000effe07008000eb00c000dd000b
:1004c400000020000000740081807400306a8800fd
:1004d400416a8800c002250011002000e5fe0700e3
:1004e4006104b800e002250011002000e1fe0700cd
:1004f4008000eb00c000dd0000002000000074005c
:1005040081807400506a8800616a880000032500b5
:1005140011002000d7fe07006104b8002003250065
:1005240011002000d3fe07008000eb00c000dd00b6
:10053400000020000000740081807400706a88004c
:10054400816a88004f04be000080fa0000000600a3
:100554008200fa000000eb00000f7800070037006b
:100564001e00780000004000000047000080e80002
:100574008080eb00010878001e0fe800f0032000e3
:100584009e007800808f5000f5ff3400a0552a00ab
:1005940010079800105d8000215d80000000780045
:1005a40020079800105d8000215d80004008de0077
:1005b4000000780030079800305d8000415d8000c5
:1005c4000000780040079800305d8000415d8000a5
:1005d4004008de000000780050079800505d80005d
:1005e400615d80000000780060079800505d800025
:1005f400615d80004008de0000007800700798000c
:10060400705d8000815d800000007800000f98001c
:10061400705d8000815d80004008de00000078008d
:10062400100f9800a0698000b16980000000780074
:10063400200f9800a0698000b16980004008de00a6
:1006440000007800300f9800c0698000d1698000f4
:1006540000007800400f9800c0698000d1698000d4
:100664004008de0000007800500f9800e069800028
:10067400600f9800f0698000016a80000000780033
:10068400700f9800f0698000016a80004008de0065
:100694000000780000179800f05c800010179800a4
:1006a400005d800020179800106a8000216a800095
:1006b4000000780030179800106a8000216a8000da
:1006c4004008de000000780040179800306a80007f
:1006d400416a80000000780050179800306a80005a
:1006e400416a80004008de0000007800601798002e
:1006f400506a8000616a80000000780070179800da
:10070400506a8000616a80004008de0000007800c2
:10071400001f9800706a8000816a800000007800e1
:10072400101f9800706a8000816a80004008de0013
:1007340000007800201f980059fe07000e80e80092
:100744006ffe07000080fa00000006000000fa00b7
:100754009580a9009560a900800020000011880000
:100764002222ef009001200040118800f0ae20000a
:1007740060578800f0ae20005057880080af2000fa
:100784004057880080af200030578800ee6aef00a1
:10079400803e280007000700804328002d00070042
:1007a4009560a80021e2a8002342a8000080fa0076
:1007b400000006000200fa00000f78001e00780016
:1007c400105888000080fa00000006000000fa00bb
:1007d4006157800050578000808f500002003a001b
:1007e4009580a900190037008580a9001000370002
:1007f40060578000904078008180fb0021118800c0
:100804000000e800605788006157800080af200036
:10081400808f500002003a00f0ae2000605788003c
:100824006157800050578000808f500006003200ce
:100834001111800000202000008060000000e00012
:10084400ebff320001003700000000000080fa00d6
:10085400000006000200fa00000f78001e00780075
:10086400205888000080fa00000006000000fa000a
:100874001e0037003057800031118000814078001d
:10088400014878003157800000b02000808f50006c
:1008940009003200305780008000e8004057800093
:1008a400808f500004003200305780000000e800c0
:1008b400305788000d0037003157800000b0200009
:1008c400808f500007003a004157800080af20001d
:1008d400808f50000300320080af20003057880022
:1008e4000200370010c0b300eeeab7001011800018
:1008f400610060000000e000deff3a008560a900ae
:100904000080fa00000006000200fa000040eb003c
:10091400004f7800000000004157800030578000ed
:10092400808f5000fcff320040578000104f780049
:10093400405780000000e80040578800415780007d
:1009440010b02000808f500002003a0080af2000d9
:10095400405788001e4078000080fa00000006001e
:100964000200fa00004f7800000000001c0007009d
:100974000004a2000004e000fcff3a00505780008d
:100984001e487800505780000000e8005057880047
:100994005157800080af2000808f500002003a0041
:1009a400f0ae2000505788009580a8000080fa001f
:1009b400000006000000fa00415780003057800014
:1009c4000080680000f0a7000000ea000000ea00d0
:1009d4004f00de00004078000080fa0000000600ae
:1009e4000400fa00615780001107980051578000f5
:1009f4001e009000808f5000060031009e00900081
:100a040050578000008050000000e900000f78007b
:100a1400050037009e009000505780000080500071
:100a240068004000000f78001e00780000f0a70066
:100a34000000ea000000ea004f00de0000407800f9
:100a44000080fa00000006000000fa005157800000
:100a540060578000808f500009003a001111800017
:100a6400001020000080600000f0a7000000ea00f1
:100a74000000ea004f00de0000407800010037006b
:100a84000040eb000080fa00000006000400fa00b9
:100a94003157800011079800405780009e00900055
:100aa400808f5000060031009e0090004057800067
:100ab4000080500069004000000f780003003700f8
:100ac4009e00900040578000008f5000f00f2000df
:100ad4009e007800808f50000200360000c0eb00ba
:100ae400020037001e007800004078000080fa0001
:100af400000006000000fa00e4ff07000080fa008e
:100b0400000006000400fa006157800011079800f5
:100b1400515780001e009000808f50000600310065
:100b24009e00900050578000008050000000e900b3
:100b3400000f7800050037009e0090005057800099
:100b44000080500068004000000f7800f00f200083
:100b54009e007800808f50000200360000c0eb0039
:100b6400020037001e007800004078000080fa0080
:100b7400000006000000fa00e2ff07000080fa000f
:100b8400000006000000fa00afff07000080fa0032
:100b9400000006000800fa002007980031079800ba
:100ba400baff07000080fb00000f78003e009000b1
:100bb4009e0f500002003100be009000010f78002b
:100bc4000000eb0010079800090037004eff0700f3
:100bd400ae009000804878002e0090000000e800ed
:100be400200798001e0090000000e80010079800fd
:100bf4001e0090009e0f5000f4ff39001e00780084
:100c04000080fa00000006000800fa00200798009f
:100c140031079800bbff07000080fb00000f78003d
:100c24003e0090009e0f500002003100be00900074
:100c3400010f78000000eb0010079800090037004e
:100c44002e00900010407800ae0090008100e80073
:100c54002107980042ff07001e0090000000e800f2
:100c6400100798001e0090009e0f5000f4ff3900fa
:100c74001e0078000080fa00000006000400fa005c
:100c84000000eb00000f780080ff07002047980069
:100c94009cff0700304798002e4090000080fb0026
:100ca4000000e00003003200e90f500003003200ae
:100cb400040037001e20a000040037001e00a0001e
:100cc400020037001e10a000000000003e4090000b
:100cd4000080fb000000e00003003200e90f500038
:100ce40003003200040037001e30a0000200370069
:100cf4001e40a000000000001e0078000080fa00e2
:100d0400000006000400fa00100798004157800014
:100d14001e009000008f4000020037009e00780003
:100d2400698f500010b020009e007800808f500022
:100d3400faff3e001e007800104078000080fa00a0
:100d4400000006000000fa0050ff07000080fb00ce
:100d54000000e9004f00de00004078000080fa0047
:100d6400000006000000fa0066ff07000080fb0098
:100d74000000e9004f00de00004078000080fa0027
:100d8400000006000000fa00101180000080fa0044
:100d9400000006000000fa00e0c02100d00c88002a
:100da400f0012000e00c880000082000f00c88000e
:100db40000052000000d8800d00c80000040780061
:100dc400674060000080fb00d05688000080fa0075
:100dd400000006000000fa000080fa00000006008f
:100de4000000fa002104800000042000008060005c
:100df4000000e00003003200ec8602000000000066
:100e040084c0a9000080fa00000006000000fa0077
:100e1400d056800000407800674060000080fb00ee
:100e240067006000d20c800081ff2f008100610008
:100e340001007000d00c88000080fa000000060059
:100e44000000fa00d10c800080ff2f0000806000b9
:100e5400d00c88000080fa00000006000200fa00ae
:100e6400000f78009e007800f10c88000080fa00e2
:100e7400000006000200fa00000f78009e007800cf
:100e8400010d88000080fa00000006000000fa004e
:100e9400200480004600de00614060000080fb000a
:100ea40000f0a7000000ea000000ea004f00de00a6
:100eb400004078000080fa00000006000400fa00f8
:100ec400100798001e009000e10f50000f00320040
:100ed400e10f500003003900e20f5000150032000a
:100ee4001e003700d00c80004400de00614060002a
:100ef4000080fb0000f0a7000000ea000000ea0008
:100f04004f00de00004f780014003700d00c800042
:100f14004500de00614060000080fb0000f0a70097
:100f24000000ea000000ea004f00de00004f7800f5
:100f34000a003700d00c80004600de0061406000eb
:100f44000080fb0000f0a7000000ea000000ea00b7
:100f54004f00de00004f7800000000001e407800c3
:100f64000080fa00000006000200fa00000f78007a
:100f74001e007800e10f500007003200e10f50001e
:100f840003003900e20f500005003200060037006c
:100f94009a81a900040037009aa1a9000200370031
:100fa4009ac1a900000000000080fa0000000600b9
:100fb4000000fa009cc1a8000080fa0000000600ae
:100fc4000000fa00e00c80004600de006140600092
:100fd4000080fb0000f0a7000000ea000000ea0027
:100fe4004f00de00004078000080fa000000060098
:100ff4000000fa009cc1a9000080fa00000006006d
:101004000000fa00e0c02100200d8800f00120005b
:10101400300d880000082000400d8800f00f2000eb
:10102400500d8800200d800000407800674060006b
:101034000080fb00505888000080fa000000060081
:101044000000fa000080fa00000006000000fa0028
:101054003104800000202000008060000000e000d7
:101064000300320022880200000000008720a9004b
:101074000080fa00000006000000fa0050588000ca
:1010840000407800674060000080fb00670060005b
:10109400220d800081ff2f0081006100010070009b
:1010a400200d88000080fa00000006000000fa000d
:1010b400210d800080ff2f0000806000200d88003b
:1010c4000080fa00000006000200fa00000f780019
:1010d4009e007800410d88000080fa0000000600a0
:1010e4000200fa00000f78009e007800510d88007d
:1010f4000080fa00000006000000fa0030048000be
:101104004900de00614060000080fb0000f0a700a1
:101114000000ea000000ea004f00de000040780012
:101124000080fa00000006000400fa00100798008e
:101134001e009000e10f50000f003200e10f50003c
:1011440003003900e20f5000150032001e00370082
:10115400200d80004400de00614060000080fb0040
:1011640000f0a7000000ea000000ea004f00de00e3
:10117400004f780014003700200d80004500de0089
:10118400614060000080fb0000f0a7000000ea005e
:101194000000ea004f00de00004f78000a0037002c
:1011a400200d80004600de00614060000080fb00ee
:1011b40000f0a7000000ea000000ea004f00de0093
:1011c400004f7800000000001e4078000080fa0004
:1011d400000006000200fa00000f78001e007800ec
:1011e400e10f500007003200e10f50000300390006
:1011f400e20f50000500320006003700a481a90068
:1012040004003700a4a1a90002003700a4c1a9006a
:10121400000000000080fa00000006000000fa0050
:10122400a6c1a8000080fa00000006000000fa0031
:10123400300d80004600de00614060000080fb004d
:1012440000f0a7000000ea000000ea004f00de0002
:10125400004078000080fa00000006000000fa0058
:10126400a6c1a9000080fa00000006000000fa00f0
:10127400e0c02100800c8800f0012000900c880060
:1012840000082000a00c8800f00f2000b00c88009b
:10129400800c800000407800674060000080fb0004
:1012a400b05688000080fa00000006000000fa0032
:1012b4000080fa00000006000000fa00200480000c
:1012c400640060000000e00003003200588902005e
:1012d400000000008440a9000080fa00000006001d
:1012e4000000fa00b05680000040780067406000bb
:1012f4000080fb0067006000820c800081ff2f00eb
:101304008100610001007000800c88000080fa00f8
:10131400000006000000fa00810c800080ff2f000e
:1013240000806000800c88000080fa000000060045
:101334000200fa00000f78009e007800a10c8800db
:101344000080fa00000006000200fa00000f780096
:101354009e007800b10c88000080fa0000000600ae
:101364000000fa00200480004200de0061406000ba
:101374000080fb0000f0a7000000ea000000ea0083
:101384004f00de00004078000080fa0000000600f4
:101394000400fa00100798001e009000e10f5000ae
:1013a4000f003200e10f500003003900e20f50003b
:1013b400150032001e003700800c80004400de005f
:1013c400614060000080fb0000f0a7000000ea001c
:1013d4000000ea004f00de00004f780014003700e0
:1013e400800c80004500de00614060000080fb004e
:1013f40000f0a7000000ea000000ea004f00de0051
:10140400004f78000a003700800c80004600de00a0
:10141400614060000080fb0000f0a7000000ea00cb
:101424000000ea004f00de00004f780000000000da
:101434001e4078000080fa00000006000200fa0056
:10144400000f78001e007800e10f50000700320002
:10145400e10f500003003900e20f50000500320094
:10146400060037009081a9000400370090a1a9006c
:101474000200370090c1a900000000000080fa00bb
:10148400000006000000fa0092c1a8000080fa00e3
:10149400000006000000fa00900c80004600de0008
:1014a400614060000080fb0000f0a7000000ea003b
:1014b4000000ea004f00de00004078000080fa00df
:1014c400000006000000fa0092c1a9000080fa00a2
:0414d400000006000e
:020000040000fa
:020000040001f9
:1014d8000000fe0022902000001978000109780021
:1014e800000006000000fe000000eb008000eb009a
:1014f800f8ff07006627ef00000006000000fe0066
:10150800801f7800811f7800219020000600fc00d1
:1015180031007800303b880011007800303b8800ab
:1015280061e7a8000000000000000000cf0078007c
:101538004f00780000000600a2028000a102880087
:101548009080ba001000ba00a202880000000600cd
:10155800a2028000a10288001000ba00a20288003e
:10156800000006000000fe0061e7af00feff370044
:10157800f23f2000000161000c003a002204240020
:10158800023b8800a2028000a10288000008bb007c
:10159800848a02000000000061e7af00feff370008
:1015a800a20288001000200061a7af000000200000
:1015b8000000060061e7af00feff37000000a7004b
:1015c8000d003700a4028000a10288003100240029
:1015d800013b88000208bb000388bb00848a020024
:1015e8000000000061e7af00feff3700a40288009a
:1015f8001000200061a7af000000200000000600d6
:1016080061e7af00feff37000000a7000e003700bb
:1016180033002400033b8800a3028000a102880055
:101628000208bb00f20f20000288bb00848a020077
:101638000000000061e7af00feff3700a30288004a
:101648001000200061a7af00000020000000060085
:1016580061e7af00feff3700f307200080816100db
:1016680010003a0013002400033b8800a302800006
:10167800a1028800040420003208bb003298bb0095
:101688001400b100fcff3a00848a02000000000048
:1016980061e7af00feff3700a302880010002000ba
:1016a80061a7af00000020000000060061e7af005e
:1016b800feff3700f30720008081610011003a0027
:1016c80013002400033b8800a3028000a1028800c5
:1016d80004042000f10f20003208bb000198bb0071
:1016e8001400b100fcff3a00848a020000000000e8
:1016f80061e7af00feff3700a3028800100020005a
:1017080061a7af000000200000000600f23f2000a3
:10171800000061000000060002c02f000000610008
:0c172800f2ff2f008100610000000600ad
:020000040000fa
:020000040001f9
:101734000000fa0080012000201688000000280024
:101744006016880000002200a0168800a0d62000a1
:10175400e0168800e422ef00ec22ef00c024200011
:10176400a0178800c06c2c0000168800f0ff27002a
:1017740040168800a00021008016880050cb2f005e
:10178400c0168800f033200000178800e822ef001c
:1017940030102300801788005620ef005820ef00f7
:1017a4005a20ef005c20ef005e20ef006020ef0085
:1017b4006e20ef007020ef007220ef007420ef0025
:1017c4007620ef007820ef00c622ef00ce22ef0053
:1017d400d622ef00de22ef00e622ef00ee22ef0039
:1017e400f622ef00e024ef00c03f2000102788001d
:1017f400e424ef0000c020003027880000202000ef
:1018040040278800ec24ef00113a8000f00b200000
:101814000081600060042000710520002374200012
:10182400804978008149780082497800c136800077
:1018340000fc2f00008060004001b300c036880027
:101844002135800000fc2f00008060003001b300cf
:1018540020358800d1368000f00f2c008080600095
:101864000030200001007000d0368800a1368000ce
:10187400f00f2c0080806000003021000100700017
:10188400a03688001136800000fc2f000080600024
:101894002001b30010368800103a8000000178005f
:1018a4000260a00060042000710520002374200061
:1018b4008049780081497800824978000080fa00e4
:1018c400000006000400fa00008fbe0017e2a90021
:1018d4001e00be0000004000818048000001be00e0
:1018e40000902000d10320009c240200000000008e
:1018f400000078000000e900a010880017e2a800aa
:1019040000a82100610020004093020000000000b4
:101914000080fa00000006000000fa001602a80089
:1019240000000000b0108000610060000000e000d2
:10193400fcff3a000080fa00000006000000fa00f4
:101944001642a80000000000b0108000640060008f
:101954000000e000fcff3a000080fa0000000600ee
:101964000000fa001622a80000000000b010800059
:10197400620060000000e000fcff3a000080fa0012
:10198400000006000200fa00004f78001e80fb00f1
:101994009010880000000000c110800000002400a6
:1019a400008060000000e000fbff3a00c1108000ee
:1019b400000028000080600000f0a7000000ea009a
:1019c4000000e9004f00de00004078000080fa00cb
:1019d400000006000400fa00204798001662a800e0
:1019e40000000000c0108000620060000000e00001
:1019f400fcff320000108000004f78002e40900061
:101a04000004e000020032000040eb000100370057
:101a140010c0b3000080fb00610060004500dd00e1
:101a2400b11080000150a10001007000b0108800c6
:101a34001682a80000000000b01080007000600052
:101a44000000e000fcff3a001e4078000080fa002d
:101a5400000006000400fa00008fbe0007e2a9009f
:101a64001e00be0000004000818048000001be004e
:101a740000902000d10320009c24020000000000fc
:101a8400000078000000e9002010880007e2a800a8
:101a940000fa200001002000409302000000000032
:101aa4000080fa00000006000000fa000602a80008
:101ab4000000000030108000610060000000e000c1
:101ac400fcff3a000080fa00000006000000fa0063
:101ad4000642a8000000000030108000640060008e
:101ae4000000e000fcff3a000080fa00000006005d
:101af4000000fa000622a800000000003010800058
:101b0400620060000000e000fcff3a000080fa0080
:101b1400000006000200fa00004f78001e80fb005f
:101b24001010880000000000411080000000240014
:101b3400008060000000e000fbff3a0041108000dc
:101b4400000028000080600000f0a7000000ea0008
:101b54000000e9004f00de00004078000080fa0039
:101b6400000006000400fa00204798000662a8005e
:101b74000000000040108000620060000000e000ef
:101b8400fcff320000108000004f78002e409000cf
:101b94000004e000020032000040eb0001003700c6
:101ba40010c0b3000080fb00610060004500dd0050
:101bb400311080000150a100010070003010880035
:101bc4000682a80000000000301080007000600051
:101bd4000000e000fcff3a001e4078000080fa009c
:101be400000006000000fa0030402000000a8800cf
:101bf400c0002000100a8800000a8000004078001d
:101c0400674060000080fb00e05688000080fa0016
:101c1400000006000000fa000080fa000000060040
:101c24000000fa0020048000620060000000e00070
:101c3400030032000c8e0200000000008420a90082
:101c44000080fa00000006000000fa00e056800060
:101c540000407800674060000080fb00670060007f
:101c6400020a800081ff2f008100610001007000e2
:101c7400000a88000080fa00000006000000fa0054
:101c8400010a800080ff2f0000806000000a8800a5
:101c94000080fa00000006000000fa00200a80001c
:101ca4000080fa00000006000000fa0042c1a8000b
:101cb4000080fa00000006000000fa00100a80000c
:101cc4004600de00614060000080fb0000f0a700d9
:101cd4000000ea000000ea004f00de000040780047
:101ce4000080fa00000006000000fa0042c1a900ca
:101cf4000080fa00000006000000fa00000a8000dc
:101d04004400de00614060000080fb0000f0a7009a
:101d14000000ea000000ea004f00de000040780006
:101d24000080fa00000006000000fa00000a8000ab
:101d34006800600000f0a7000000ea000000e9006d
:101d44004f00de00004078000080fa00000006002a
:101d54000000fa000a21ef00b00920007008880092
:101d64000003280090088800905680000000e000de
:101d740002003a0060ef2800280007008500a9004f
:101d84009500a800d46aef000080fa000000060065
:101d94000200fa00000f78009e00780071088800a5
:101da400d46aef000080fa00000006000000fa0088
:101db400700880000080fa00000006000200fa00ab
:101dc400000f78009e00780051088800d46aef0064
:101dd4000080fa00000006000000fa0050088000ad
:101de4000080fa00000006000000fa001000200045
:101df4004065880010002000a063880010002000c7
:101e0400605b880010002000a05b880010002000a8
:101e1400206588000080fa00000006000200fa0035
:101e2400000f78009500a9009e0078009156880064
:101e34009500a8000080fa00000006000000fa00e7
:101e4400d46aef009500a80013e1a8000080fa000e
:101e5400000006000000fa0013e1a9009500a900a3
:101e64000080fa00000006000200fa0041ad2000e4
:101e740091407800014f78001e4078000004e00093
:101e840001003200d46aef001e4078000080fa009e
:101e9400000006000000fa00d5cabf000080fb0065
:101ea4000080fa00000006000000fa00d56aef0086
:101eb4000080fa00000006000000fa000621ef008e
:101ec40090862100600888000002280080088800ad
:101ed400f05680000000e00002003a00a0fa28005a
:101ee4001e00070084e0a90094e0a800e06aef0067
:101ef4000080fa00000006000200fa00000f7800db
:101f04009e00780061088800e06aef000080fa0013
:101f1400000006000000fa00600880000080fa005b
:101f2400000006000200fa00000f78009e0078000e
:101f340031088800e06aef000080fa000000060023
:101f44000000fa00300880000080fa00000006005b
:101f54000000fa000080fa00000006000200fa0007
:101f6400000f780094e0a9009e007800f1568800e4
:101f740094e0a8000080fa00000006000000fa00c7
:101f8400e06aef0094e0a80011e1a8000080fa00e4
:101f9400000006000000fa0011e1a90094e0a90085
:101fa4000080fa00000006000200fa0001ae2000e2
:101fb40091407800014f78001e4078000004e00052
:101fc40001003200e06aef001e4078000080fa0051
:101fd400000006000000fa00e1cabf000080fb0018
:101fe4000080fa00000006000000fa00e16aef0039
:101ff4000080fa00000006000000fa000021ef0053
:10200400f07c2000100888000000280020088800c8
:10201400105780000000e00002003a00a0042900ec
:102024001e0007008460a9009460a800e46aef0021
:102034000080fa00000006000200fa00000f780099
:102044009e00780011088800e46aef000080fa001e
:10205400000006000000fa00100880000080fa006a
:10206400000006000200fa00000f78009e007800cd
:1020740001088800e46aef000080fa00000006000e
:102084000000fa00000880000080fa00000006004a
:102094000000fa000080fa00000006000200fa00c6
:1020a400000f78009460a9009e0078001157880002
:1020b4009460a8000080fa00000006000000fa0006
:1020c400e46aef009460a80005e1a8000080fa002b
:1020d400000006000000fa0005e1a9009460a900d0
:1020e4000080fa00000006000200fa0041ae200061
:1020f40091407800014f78001e4078000004e00011
:1021040001003200e46aef001e4078000080fa000b
:10211400000006000000fa00e5cabf000080fb00d2
:102124000080fa00000006000000fa00e56aef00f3
:102134000080fa00000006000000fa001421ef00fd
:1021440080d02300d008880000032800f00888000d
:10215400305880000000e00002003a00a00e290080
:102164001e0007008760a9009760a800086bef00b5
:102174000080fa00000006000200fa00000f780058
:102184009e007800d1088800086bef000080fa00f8
:10219400000006000000fa00d00880000080fa0069
:1021a400000006000200fa00000f78009e0078008c
:1021b400a1088800086bef000080fa000000060008
:1021c4000000fa00a00880000080fa000000060069
:1021d4000000fa000080fa00000006000200fa0085
:1021e400000f78009760a9009e007800315888009d
:1021f4009760a8000080fa00000006000000fa00c2
:10220400086bef009760a8001fe1a8000080fa00a7
:10221400000006000000fa001fe1a9009760a90071
:102224000080fa00000006000200fa0081b02000dd
:1022340091407800014f78001e4078000004e000cf
:1022440001003200086bef001e4078000080fa00a5
:10225400000006000000fa0009cbbf000080fb006c
:102264000080fa00000006000000fa00096bef008d
:102274000080fa00000006000000fa004000280078
:10228400001a880080432000101a880010002000e3
:10229400201a88004823ef0000f22700701a8800f3
:1022a400403f2000801a88005223ef005423ef009f
:1022b4005623ef005823ef006023ef006223ef0062
:1022c4006423ef00de24ef00001729000600070056
:1022d40095a0a8000080fa00000006000000fa00a3
:1022e4000080fa00000006000200fa00000f7800e7
:1022f4001e007800c05688000080fa000000060026
:102304000000fa004023a8000080fa000000060044
:102314000000fa004023a9000080fa000000060033
:102324000800fa0030079800101a80004200de000e
:102334007f4060000080fb002007980000302000f0
:10234400100798000000eb00000f78000b00370026
:102354001e00780000004000be0090000080400095
:102364009e00900091007800010878001e00900003
:102374000080e800100798001e0fe8009e00780017
:102384002e009000808f5000f1ff36001e00780070
:102394000080fa00000006000000fa002106800018
:1023a400f0f82f00008060000040a00020068800a4
:1023b4005105800080ff2f00008060000000a00015
:1023c4005005880041058000f0ff2800008060006f
:1023d40000c0a0004005880051058000f0f82f00df
:1023e400008060000050a000500588006105800056
:1023f400f0f82f00808060000005200001007000cc
:10240400600588006105800080ff2f000080600067
:102414003000b30060058800e1058000f08f2f00d4
:10242400008060000090a000e0058800e1058000c5
:10243400f0f82f00008060000060a000e005880034
:1024440081058000f0ff28008080600000002300e8
:1024540001007000800588004105800080ff2f0086
:10246400008060005000b300400588003105800002
:10247400f0ff28000080600000e0a0003005880024
:1024840021058000f0ff28000080600000d0a0003b
:10249400200588000080fa00000006000200fa000f
:1024a400000f78000400370000fa2000010020002b
:1024b40040930200000000001e00780000f0a70016
:1024c4000000ea000000ea004f00de00004078004f
:1024d4001e0fe9000004e000f3ff3a000080fa0058
:1024e400000006000200fa00000f78000600370022
:1024f40000082000010020004093020000000000ba
:1025040001fe2f001e8f40001e007800ff0f5000b8
:10251400f7ff3e00040037004000200001002000c7
:1025240040930200000000001e00780000f0a700a5
:102534000000ea000000ea004f00de0000407800de
:102544001e0fe9000004e000f3ff3a000080fa00e7
:10255400000006000000fa009a8b02000000000050
:10256400ee92020000000000ce9102000000000084
:10257400a8830200000000009e90020000000000fa
:1025840038890200000000000288020000000000f8
:10259400648c0200000000005e8f02000000000056
:1025a4002c8d0200000000003e910200000000009b
:1025b400aa8e020000000000cc8602000000000089
:1025c400f48d020000000000fe8f020000000000f5
:1025d4000080fa00000006000000fa00000023005a
:1025e400203a88004827ef004e27ef007027ef00bd
:1025f4007227ef007427ef007627ef007a27ef00a9
:102604007c27ef007200200080072000a109200031
:102614003374200080497800814978008249780029
:102624000001eb00600420007105200023742000e9
:102634008049780081497800824978000080fa0056
:10264400000006000200fa00000f78009e007800e7
:10265400816688000000fe000080fa000000060089
:102664000000fa0020ab200080077800a0ac200016
:0c267400000188000080fa000000060051
:020000040000fa
:020000040001f9
:10268000f03fb1000180b10006003500ee03090003
:1026900000000000403fb1000180b100fbff3d00a1
:1026a0001000b000203fb00002003500008009009b
:0826b00000000000000006001c
:020000040000fa
:020000040001f9
:1026b800809fbe00ec805700310078000040880001
:1026c8001100780002e8b7004f00be0000000600c5
:020000040000fa
:020000040002f8
:04aff000ffff00005f
:020000040000fa
:020000040002f8
:04aff400fffe00005c
:020000040000fa
:020000040002f8
:04aff800977f00003f
:020000040000fa
:020000040002f8
:04affc00803f000092
:00000001FF
